id,menu_id,item_name,category
d9c36e56-c53b-547c-959c-39c6340aabd3,3e2c6cb2-b65a-59ef-8d7a-3c216f8fc8e0,Grilled Chicken With Rice,Chicken
18a92986-7cd6-57da-b746-812bf3849c0d,3e2c6cb2-b65a-59ef-8d7a-3c216f8fc8e0,Grilled Chicken,Chicken
6fcba6ae-a4cd-58fa-80e5-cb09b861afea,3e2c6cb2-b65a-59ef-8d7a-3c216f8fc8e0,Hummus,Popular
f0423c2b-1ce6-5384-921a-7f1c32ff48e3,3e2c6cb2-b65a-59ef-8d7a-3c216f8fc8e0,Chicken Madfoon,Chicken
3ae2c292-86d7-5cb8-a509-ffb642ae771d,3e2c6cb2-b65a-59ef-8d7a-3c216f8fc8e0,Chicken Haneeth,Chicken
a05b593d-75cb-5246-a7f3-118367bd00a2,3e2c6cb2-b65a-59ef-8d7a-3c216f8fc8e0,Chicken Kabsa,Chicken
a948ca76-2f71-5890-8f17-d60493ab9a89,3e2c6cb2-b65a-59ef-8d7a-3c216f8fc8e0,Chicken Tannur Spicy,Chicken
c7978b0c-7bbd-505e-af6d-b856ac268a4b,3e2c6cb2-b65a-59ef-8d7a-3c216f8fc8e0,Chicken Tannur,Chicken
db71bcce-bb58-5f05-b56a-71e40e86790f,3e2c6cb2-b65a-59ef-8d7a-3c216f8fc8e0,Chicken Burma,Chicken
4d55f04e-7345-5a2c-98cd-5d3fdecb0de7,3e2c6cb2-b65a-59ef-8d7a-3c216f8fc8e0,Molawah - Soft,Popular
b73ca910-d722-5c5b-a513-8dcf8a78a5ae,91022075-f98c-5913-b9d4-c11e94fb7cd8,Chicken Biryani With Jali Kebab,Most Popular
4d307477-ec57-5bab-aeb6-081802bc1a53,91022075-f98c-5913-b9d4-c11e94fb7cd8,Beef Khichuri,Most Popular
bb72cebf-7fff-5efa-a9c6-14ebe21b4ea3,91022075-f98c-5913-b9d4-c11e94fb7cd8,Chicken Shawarma Roll,Most Popular
2d5480fe-89b3-5bb5-b3a3-7e4138504e2a,91022075-f98c-5913-b9d4-c11e94fb7cd8,Plain Khichuri (Half),Biryani & Khichuri
0e71883b-8fac-5835-a3b1-ea12e02c62be,91022075-f98c-5913-b9d4-c11e94fb7cd8,Plain Polao,Biryani & Khichuri
d928ccfa-fcc6-5e7f-bf57-ab41ebea0045,91022075-f98c-5913-b9d4-c11e94fb7cd8,Chicken Khichuri,Biryani & Khichuri
fb14ae73-048c-5772-beb0-e135d206317b,91022075-f98c-5913-b9d4-c11e94fb7cd8,Chicken Biryani,Biryani & Khichuri
874a361f-6f35-5fa7-91a9-0e333b2f0f00,91022075-f98c-5913-b9d4-c11e94fb7cd8,Beef Tehari,Biryani & Khichuri
8c4495a1-faec-5cfb-bae6-b8b68a09f9e9,20a35adb-36e6-5722-ac55-342061e2592d,Thai Fried Chicken,Appetizer
7c079d5a-3ec3-5126-a940-05e900ca31fb,20a35adb-36e6-5722-ac55-342061e2592d,Garlic Mashroom,Appetizer
783d13ac-d8db-5883-aae5-84563ab9ddee,20a35adb-36e6-5722-ac55-342061e2592d,Clear Vegetable Soup,Soup
07927ca4-e340-507a-8ae3-b76ea40bc905,20a35adb-36e6-5722-ac55-342061e2592d,Thai Sweet Corn Soup,Soup
7dccff19-8ea9-5da8-aaf5-b9ac804da257,20a35adb-36e6-5722-ac55-342061e2592d,Szechuan Hot & Sour soup,Soup
b0ce2977-5d81-5faf-b5c8-82d48d2096ac,20a35adb-36e6-5722-ac55-342061e2592d,Thai Soup Thick,Soup
901305fd-ab92-50ba-8e81-243139080033,20a35adb-36e6-5722-ac55-342061e2592d,Tom Yum Goong Clear,Soup
49842a3f-5abd-57e0-a061-b02a3cdb1d9c,20a35adb-36e6-5722-ac55-342061e2592d,Seafood Soup,Soup
a43f493a-7439-5854-8d90-41f73cb8a820,20a35adb-36e6-5722-ac55-342061e2592d,Cream of Chicken Soup,Soup
2d2f5bc8-a94d-5c6a-85cb-3dbc41004830,20a35adb-36e6-5722-ac55-342061e2592d,Cream of Mushroom Soup,Soup
d0293c53-a12d-53af-a10e-72969e3eb879,20a35adb-36e6-5722-ac55-342061e2592d,Cream of Sweet Corn Soup,Soup
bb3d0e16-606b-5286-b2af-f89dc551e8b2,20a35adb-36e6-5722-ac55-342061e2592d,Solve Greek salad,Salad
c0743100-8dda-56b6-9ade-74000c3d5d1d,20a35adb-36e6-5722-ac55-342061e2592d,Chicken Prawn & Cashewnut Salad,Salad
9cdae354-280a-5598-bdda-8fb7d33598ec,20a35adb-36e6-5722-ac55-342061e2592d,Luchi,Paratha & Naan
4b6c16c5-4513-5ac9-ae90-f8bac1843513,20a35adb-36e6-5722-ac55-342061e2592d,Plain Naan,Paratha & Naan
9d4d1273-97ad-57cb-a26d-8c1580aa7c69,20a35adb-36e6-5722-ac55-342061e2592d,Butter Naan,Paratha & Naan
6878dcb1-de5b-5af9-bb64-97f0c6d983a0,20a35adb-36e6-5722-ac55-342061e2592d,Garlic Naan,Paratha & Naan
7238e79a-ee9d-5e77-91a5-85180d634985,20a35adb-36e6-5722-ac55-342061e2592d,Tandoori Prawn,Kebab & Grill
e0db9eb0-7012-557d-8e7c-7cec24316f63,20a35adb-36e6-5722-ac55-342061e2592d,Grilled Chicken,Steak & Grill - Italian
31bfef81-2741-55f6-86f0-b4130018a671,20a35adb-36e6-5722-ac55-342061e2592d,Steamed Rice,Rice
b819901f-aa9b-51c5-819b-b1385e33b521,20a35adb-36e6-5722-ac55-342061e2592d,Morog Polao,Rice
61b88f72-73ab-5ed8-a1e0-bc2f124f3fec,20a35adb-36e6-5722-ac55-342061e2592d,Hyderabadi Mutton Biryani,Rice
35c3eb6c-34fd-594c-bcb7-518bd2a913ed,20a35adb-36e6-5722-ac55-342061e2592d,Thai Spicy Fried Rice,Rice
3eabf182-13e5-5384-9637-4cfd4b64e749,20a35adb-36e6-5722-ac55-342061e2592d,Young Chow Fried Rice,Rice
51e196b1-353f-5cbc-88b7-af338b623e4d,54b0b2ce-2816-5cc5-a7e5-d33401f6c8e7,Spaghetti Bolognese,Popular
2e2776fe-2eaa-5ad7-a4b3-679b5dab8040,54b0b2ce-2816-5cc5-a7e5-d33401f6c8e7,Cream of Mushroom Soup,Soup
cf6c216f-e6dc-5793-900b-08c7c2e36adb,54b0b2ce-2816-5cc5-a7e5-d33401f6c8e7,Fried Calamari,Popular
6c4fb182-2fcc-5ff1-ab38-349b21d996de,54b0b2ce-2816-5cc5-a7e5-d33401f6c8e7,Greek Chicken Gyro,Popular
b4a2d7a4-e632-5a2b-aceb-e530271a28cc,54b0b2ce-2816-5cc5-a7e5-d33401f6c8e7,Gourmet Burger,Sandwich & Burger
8bcb5fb9-33da-51a2-9e50-fc66093f6aa2,54b0b2ce-2816-5cc5-a7e5-d33401f6c8e7,Tomato Pesto Salmon Pasta,Pasta
2e6380d8-73be-5f0a-9a9f-4872a1c480bb,54b0b2ce-2816-5cc5-a7e5-d33401f6c8e7,Seafood Marinara Pasta,Pasta
4cba1031-0c1e-5513-b7ab-1193dc2c7c2e,54b0b2ce-2816-5cc5-a7e5-d33401f6c8e7,Spicy Marinara Pasta,Pasta
25bca29f-aff6-50c2-9306-a04d1a1ab603,54b0b2ce-2816-5cc5-a7e5-d33401f6c8e7,Chicken Carbonara,Pasta
0966aec4-c586-5d60-9a86-c27b4a0a106c,54b0b2ce-2816-5cc5-a7e5-d33401f6c8e7,Beef Carbonara,Pasta
43acc6bd-f9e4-53a2-b8b5-100b19342668,54b0b2ce-2816-5cc5-a7e5-d33401f6c8e7,Pesto Spaghetti,Pasta
141f53e6-f38c-5aa1-a188-5894b2225736,54b0b2ce-2816-5cc5-a7e5-d33401f6c8e7,Pan-Seared Chicken,Main Dish
0ddfa2b0-0972-59f8-8fda-f2aa73985cff,54b0b2ce-2816-5cc5-a7e5-d33401f6c8e7,Fish & Chips,Main Dish
7e619106-02d1-5c7b-890d-cee3fb4eeb76,54b0b2ce-2816-5cc5-a7e5-d33401f6c8e7,Grilled Chicken with Pineapple,Main Dish
3e3d08e8-825c-5117-bd29-78587992444f,54b0b2ce-2816-5cc5-a7e5-d33401f6c8e7,Seafood Paella,Main Dish
c2296db2-9aa9-5b48-a0aa-7a78386b8643,3d9befd4-7198-59f7-9608-a21d5e2c5410,Chicken Rice Bowl,Rice Bowl
e075c001-470a-5d19-adaa-f526cede06cc,3d9befd4-7198-59f7-9608-a21d5e2c5410,Flame Grilled Chicken with 1 Side,Grilled Chicken
0567e168-ab96-5d63-833e-a40c420b2991,3d9befd4-7198-59f7-9608-a21d5e2c5410,Flame Grilled Chicken - without Sides,Grilled Chicken
cec87369-5a20-5544-a906-b4d803520e31,3d9befd4-7198-59f7-9608-a21d5e2c5410,Flame Grilled Chicken with 2 Sides,Grilled Chicken
64b6b37f-f11d-5964-95a6-44000e534217,3d9befd4-7198-59f7-9608-a21d5e2c5410,Protein Fix Salad,Soup & Salad
97693dad-9fa4-549c-b6b9-d89a48f177d9,3d9befd4-7198-59f7-9608-a21d5e2c5410,Grilled Chicken Wrap,Burgers & Wraps
48f0edd0-a33b-562c-a814-9c335981ba86,3d9befd4-7198-59f7-9608-a21d5e2c5410,Pirimmus,Appetizer
9fabb90d-848e-541b-9c2d-8b25a9388996,3d9befd4-7198-59f7-9608-a21d5e2c5410,Grilled Chicken Livers,Appetizer
ddaf48f7-c095-5565-ada5-7efa370e2021,3d9befd4-7198-59f7-9608-a21d5e2c5410,Chicken Sosaties,Appetizer
bfbd1ac8-88bd-5bf8-9a50-fe6579d8ef9e,3d9befd4-7198-59f7-9608-a21d5e2c5410,Chicken E Naise,Appetizer
eb292cd0-75dd-5f2d-b830-65d8d18f24e9,3d9befd4-7198-59f7-9608-a21d5e2c5410,Flame Grilled Chicken Wings,Appetizer
7c71d61f-f151-531c-8775-35e8d5d91ea2,3d9befd4-7198-59f7-9608-a21d5e2c5410,Shrimp Flame Grilled Tacos,Appetizer
4c6b79f6-dd23-51c7-a4b7-44ea099b88ed,3d9befd4-7198-59f7-9608-a21d5e2c5410,Chicken Flame Grilled Tacos,Appetizer
0cf5a34f-02ed-5b8b-8920-2c27eae0b73e,3d9befd4-7198-59f7-9608-a21d5e2c5410,Piri Wedges,Appetizer
760fae57-08d9-521a-9803-adb35b3da658,3d9befd4-7198-59f7-9608-a21d5e2c5410,Corn On The Cob,Appetizer
9daceb37-359a-561b-ab5d-e1bbdbe1a406,3d9befd4-7198-59f7-9608-a21d5e2c5410,PIRI LOADED FRIES,Appetizer
275e4cfc-4f86-5fae-a2d6-26799b6fd7da,3d9befd4-7198-59f7-9608-a21d5e2c5410,Garden Salad,Soup & Salad
0b4ed47e-b748-5692-bcbb-048aa94bdf93,3d9befd4-7198-59f7-9608-a21d5e2c5410,Caesar Salad,Soup & Salad
411f7700-9f37-552c-acca-c1e07d97d9cb,3d9befd4-7198-59f7-9608-a21d5e2c5410,Master's Salad,Soup & Salad
c4e33538-d294-5cb3-843e-0268801ff7ff,3d9befd4-7198-59f7-9608-a21d5e2c5410,Flame Grilled Boneless Chicken - without Sides,Grilled Chicken
ed7f0ab8-2bc3-52d4-afc1-2a0a0bc62fac,3d9befd4-7198-59f7-9608-a21d5e2c5410,Flame Grilled Boneless Chicken - with 1 Sides,Grilled Chicken
f312aa58-6380-53a6-bd8a-a201802e0ce9,3d9befd4-7198-59f7-9608-a21d5e2c5410,Flame Grilled Boneless Chicken - with 2 Sides,Grilled Chicken
145877a1-cf6d-5443-9aa2-b2b74cc25063,3d9befd4-7198-59f7-9608-a21d5e2c5410,Livers Rice Bowl,Rice Bowl
6ddc9baa-caf5-5414-a484-7cf09a494f8b,3d9befd4-7198-59f7-9608-a21d5e2c5410,Hawaiian Chicken Rice Bowl,Rice Bowl
049168cd-354f-5526-b3d9-593b5c81e700,3d9befd4-7198-59f7-9608-a21d5e2c5410,Grilled Chicken Burger,Burgers & Wraps
8e981155-abfc-57e6-b3ff-e6001db5cf7a,3d9befd4-7198-59f7-9608-a21d5e2c5410,Pulled Chicken Burger,Burgers & Wraps
bc8e9e52-6044-5165-9842-7a1d160da573,3d9befd4-7198-59f7-9608-a21d5e2c5410,GRILLED PRAWN WRAP,Burgers & Wraps
0705dbb5-81fc-5406-94ae-7b621f265257,3d9befd4-7198-59f7-9608-a21d5e2c5410,Pulled Chicken Wrap,Burgers & Wraps
7c2b3477-ca3c-54c3-8de6-0f7e3ddcc0dd,3d9befd4-7198-59f7-9608-a21d5e2c5410,Veggie Wrap,Burgers & Wraps
a9a3f738-8179-517a-8ae9-1cf655860402,3d9befd4-7198-59f7-9608-a21d5e2c5410,Good Times Feast,Shareables
d3d76414-6500-5743-a4ef-e81ff65944f6,3d9befd4-7198-59f7-9608-a21d5e2c5410,Full Pack Meal,Shareables
4fdf18b2-5159-51a3-94cb-fd6f3183aad2,3d9befd4-7198-59f7-9608-a21d5e2c5410,Kings Feast,Shareables
7a51c6a3-4e3b-565f-95d2-a9153542d984,3d9befd4-7198-59f7-9608-a21d5e2c5410,Boneless Platter,Shareables
f0424a8d-954a-51cc-b54c-53ad50843604,3d9befd4-7198-59f7-9608-a21d5e2c5410,Blueberry Cheesecake,Dessert
7adce46a-0a85-52c9-9810-8c1b14408eea,4b44feac-6b12-5381-bf76-11f22647aeb5,Fried Spring Chicken,Popular
fa6d0fc9-3d58-5052-965f-b43ca398ab76,4b44feac-6b12-5381-bf76-11f22647aeb5,Chicken with Cashewnut,Popular
44a102ab-6b38-5f15-8723-1aa64bea444b,4b44feac-6b12-5381-bf76-11f22647aeb5,Chicken Green Curry,Popular
5baf55e5-2a58-5e35-8de1-35c6480c5531,4b44feac-6b12-5381-bf76-11f22647aeb5,Thai Emerald Appetizer Platter,Appetizer
ce5b48d4-b8b3-5df0-a82a-2f41aceb5873,4b44feac-6b12-5381-bf76-11f22647aeb5,Fish Cake,Appetizer
0c702f44-1df4-5e21-9dc5-4ac39ad0f8ad,4b44feac-6b12-5381-bf76-11f22647aeb5,Tom Yum Seafood Soup,Popular
daa7a737-5926-5ce3-b9cb-5a6cab66c3c1,4b44feac-6b12-5381-bf76-11f22647aeb5,Tom Yum Chicken Soup,Soup
2b3f741f-c2fd-5895-8e39-f925ae8a35a8,4b44feac-6b12-5381-bf76-11f22647aeb5,Tom Yum Prawn Soup,Soup
bf1572cf-e127-5443-b96a-5482835afdfe,4b44feac-6b12-5381-bf76-11f22647aeb5,Chicken Satay,Appetizer
60cf84a8-8b9b-507d-bc92-131de5052ae8,4b44feac-6b12-5381-bf76-11f22647aeb5,Deep-Fried Battered Prawn,Appetizer
74d1ae34-3d3c-5763-84d7-4c5588ff1c51,4b44feac-6b12-5381-bf76-11f22647aeb5,Deep-Fried Battered Squid,Appetizer
c4adf725-504b-5ee6-ad4a-aed5f3a2a3d7,4b44feac-6b12-5381-bf76-11f22647aeb5,Dumpling,Appetizer
d914957e-38d5-550a-9e7f-451b6ef025f3,4b44feac-6b12-5381-bf76-11f22647aeb5,Chicken on Toast,Appetizer
2826ab7f-93e5-52e0-9786-39a90c9f4441,4b44feac-6b12-5381-bf76-11f22647aeb5,Prawn Cake,Appetizer
264ac7d4-c1d4-5f2b-bc59-3295a27918a7,4b44feac-6b12-5381-bf76-11f22647aeb5,Spring Rolls,Appetizer
1ac36937-af96-53fe-a124-c2818b558714,4b44feac-6b12-5381-bf76-11f22647aeb5,Chicken Wings,Appetizer
cc4ce29b-f309-5c06-b8d7-d358850b253b,4b44feac-6b12-5381-bf76-11f22647aeb5,Fried Wonton,Appetizer
4df7ed64-9201-554e-8884-8eb12f80b04f,4b44feac-6b12-5381-bf76-11f22647aeb5,Fried Beef,Appetizer
6df326d6-c2b1-57c3-a9a8-df70cf6f2327,4b44feac-6b12-5381-bf76-11f22647aeb5,Mixed Fried Rice,Rice
61923d69-138d-5627-b4fc-d4056fc09a61,4b44feac-6b12-5381-bf76-11f22647aeb5,Mixed Fried Rice with Basil Leaf,Rice
075baa57-4b15-5fa9-8593-d5b12682c72b,4b44feac-6b12-5381-bf76-11f22647aeb5,Prawn Meat Fried Rice,Rice
872f204c-f862-5862-a766-c31f494a042c,4b44feac-6b12-5381-bf76-11f22647aeb5,Chicken Fried Rice,Rice
a0177e7d-008a-5cfd-a17f-4a33b284fac3,4b44feac-6b12-5381-bf76-11f22647aeb5,Vegetable Fried Rice,Rice
c488057b-4281-5e8c-a8c9-3a2e69ce6005,4b44feac-6b12-5381-bf76-11f22647aeb5,Egg Fried Rice,Rice
8d9eddd0-4b39-5c1e-bc03-a6090d6abeec,44fe3790-03d6-5352-a4b7-3de2eb71bbe5,Chicken & Prawn Sui Mai,Appetizers
c011c2f5-d6ae-54f1-89c8-25f648f44aa5,44fe3790-03d6-5352-a4b7-3de2eb71bbe5,Chicken Lemongrass Sui Mai,Appetizers
19b7fc6c-49d7-5d2a-87a1-784febd0307d,44fe3790-03d6-5352-a4b7-3de2eb71bbe5,Nori-Wrapped Prawn Sui Mai,Appetizers
df60d404-f582-5aad-bece-b74d8b6931ed,44fe3790-03d6-5352-a4b7-3de2eb71bbe5,Hargao,Appetizers
1982a2a1-b29c-51c2-896c-d702b4afa2fa,44fe3790-03d6-5352-a4b7-3de2eb71bbe5,Beef & Mushroom Dumpling,Appetizers
8a9fa8a5-352d-5254-831f-ea5c20dfe121,44fe3790-03d6-5352-a4b7-3de2eb71bbe5,Hainanese Chicken Dumpling,Appetizers
7ab07868-6cb9-5b17-a86d-68e8cbf8daae,44fe3790-03d6-5352-a4b7-3de2eb71bbe5,Wonton in Chili Oil,Appetizers
beab4ca9-9a7c-50e2-b41f-971df4b7323a,44fe3790-03d6-5352-a4b7-3de2eb71bbe5,Chicken Cheung Fun,Appetizers
e348c448-388c-5eda-80ed-089573af9141,44fe3790-03d6-5352-a4b7-3de2eb71bbe5,Beef & Basil Potsticker,Appetizers
3f7b1ce5-788e-5346-aeb2-43d12be13a37,44fe3790-03d6-5352-a4b7-3de2eb71bbe5,Chicken & Basil Potsticker,Appetizers
59899215-9782-5907-9009-af2871d74c57,44fe3790-03d6-5352-a4b7-3de2eb71bbe5,Corn & Cream Cheese Dumpling,Appetizers
bd728f42-af15-567c-9805-cc89405c4edb,44fe3790-03d6-5352-a4b7-3de2eb71bbe5,Crispy Chicken Cabbage Roll,Appetizers
c7e7fab9-57b0-5c9a-9b60-e96d49806916,44fe3790-03d6-5352-a4b7-3de2eb71bbe5,Crispy Beef Cabbage Roll,Appetizers
8dc22910-faae-5b59-8026-88abaa0cf797,44fe3790-03d6-5352-a4b7-3de2eb71bbe5,Crispy Prawn Cabbage Roll,Appetizers
8bc3746b-064a-57a9-9f61-5f9053b8a662,44fe3790-03d6-5352-a4b7-3de2eb71bbe5,Prawn Tempura,Appetizers
b518c0a5-a200-5d3f-98e1-ac1512bfa8c3,44fe3790-03d6-5352-a4b7-3de2eb71bbe5,Prawn & Cream Cheese Rangoon,Appetizers
79d3a2f6-dcf7-58c6-a3b7-8f5e72197838,44fe3790-03d6-5352-a4b7-3de2eb71bbe5,Vegetable Dumplings,Appetizers
af2c0f5e-962b-5bb2-b38d-529048ba2a72,44fe3790-03d6-5352-a4b7-3de2eb71bbe5,Fish Cake,Appetizers
706c2895-5dbd-5a7e-aeb4-ac27cd0bd6b5,44fe3790-03d6-5352-a4b7-3de2eb71bbe5,Beef Noodles Soup,Soups
4693b314-b0d3-5270-b8a0-3195dce8a66a,44fe3790-03d6-5352-a4b7-3de2eb71bbe5,Chicken Wonton Soup,Soups
2803dc2d-08ce-5b3c-9649-c0e2c5a4c924,44fe3790-03d6-5352-a4b7-3de2eb71bbe5,Seafood Soup,Soups
224c032f-008c-5c89-b428-646e601d5846,44fe3790-03d6-5352-a4b7-3de2eb71bbe5,Steamed Rice,Rice & Noodles
7f08728c-7700-51ce-a6d1-dfa2c399b2ef,44fe3790-03d6-5352-a4b7-3de2eb71bbe5,Egg Fried Rice,Rice & Noodles
863531df-ea74-5a88-bef5-38601303e17d,44fe3790-03d6-5352-a4b7-3de2eb71bbe5,YCD Special Fried Rice,Rice & Noodles
91ab3602-07c0-5e43-8841-e3e7ad9a0c87,44fe3790-03d6-5352-a4b7-3de2eb71bbe5,House Special Chicken Noodles,Rice & Noodles
ae73aaad-4957-52cc-b969-ff1080556b53,44fe3790-03d6-5352-a4b7-3de2eb71bbe5,House Special Beef Noodles,Rice & Noodles
4ab687b7-e591-5d26-95fd-310555feda07,44fe3790-03d6-5352-a4b7-3de2eb71bbe5,Hot Seafood Noodles,Rice & Noodles
8bd7acfc-51ac-5ff0-a60c-60cc382c8d3c,44fe3790-03d6-5352-a4b7-3de2eb71bbe5,Beef Bulgogi Rice Bowl,Rice & Noodles
20277b87-3667-533e-9542-1ce4c4a2c6d7,44fe3790-03d6-5352-a4b7-3de2eb71bbe5,Ginger Chicken Rice Bowl,Rice & Noodles
d12260f9-2262-57e5-9c99-28177e827475,44fe3790-03d6-5352-a4b7-3de2eb71bbe5,Seafood Rice Bowl,Rice & Noodles
0f339ac2-f358-5ad7-9ac8-2f18a634a79a,44fe3790-03d6-5352-a4b7-3de2eb71bbe5,Chicken Nanban,Chicken
9c45b8e1-9c58-56bc-979c-cdb678cb4de9,44fe3790-03d6-5352-a4b7-3de2eb71bbe5,Kimchi Chicken,Chicken
86f042b3-ef83-5003-897d-333e541c2252,44fe3790-03d6-5352-a4b7-3de2eb71bbe5,Sichuan Cashew Chicken,Chicken
69c13203-671d-57ca-bf9f-2d25f0a29b13,44fe3790-03d6-5352-a4b7-3de2eb71bbe5,Chicken in Black Pepper Sauce,Chicken
b2c96944-3ebb-5ef7-a70e-640a994ee8e9,44fe3790-03d6-5352-a4b7-3de2eb71bbe5,Sriracha Chicken & Mushroom,Chicken
73df20f2-eca7-5e56-b382-177267aef697,44fe3790-03d6-5352-a4b7-3de2eb71bbe5,Soy Glazed Ginger Chicken,Chicken
bdc8aa6e-11e2-5a00-a12c-ca74a4ff0bfb,44fe3790-03d6-5352-a4b7-3de2eb71bbe5,Beef Bulgogi,Beef
5b49126a-cfff-5775-b71f-927055781595,44fe3790-03d6-5352-a4b7-3de2eb71bbe5,Sapo Beef with Shiitake,Beef
84f3a6a3-390e-5305-ba4d-4c12d1a5735d,44fe3790-03d6-5352-a4b7-3de2eb71bbe5,Wok Charred Beef,Beef
074fcb5d-d8d7-56ee-a270-f019a6a7d539,44fe3790-03d6-5352-a4b7-3de2eb71bbe5,Beef and Broccoli in Black Bean Sauce,Beef
38c4d158-f7bf-5ed4-abcc-fc493ea5f637,44fe3790-03d6-5352-a4b7-3de2eb71bbe5,Stir-Fried Calamari,Seafood
b4fecfd1-24ec-57fa-88d6-06a2cdf775c3,44fe3790-03d6-5352-a4b7-3de2eb71bbe5,Oriental Chili Fish,Seafood
64a61735-938f-59b0-b361-eb9734a0ac6c,44fe3790-03d6-5352-a4b7-3de2eb71bbe5,Hunan Prawn,Seafood
03d64c98-7319-506d-984a-eb15c406d14d,44fe3790-03d6-5352-a4b7-3de2eb71bbe5,Naga Prawn,Seafood
d6c2951a-05d1-57e4-a3d1-8d5c08d35e94,44fe3790-03d6-5352-a4b7-3de2eb71bbe5,Fisherman's Basket,Seafood
4cbf3da5-6bf0-514e-8639-9ee976ef94b4,44fe3790-03d6-5352-a4b7-3de2eb71bbe5,Seafood BBQ,Seafood
39258544-5b44-5c7f-b05e-b8fc37bdf568,44fe3790-03d6-5352-a4b7-3de2eb71bbe5,YCD Special Chili Crab,Seafood
f2ea6127-4d4a-5b37-bc7e-e13b95a5665a,44fe3790-03d6-5352-a4b7-3de2eb71bbe5,Black Mushroom Salad,Veggies
29ece7e3-2322-555e-bc7e-f702c64c1ade,44fe3790-03d6-5352-a4b7-3de2eb71bbe5,Soy Glazed Tofu in Nanban Sauce,Veggies
631ed66e-54ba-5033-a39a-892d68d49193,44fe3790-03d6-5352-a4b7-3de2eb71bbe5,Sweet & Spicy Veg Tempura,Veggies
894f132c-168d-5832-9c9f-4867e62abe23,44fe3790-03d6-5352-a4b7-3de2eb71bbe5,Stir-Fried Kangkong,Veggies
18322505-4174-573f-9e99-42a4374442eb,44fe3790-03d6-5352-a4b7-3de2eb71bbe5,YCD Special Veg Bowl,Veggies
1da7c8c7-b521-5631-9895-7bf306dde870,44fe3790-03d6-5352-a4b7-3de2eb71bbe5,Iced Tea,Drinks
9e38e613-7c6f-55f4-8946-f023391efc6e,44fe3790-03d6-5352-a4b7-3de2eb71bbe5,Thai Milk Iced Tea,Drinks
d5f7c674-5cc8-50a5-b34d-60e868a5ef47,44fe3790-03d6-5352-a4b7-3de2eb71bbe5,Soft Drinks,Drinks
8aaa1502-f12c-5808-949f-1d83ca001185,44fe3790-03d6-5352-a4b7-3de2eb71bbe5,Mineral Water,Drinks
aa03221e-5d79-5eaa-8e00-469b5d8ae67f,44fe3790-03d6-5352-a4b7-3de2eb71bbe5,Brownie,Desserts
d3706203-e1cc-5de7-9268-f26c38889b90,44fe3790-03d6-5352-a4b7-3de2eb71bbe5,Red Rubies in Coconut Milk,Desserts
4817b26d-53b8-54df-a6c6-089471a2f129,44fe3790-03d6-5352-a4b7-3de2eb71bbe5,Sweet Sesame Crisps,Desserts
e225684a-dd0d-5be9-8191-755c0150d2d5,9964ed59-669c-5d8a-9fcd-b904a7e9adc3,Grilled Calamari,Menu
8a0c6865-185d-513b-8603-6a731c898d60,9964ed59-669c-5d8a-9fcd-b904a7e9adc3,Spicy Garlic Mushroom,Menu
0f63ec11-5de1-513a-816e-7e08ac4bd2a4,9964ed59-669c-5d8a-9fcd-b904a7e9adc3,Wedges,Menu
222c121b-5b71-56d9-ba61-d67730f99036,9964ed59-669c-5d8a-9fcd-b904a7e9adc3,Cajun Prawn,Menu
8b535e0e-00d4-5e95-aaee-5b60c8e2e7e9,9964ed59-669c-5d8a-9fcd-b904a7e9adc3,Chicken Liver,Menu
84e736f3-c150-5953-881a-8a2efc00d336,9964ed59-669c-5d8a-9fcd-b904a7e9adc3,Cream of Mushroom,Menu
8118ae7d-44f4-53ba-a17c-84fd8febbd7c,9964ed59-669c-5d8a-9fcd-b904a7e9adc3,1/4 Chicken,Menu
d566e3b0-6625-5cb1-9004-460061020ff9,9964ed59-669c-5d8a-9fcd-b904a7e9adc3,1/2 Chicken,Menu
8cac9110-cb40-5cd1-83d8-08736a7a17de,9964ed59-669c-5d8a-9fcd-b904a7e9adc3,Minestrone,Menu
48abc6d0-2d54-5b81-a445-b4f006910233,9964ed59-669c-5d8a-9fcd-b904a7e9adc3,Sea Food Chowder,Menu
d1e54109-f667-5f50-99e8-79e2afe61d8d,9b36d195-1825-5d76-bdcc-eeed086a4021,Crispy & Juicy Chicken Burger,Popular
083684f0-e901-56fb-ab3f-69bef20533dd,9b36d195-1825-5d76-bdcc-eeed086a4021,Fried Chicken - 2 pcs,Popular
09f34f73-f9f1-56f8-81cf-d4835b874737,9b36d195-1825-5d76-bdcc-eeed086a4021,Chicken Nuggets,Popular
db83dc9f-e18a-511f-bf14-635dc41adb24,9b36d195-1825-5d76-bdcc-eeed086a4021,Spicy Chicken Wrap,Popular
6d08775e-dbf3-5ea0-955c-3fd6a277fc68,9b36d195-1825-5d76-bdcc-eeed086a4021,Fried Chicken - 4 pcs,Popular
f78aeea6-cbc8-5f1e-ac9a-decac67a17bf,9b36d195-1825-5d76-bdcc-eeed086a4021,Chicken Cheese Burger,Popular
5c090e16-317f-560c-b8de-3c6b87067927,9b36d195-1825-5d76-bdcc-eeed086a4021,Family Meal,Combo Meal
dc2829bc-8745-54a7-8a45-a04390cbe1c1,9b36d195-1825-5d76-bdcc-eeed086a4021,Lavish Meal,Combo Meal
fa3c3df3-d7d0-5cd9-9086-85d7e671049b,9b36d195-1825-5d76-bdcc-eeed086a4021,Fried Chicken - 1 pc,Chicken
b913e159-d729-585a-8d52-2b2fcf1dca89,9b36d195-1825-5d76-bdcc-eeed086a4021,Chicken Bucket - 8 pcs,Chicken
28b8101c-7805-5193-a018-4d1f5381d368,9b36d195-1825-5d76-bdcc-eeed086a4021,Chicken Bucket - 10 pcs,Chicken
630d3a8b-d778-5072-b4d6-932aa681fec2,9b36d195-1825-5d76-bdcc-eeed086a4021,Chicken Bucket - 12 pcs,Chicken
168ef1d4-e66e-5b7e-9d3b-569fa94c9ad1,9b36d195-1825-5d76-bdcc-eeed086a4021,Turkish Beef Burger,Signature Burger
e8f90f8e-9c90-55e7-91f4-223c148144f2,9b36d195-1825-5d76-bdcc-eeed086a4021,Beef Angus Burger,Signature Burger
9e9376ff-a5ae-5272-bab4-2427507f602e,9b36d195-1825-5d76-bdcc-eeed086a4021,Super Chicken Burger,Supreme Burger
90bd2767-e9c5-5eb3-8384-6d6787dd8dee,9b36d195-1825-5d76-bdcc-eeed086a4021,Beef Super Herfy Burger,Supreme Burger
cc46ea4c-59fc-53a1-af57-3af8de557ebf,9b36d195-1825-5d76-bdcc-eeed086a4021,Mini Beef Cheese Burger,Supreme Burger
58cc5085-a07a-5dbf-a2bc-153484c4c2f1,9b36d195-1825-5d76-bdcc-eeed086a4021,Mini Chicken Burger,Supreme Burger
f81c8cad-705c-507f-b1a5-02468e661853,9b36d195-1825-5d76-bdcc-eeed086a4021,Beef Big Herfy Combo,Burger Combo
ffa5a206-d865-5008-bb40-b22a323bbc2a,9b36d195-1825-5d76-bdcc-eeed086a4021,Chicken Cheese Combo,Burger Combo
998d53f2-9601-508b-8866-90b0f1e5f180,9b36d195-1825-5d76-bdcc-eeed086a4021,Grilled Chicken Combo,Burger Combo
1ecf89d3-5382-5228-a280-712b03fdae85,9b36d195-1825-5d76-bdcc-eeed086a4021,Chili Chicken Combo,Burger Combo
8f9c76e0-c4f5-516c-a48a-85de0ba68a8f,9b36d195-1825-5d76-bdcc-eeed086a4021,Mini Beef Cheese Combo,Burger Combo
8c55d4b7-42c9-5cc6-99ca-325a4e27b379,9b36d195-1825-5d76-bdcc-eeed086a4021,Mini Chicken Combo,Burger Combo
250a7b79-84b0-5efb-bfd5-eeae4b391bf3,9b36d195-1825-5d76-bdcc-eeed086a4021,Beef Super Herfy Combo,Burger Combo
77d2597a-98e9-5eac-92ff-40500070e195,9b36d195-1825-5d76-bdcc-eeed086a4021,Super Chicken Combo,Burger Combo
0e5f980e-f73b-5d3f-a6c2-b5218a0c9681,9b36d195-1825-5d76-bdcc-eeed086a4021,Beef Angus Burger Combo,Burger Combo
46f9aa51-a5f9-574a-b016-19bebea893c3,9b36d195-1825-5d76-bdcc-eeed086a4021,Turkish Beef Burger Combo,Burger Combo
700e798d-917d-5126-a889-b1d97b720aa4,9b36d195-1825-5d76-bdcc-eeed086a4021,Crispy & Juicy Combo,Burger Combo
4fbf0564-1b1b-595a-91b2-4be46e5f33a1,9b36d195-1825-5d76-bdcc-eeed086a4021,Beef Double Herfy Combo,Burger Combo
a5db8b69-b1b7-51f3-ba81-1181f19d9374,9b36d195-1825-5d76-bdcc-eeed086a4021,Chicken Double Decker Combo,Burger Combo
bedaa15d-75e1-5e9d-92a4-96cd5dc37b95,9b36d195-1825-5d76-bdcc-eeed086a4021,Coleslaw,Salad
a1da9d76-c095-5d5c-96b9-c5633cce4e96,9b36d195-1825-5d76-bdcc-eeed086a4021,Chicken Tortilla Wrap,Wraps
a7d6cc5c-1657-5b0b-9572-6a91c4e5622a,9b36d195-1825-5d76-bdcc-eeed086a4021,Beef Tortilla Wrap,Wraps
62ca9a4f-240f-5ee8-b5b9-88c8a97ed97c,9b36d195-1825-5d76-bdcc-eeed086a4021,French Fries,Sides
6ecdbf2f-8599-5496-8a88-d47253fac72b,9b36d195-1825-5d76-bdcc-eeed086a4021,Garlic Mayo - Small,Sides
2fddead8-45c4-5c2e-884c-b2dd818d90f0,9b36d195-1825-5d76-bdcc-eeed086a4021,Garlic Mayo - Medium,Sides
0442c4c8-0042-546e-b283-07e25d4a6df7,9b36d195-1825-5d76-bdcc-eeed086a4021,Garlic Mayo - Large,Sides
25472e84-1afc-5be1-a5bc-87b4003e1ed9,9b36d195-1825-5d76-bdcc-eeed086a4021,Chicken Wings,Sides
5cc74109-a19e-5217-b480-e374dcdcb217,5ba25ab6-8781-5c8d-a16c-5a26c9fee3ca,Chicken Reshmi Kebab,Kebab
6a33f225-e967-5012-9832-d036c244dc29,5ba25ab6-8781-5c8d-a16c-5a26c9fee3ca,Rumali Roti,Naan & Paratha
6ae4c86a-c1a4-58cf-b5ec-0bec8be48f6b,5ba25ab6-8781-5c8d-a16c-5a26c9fee3ca,Chicken Tikka,Kebab
2f456ab4-e3f0-54f1-b1e8-3cd16700f1cf,5ba25ab6-8781-5c8d-a16c-5a26c9fee3ca,Beef Chapli Kebab,Kebab
6d565d02-97e1-5f3f-8e62-e7f824df2930,5ba25ab6-8781-5c8d-a16c-5a26c9fee3ca,Garlic Naan,Naan & Paratha
8208709f-2e8b-5901-9e15-b64eab13f044,5ba25ab6-8781-5c8d-a16c-5a26c9fee3ca,Chicken Drumstick,BAR-B-Q
2677bc6d-2aef-5fb1-9d34-940077aacac9,5ba25ab6-8781-5c8d-a16c-5a26c9fee3ca,Paneer Tikka,BAR-B-Q
8d91b64f-680e-5828-a843-cab8158f0eed,5ba25ab6-8781-5c8d-a16c-5a26c9fee3ca,Grilled Prawn,BAR-B-Q
8822bea5-52e6-5f43-82ad-5d8166c3753c,5ba25ab6-8781-5c8d-a16c-5a26c9fee3ca,Bar-B-Q Mutton Chops,BAR-B-Q
776b635e-db78-5cd7-85cc-b22470dfa63d,5ba25ab6-8781-5c8d-a16c-5a26c9fee3ca,Grilled Fish,BAR-B-Q
f16363d0-dfbc-56ad-a563-e0bdd6f800cd,5ba25ab6-8781-5c8d-a16c-5a26c9fee3ca,Bar-B-Q Fish Tikka,BAR-B-Q
4beab418-fa90-5e28-aa8c-56b0c9e874c7,5ba25ab6-8781-5c8d-a16c-5a26c9fee3ca,Chicken Cheese Kebab,Kebab
52e72ff7-e759-542f-a52d-83ee261017ed,5ba25ab6-8781-5c8d-a16c-5a26c9fee3ca,Chicken Boti,Kebab
b9de3361-4f41-5e7e-9975-8cbfc9287ff7,5ba25ab6-8781-5c8d-a16c-5a26c9fee3ca,Beef Seekh Kebab,Kebab
935d7ee8-19f4-5a65-b78a-d2341547d40e,5ba25ab6-8781-5c8d-a16c-5a26c9fee3ca,Beef Khiri Kebab,Kebab
52e7a9d1-83f0-5fcc-b9cd-ff85faff9192,5ba25ab6-8781-5c8d-a16c-5a26c9fee3ca,Namkin Chicken Boti,Kebab
c3964002-0855-522b-bd84-d32195a2658a,5ba25ab6-8781-5c8d-a16c-5a26c9fee3ca,Beef Bihari Kebab,Kebab
50fb5e8e-5ab0-5492-908a-a6454d1e7e8e,5ba25ab6-8781-5c8d-a16c-5a26c9fee3ca,Beef Adana Kebab,Kebab
e8c31fd1-278e-5065-b750-ad6b5e087ffe,5ba25ab6-8781-5c8d-a16c-5a26c9fee3ca,Chicken Malai Tikka,Kebab
7835ccab-c45a-58bb-a2ed-326036bed28a,5ba25ab6-8781-5c8d-a16c-5a26c9fee3ca,Mutton Sheekh Kebab,Kebab
57b60223-a30c-54ad-93b0-21a4f1f42924,5ba25ab6-8781-5c8d-a16c-5a26c9fee3ca,Lahori Fried Fish,Kebab
c34c2aaf-5084-54c1-a16a-9a96c42810d8,5ba25ab6-8781-5c8d-a16c-5a26c9fee3ca,Beef Afghani Tikka,Kebab
d53b84e3-fc40-5863-8f66-0de5dbd71fce,5ba25ab6-8781-5c8d-a16c-5a26c9fee3ca,Mutton Boti,Kebab
9d467537-60f1-53d2-ba63-ef23f8858e5c,5ba25ab6-8781-5c8d-a16c-5a26c9fee3ca,Mutton Rogan Josh,Kebab
54a1b076-cdc7-5c6e-b014-9552b6a5f198,5ba25ab6-8781-5c8d-a16c-5a26c9fee3ca,Grilled Jumbo Prawn,Kebab
f385cff9-5dd7-50fa-b207-f2c83825dcf6,5ba25ab6-8781-5c8d-a16c-5a26c9fee3ca,Plain Naan,Naan & Paratha
9221828c-0a7a-5d48-b6a5-500234f1ba8d,5ba25ab6-8781-5c8d-a16c-5a26c9fee3ca,Kandahari Naan,Naan & Paratha
92bfdcd1-eb8a-54e9-a35a-dda51d017e70,5ba25ab6-8781-5c8d-a16c-5a26c9fee3ca,Butter Naan,Naan & Paratha
4dbc0044-b52c-523b-9779-efdf936bf6ea,5ba25ab6-8781-5c8d-a16c-5a26c9fee3ca,Laccha Paratha,Naan & Paratha
39ffda20-e929-544c-96b1-d477f78ad0d9,5ba25ab6-8781-5c8d-a16c-5a26c9fee3ca,Chicken Chargha (Half ),BAR-B-Q
8f5c02a7-5c3e-5431-bcda-4c562b3a1600,5ba25ab6-8781-5c8d-a16c-5a26c9fee3ca,Chicken Chargha (Full ),BAR-B-Q
441bdff0-d3ea-5bae-83c3-d17438caeb52,5ba25ab6-8781-5c8d-a16c-5a26c9fee3ca,Special Dal,Rice & Curry
1d98ff42-db85-5954-9db0-c757f4346740,5ba25ab6-8781-5c8d-a16c-5a26c9fee3ca,Mixed Vegetable,Rice & Curry
c19fbc33-b95a-542c-bc61-55aa4b1e6343,5ba25ab6-8781-5c8d-a16c-5a26c9fee3ca,Chicken Ginger,Rice & Curry
ce557616-12d3-5f82-abc0-29f1781b6f8f,5ba25ab6-8781-5c8d-a16c-5a26c9fee3ca,Aloo Dum,Rice & Curry
f940531f-e14a-5b3d-a15c-585258f26552,5ba25ab6-8781-5c8d-a16c-5a26c9fee3ca,Palak Paneer,Rice & Curry
a9ce7b13-f3a2-573f-9307-ce91ffa62dad,5ba25ab6-8781-5c8d-a16c-5a26c9fee3ca,Royal Kabuli Polao,Rice & Curry
91df1f4c-f587-583c-bd92-5825c41326f7,5ba25ab6-8781-5c8d-a16c-5a26c9fee3ca,Lahori Chana Masala,Rice & Curry
d76b0496-d90f-53a6-b7e1-481d9703370c,5ba25ab6-8781-5c8d-a16c-5a26c9fee3ca,Chicken Karahi,Rice & Curry
8135433f-3b73-5680-b3bd-9888e7abd669,5ba25ab6-8781-5c8d-a16c-5a26c9fee3ca,Dal Makhani,Rice & Curry
57ee8930-2891-511a-a65a-66b36a0e6f4c,5ba25ab6-8781-5c8d-a16c-5a26c9fee3ca,Afghani Chicken Polao,Rice & Curry
fdacecb5-9afe-57ec-85d4-30aa35d2945a,5ba25ab6-8781-5c8d-a16c-5a26c9fee3ca,Katakat,Rice & Curry
75fe7c52-dae3-531e-8663-efaf7d1e647a,5ba25ab6-8781-5c8d-a16c-5a26c9fee3ca,Butter Paneer Masala,Rice & Curry
4346c202-a3a1-5d11-bda5-9029a9db954b,5ba25ab6-8781-5c8d-a16c-5a26c9fee3ca,Beef Keema Karahi,Rice & Curry
747ff041-233f-5104-88cb-df8c63ab5a60,5ba25ab6-8781-5c8d-a16c-5a26c9fee3ca,Beef Brain Masala,Rice & Curry
99da79e0-f34b-586b-8648-116392303448,5ba25ab6-8781-5c8d-a16c-5a26c9fee3ca,Prawn Masala,Rice & Curry
0ffcb1a6-7089-5235-ac2d-e665ae83cc5e,5ba25ab6-8781-5c8d-a16c-5a26c9fee3ca,Prawn Malai Curry,Rice & Curry
4c9acdca-2758-5744-a4c1-1aa4cb68ca7e,5ba25ab6-8781-5c8d-a16c-5a26c9fee3ca,Mutton Karahi,Rice & Curry
7ca51ca0-c11c-50bd-9bca-e54884b11435,5ba25ab6-8781-5c8d-a16c-5a26c9fee3ca,French Fries,Fast Food
d02179c5-6a2f-5b03-a189-15ef84ce84e5,5ba25ab6-8781-5c8d-a16c-5a26c9fee3ca,Raita,Salad
9896bf0a-0b63-5882-bb50-2015a99d76b2,5ba25ab6-8781-5c8d-a16c-5a26c9fee3ca,Green Salad,Salad
fb22a502-36ed-5fea-8b01-672bc7abcd0f,5ba25ab6-8781-5c8d-a16c-5a26c9fee3ca,Special Firni,Desserts
092cd950-7a28-5684-b3e9-3b29ae7fe66b,5ba25ab6-8781-5c8d-a16c-5a26c9fee3ca,Special Faluda,Desserts
5aad4851-6e1f-5d09-8aad-28bc7b63c5cf,5ba25ab6-8781-5c8d-a16c-5a26c9fee3ca,Green Tea,Juice & Drinks
5c51751e-6482-55b5-ba37-161980c84490,5ba25ab6-8781-5c8d-a16c-5a26c9fee3ca,Malai Tea,Juice & Drinks
6d18dc18-ded4-5e84-8579-dcd22a0c6d8a,5ba25ab6-8781-5c8d-a16c-5a26c9fee3ca,Espresso Single,Juice & Drinks
9d81db73-70a2-5513-a53b-4e61aa77cbe0,5ba25ab6-8781-5c8d-a16c-5a26c9fee3ca,Macchiato,Juice & Drinks
41af617a-32c0-533e-b2d0-b3d532b60224,5ba25ab6-8781-5c8d-a16c-5a26c9fee3ca,Masala Tea,Juice & Drinks
d51bb897-6d3e-5950-bdde-238770eb786e,5ba25ab6-8781-5c8d-a16c-5a26c9fee3ca,Espresso Double,Juice & Drinks
579b9d0c-80d8-5d8c-ba1d-9d53f73148c3,5ba25ab6-8781-5c8d-a16c-5a26c9fee3ca,Latte,Juice & Drinks
1806463d-9754-5801-b8f4-977877ab92fd,5ba25ab6-8781-5c8d-a16c-5a26c9fee3ca,Hot Chocolate,Juice & Drinks
bb38ec90-8450-593c-91da-28496de3b9a2,5ba25ab6-8781-5c8d-a16c-5a26c9fee3ca,Milkshake,Juice & Drinks
00eb100e-4090-5e68-9a1b-9f2a6889bb54,bda96d83-4463-5c23-937a-b67a520df96f,Hummus,Starters
40445617-a37f-5a5d-ae92-8c987e06b313,bda96d83-4463-5c23-937a-b67a520df96f,Baba Ganoush,Starters
a9e430c0-a01b-5b2f-9a59-9a16dfb97bab,bda96d83-4463-5c23-937a-b67a520df96f,Roasted Bell Pepper Dip,Starters
ad19e102-5bf8-5ae0-928d-4d2b7af49403,bda96d83-4463-5c23-937a-b67a520df96f,Assorted Dip Platter,Starters
42849338-3826-538c-a0d9-dfd3ab8b2cd8,bda96d83-4463-5c23-937a-b67a520df96f,Crostini Pizzaiola,Starters
8f82ad4c-1720-5310-9124-77f03b7b311b,bda96d83-4463-5c23-937a-b67a520df96f,Smoked Chicken Crostini,Starters
f23fb794-91b1-5f39-8d56-b4f5285a136c,bda96d83-4463-5c23-937a-b67a520df96f,Bruschetta,Starters
fd3d3c3f-f7cb-558f-919f-813ce6c85472,bda96d83-4463-5c23-937a-b67a520df96f,Mozzarella Sticks,Starters
0d0493d6-b203-51a0-8726-e3db2f8b1641,bda96d83-4463-5c23-937a-b67a520df96f,Prawn Croquettes,Starters
da6073dd-f8bd-58f5-badb-5fc26c8e2684,bda96d83-4463-5c23-937a-b67a520df96f,Salt n Pepper Squid,Starters
cdcd44c1-820c-536d-a95f-4bed8aca19e7,bda96d83-4463-5c23-937a-b67a520df96f,Seafood Basket,Starters
3880c03f-acce-5317-a4bd-1f479387cc6e,bda96d83-4463-5c23-937a-b67a520df96f,Gyro Platter,Starters
62ef185d-0522-54fd-a7fb-57ede5cbe396,bda96d83-4463-5c23-937a-b67a520df96f,Adana Kebab Platter,Starters
da64c4be-f536-5648-b4d0-57a5b4acfd77,bda96d83-4463-5c23-937a-b67a520df96f,Mezze Platter,Starters
19d59c6f-4197-51d2-86d5-22b4bedfcc88,bda96d83-4463-5c23-937a-b67a520df96f,Cajun Chicken Pops,Starters
bb425880-dcbf-5ec9-a438-71585e7c47e9,bda96d83-4463-5c23-937a-b67a520df96f,BBQ Chicken Pops,Starters
7b2edb52-355d-5024-bb45-b7cf6a4a1be2,bda96d83-4463-5c23-937a-b67a520df96f,Arancini,Starters
f099f7fb-109d-5373-b319-095afff873c0,bda96d83-4463-5c23-937a-b67a520df96f,Arancini al Ragù,Starters
35850d75-4890-5920-b1e5-ac1f5c323331,bda96d83-4463-5c23-937a-b67a520df96f,Crispy Dory Bites,Starters
7d719aa7-55db-5d8b-b779-1dc3af9ba880,bda96d83-4463-5c23-937a-b67a520df96f,Harissa Mushroom,Starters
4eecd87d-9b31-5d11-b82d-05b81a4cb6c9,bda96d83-4463-5c23-937a-b67a520df96f,French Onion Soup,Soups & Salads
ea98040a-c09d-563d-a967-9445a775e4be,bda96d83-4463-5c23-937a-b67a520df96f,Cream of Mushroom Soup,Soups & Salads
75806c0e-b396-51f3-8400-d68385d5b01e,bda96d83-4463-5c23-937a-b67a520df96f,Potato & Leek Soup,Soups & Salads
c2d6170d-e785-55d9-a215-2b62e9545377,bda96d83-4463-5c23-937a-b67a520df96f,Snapper Niçoise,Soups & Salads
a66e477c-c393-56fc-9fe0-493b04dc4111,bda96d83-4463-5c23-937a-b67a520df96f,Caesar Salad,Soups & Salads
2472bb00-f591-5fbc-8099-1a2fffd32e8d,bda96d83-4463-5c23-937a-b67a520df96f,Couscous Salad with Chicken,Soups & Salads
3481af74-daaf-506f-a0a7-940c07fa1418,bda96d83-4463-5c23-937a-b67a520df96f,Roasted Beetroot Salad with Feta,Soups & Salads
97536615-a4ee-58c8-a374-b13e134ab224,bda96d83-4463-5c23-937a-b67a520df96f,Moroccan Chicken,Mains
d71ea6bf-5ea3-5261-9b26-3ac4641d14ce,bda96d83-4463-5c23-937a-b67a520df96f,Garlic & Herb Chicken,Mains
7eae12ae-5266-5b40-8d59-80320fbfb9c4,bda96d83-4463-5c23-937a-b67a520df96f,Grilled Red Snapper,Mains
dfb1ba3a-666a-552d-80f5-44797ef60e04,bda96d83-4463-5c23-937a-b67a520df96f,Chimichurri Chicken,Mains
2401f59a-76c7-598d-8ab3-b3db4a73757a,bda96d83-4463-5c23-937a-b67a520df96f,Cajun Grilled Chicken,Mains
1faa4424-77cf-55da-9f70-a95e73b4ca09,bda96d83-4463-5c23-937a-b67a520df96f,Grilled Prawn,Mains
411f5f25-5195-523e-8c65-cda413e92b66,bda96d83-4463-5c23-937a-b67a520df96f,Fish & Chips,Mains
d7c7ef9d-c296-5466-be98-2625331886c3,bda96d83-4463-5c23-937a-b67a520df96f,Seafood Platter,Mains
2152bbc1-215f-52a0-b2db-c1508db92943,bda96d83-4463-5c23-937a-b67a520df96f,Chicken Parmigiana,Mains
f8c77c14-711a-5403-a260-30079c46f137,bda96d83-4463-5c23-937a-b67a520df96f,Prawn Aglio Oglio,Mains
ec7c0cd2-2abb-5fbd-8b40-c9081fb027bb,bda96d83-4463-5c23-937a-b67a520df96f,Pomodore Chicken Pasta,Mains
fd67d0c7-e83b-525b-8849-78f79a2d79bc,bda96d83-4463-5c23-937a-b67a520df96f,Spinach & Mushroom Pesto Pasta,Mains
a34e0ca7-82d9-5ae2-bc57-b92a4128570f,bda96d83-4463-5c23-937a-b67a520df96f,Creamy Seafood Pasta,Mains
c4488d92-d060-5cb2-b652-1ac1bb950151,bda96d83-4463-5c23-937a-b67a520df96f,Seafood Pasta,Mains
ea7f132c-c170-5b92-8b23-1e112aa347b6,bda96d83-4463-5c23-937a-b67a520df96f,Aubergine Parmigiana,Mains
4fcc5dbb-417b-56c2-810d-0cb6f93313bc,bda96d83-4463-5c23-937a-b67a520df96f,BBQ Steak Frites,Mains
315c2de8-401a-5a44-a7c0-c3086b8d165f,bda96d83-4463-5c23-937a-b67a520df96f,Garlic & Herb Steak Frites,Mains
8074f6c2-766b-52ed-864b-26650f47b505,bda96d83-4463-5c23-937a-b67a520df96f,BBQ Ribs,Mains
df1d9102-f2e4-56bb-8344-bf86504340fb,bda96d83-4463-5c23-937a-b67a520df96f,Harissa Chicken Risotto,Mains
cdacc21a-4387-51b9-9f02-95898bd8c078,bda96d83-4463-5c23-937a-b67a520df96f,Wild Mushroom Risotto,Mains
d96ee1bd-6703-52f9-860b-fc2ba04b97ef,bda96d83-4463-5c23-937a-b67a520df96f,Seafood Risotto,Mains
8100a57d-b39d-5322-8c1c-0be8497ade13,bda96d83-4463-5c23-937a-b67a520df96f,Chicken Pesto Pasta,Mains
1c60d804-1496-5055-b765-358a509835ec,bda96d83-4463-5c23-937a-b67a520df96f,Pasta al Ragù,Mains
ad6cde01-99a0-5bdd-8399-74b32eeb454a,bda96d83-4463-5c23-937a-b67a520df96f,Spinach & Mushroom Alfredo Pasta,Mains
ff07fcd0-b44e-5c8f-8716-cdca965db910,bda96d83-4463-5c23-937a-b67a520df96f,Kefta Tagine Pasta,Mains
340690d4-bdc3-59a0-be9f-5db05c2c2d91,bda96d83-4463-5c23-937a-b67a520df96f,Chicken Alfredo Pasta,Mains
7dd4def9-7ceb-580b-b86e-70d521f0aa18,bda96d83-4463-5c23-937a-b67a520df96f,The Edge Burger,Gourmet Burgers
a664ed90-273a-508a-8f20-ff8b32015d78,bda96d83-4463-5c23-937a-b67a520df96f,Blue-Cheese Burger,Gourmet Burgers
09d88540-c704-59b9-9764-fc2d5d606d55,bda96d83-4463-5c23-937a-b67a520df96f,Dijon Burger,Gourmet Burgers
eaac90f0-1d30-5617-9a10-bca3d3334a3d,bda96d83-4463-5c23-937a-b67a520df96f,Duxelle Burger,Gourmet Burgers
5463687a-04ef-5ef6-aaea-bd56c4a40cc6,bda96d83-4463-5c23-937a-b67a520df96f,Adana Sliders,Gourmet Burgers
f21548f5-bc0f-5ece-87aa-06c57a207622,bda96d83-4463-5c23-937a-b67a520df96f,Dory Sliders,Gourmet Burgers
260b8e76-baad-508a-8611-4ca41dd07042,bda96d83-4463-5c23-937a-b67a520df96f,Prawn Sliders,Gourmet Burgers
71d1d5a0-3974-51bf-891f-dac7a2625a8a,bda96d83-4463-5c23-937a-b67a520df96f,Signature Sliders,Gourmet Burgers
c6b75127-a695-5997-bb7e-8e789e2f68ff,bda96d83-4463-5c23-937a-b67a520df96f,Crispy Chicken Sliders,Gourmet Burgers
7bfe6a63-1586-56f6-8163-125329a0d386,bda96d83-4463-5c23-937a-b67a520df96f,Roast Beef Sandwich,Sandwiches
c16f083f-6251-53c3-9400-43ffd80d7e1e,bda96d83-4463-5c23-937a-b67a520df96f,Chicken Sandwich,Sandwiches
6033b925-e216-5a82-bcc3-4a4794df5c72,bda96d83-4463-5c23-937a-b67a520df96f,Mushroom Melt,Sandwiches
b0633132-699d-5dad-900a-bf6f820baffb,bda96d83-4463-5c23-937a-b67a520df96f,Quattro Formaggi Sandwich,Sandwiches
68cbb49d-4ce4-5e2a-904e-7abb5919cdcd,bda96d83-4463-5c23-937a-b67a520df96f,Caprese Sandwich,Sandwiches
2f6384f7-1313-51fa-96c0-13a4e28c76f8,bda96d83-4463-5c23-937a-b67a520df96f,Beef Pastrami Sandwich,Sandwiches
9a4e2bca-ae7e-550e-b8bc-069c42a522d5,bda96d83-4463-5c23-937a-b67a520df96f,Eggs Benedict with Beef Bacon,Breakfast & Weekend Brunch
cb72d57f-99fa-523c-b8cf-886ccacc930f,bda96d83-4463-5c23-937a-b67a520df96f,Smoked Salmon Benedict,Breakfast & Weekend Brunch
350c029c-813f-5e17-9d34-4dd2ecac3c0c,bda96d83-4463-5c23-937a-b67a520df96f,Chicken Bacon & Egg Croissant Sandwich,Breakfast & Weekend Brunch
ad171c99-0cb9-536e-9eca-9de2fc302411,bda96d83-4463-5c23-937a-b67a520df96f,Beef Bacon & Egg Croissant Sandwich,Breakfast & Weekend Brunch
1f795390-0c19-5b6c-aa9f-b8c620e4c2be,bda96d83-4463-5c23-937a-b67a520df96f,Smoked Salmon & Egg Croissant Sandwich,Breakfast & Weekend Brunch
57cc1d41-8f1a-5ce9-9f89-1e9720f5de16,bda96d83-4463-5c23-937a-b67a520df96f,Smoked Chicken Pancakes,Breakfast & Weekend Brunch
4a42eebb-d88d-5daf-a463-02721bf10775,bda96d83-4463-5c23-937a-b67a520df96f,Shredded Chicken & Egg Toast,Breakfast & Weekend Brunch
9913252b-bcd2-5cc4-b8b2-4c1ecbcd1122,bda96d83-4463-5c23-937a-b67a520df96f,Mushroom Cheese Omelette,Breakfast & Weekend Brunch
a960c8d4-a891-5015-af16-c6f656462376,bda96d83-4463-5c23-937a-b67a520df96f,Smoked Chicken Omelette,Breakfast & Weekend Brunch
87e9d2e9-0de7-55b5-bb02-bebe3f74ad1f,bda96d83-4463-5c23-937a-b67a520df96f,Eggs Florentine,Breakfast & Weekend Brunch
6f8d232c-d1c6-5e32-aca8-20ef2c241524,bda96d83-4463-5c23-937a-b67a520df96f,Pancakes with Seasonal Fruit Compote,Breakfast & Weekend Brunch
c196f189-3ad5-51b1-ab89-72a45617d446,bda96d83-4463-5c23-937a-b67a520df96f,French Toast with Seasonal Compote,Breakfast & Weekend Brunch
adee0d99-e5bf-5020-90f9-2f518d4e54bb,bda96d83-4463-5c23-937a-b67a520df96f,Cheeseburger French Toast,Breakfast & Weekend Brunch
cdc33142-f2ef-52ae-846c-a84e9b618f7f,bda96d83-4463-5c23-937a-b67a520df96f,"Smoked Salmon, Smashed Avocado & Egg Toast",Breakfast & Weekend Brunch
c68a9a33-7ee9-57a7-b57c-c181f3e6f19e,bda96d83-4463-5c23-937a-b67a520df96f,Smashed Avocado & Egg Toast,Breakfast & Weekend Brunch
a3c561f3-2b9f-5ace-b535-4d12a29c4e74,bda96d83-4463-5c23-937a-b67a520df96f,Shakshuka,Breakfast & Weekend Brunch
c9a9e898-6e34-57ea-b02f-f467b637be1a,bda96d83-4463-5c23-937a-b67a520df96f,Moroccan Lamb Shakshuka,Breakfast & Weekend Brunch
8f15a9fc-5e3e-58d7-bf17-af79192dfeee,bda96d83-4463-5c23-937a-b67a520df96f,Smoked Salmon Shakshuka,Breakfast & Weekend Brunch
c62534d5-bd85-58ae-9118-5c98006a7e37,bda96d83-4463-5c23-937a-b67a520df96f,Seasonal Compote on Toast,Breakfast & Weekend Brunch
91d93972-e703-5bb1-9e85-a1189dc8d1bd,bda96d83-4463-5c23-937a-b67a520df96f,Espresso (Single Shot),Coffee
970d2af1-5f37-5c02-8229-f073c88f1ff0,bda96d83-4463-5c23-937a-b67a520df96f,Espresso (Double Shot),Coffee
2f34f96b-9166-5b99-a07a-2b966bae762d,bda96d83-4463-5c23-937a-b67a520df96f,Americano,Coffee
e6870bdd-b832-5c23-b973-f1f3f2f8b679,bda96d83-4463-5c23-937a-b67a520df96f,Cappuccino,Coffee
df019a30-3909-5325-924b-be4589c53f58,bda96d83-4463-5c23-937a-b67a520df96f,Latte,Coffee
583555a6-978c-5303-a814-f6b1a8e16998,bda96d83-4463-5c23-937a-b67a520df96f,Vanilla Latte,Coffee
9bd455ba-a2a2-55a8-848d-aba05d3ddbfc,bda96d83-4463-5c23-937a-b67a520df96f,Caramel Latte,Coffee
a3c18e57-0710-5ac4-86f8-d71969878d65,bda96d83-4463-5c23-937a-b67a520df96f,Ice Latte,Coffee
cfae2b32-d964-5c44-8194-79a828046abe,bda96d83-4463-5c23-937a-b67a520df96f,Ice Americano,Coffee
fad035f8-1856-585c-943b-feedaa3c70d8,bda96d83-4463-5c23-937a-b67a520df96f,Mocha,Coffee
5832c65e-f4e5-5fd5-bd10-305143b21e85,ff5819e0-9e18-500f-a22e-d57c6450c6bb,Fried Nori Beef Tacos,Popular
1149082f-0ead-503d-abe9-8a3be2cb4b27,ff5819e0-9e18-500f-a22e-d57c6450c6bb,Chicken Katsu Curry Rice,Popular
a475200b-c7eb-54c8-bcba-37ad569dea29,ff5819e0-9e18-500f-a22e-d57c6450c6bb,Hibachi Chicken with Garlic Rice,Popular
de5c0362-cfff-54ee-8e51-76de790fe9f2,ff5819e0-9e18-500f-a22e-d57c6450c6bb,Dragon Maki Roll,Popular
91aa418b-d5d9-5a3e-b4d0-a3afb21a9111,ff5819e0-9e18-500f-a22e-d57c6450c6bb,Salmon Sashimi,Popular
bcadeaf8-ebf4-5bbc-8f3c-bb485407eeb0,ff5819e0-9e18-500f-a22e-d57c6450c6bb,Fried Nori Prawn Tacos,Popular
e8b149f2-2c64-571d-8e40-e061ae586471,ff5819e0-9e18-500f-a22e-d57c6450c6bb,Sesame Edamame,Starter
fc54ad8a-5591-542a-aa1d-31385f7e2c07,ff5819e0-9e18-500f-a22e-d57c6450c6bb,Takoyaki,Starter
7b3b0f1f-9da4-552e-8565-9be93a51e2e3,ff5819e0-9e18-500f-a22e-d57c6450c6bb,Okonomiyaki,Starter
8091a907-c2be-55c6-999c-2c2721c4e8cc,ff5819e0-9e18-500f-a22e-d57c6450c6bb,Torikatsu Cheese,Starter
bec711f0-14f1-502a-b42d-359545d87b99,ff5819e0-9e18-500f-a22e-d57c6450c6bb,Toriyaki Chlzu,Starter
d104c56d-f75c-55bb-9614-773a764a5ced,ff5819e0-9e18-500f-a22e-d57c6450c6bb,Wagyu Steak,Starter
edefad63-aa5a-562e-823c-029bdfebc428,ff5819e0-9e18-500f-a22e-d57c6450c6bb,Ribeye with Sudachi Sauce,Starter
a1dfdb2a-99e6-5d62-a242-bf8d1d489ec9,ff5819e0-9e18-500f-a22e-d57c6450c6bb,Beef Teppanyaki,Starter
7ee196c3-d18a-5b26-9a81-fea95bf33e0c,ff5819e0-9e18-500f-a22e-d57c6450c6bb,Spicy Soba Stone Bowl,Starter
67bbcbfd-8eae-56f3-b3d2-d1fddffe007c,ff5819e0-9e18-500f-a22e-d57c6450c6bb,Chicken Ninniku Age,Starter
4c6ccc21-dcf2-5184-b65b-8a89ef3101ff,ff5819e0-9e18-500f-a22e-d57c6450c6bb,Shiitake Shrimp Mentai,Starter
6d813c21-e796-59f5-a4c7-0f95ce74cf0f,ff5819e0-9e18-500f-a22e-d57c6450c6bb,Ishikari Soup,Soup & Salad
bec94f67-ed33-5a5b-9d54-43fd3b9169d1,ff5819e0-9e18-500f-a22e-d57c6450c6bb,Misu Soup,Soup & Salad
c4f89fd4-6fb6-5ad5-b838-3ced5b699899,ff5819e0-9e18-500f-a22e-d57c6450c6bb,Avocado Kaisan Salad,Soup & Salad
701f48d6-ba33-5ba5-827c-b5eb8c8cef4b,ff5819e0-9e18-500f-a22e-d57c6450c6bb,Ikura Mentai Udon,Udon
7993d039-0e1f-5ec0-94d7-09be949c62a2,ff5819e0-9e18-500f-a22e-d57c6450c6bb,Chicken Katsu Udon,Udon
271ab66d-caaf-5415-81e3-aff70eb31646,ff5819e0-9e18-500f-a22e-d57c6450c6bb,Soft Shell Crab Mentai Tacos,Tacos
711797ae-e391-526f-ad57-6cd4c54945fd,ff5819e0-9e18-500f-a22e-d57c6450c6bb,Tofu Katsu Tacos,Tacos
260925d9-b0dc-52b4-9dee-8eed053cfbc4,ff5819e0-9e18-500f-a22e-d57c6450c6bb,Avocado Salmon Mentai Sushi,Sushi
4687ed26-3eba-5038-b938-142829004846,ff5819e0-9e18-500f-a22e-d57c6450c6bb,Ebi Mentai Sushi,Sushi
37bcd0a8-0737-5b91-8102-b9049c49383a,aa34215b-972b-55e8-9a23-288dac3bda91,Grilled Chicken Satay with Peanut Sauce,Appetizer
cc23771c-3476-58b0-863f-d35a475cdd7b,aa34215b-972b-55e8-9a23-288dac3bda91,Thai Fish Cake with Vinaigrette Dip,Appetizer
73105f71-355f-5dc8-8a29-56d032061036,aa34215b-972b-55e8-9a23-288dac3bda91,Fried Garlic Calamari,Appetizer
e4fe9ec3-4947-56b0-8f07-4ac0f81d8e53,aa34215b-972b-55e8-9a23-288dac3bda91,Thai Prawn Tempura with Sweet Chili Sauce,Appetizer
68c28100-b00f-5c67-aad5-590bb139734d,aa34215b-972b-55e8-9a23-288dac3bda91,Seafood Clear Soup,Soup
087a523f-752e-54ee-8336-f2b67aa7c4e5,aa34215b-972b-55e8-9a23-288dac3bda91,Tom Yum Goong,Soup
e7817995-1fcd-5631-8172-6c70f8fb4ec4,aa34215b-972b-55e8-9a23-288dac3bda91,Seafood Tom Kha,Soup
e173743d-bfcf-58a9-b910-f60fcf79adcc,aa34215b-972b-55e8-9a23-288dac3bda91,Chicken Tom Kha,Soup
addaeabf-f5c5-5202-b3bf-ad0416719ea1,473af2d7-d6ad-5a5b-a6c5-d3518d6e704f,Tandoori Chicken,Popular
03e31dd4-0538-5d44-ac3d-3d76f06f38ae,473af2d7-d6ad-5a5b-a6c5-d3518d6e704f,Chicken Butter Masala,Popular
31be17aa-d319-5f54-bcc9-bce4a7a6c9ca,473af2d7-d6ad-5a5b-a6c5-d3518d6e704f,Chicken Biryani,Popular
69e017c0-e199-575e-90b1-63b375f4ac3b,473af2d7-d6ad-5a5b-a6c5-d3518d6e704f,Yellow Dal Butter Fry,Popular
e15df89b-4940-5b24-bcb6-3e9278db9363,473af2d7-d6ad-5a5b-a6c5-d3518d6e704f,Combo - 1,Combo
1d48ec92-a67e-5fb8-90a0-7cc565819e8b,473af2d7-d6ad-5a5b-a6c5-d3518d6e704f,Biryani Package - 1,Biryani Package
9cd005d2-7403-5045-9a0d-6f15cfdd3550,473af2d7-d6ad-5a5b-a6c5-d3518d6e704f,French Fries,Appetizer
c98f2234-0abe-5163-a0e0-d6ccaaf3e9d4,473af2d7-d6ad-5a5b-a6c5-d3518d6e704f,Fried Wonton,Appetizer
ae7a9da4-77c5-57b4-873d-c8eddc129f2f,473af2d7-d6ad-5a5b-a6c5-d3518d6e704f,Prawn Tempura,Appetizer
d0506f61-d137-5080-beb8-dc54f0c422cd,473af2d7-d6ad-5a5b-a6c5-d3518d6e704f,Vegetable Spring Roll,Appetizer
6ad9d3f2-582c-560c-b3d1-3e9d7cddb33e,473af2d7-d6ad-5a5b-a6c5-d3518d6e704f,Chicken Chowmein,Appetizer
318ac036-ff9d-5978-bc98-d55c8c9930f4,473af2d7-d6ad-5a5b-a6c5-d3518d6e704f,Chicken Corn Soup,Soup
63ac2693-03c8-5571-aa6e-1cd5ea05a0d8,473af2d7-d6ad-5a5b-a6c5-d3518d6e704f,Thai Vegetable Soup,Soup
7d709f1e-130b-53c6-b1ba-ec88b72a2579,473af2d7-d6ad-5a5b-a6c5-d3518d6e704f,Hot & Sour Soup,Soup
a74063ba-d0a1-5d3e-bda9-d33b6c2a500c,473af2d7-d6ad-5a5b-a6c5-d3518d6e704f,Tom Yum Goong,Soup
465c96a7-7f3d-5774-9103-863e8a386e72,473af2d7-d6ad-5a5b-a6c5-d3518d6e704f,Tom Yum Gai,Soup
d8e949a9-26fb-5686-9aac-19c08b89bcfc,473af2d7-d6ad-5a5b-a6c5-d3518d6e704f,Green Salad,Salad
9ed47fc7-0133-5c96-bdba-cc0e96362b9c,473af2d7-d6ad-5a5b-a6c5-d3518d6e704f,Mixed Salad,Salad
05ddca54-59db-5dfa-8748-f90aea2fb1f6,473af2d7-d6ad-5a5b-a6c5-d3518d6e704f,Handi Special House Salad,Salad
c2e7cf8d-d0c5-51eb-ace4-cee7c18ab260,473af2d7-d6ad-5a5b-a6c5-d3518d6e704f,Chicken Vegetable Salad,Salad
8d0d2292-b15a-5ddd-a4dc-ead57b96012d,473af2d7-d6ad-5a5b-a6c5-d3518d6e704f,Chicken Cashewnut Salad,Salad
f0dfd486-738a-5bce-a1e5-bf9c47434ca6,473af2d7-d6ad-5a5b-a6c5-d3518d6e704f,Chicken Prawn Cashewnut Salad,Salad
04a2d2d4-4990-5172-83ed-80d120965566,473af2d7-d6ad-5a5b-a6c5-d3518d6e704f,Beef Vegetable Salad,Salad
592830ab-15f0-5bac-85e2-42525a1b6ae9,473af2d7-d6ad-5a5b-a6c5-d3518d6e704f,Alu Raita,Raita
d78f37de-fa10-5b45-8271-fbf64d87a40e,473af2d7-d6ad-5a5b-a6c5-d3518d6e704f,Kashmiri Raita,Raita
0acb1563-ffed-54c4-a0e2-5b4027f67456,473af2d7-d6ad-5a5b-a6c5-d3518d6e704f,Mixed Raita,Raita
ddebe966-e055-5353-b77d-5bc422b7bfcf,473af2d7-d6ad-5a5b-a6c5-d3518d6e704f,Rumali Roti,Roti & Kulcha
9e40608b-a91f-5d45-a56f-670e84ea7554,473af2d7-d6ad-5a5b-a6c5-d3518d6e704f,Laccha Paratha,Roti & Kulcha
2e0449b7-d7e9-5b83-a8fb-5fb6387203e0,473af2d7-d6ad-5a5b-a6c5-d3518d6e704f,Pudina Paratha,Roti & Kulcha
30fbcaf5-d17e-5161-85d2-9f7bcd27ee3d,473af2d7-d6ad-5a5b-a6c5-d3518d6e704f,Alu Ka Paratha,Roti & Kulcha
de742599-c644-516d-b584-682aef196bd1,473af2d7-d6ad-5a5b-a6c5-d3518d6e704f,Paneer Naan,Naan
1df3047f-4eab-5da2-8e4a-a1b92d8989af,473af2d7-d6ad-5a5b-a6c5-d3518d6e704f,Butter Naan,Naan
bdad8a5b-48e2-53e7-be06-573d70fa0a9a,473af2d7-d6ad-5a5b-a6c5-d3518d6e704f,Garlic Naan,Naan
790ed739-2b10-5dfe-98e6-6b05f4b3b3bd,473af2d7-d6ad-5a5b-a6c5-d3518d6e704f,Pudina Naan,Naan
ad1a1500-7b4b-5394-b3ad-dd1232952e98,473af2d7-d6ad-5a5b-a6c5-d3518d6e704f,Plain Naan,Naan
3ac6f5d8-57d6-550b-9257-7ab184132d23,473af2d7-d6ad-5a5b-a6c5-d3518d6e704f,Masala Naan,Naan
f7e1927f-0698-5201-9db4-95ed82e85bb6,473af2d7-d6ad-5a5b-a6c5-d3518d6e704f,Family Naan,Naan
9773591d-69d4-54c4-ac06-86b3395846ab,473af2d7-d6ad-5a5b-a6c5-d3518d6e704f,Handi Special Naan,Naan
047631d9-bf64-56b8-a057-ac65e0b949f4,473af2d7-d6ad-5a5b-a6c5-d3518d6e704f,Chicken Egg Roll,Roll
1996a67b-46db-5174-b941-24e60edf1134,473af2d7-d6ad-5a5b-a6c5-d3518d6e704f,Chicken Green Roll,Roll
72e6d308-f85e-5f69-b39a-e8fd7ef157d8,473af2d7-d6ad-5a5b-a6c5-d3518d6e704f,Chicken Roll,Roll
535f3019-b8e4-5723-97a0-f9ad988eff25,473af2d7-d6ad-5a5b-a6c5-d3518d6e704f,Beef Roll,Roll
9d407431-fbda-592b-89a4-32f36dab002b,473af2d7-d6ad-5a5b-a6c5-d3518d6e704f,Beef Egg Roll,Roll
f4eeaee0-7a30-587f-b02d-24053587099d,473af2d7-d6ad-5a5b-a6c5-d3518d6e704f,Handi Special Roll,Roll
dfc0b665-3ca8-5e25-b6ec-b5f7ed934ea7,473af2d7-d6ad-5a5b-a6c5-d3518d6e704f,Handi Special Tawa Kebab,Tawa Kebab
d11dd924-2e2d-5d1d-a9cc-50f430a68271,473af2d7-d6ad-5a5b-a6c5-d3518d6e704f,Chicken Tawa Kebab,Tawa Kebab
b0cba8a9-e894-5874-8603-236487832434,473af2d7-d6ad-5a5b-a6c5-d3518d6e704f,Beef Tawa Kebab,Tawa Kebab
37e6d88f-edfb-5bf5-9f9b-eaa807108ea6,473af2d7-d6ad-5a5b-a6c5-d3518d6e704f,Dal Tarka,Vegetable
88965a04-3709-5b4c-a557-1a44c93de459,473af2d7-d6ad-5a5b-a6c5-d3518d6e704f,Paneer Butter Masala,Vegetable
85940953-ef1f-526b-bdf6-67b5006b723c,473af2d7-d6ad-5a5b-a6c5-d3518d6e704f,Garlic Mushroom,Vegetable
6eb408d6-c5f6-5862-a349-4cde041e8ae6,473af2d7-d6ad-5a5b-a6c5-d3518d6e704f,Vegetable Kofta,Vegetable
a1736ded-34ee-56ef-94fe-d87fabbe2a16,473af2d7-d6ad-5a5b-a6c5-d3518d6e704f,Paneer Shahi Korma,Vegetable
37fdca66-eeeb-50cb-a39a-eb253ebb4d36,473af2d7-d6ad-5a5b-a6c5-d3518d6e704f,Paneer Karahi,Vegetable
8ad5253f-d7fe-5eab-8c85-e04ac32835d1,473af2d7-d6ad-5a5b-a6c5-d3518d6e704f,Alu Matar Tomato,Vegetable
ad7be6f3-96a2-5e29-9852-7bd2fe64c1c9,473af2d7-d6ad-5a5b-a6c5-d3518d6e704f,Matar Paneer,Vegetable
6a7c3e8c-7a4d-553b-a91a-c9d80d9332cf,473af2d7-d6ad-5a5b-a6c5-d3518d6e704f,Dal Maharani,Vegetable
f6fed1b9-5502-5700-b3b6-52a634608b70,473af2d7-d6ad-5a5b-a6c5-d3518d6e704f,Kaju Masala,Vegetable
92a850bd-1350-5eee-ae07-82f3c532b6d9,473af2d7-d6ad-5a5b-a6c5-d3518d6e704f,Chicken Karahi,Chicken
1fd795ca-a380-5c41-a8d9-549cea5bdda3,473af2d7-d6ad-5a5b-a6c5-d3518d6e704f,Thai Fried Chicken,Chicken
b5196888-c6aa-5102-b985-c12466e3d943,473af2d7-d6ad-5a5b-a6c5-d3518d6e704f,Chicken Basil Leaf,Chicken
674b0ddd-5bd3-5618-947e-e9bec47b8fe0,473af2d7-d6ad-5a5b-a6c5-d3518d6e704f,Chicken Sizzling,Chicken
cc80bed0-ff64-5e85-ad2a-2e1d9dda9234,473af2d7-d6ad-5a5b-a6c5-d3518d6e704f,Chicken Chili Onion,Chicken
3a22dcbf-4680-54a2-8421-a051c06035e2,473af2d7-d6ad-5a5b-a6c5-d3518d6e704f,Beef Achari,Beef
a4beff12-6bff-552a-a35e-e4bf8c560512,473af2d7-d6ad-5a5b-a6c5-d3518d6e704f,Beef Bhuna,Beef
b16d7e7c-194f-54db-a701-295089d2c0f5,473af2d7-d6ad-5a5b-a6c5-d3518d6e704f,Mutton Masala,Mutton
5b2b8a79-535d-581c-8f25-f0f3e9fcdc8d,473af2d7-d6ad-5a5b-a6c5-d3518d6e704f,Mutton Rogan Josh,Mutton
3c5cee77-ae24-5368-bc29-f153f534f7e7,473af2d7-d6ad-5a5b-a6c5-d3518d6e704f,Mutton Kolapuri,Mutton
647993dd-dfa9-5993-af86-e7d7e4f2dad3,473af2d7-d6ad-5a5b-a6c5-d3518d6e704f,Mutton Shagwala,Mutton
99e0ea75-2e97-5d5d-a579-fb684ae97219,473af2d7-d6ad-5a5b-a6c5-d3518d6e704f,Fish Dopiaza,Fish
66dfff34-95ae-5cd0-960d-fe63181fb782,473af2d7-d6ad-5a5b-a6c5-d3518d6e704f,Fish Karahi,Fish
5845f28b-897a-579e-8248-6dd38eafbe12,473af2d7-d6ad-5a5b-a6c5-d3518d6e704f,Chicken Reshmi Kebab,Tandoori
5925dde1-1968-57f1-8aff-d3fa7dbc5f5c,473af2d7-d6ad-5a5b-a6c5-d3518d6e704f,Chicken Tikka Kebab,Tandoori
99e43a6d-f39f-50b8-bf19-152a7d66427a,473af2d7-d6ad-5a5b-a6c5-d3518d6e704f,Chicken Malai Kebab,Tandoori
313c102a-d186-535f-a77c-a3305091de4a,473af2d7-d6ad-5a5b-a6c5-d3518d6e704f,Tandoori Chicken,Tandoori
20aa2e65-213c-5ee1-8bd3-c5e25fc5661e,473af2d7-d6ad-5a5b-a6c5-d3518d6e704f,Tandoori Pomfret,Tandoori
f6ad0adc-7446-5268-b60d-273851628f2e,473af2d7-d6ad-5a5b-a6c5-d3518d6e704f,Tandoori Prawn,Tandoori
7d9cf861-9ad2-5773-9913-e9874ba5a0f6,473af2d7-d6ad-5a5b-a6c5-d3518d6e704f,Handi Special Kebab Platter,Tandoori
9d1d5ebe-9f7d-573d-a963-8fbebe98795f,473af2d7-d6ad-5a5b-a6c5-d3518d6e704f,Fish Hariyali Kebab,Tandoori
4611c4ba-0ba9-54d9-8da5-e1eed820d96f,473af2d7-d6ad-5a5b-a6c5-d3518d6e704f,Fish Kolapuri Kebab,Tandoori
7328de42-2963-5601-8b46-085492aca140,473af2d7-d6ad-5a5b-a6c5-d3518d6e704f,Fish Tikka Kebab,Tandoori
51c0553f-40ad-5409-89ed-372f72224462,473af2d7-d6ad-5a5b-a6c5-d3518d6e704f,Tandoori Paneer,Tandoori
aac9a2ba-db78-5e00-9887-0f3d0cdac3b0,473af2d7-d6ad-5a5b-a6c5-d3518d6e704f,Vegetable Biryani,Rice
98c6ccb7-f4d8-5d93-9a10-a695573cf79a,473af2d7-d6ad-5a5b-a6c5-d3518d6e704f,Mixed Fried Rice,Rice
af423ef3-b544-5353-a75c-10912a3d7b51,473af2d7-d6ad-5a5b-a6c5-d3518d6e704f,Chicken Fried Rice,Rice
cdb0725d-fc21-5dd6-bb15-91d6455fdb09,473af2d7-d6ad-5a5b-a6c5-d3518d6e704f,Basil Leaf Fried Rice,Rice
bc189e03-ce16-5d70-8d8d-9c921c186b33,473af2d7-d6ad-5a5b-a6c5-d3518d6e704f,Vegetable Fried Rice,Rice
d36008e7-ce4d-58c2-a15b-7a239a34e792,473af2d7-d6ad-5a5b-a6c5-d3518d6e704f,Plain Polao,Rice
979b2e0c-57df-567e-b3ab-e85890e2a749,473af2d7-d6ad-5a5b-a6c5-d3518d6e704f,Jeera Polao,Rice
29ca8d34-e733-57aa-9eeb-53c469b3d088,473af2d7-d6ad-5a5b-a6c5-d3518d6e704f,Steamed Rice,Rice
06693206-ea0b-5a94-9b46-d1f3a216e3e7,473af2d7-d6ad-5a5b-a6c5-d3518d6e704f,Nav Raton Polao,Rice
7a4ad105-7a41-5f35-a18c-e6b537842678,473af2d7-d6ad-5a5b-a6c5-d3518d6e704f,Kashmiri Polao,Rice
871dc287-65bd-5b1e-8bc4-b05bda52e967,473af2d7-d6ad-5a5b-a6c5-d3518d6e704f,Biryani Package - 2,Biryani Package
475a54b0-1e91-5da7-9416-f2fe7505ca0c,473af2d7-d6ad-5a5b-a6c5-d3518d6e704f,Mixed Fruit Salad,Dessert
24a12661-1102-588b-b9f3-7da129bee66f,473af2d7-d6ad-5a5b-a6c5-d3518d6e704f,Chocolate Sundae,Dessert
9c9d4863-f389-5ba3-966b-2474236042a8,473af2d7-d6ad-5a5b-a6c5-d3518d6e704f,Icecream with Fruits Salad,Dessert
484a457f-3b8a-51a2-bcfe-62f264642aa9,473af2d7-d6ad-5a5b-a6c5-d3518d6e704f,Banana Split,Dessert
6de9b2b9-fedc-5776-8e24-c8612fedfabb,1301483f-918a-5bbd-962c-4bd436a67224,Spaghetti Bolognese,Popular
d66b1bd7-4955-597c-98eb-abc2d7447b0b,1301483f-918a-5bbd-962c-4bd436a67224,Pepper Steak,Popular
2dc7a83f-bc52-5f0f-94d0-3d2603328334,1301483f-918a-5bbd-962c-4bd436a67224,Mediterranea,Popular
d2ed58ab-64ce-508d-9ecf-630487dacda2,1301483f-918a-5bbd-962c-4bd436a67224,Spaghetti Alla Marinara,Spaghetti
e233e249-05a0-5a47-8f74-a4c0688bf870,1301483f-918a-5bbd-962c-4bd436a67224,Spaghetti Alfredo,Spaghetti
ba36e860-c492-5ab6-b989-def185af03c4,1301483f-918a-5bbd-962c-4bd436a67224,Gamberoni Alla Griglia,Popular
ed62d4d6-89d0-5203-a3c1-83a4e53759e6,1301483f-918a-5bbd-962c-4bd436a67224,Penne Arrabbiata,Macaroni
42842866-6fcb-5c21-80d0-2abdb9e1b9dd,1301483f-918a-5bbd-962c-4bd436a67224,Penne Alla Sorrentina,Macaroni
0c58d7c8-8d8b-5bf6-ae9e-5eca36eec007,1301483f-918a-5bbd-962c-4bd436a67224,Penne Con Salsa Golose,Macaroni
f47ddd36-0ba4-58e2-9842-a091c095b334,1301483f-918a-5bbd-962c-4bd436a67224,Penne Alla Puttanesca,Macaroni
22697133-6b44-584b-80d0-234fb8d3fb45,1301483f-918a-5bbd-962c-4bd436a67224,Penne Al Forno,Macaroni
9cd02aad-2578-547e-a928-716aa00cbd0a,1301483f-918a-5bbd-962c-4bd436a67224,French Fries,Legumi Vegetable & Omelette
3a63eb0b-2167-5a81-ab08-f23a8161d69f,1301483f-918a-5bbd-962c-4bd436a67224,Mashed Potato,Legumi Vegetable & Omelette
121e4db4-3b95-5e25-a107-395ddf3097f0,d825d7ab-5672-5127-908d-c8ba3a697953,Takoyaki,Popular
7aff5b78-042f-5cef-90c6-4a3d01040338,d825d7ab-5672-5127-908d-c8ba3a697953,Gyoza (Dumplings),Popular
63084ce2-9e63-52dc-9f54-d212863021ff,d825d7ab-5672-5127-908d-c8ba3a697953,Wakame Udon,Popular
8590b3cd-fe4b-5059-bfaa-513b4cbd06ee,d825d7ab-5672-5127-908d-c8ba3a697953,Special Iekei Ramen,Popular
2af16ec9-36bf-5652-9ed6-1c76331b892c,d825d7ab-5672-5127-908d-c8ba3a697953,Shoga Yaki Bento,Popular
51391193-2661-5c60-aeec-9566d9643752,d825d7ab-5672-5127-908d-c8ba3a697953,Karaage,Popular
64d20637-76da-5b5a-b037-6572046588ba,d825d7ab-5672-5127-908d-c8ba3a697953,Edamame,Appetizer
3f179166-2490-57d3-b5e1-da67bf129353,d825d7ab-5672-5127-908d-c8ba3a697953,Nasu no Nibitashi,Appetizer
b370fe67-78cb-5a4c-ac4c-0ef0e12fd091,d825d7ab-5672-5127-908d-c8ba3a697953,California Roll,Appetizer
71389cd0-7f38-52e9-886a-6b2d75f81905,d825d7ab-5672-5127-908d-c8ba3a697953,Special Salmon Roll - 1:2,Appetizer
4e3a913b-2132-59c1-8ef9-a3519f0b5b71,d825d7ab-5672-5127-908d-c8ba3a697953,Fried Vegetable,Single Items
b8646208-d73a-52df-8499-2c2d13c6fb4a,d825d7ab-5672-5127-908d-c8ba3a697953,Chicken Nanban,Single Items
e2515cc8-628a-5ccb-b8a6-b0bd14641873,d825d7ab-5672-5127-908d-c8ba3a697953,Hiyashi Chuka,Ramen
3ae9a4b1-72fe-5dd4-a6b0-8451186a551a,d825d7ab-5672-5127-908d-c8ba3a697953,Normal Maze Soba,Ramen
537b7469-5932-5ac9-b1cb-559dee7bb2b7,d825d7ab-5672-5127-908d-c8ba3a697953,Special Maze Soba,Ramen
838f7829-c33a-5ab4-98e2-8f1b2ebe2e8f,d825d7ab-5672-5127-908d-c8ba3a697953,Normal Iekei Ramen,Ramen
e39943f9-0af7-5d4c-9ea6-bf0edd5757c5,d825d7ab-5672-5127-908d-c8ba3a697953,Yakiniku Set,Bento Set Menu
0eca7d59-92d6-5806-bb09-298161855cfa,d825d7ab-5672-5127-908d-c8ba3a697953,Karaage - Bento Box,Bento Set Menu
0e3b868d-8e8f-5231-b388-a9aa3d5615da,d825d7ab-5672-5127-908d-c8ba3a697953,Teriyaki Chicken Bento Box,Bento Set Menu
37529e8a-0ab0-5436-8c06-e701eb608d8a,d825d7ab-5672-5127-908d-c8ba3a697953,Chicken Nanban Bento Box,Bento Set Menu
c4d6e120-e51a-5e9d-9df0-5305c819b5c9,d825d7ab-5672-5127-908d-c8ba3a697953,Oyakodon,Rice Bowl
0e2f0aea-88d4-55db-af2e-53f217dc3bf5,d825d7ab-5672-5127-908d-c8ba3a697953,Fried Rice,Rice Bowl
da540434-6bd3-5814-b6ec-f4016c5499b6,d825d7ab-5672-5127-908d-c8ba3a697953,Shogayaki,Single Items
330a68ca-c900-5a48-88f7-1ad8fa7bb442,d825d7ab-5672-5127-908d-c8ba3a697953,Gyoza,Single Items
53386fdf-0da7-5c9e-a3a1-43fdbf9aa273,d825d7ab-5672-5127-908d-c8ba3a697953,Beaf Croquette Set,Bento Set Menu
2a7fb5cc-9ab2-5cf2-999d-4f8b70c4ebae,d825d7ab-5672-5127-908d-c8ba3a697953,Chicken Nanban Set,Bento Set Menu
61eb2532-e84b-5c42-8b1c-1a8ee269fa55,d825d7ab-5672-5127-908d-c8ba3a697953,Yu Lin Chi Set,Bento Set Menu
0ae2982e-bfe9-5da0-93df-1df408b426d4,d825d7ab-5672-5127-908d-c8ba3a697953,Karaage Set,Bento Set Menu
a3978a86-7a2f-5040-bea5-941f60173dd4,d825d7ab-5672-5127-908d-c8ba3a697953,Teriyaki Chicken Set,Bento Set Menu
881b680f-2f47-53b3-84ad-931818eb61c6,d825d7ab-5672-5127-908d-c8ba3a697953,Shogayaki Set,Bento Set Menu
6a2c3666-dcd6-58ea-92e5-dacb614dfceb,d825d7ab-5672-5127-908d-c8ba3a697953,Yasai Itame Set,Bento Set Menu
11c009bc-cad0-512d-9f74-618a47babeb2,d825d7ab-5672-5127-908d-c8ba3a697953,Gyoza Set,Bento Set Menu
78db2076-29e6-53bb-802a-c4d70d76aa31,d9895c70-4a01-5d1f-9400-ffd1b1a215b2,Thai Soup Thick,Soup & Salad
ecf6a914-0425-59a8-81be-fe7918eafd94,d9895c70-4a01-5d1f-9400-ffd1b1a215b2,Cream of Mushroom Soup,Soup & Salad
38d74e0f-7300-5e4a-866d-40d64efb05a6,d9895c70-4a01-5d1f-9400-ffd1b1a215b2,Chicken Cashewnut Salad,Soup & Salad
6dbfffc9-cfe8-55ec-9ef6-47b69421ab52,d9895c70-4a01-5d1f-9400-ffd1b1a215b2,Russian Salad,Soup & Salad
18c17f23-f49d-5b1f-97cc-aebb25a3ee27,d9895c70-4a01-5d1f-9400-ffd1b1a215b2,Fried Wonton,Snacks
71e32069-da88-505e-876d-7aae8127cb6b,d9895c70-4a01-5d1f-9400-ffd1b1a215b2,Spring Roll,Snacks
f4dd202f-eb3d-5b7b-a5af-e88dea7dc195,d9895c70-4a01-5d1f-9400-ffd1b1a215b2,Fried Chicken,Snacks
66a75b10-0f0f-540f-94ec-f3fb94b48d26,d9895c70-4a01-5d1f-9400-ffd1b1a215b2,Thai Fried Chicken,Snacks
50f4d926-c34c-53ac-96cf-a2df7712eaba,d9895c70-4a01-5d1f-9400-ffd1b1a215b2,Chicken Chowmein,Snacks
d4f10911-fd36-54a2-9b7e-8e1d74873ab1,d9895c70-4a01-5d1f-9400-ffd1b1a215b2,Bangkok Style Fried Chicken,Snacks
e3b1829e-c047-5190-93e9-60e996ce66b7,d9895c70-4a01-5d1f-9400-ffd1b1a215b2,Chicken Boti Kebab,Snacks
02ceb9bc-88d3-5993-889c-b5e2c74eb010,d9895c70-4a01-5d1f-9400-ffd1b1a215b2,Plain Naan,Roti & Paratha
63a331f3-eafa-55d5-9675-972dbf64ef72,d9895c70-4a01-5d1f-9400-ffd1b1a215b2,Butter Naan,Roti & Paratha
84237ca2-145e-51cd-bcd9-5d78363ffd8b,d9895c70-4a01-5d1f-9400-ffd1b1a215b2,Garlic Naan,Roti & Paratha
9179ddae-d659-5406-82d3-d912cb925c14,d9895c70-4a01-5d1f-9400-ffd1b1a215b2,Chicken Chili Onion,Curry
34744871-74af-5e67-b1b1-deb23201023d,d9895c70-4a01-5d1f-9400-ffd1b1a215b2,Beef with Basil Leaf,Curry
e825a70d-1a3b-5953-8abd-6d6b8622e606,d9895c70-4a01-5d1f-9400-ffd1b1a215b2,Mixed Vegetable,Curry
efd9b177-7522-591c-bc63-20fb4dd107d9,d9895c70-4a01-5d1f-9400-ffd1b1a215b2,Sweet & Sour Fish,Curry
f54d8609-fe57-5f3d-87be-3747b601e547,d9895c70-4a01-5d1f-9400-ffd1b1a215b2,Beef Bhuna,Curry
f236a3e5-d0de-54de-993c-1751086373f3,d9895c70-4a01-5d1f-9400-ffd1b1a215b2,Chicken Butter Masala,Curry
284707db-2f72-51fe-a5c2-9a39b4ef181e,d9895c70-4a01-5d1f-9400-ffd1b1a215b2,Vegetable Dopiaza,Curry
616a5b88-4e21-52d7-a20b-653da0ba974f,d9895c70-4a01-5d1f-9400-ffd1b1a215b2,Mutton Bhuna,Curry
f51bfb5b-65ef-5fc2-a150-3d748877bdbc,d9895c70-4a01-5d1f-9400-ffd1b1a215b2,Daal Butter Fry,Curry
f224177d-958b-5a31-b64b-2cbf10cccb31,d9895c70-4a01-5d1f-9400-ffd1b1a215b2,Fried Rupchada Fish,Curry
14d79d5d-6f59-5736-b211-a9c68a8ae0d1,d9895c70-4a01-5d1f-9400-ffd1b1a215b2,Prawn Garlic Pepper,Curry
c9e0eff1-531f-5857-a375-24415145dde3,d9895c70-4a01-5d1f-9400-ffd1b1a215b2,Fried Rice,Rice
dcdda882-256e-5fc4-a3a8-2a003e4a76ac,d9895c70-4a01-5d1f-9400-ffd1b1a215b2,Mutton Kacchi,Rice
05546919-5ca8-5b51-9cb1-1f9db7d5ae6c,d9895c70-4a01-5d1f-9400-ffd1b1a215b2,Set Menu A,Combo
4b34c2be-d074-5147-bec4-355002de6176,d9895c70-4a01-5d1f-9400-ffd1b1a215b2,Set Menu B,Combo
19904002-db00-55d1-88fb-ee4b0882e2fa,d9895c70-4a01-5d1f-9400-ffd1b1a215b2,Set Menu C,Combo
a4ae930c-9f65-5d34-a9c3-2bb4e283134b,d9895c70-4a01-5d1f-9400-ffd1b1a215b2,Set Menu D,Combo
3536c53c-4ab7-5424-aa0c-d2165b1b506f,40a4c968-9477-5d5d-ba16-f679213c7007,Basmati Kacchi - Half,Basmati Kacchi
4c39c96f-f6b9-5ef8-a4d3-40e5c31c3d45,40a4c968-9477-5d5d-ba16-f679213c7007,Basmati Kacchi - 1:1,Basmati Kacchi
3caadf23-ef9b-5e14-8eef-fcdaa0c37d99,40a4c968-9477-5d5d-ba16-f679213c7007,Chicken Dum Biryani - 1:1,Biryani
4fdb054e-5d32-584f-a547-b90d052ae8be,40a4c968-9477-5d5d-ba16-f679213c7007,Basmati Kacchi - 1:2,Basmati Kacchi
e8a76f06-39c4-5cd7-8dae-048a661dc448,40a4c968-9477-5d5d-ba16-f679213c7007,Basmati Kacchi - 1:3,Basmati Kacchi
577ebc5c-4570-55d4-9203-6b7d089b465f,40a4c968-9477-5d5d-ba16-f679213c7007,Basmati Kacchi Half and Borhani (with choice of jorda or firni),Basmati Kacchi Combo
708d1e28-89e6-59ce-b292-76c80265d6a4,40a4c968-9477-5d5d-ba16-f679213c7007,Mutton Tehari,Biryani
afed2bd6-8447-52cb-8092-bd5a5aa63030,3cf0c399-786a-5ec9-a0d1-d1a63f70168d,Beef Bulgogi Sandwich,Popular
023f5f06-7c72-519a-986d-80ae519edd78,3cf0c399-786a-5ec9-a0d1-d1a63f70168d,Korean Seasoned Spicy Fried Chicken,Popular
986b8c73-9eb0-5546-9a6c-7f5551c110bf,3cf0c399-786a-5ec9-a0d1-d1a63f70168d,Pistachio Cream & Ricotta Cheese Sandwich,Popular
2ba1d93e-f2ec-57a5-bdb2-244bb669bdb6,3cf0c399-786a-5ec9-a0d1-d1a63f70168d,Beef Bulgogi & Mushroom Quesadillas,Popular
b347357d-7ddb-50ff-b87a-97cfde03a159,3cf0c399-786a-5ec9-a0d1-d1a63f70168d,Beef Kimbab,Popular
9eb13256-3ba6-5ec4-b098-81f667650dba,3cf0c399-786a-5ec9-a0d1-d1a63f70168d,Acai Berry Bowl,Popular
95afe887-975b-5fa6-9b78-8dfaa34e4347,3cf0c399-786a-5ec9-a0d1-d1a63f70168d,Korean Style Cheese Egg Roll,Breakfast
a8b56f8f-a7e3-542b-ae3f-9f2289179976,3cf0c399-786a-5ec9-a0d1-d1a63f70168d,Moja Breakfast,Breakfast
8b71ec79-5b34-528a-9472-9df3dad01fa9,3cf0c399-786a-5ec9-a0d1-d1a63f70168d,Granola Plate,Breakfast
ef9a5bae-0ec2-548c-a73a-f241a87b616e,3cf0c399-786a-5ec9-a0d1-d1a63f70168d,French Toast,Breakfast
eab36962-e3ab-56c4-b220-ede720cff530,3cf0c399-786a-5ec9-a0d1-d1a63f70168d,Shrimp Tempura,Appetizer
417364b4-7916-5da7-94ca-c9436aceceff,3cf0c399-786a-5ec9-a0d1-d1a63f70168d,Mozzarella Cheese Stick,Appetizer
c7de3a04-87f5-5e8f-96d7-21e16856fbae,3cf0c399-786a-5ec9-a0d1-d1a63f70168d,Korean Style Hot Dog,Appetizer
3747e3a1-236c-5a21-a04f-049c0d5ec8d2,3cf0c399-786a-5ec9-a0d1-d1a63f70168d,Spicy Chicken Wings,Appetizer
3e0cf334-c53d-582e-a276-7d959aef8efe,3cf0c399-786a-5ec9-a0d1-d1a63f70168d,Beef Croquette,Appetizer
7510e2b9-9b69-537f-83e6-b8832538aa5e,3cf0c399-786a-5ec9-a0d1-d1a63f70168d,Crab Meat Cream Croquette,Appetizer
19042004-a402-573b-a28c-e259e16f6291,3cf0c399-786a-5ec9-a0d1-d1a63f70168d,Laver Chips,Appetizer
641310f3-038c-5810-b55f-763d1633c9ff,3cf0c399-786a-5ec9-a0d1-d1a63f70168d,Shrimp Salad,Soup & Salad
400ad600-b448-5d72-b933-d91d60e8d79a,3cf0c399-786a-5ec9-a0d1-d1a63f70168d,Power Bowl Salad,Soup & Salad
2c55e9d5-034f-5857-8f01-223dc8e50017,3cf0c399-786a-5ec9-a0d1-d1a63f70168d,Octopus Grain Salad,Soup & Salad
acfe5027-39b2-5203-a698-5e25f8c4fd73,3cf0c399-786a-5ec9-a0d1-d1a63f70168d,Tomato Greek Yogurt Salad,Soup & Salad
ad73e9a7-bc21-55a8-9d24-b561c5e47cf5,3cf0c399-786a-5ec9-a0d1-d1a63f70168d,Hummus Cauliflower Salad,Soup & Salad
1c2c1777-baeb-5984-b5c1-3af67f3bf9f8,3cf0c399-786a-5ec9-a0d1-d1a63f70168d,Roasted Potato Salad,Soup & Salad
bdb42f5e-f75d-5da9-bd27-120055d9d552,3cf0c399-786a-5ec9-a0d1-d1a63f70168d,Roasted Mushroom Salad,Soup & Salad
46c812ae-c20b-51b3-9a60-5273f4cc3403,3cf0c399-786a-5ec9-a0d1-d1a63f70168d,Cajun Fried Chicken Salad,Soup & Salad
1633250b-753a-52b4-a37c-df1aeb66bb56,3cf0c399-786a-5ec9-a0d1-d1a63f70168d,Mushroom Cream Soup,Soup & Salad
9e96b89b-b571-518d-8fc7-985f05fac2ee,3cf0c399-786a-5ec9-a0d1-d1a63f70168d,Smoked Salmon Salad,Soup & Salad
ce123af4-d709-56fd-a6bb-fd5bfc04a24e,3cf0c399-786a-5ec9-a0d1-d1a63f70168d,Avocado Salad,Soup & Salad
a5f1f6fe-d47b-551c-b6cb-9742b6f2c2f0,3cf0c399-786a-5ec9-a0d1-d1a63f70168d,Shrimp Morning Glory Salad,Soup & Salad
3dbdc799-eb83-5c52-a8e2-66559a7585ab,3cf0c399-786a-5ec9-a0d1-d1a63f70168d,Grilled Napa Cabbage,Soup & Salad
ce0a284d-1e84-5144-8c7a-5a9fe164372f,3cf0c399-786a-5ec9-a0d1-d1a63f70168d,Shrimp Burger,Burger & Sandwich
93630091-201f-5c7d-bd45-d875913923e5,3cf0c399-786a-5ec9-a0d1-d1a63f70168d,Carrot Rappe Sandwich,Burger & Sandwich
9f55c1e5-0159-5bac-aa35-e64799362b5c,3cf0c399-786a-5ec9-a0d1-d1a63f70168d,Tteok Galbi Burger,Burger & Sandwich
26ae7a5e-eb34-5bc6-ad4f-e9ac99bf8872,3cf0c399-786a-5ec9-a0d1-d1a63f70168d,Monte Cristo Sandwich,Burger & Sandwich
709a2a03-07a4-5682-bae2-5815c4d22940,3cf0c399-786a-5ec9-a0d1-d1a63f70168d,Avocado Egg Sandwich,Burger & Sandwich
00a78310-6f7b-53d8-a0b2-c94200009f3f,3cf0c399-786a-5ec9-a0d1-d1a63f70168d,Shrimp Dumpling,Korean Dish
0d61fb98-873d-5579-85cd-e6c6ad417107,3cf0c399-786a-5ec9-a0d1-d1a63f70168d,Vegetable Kimbab,Korean Dish
3c5fa7eb-d1bc-5066-b787-031f1498730b,3cf0c399-786a-5ec9-a0d1-d1a63f70168d,Tteokbokki Plate,Korean Dish
210f5d8f-2d69-5e07-a1f6-f7fef4b8ec8a,3cf0c399-786a-5ec9-a0d1-d1a63f70168d,Chicken Dumpling,Korean Dish
86d482ae-e91a-5386-a810-dd68aa38fa0f,3cf0c399-786a-5ec9-a0d1-d1a63f70168d,Spicy Seafood Tteokbokki,Korean Dish
1c3648d2-c8e6-5b53-9652-1225c72c312f,3cf0c399-786a-5ec9-a0d1-d1a63f70168d,Chicken Gangjeong Hot Stone Bibimbap,Korean Dish
de81ee26-9282-58be-919b-6ff51b1e01d4,3cf0c399-786a-5ec9-a0d1-d1a63f70168d,Grilled Fish Hot Stone Bibimbap,Korean Dish
67412dfd-9435-50bc-87c8-822104f7b188,3cf0c399-786a-5ec9-a0d1-d1a63f70168d,Korean Style Vegetable Curry Rice,Korean Dish
7633fb45-1780-5cb4-bf07-704d170b663f,3cf0c399-786a-5ec9-a0d1-d1a63f70168d,Budae Jjigae And Rice Set,Korean Dish
153a7738-3183-586e-b2d3-e857f22066d4,3cf0c399-786a-5ec9-a0d1-d1a63f70168d,Fish Cake Soup And Rice Set,Korean Dish
882132f8-962f-5660-b8e2-a1d5c3641a7c,3cf0c399-786a-5ec9-a0d1-d1a63f70168d,Tteokbokki Pot,Korean Dish
035a70b4-ec78-5e2a-8960-60e71a089055,3cf0c399-786a-5ec9-a0d1-d1a63f70168d,Pajeon,Korean Dish
297cacfa-7251-5f7e-a697-7bfa14c8d73b,3cf0c399-786a-5ec9-a0d1-d1a63f70168d,Crispy Potato Pancake,Korean Dish
0019d245-5bfe-556b-a464-e0ece38aabbb,3cf0c399-786a-5ec9-a0d1-d1a63f70168d,Beef Hamburger Steak,Main Dish
65ca29af-daf3-543f-b5f0-8725c8977b2a,3cf0c399-786a-5ec9-a0d1-d1a63f70168d,Tomato Sauce Galbijjim,Main Dish
71e6a78d-cfda-5d7f-8b25-d50152414de5,3cf0c399-786a-5ec9-a0d1-d1a63f70168d,Chicken Steak with Chimichurri Sauce,Main Dish
892e3460-c71a-517a-a44b-a5275a4fba69,3cf0c399-786a-5ec9-a0d1-d1a63f70168d,Octopus Steak with Romesco Sauce & Grilled Potato,Main Dish
83772d20-41ba-57fb-97fe-89c4dda0a7a9,3cf0c399-786a-5ec9-a0d1-d1a63f70168d,Eggplant Lasagna,Main Dish
c576042c-d5aa-5562-8bac-e9e970e02024,3cf0c399-786a-5ec9-a0d1-d1a63f70168d,Chicken Steak with Spicy Teriyaki Sauce,Main Dish
5b6395a8-3c21-5d6a-a8e2-3d894f260488,3cf0c399-786a-5ec9-a0d1-d1a63f70168d,Grilled Eggplant,Main Dish
9c2e4d63-7a7f-53db-b5d8-bd587f667be1,3cf0c399-786a-5ec9-a0d1-d1a63f70168d,Calamari BBQ,Main Dish
46c771d0-e672-56d1-a5f1-5ed670e828d3,d2c4b1db-6e87-5d1b-b30b-81cf1373cb36,Beef Khichuri (Large),Rice & Biryani
2bd0ecfa-7a27-5ecc-a433-5641bb073e20,d2c4b1db-6e87-5d1b-b30b-81cf1373cb36,Beef Tehari (Large),Rice & Biryani
30a7e88d-68f8-5a30-a271-b01ce0eb5919,d2c4b1db-6e87-5d1b-b30b-81cf1373cb36,Chicken Biryani (Large),Rice & Biryani
784393a7-3347-50c4-a20f-81f79a07ec96,d2c4b1db-6e87-5d1b-b30b-81cf1373cb36,Chicken Khichuri (Large),Rice & Biryani
34c17852-55e1-5ab5-90ac-4c422f27ebeb,d2c4b1db-6e87-5d1b-b30b-81cf1373cb36,Hilsha Polao,Rice & Biryani
70c41a1a-4b76-542f-aa79-77b709a09463,d2c4b1db-6e87-5d1b-b30b-81cf1373cb36,Mutton Khichuri (Large),Rice & Biryani
7b84091e-6038-5137-b6c3-6a027919be0f,d2c4b1db-6e87-5d1b-b30b-81cf1373cb36,Plain Khichuri (1:1),Rice & Biryani
3ef2c948-fc86-5dce-bc5d-fac1c7a5e277,d2c4b1db-6e87-5d1b-b30b-81cf1373cb36,Plain Polao (1:1),Rice & Biryani
494d6f14-9b0d-541a-9885-27774dc9609d,d2c4b1db-6e87-5d1b-b30b-81cf1373cb36,Plain Rice (1:1),Rice & Biryani
96ff37c8-0164-5fed-ac18-34dc9be36439,d2c4b1db-6e87-5d1b-b30b-81cf1373cb36,Beef Fried Rice,Rice
6c89e7b0-25f4-59a2-987a-f598f38467c0,d2c4b1db-6e87-5d1b-b30b-81cf1373cb36,Chicken Fried Rice,Rice
51f58c11-4ebb-5fc8-a80d-ccca47b67082,d2c4b1db-6e87-5d1b-b30b-81cf1373cb36,Egg Fried Rice,Rice
2221df6a-cc6b-5eb2-b73a-2ea768a6ca9b,d2c4b1db-6e87-5d1b-b30b-81cf1373cb36,Khushboo Special Fried Rice,Rice
3bd2619e-f219-5450-bb8c-46275697e4c7,d2c4b1db-6e87-5d1b-b30b-81cf1373cb36,Masala Fried Rice With Beef,Rice
915c4a7d-7129-5d0e-805c-c610da705fc3,d2c4b1db-6e87-5d1b-b30b-81cf1373cb36,Masala Fried Rice With Chicken,Rice
13bd7d9b-849a-52d0-9375-e57b9907933b,d2c4b1db-6e87-5d1b-b30b-81cf1373cb36,Masala Fried Rice With Prawn,Rice
e1fc6ed8-d54b-5a0f-bd28-2362d8d44b0e,4bedd133-8a55-530c-92d4-ef89b5fd93e9,Beef Mezbani Gosht,Curry & Vegetable
f0eda64e-af33-538d-8a1c-d71676f093b5,4bedd133-8a55-530c-92d4-ef89b5fd93e9,Chonar Dal,Curry & Vegetable
9c3885b9-27be-5eea-9a6a-ea97d0a591a0,4bedd133-8a55-530c-92d4-ef89b5fd93e9,Beef Kala Bhuna,Curry & Vegetable
8627c1ac-c85f-5f29-a0df-a6b0c2f3fdbd,4bedd133-8a55-530c-92d4-ef89b5fd93e9,Fried Loitta Fish,Fish
1fdd39ec-5216-5fec-bff1-5de26e3be221,4bedd133-8a55-530c-92d4-ef89b5fd93e9,Chicken Rezala,Curry & Vegetable
b37f2b31-de58-5d17-ae1e-012549912102,4bedd133-8a55-530c-92d4-ef89b5fd93e9,Akhni Biryani,Rice
7d66e959-8718-5a17-b7fd-8c3c51e5defb,4bedd133-8a55-530c-92d4-ef89b5fd93e9,Set Menu - 05,Iftar Special
acd44deb-43a1-5d3a-878a-f484e6386f6a,4bedd133-8a55-530c-92d4-ef89b5fd93e9,Set Menu - 1,Set Menu
ef0a7c93-2900-5d5a-9afd-f84ca873161b,4bedd133-8a55-530c-92d4-ef89b5fd93e9,Set Menu - 2,Set Menu
6a935f76-8240-59a9-9165-3b18a320af53,4bedd133-8a55-530c-92d4-ef89b5fd93e9,Set Menu - 3,Set Menu
d857d669-14d3-5364-a3a8-82a12932ff87,4bedd133-8a55-530c-92d4-ef89b5fd93e9,Sweet & Sour Curd,Dessert
2ada72f7-907d-5d4b-8502-a5e364f44422,4bedd133-8a55-530c-92d4-ef89b5fd93e9,Regular Lemonade,Beverage
4282f5c1-513d-5155-8496-0d716877ddb2,4bedd133-8a55-530c-92d4-ef89b5fd93e9,Sweet Lassi,Beverage
244ea12a-2893-5d44-b0ce-1f21179ca908,4bedd133-8a55-530c-92d4-ef89b5fd93e9,Salted Lassi,Beverage
8121c718-1fcf-54b1-9af4-4beda74e9bf7,a46a4adc-8ec3-551a-9263-b6f0049d0506,House made Soy Bean Paste Stew with Rice,Korean Meal
3e62533a-bd9c-51a7-bc9b-e1a73c5f6f6f,a46a4adc-8ec3-551a-9263-b6f0049d0506,Kimchi Stew with Rice,Korean Meal
986f865c-534d-51e8-9c24-5d82444b6d31,a46a4adc-8ec3-551a-9263-b6f0049d0506,Spicy Soft Tofu Stew with Rice,Korean Meal
bfe87fe5-dbd8-577a-a979-34b1b706277d,a46a4adc-8ec3-551a-9263-b6f0049d0506,Beef Bone Ribs Soup with Rice,Korean Meal
359903d6-64a4-5bfa-9b0d-81f1f638a74d,a46a4adc-8ec3-551a-9263-b6f0049d0506,Ox Tail Stew with Rice,Korean Meal
ade78c64-27b7-51ae-a293-79d97959888d,a46a4adc-8ec3-551a-9263-b6f0049d0506,Seafood Tofu Stew with Rice,Korean Meal
23d16a1a-a000-57f3-a824-fe8ee20eda45,a46a4adc-8ec3-551a-9263-b6f0049d0506,Tuna and Vegetable Rice Porridge,Korean Meal
4d029f28-01db-5693-a799-dae972f88bc6,a46a4adc-8ec3-551a-9263-b6f0049d0506,Beef and Vegetable Rice Porridge,Korean Meal
e7d7a636-e48d-5fb6-8b9f-3a55f494f23d,a46a4adc-8ec3-551a-9263-b6f0049d0506,Kimchi and Octopus Rice Porridge,Korean Meal
467072e2-d58f-5998-ba3a-388a616ab494,a46a4adc-8ec3-551a-9263-b6f0049d0506,Chicken Ginseng Soup,Korean Meal
09938aee-2ef6-54fd-9cec-aabace042384,a46a4adc-8ec3-551a-9263-b6f0049d0506,Tempura Rolls,Sushi & Rolls
98fb36e7-0c99-548d-933f-322ac0e8cf0f,a46a4adc-8ec3-551a-9263-b6f0049d0506,Koreana Rolls,Sushi & Rolls
d157b18b-a473-55d9-a2e3-3baa744503ee,a46a4adc-8ec3-551a-9263-b6f0049d0506,Beef Bulgogi Rolls,Sushi & Rolls
747bb162-98bd-5632-b6ad-01af637f4d05,a46a4adc-8ec3-551a-9263-b6f0049d0506,Shredded Egg Crepe Rolls,Sushi & Rolls
06ebd3e0-7ac8-5004-8eca-3fd410ed06b2,a46a4adc-8ec3-551a-9263-b6f0049d0506,Kiddie Kimbap,Sushi & Rolls
bc155b70-168f-5dba-b779-c538f0140cb6,a46a4adc-8ec3-551a-9263-b6f0049d0506,Fried Chicken with Hot Pepper Sauce,Chicken
f17476a7-da76-5a53-b080-916821f9a0cc,a46a4adc-8ec3-551a-9263-b6f0049d0506,Chicken and Cashew Nuts,Chicken
1025509f-0aaa-5208-b973-2ad2faa20604,a46a4adc-8ec3-551a-9263-b6f0049d0506,Spicy Braised Chicken,Chicken
558ceaa4-5405-587d-a2c9-327cacf0194a,667ae178-5de2-51cb-ac65-2a5dfe93f121,Hummus Bil Lahme,Hot Mezze
2b57f310-aa49-5262-ba7a-6d087a45930b,667ae178-5de2-51cb-ac65-2a5dfe93f121,Hummus Beirut,Cold Mezze
74a4353b-faf8-5a60-84c5-28ce98ea7557,667ae178-5de2-51cb-ac65-2a5dfe93f121,Lentil Soup,Soup
584bb61a-9e25-5b79-9d32-1156cdab6c44,667ae178-5de2-51cb-ac65-2a5dfe93f121,Lamb Kabsa,Oriental Dish
a8566276-cc5e-5d06-90be-86caab73d285,667ae178-5de2-51cb-ac65-2a5dfe93f121,Grilled Chicken Kabsa,Oriental Dish
02d7c500-8d41-5f55-9aeb-6324fa19a5d5,667ae178-5de2-51cb-ac65-2a5dfe93f121,Mandi Rice with Spicy Grilled Chicken,Rice
4119bb81-4446-5189-a7cc-ae56c65d7d1a,667ae178-5de2-51cb-ac65-2a5dfe93f121,Beef Stroganoff,Oriental Dish
4865959e-0d08-58c1-ba0e-15c094e53cdd,667ae178-5de2-51cb-ac65-2a5dfe93f121,Mukalkal,Oriental Dish
dc9cbe8b-30e7-540d-811c-2ce2db6f4a8f,667ae178-5de2-51cb-ac65-2a5dfe93f121,Okdah Lamb,Oriental Dish
bc12de39-ba39-59d2-8191-8d804a2c736c,667ae178-5de2-51cb-ac65-2a5dfe93f121,Mandi Rice with Lamb,Rice
6f60c424-b50f-513f-a047-580e4518899c,667ae178-5de2-51cb-ac65-2a5dfe93f121,Whole Chicken Mandi,Rice
2893b07e-051a-5372-8ecd-601714836ca2,667ae178-5de2-51cb-ac65-2a5dfe93f121,Arayes Kafta,Manoushe
52e96e02-cfed-58e3-9b83-3dc3649b576e,667ae178-5de2-51cb-ac65-2a5dfe93f121,Lebanese Bread,Manoushe
5f3bf659-73d0-51bd-96d5-93eaeddddad9,0f2724b5-b838-5222-a556-07a57ba339f0,BBQ Chicken Classic Pizza,Pizza
a241cd27-b6f1-5275-93b1-f9ebec3632c9,0f2724b5-b838-5222-a556-07a57ba339f0,Pizza Inn Special Pizza,Pizza
c6e1564e-da2d-55d7-9d87-25470b200c3e,0f2724b5-b838-5222-a556-07a57ba339f0,Crispy Chicken Pizza,Pizza
066a0422-4e0e-5d94-8cf5-65d8da813eb4,0f2724b5-b838-5222-a556-07a57ba339f0,Pepperoni Pizza,Pizza
b1568d07-cb7f-5d14-98eb-4dce0119af3d,0f2724b5-b838-5222-a556-07a57ba339f0,Lasagna,Pasta
eb3612f2-94a8-56eb-90e5-45c8ecb1fe00,0f2724b5-b838-5222-a556-07a57ba339f0,Cheese Lovers Pizza,Pizza
bc058f20-6dfb-5d00-a3b2-7d860f7c8460,0f2724b5-b838-5222-a556-07a57ba339f0,Grilled Chicken Pizza,Pizza
5beadfdc-9ed8-5fd8-b977-b92cdbdc73cb,0f2724b5-b838-5222-a556-07a57ba339f0,Meaty Max Pizza,Pizza
d39887dc-7fe3-516c-9aae-6160110f53a2,0f2724b5-b838-5222-a556-07a57ba339f0,Tandoori Chicken Pizza,Pizza
0ffab890-911b-5a5e-b8e3-4dd398dc17fa,0f2724b5-b838-5222-a556-07a57ba339f0,Seafood Pizza,Pizza
db8b920d-daa0-59ff-ba72-696090a80c54,0f2724b5-b838-5222-a556-07a57ba339f0,Chicken Alfredo Pizza,Pizza
7ebe24c7-1d85-513f-b648-0cdc0b2ea859,0f2724b5-b838-5222-a556-07a57ba339f0,Chicken Fajita Pizza,Pizza
09fc6b58-4e7c-53e3-af72-158f8996287b,0f2724b5-b838-5222-a556-07a57ba339f0,Classic Veggie Pizza,Pizza
e2bc9993-706f-5315-9a94-62e56cb8368a,0f2724b5-b838-5222-a556-07a57ba339f0,Zesty Hot Pizza,Pizza
d001316d-3c3f-5307-87ca-909c4573b0be,0f2724b5-b838-5222-a556-07a57ba339f0,Veggie Supreme Pizza,Pizza
ac67af92-4385-5219-8fd7-682580d36b58,0f2724b5-b838-5222-a556-07a57ba339f0,Roasted Garlic Chicken Pizza,Pizza
9bcf733c-8af8-5d07-b374-c3d5f27342d1,991e7be3-752c-5f1e-af4b-d3e529b7d750,House Salad,Salad
227a5423-a619-5c53-b0fa-460518226c28,991e7be3-752c-5f1e-af4b-d3e529b7d750,Onion & Tomato Raita,Salad
eb5a9696-2060-59ee-b7bb-a069c9a076ab,991e7be3-752c-5f1e-af4b-d3e529b7d750,Crispy Chicken,Snacks
394a0b5f-39d2-59e4-bb2d-cc58ff25762a,991e7be3-752c-5f1e-af4b-d3e529b7d750,Fried Chicken,Snacks
e3f6cf6c-aee7-566d-9505-d17a8a794317,991e7be3-752c-5f1e-af4b-d3e529b7d750,Vegetable Pakora,Snacks
dee0609d-4560-5169-ad1b-f0d3f74af202,991e7be3-752c-5f1e-af4b-d3e529b7d750,Chili Paneer,Snacks
daafb52c-4b3a-5790-b790-b57137057461,991e7be3-752c-5f1e-af4b-d3e529b7d750,Manchurian Paneer,Snacks
ec526d7f-cb4f-542d-946a-d36744ea65dc,991e7be3-752c-5f1e-af4b-d3e529b7d750,Butter Naan,Paratha & Naan
999e62a8-f4f6-558b-a5a3-0ca73d8dae4c,991e7be3-752c-5f1e-af4b-d3e529b7d750,Garlic Naan,Paratha & Naan
ca5534da-a09a-5536-aa59-731636579b56,991e7be3-752c-5f1e-af4b-d3e529b7d750,Kashmiri Alur Dum,Vegetable
ecce7c02-7fad-5fdb-a3ee-7943cb0a79ec,991e7be3-752c-5f1e-af4b-d3e529b7d750,Matar Paneer,Vegetable
b6edcf52-e57d-55c6-9ac1-4438530ab1c9,991e7be3-752c-5f1e-af4b-d3e529b7d750,Paneer Butter Masala,Vegetable
4c4a173f-7d82-5b2a-9e62-06ada693cf74,991e7be3-752c-5f1e-af4b-d3e529b7d750,Fish Butter Masala,Fish
f9ab7dff-438b-5c67-8d07-cefa9ee853d7,991e7be3-752c-5f1e-af4b-d3e529b7d750,Pomfret Fish Masala,Fish
749323a1-9e26-5a16-b2c9-4d7ca775d712,991e7be3-752c-5f1e-af4b-d3e529b7d750,Achari Prawn,Prawn
8ecf568e-306e-5471-8d22-21d6cfbccc3a,991e7be3-752c-5f1e-af4b-d3e529b7d750,Prawn Malai Curry,Prawn
905e676f-6458-5947-9e2a-2784c1c4bfa0,991e7be3-752c-5f1e-af4b-d3e529b7d750,Chicken Butter Masala,Chicken
7d9ad301-8add-5d89-b2bf-964ab0969c81,991e7be3-752c-5f1e-af4b-d3e529b7d750,Chicken Tikka Masala,Chicken
8ed6a7dc-de48-53b1-a016-66afb96e4831,991e7be3-752c-5f1e-af4b-d3e529b7d750,Murgh Musallam,Chicken
fabe21ca-0eb3-5f67-95a8-5e3529d7b0de,991e7be3-752c-5f1e-af4b-d3e529b7d750,Mutton Rogan Josh,Mutton
54dd6612-a678-5f89-bae6-a1b3ffd08e64,991e7be3-752c-5f1e-af4b-d3e529b7d750,Dal Makhani,Dal
68ab74d4-2339-5083-a491-225edddf52bf,991e7be3-752c-5f1e-af4b-d3e529b7d750,Cheese Masala Dosa,South Indian
bc8455bc-029f-5a68-9a08-5da705e766bc,991e7be3-752c-5f1e-af4b-d3e529b7d750,Masala Dosa,South Indian
810b8168-78d4-53a7-bdb4-f12c8d02fffd,61d42464-e55b-50a0-b1dd-c1e6d5738861,Mixed Kebab,Kebab & Grill
b13b9086-0701-5dd2-8f53-af9c0100ef41,61d42464-e55b-50a0-b1dd-c1e6d5738861,Special Burhan Kebab,Kebab & Grill
b02c2490-4130-54ad-ad1f-2dde5ff43792,61d42464-e55b-50a0-b1dd-c1e6d5738861,Doner Kebab,Kebab & Grill
b105928f-cd6e-5cd9-9a7b-b7da76b48220,61d42464-e55b-50a0-b1dd-c1e6d5738861,Beyti Kebab,Kebab & Grill
e7117877-acaf-5f11-843b-0bd8701660d4,61d42464-e55b-50a0-b1dd-c1e6d5738861,Adana Kebab,Kebab & Grill
39d34cb9-273c-596a-9814-da734d30f20a,61d42464-e55b-50a0-b1dd-c1e6d5738861,Grilled Meatballs,Kebab & Grill
c2c3e26b-76a8-5a53-b45b-3d24a67b63bb,61d42464-e55b-50a0-b1dd-c1e6d5738861,Chicken Sheek Kebab,Kebab & Grill
6282c4ca-d1e2-51ef-aeaa-c9a587d8291c,61d42464-e55b-50a0-b1dd-c1e6d5738861,Chicken Adana,Kebab & Grill
134b3c73-3d52-5d2a-a455-9c1041575963,61d42464-e55b-50a0-b1dd-c1e6d5738861,Sultan Ahmet Kofte,Kebab & Grill
7a866c55-3ae8-56b3-9efd-849c015197d7,61d42464-e55b-50a0-b1dd-c1e6d5738861,Urfa Kebab,Kebab & Grill
1ca284a2-7b35-5958-9d72-73d73a270252,61d42464-e55b-50a0-b1dd-c1e6d5738861,Iskender Kebab,Kebab & Grill
c1812e20-3ae8-5519-8245-7d24829621d3,61d42464-e55b-50a0-b1dd-c1e6d5738861,Eggplant Kebab,Kebab & Grill
29262fc7-a425-51df-bf09-3b179bfa596b,61d42464-e55b-50a0-b1dd-c1e6d5738861,Lamb Shish,Kebab & Grill
ba846146-105b-54bd-9319-6b87b28bb627,61d42464-e55b-50a0-b1dd-c1e6d5738861,Tomato Kebab,Kebab & Grill
ac574920-3970-5d24-9a19-a2f1b13fa0b9,61d42464-e55b-50a0-b1dd-c1e6d5738861,Chicken Shawarma,Shawarma
f96cb0c3-124a-5989-8914-57bc4f219425,61d42464-e55b-50a0-b1dd-c1e6d5738861,Adana Shawarma,Shawarma
74435cf6-c050-5452-9abe-d97bc3b241cf,61d42464-e55b-50a0-b1dd-c1e6d5738861,Greek Salad,Salad
721b3c90-de7b-5bc8-82ed-bb6ff06d01a6,61d42464-e55b-50a0-b1dd-c1e6d5738861,Turkish Special Salad,Salad
fca4dedb-6b13-5026-837d-90418934609c,61d42464-e55b-50a0-b1dd-c1e6d5738861,Shepherd's Salad,Salad
42b79b85-9622-5859-a559-20639b12edda,61d42464-e55b-50a0-b1dd-c1e6d5738861,Minced Meat Pizza,Pizza
91411b2b-c249-5ff7-8863-4d937da9815e,61d42464-e55b-50a0-b1dd-c1e6d5738861,Mixed Pizza,Pizza
f093e497-cc4e-5f76-ac2c-333170cc5b8c,61d42464-e55b-50a0-b1dd-c1e6d5738861,Cheese Pizza,Pizza
132aae11-223c-57dc-9b7e-5ac0232b2702,61d42464-e55b-50a0-b1dd-c1e6d5738861,Sliced Meat Pizza,Pizza
c94a9421-b263-510b-8645-217eb242f7bf,61d42464-e55b-50a0-b1dd-c1e6d5738861,Vegetarian Turkish Pizza,Pizza
43dc4948-3943-51f9-a61a-729d75344cac,4ec08f4a-e3b8-5006-860c-69e181a082d2,Beef Skewer,SKEWERS
1c06dbfc-ff61-538f-919f-0a94cf49bced,4ec08f4a-e3b8-5006-860c-69e181a082d2,Mutton Skewer,SKEWERS
e972e35d-ceca-5554-9cab-1e33e45cc3bb,4ec08f4a-e3b8-5006-860c-69e181a082d2,Chicken Wing,SKEWERS
9aa8e7df-c74d-53c7-b872-ef15db96ae4d,4ec08f4a-e3b8-5006-860c-69e181a082d2,Chicken Skin Skewer,SKEWERS
804462d1-6ee6-52e1-a07e-ab468caaaa6a,4ec08f4a-e3b8-5006-860c-69e181a082d2,Chicken Claw,SKEWERS
f8c139ab-c409-52d4-9cd6-8c2863b3e2c8,4ec08f4a-e3b8-5006-860c-69e181a082d2,OX-tongue Skewer,SKEWERS
9b0aee12-c751-569b-8c88-d27c61edb109,4ec08f4a-e3b8-5006-860c-69e181a082d2,Secret Squid Skewer,SKEWERS
e31cb356-606c-5446-9433-445629a0226c,4ec08f4a-e3b8-5006-860c-69e181a082d2,Chicken Kebab with Pepper,SKEWERS
5d264a61-4ece-5af3-aa63-84470ac6275e,4ec08f4a-e3b8-5006-860c-69e181a082d2,Special Cooked Beef Tripe,Barbecue
c408bd75-63a4-5b12-ae33-6c13a1600f14,4ec08f4a-e3b8-5006-860c-69e181a082d2,Grilled Yellow Croaker,Barbecue
5d2aa6be-49f0-5f06-b527-489bfef6ecc1,4ec08f4a-e3b8-5006-860c-69e181a082d2,Grilled Chives,Barbecue
ba24869e-7320-514a-b975-bfa74fe87aaa,4ec08f4a-e3b8-5006-860c-69e181a082d2,Grilled Eggplant,Barbecue
f7d65137-5c1b-595d-8dae-368749aaad48,4ec08f4a-e3b8-5006-860c-69e181a082d2,Grilled Enoki Mashroom,Barbecue
6e58f4ae-45d0-5b8a-b2e7-65b969a57caa,4ec08f4a-e3b8-5006-860c-69e181a082d2,Grilled Lamb Ribs,Barbecue
5e8a4937-6170-5a1e-8e83-a9731b62dc0f,4ec08f4a-e3b8-5006-860c-69e181a082d2,Grilled Beef Bone Marrow,Barbecue
9633c4b8-a8f0-5776-99d5-d58a9949fc9e,4324a7de-87d1-54d7-90e3-ffa06cebbe0e,Alu Papri Chaat,Salad
33433ac2-5d93-51ad-a236-77c734be79e6,4324a7de-87d1-54d7-90e3-ffa06cebbe0e,Dal Makhni,Subz Bahar
4519d8d1-b05b-5245-a1dd-eb9e1bb1ae86,4324a7de-87d1-54d7-90e3-ffa06cebbe0e,Palak Paneer,Subz Bahar
0babb369-5e91-5de3-a1ed-4f98feab4194,4324a7de-87d1-54d7-90e3-ffa06cebbe0e,Chicken Chandi Tikka,Non - Vegetarian Kebabs
f53e39c9-52c0-580f-b412-6da2edb33d7c,4324a7de-87d1-54d7-90e3-ffa06cebbe0e,Lukhnow Dumpukth Biryani,Basmati Ki Khushboo
daafbeae-4c98-5bc5-978f-4599c6b7df54,4324a7de-87d1-54d7-90e3-ffa06cebbe0e,Murgh Makhani,Mahi Murgh Aur Gosht Ki Mehfil
105b8ed3-c3d3-51d6-8334-ccfe72c2b32e,4324a7de-87d1-54d7-90e3-ffa06cebbe0e,Paneer Tikka Kasuri,Vegetarian Kebabs
f8509da0-7bc8-559a-a0dc-a98a29cc1fe3,4324a7de-87d1-54d7-90e3-ffa06cebbe0e,Murgh Tandoori,Non - Vegetarian Kebabs
7f311c27-28af-56f2-a62b-f36bb8f77301,4324a7de-87d1-54d7-90e3-ffa06cebbe0e,Jalali Jheenga,Non - Vegetarian Kebabs
e37add32-d9b4-5efc-b943-4bc5afb5a3e7,4324a7de-87d1-54d7-90e3-ffa06cebbe0e,Gosht Shahi Sheek Kebab,Non - Vegetarian Kebabs
3c7fd4cf-c61e-5f4e-ac37-a392eb19e7a6,4324a7de-87d1-54d7-90e3-ffa06cebbe0e,Yellow Dal Tarka,Subz Bahar
8183afbd-6e2b-5978-bf61-b8ae59c74571,4324a7de-87d1-54d7-90e3-ffa06cebbe0e,Kadhai Paneer,Subz Bahar
5e653c6e-6f26-5078-b648-5fef5030a4fe,4324a7de-87d1-54d7-90e3-ffa06cebbe0e,Tawa Jheenga,Mahi Murgh Aur Gosht Ki Mehfil
fa6aeee3-f194-55d2-a880-ff46741ad655,4324a7de-87d1-54d7-90e3-ffa06cebbe0e,Chicken Chettinad,Mahi Murgh Aur Gosht Ki Mehfil
ce5c7f04-fedb-5897-bab9-af013f5bf6dd,4324a7de-87d1-54d7-90e3-ffa06cebbe0e,Jodhpuri Laal Maas,Mahi Murgh Aur Gosht Ki Mehfil
4104b12a-0f2e-5a0c-8074-6e23dff2e645,4324a7de-87d1-54d7-90e3-ffa06cebbe0e,Nihari Gosht,Mahi Murgh Aur Gosht Ki Mehfil
46118103-85e0-53a0-a3f8-79d1b435fc33,4324a7de-87d1-54d7-90e3-ffa06cebbe0e,Bhuna Gosht,Mahi Murgh Aur Gosht Ki Mehfil
11b84125-5a56-5505-b030-c6e12fcda5dc,4324a7de-87d1-54d7-90e3-ffa06cebbe0e,Laccha Paratha,Rotiyon Ki Dawat
b9fe54d9-368c-529b-a7c5-bc18be344355,4324a7de-87d1-54d7-90e3-ffa06cebbe0e,Butter Naan,Rotiyon Ki Dawat
c1c3cbdb-fcb9-5c75-9070-3ec62ce86c63,4324a7de-87d1-54d7-90e3-ffa06cebbe0e,Garlic Naan,Rotiyon Ki Dawat
0a6bc9bb-99fc-5762-813e-56a399800b5d,4324a7de-87d1-54d7-90e3-ffa06cebbe0e,Hyderabadi Murgh Biryani,Basmati Ki Khushboo
b3ffb4a5-371d-54dc-acfa-bdb77025c54f,4324a7de-87d1-54d7-90e3-ffa06cebbe0e,Jeera Pulao,Basmati Ki Khushboo
f8ae0956-2dc9-5b80-89de-ea87ff056026,4324a7de-87d1-54d7-90e3-ffa06cebbe0e,Matar Pulao,Basmati Ki Khushboo
b19befb0-b5a6-5639-97b3-56f7185b7c64,4324a7de-87d1-54d7-90e3-ffa06cebbe0e,Gulab Jamun,Sheer-E-Zannat
774e4d9c-f87c-59ae-be52-181815bd9bc7,92a6dc2f-f3a8-5a03-88dc-a14e269a49be,Mixed Meze,Turkish Appetizer & Salad
8f5cc345-04bb-5b71-a778-840dd0e5106c,92a6dc2f-f3a8-5a03-88dc-a14e269a49be,Hummus,Turkish Appetizer & Salad
22880ba7-6b26-5223-827b-259f0d8379dd,92a6dc2f-f3a8-5a03-88dc-a14e269a49be,Chicken Shish Kebab,"Turkish Chicken, Beef & Lamb Kebab"
fb8051be-1ba3-5670-9845-3a1a7bd79031,92a6dc2f-f3a8-5a03-88dc-a14e269a49be,Kunafa,Dessert
937c36a9-6d1e-5335-9ad4-276c5fb0d2fb,92a6dc2f-f3a8-5a03-88dc-a14e269a49be,Istanbul Chicken Platter,Sharing Platter
32f67217-9f78-5e53-8b3a-59cbdafb21b3,92a6dc2f-f3a8-5a03-88dc-a14e269a49be,Iskander Kebab,"Turkish Chicken, Beef & Lamb Kebab"
54eebe36-c4d3-5ede-839d-7845fd0a0465,5b34d7f8-0cdc-5809-944b-d3aec18503eb,Lau Chingri,Popular
d78444cf-c04a-5c4b-8e0d-a8cb14b9d1dd,5b34d7f8-0cdc-5809-944b-d3aec18503eb,Binni Beef Letka Khichuri,Popular
ecebad3a-1886-5c52-95a6-cf23ec58ff4d,5b34d7f8-0cdc-5809-944b-d3aec18503eb,Chicken Jhal Fry,Popular
e52e3062-3be3-58a9-ab6f-5df2ec9f5179,5b34d7f8-0cdc-5809-944b-d3aec18503eb,Bangla Platter 1,Platter
dda9fa0f-52cc-50c7-8a0c-f48d413dece3,5b34d7f8-0cdc-5809-944b-d3aec18503eb,Chingri Korola,Popular
8b4550ab-bc72-5812-b91e-3e1b27568714,5b34d7f8-0cdc-5809-944b-d3aec18503eb,Binni Beef Bhuna Khichuri,Popular
79818ea2-532a-5ee9-bf77-d4574a43e018,5b34d7f8-0cdc-5809-944b-d3aec18503eb,Binni Mutton Bhuna Khichuri,Rice
a2afc658-2387-504f-b840-55fbb175af93,5b34d7f8-0cdc-5809-944b-d3aec18503eb,Binni Chicken Bhuna Khichuri,Rice
e61350a3-9115-574a-a319-b6a28d438fcc,5b34d7f8-0cdc-5809-944b-d3aec18503eb,Beef Biryani,Rice
cb397d0e-77cb-5e6f-b76e-376258c9d055,5b34d7f8-0cdc-5809-944b-d3aec18503eb,Mexican Fried Rice,Rice
44ae1f5f-f6d6-5fd5-9d52-3457280d15ce,5b34d7f8-0cdc-5809-944b-d3aec18503eb,Vegetable Fried Rice,Rice
befaafb6-a77f-596b-9036-5667d63babd5,5b34d7f8-0cdc-5809-944b-d3aec18503eb,Egg Fried Rice,Rice
c35faaf3-3d67-55d4-a2d8-eb31781c7cc5,5b34d7f8-0cdc-5809-944b-d3aec18503eb,Chicken Fried Rice,Rice
9aefec57-ebc9-56b3-9858-0fb626d65b0a,5b34d7f8-0cdc-5809-944b-d3aec18503eb,Chicken & Prawn Fried Rice,Rice
04998a64-6615-5899-9b7a-7c5fec7dda14,5b34d7f8-0cdc-5809-944b-d3aec18503eb,Prawn Fried Rice,Rice
e4e8a306-a89f-55d5-a2dd-9b5f77baf3ba,5b34d7f8-0cdc-5809-944b-d3aec18503eb,Binni Ilish Letka Khichuri,Rice
33e5463f-8d40-5009-a6d7-f55b276accab,5b34d7f8-0cdc-5809-944b-d3aec18503eb,Mola Fish Bhuna,Fish
0441b6d2-c634-57d6-af15-29ebe4a23b0e,5b34d7f8-0cdc-5809-944b-d3aec18503eb,Beef Bhuna,Curry
1ce824a2-5ed9-5471-9ab2-e0cd498ffd18,293234f6-22c1-514f-9c67-4571365543c5,Tandoori Prawn - 4pcs,Fish & Sea Food
2eb66883-cba7-5254-ba56-b9ed2188a6b2,293234f6-22c1-514f-9c67-4571365543c5,Tandoori Prawn - 2pcs,Fish & Sea Food
92977284-176c-5eb7-bb33-a41fb2e7feb3,293234f6-22c1-514f-9c67-4571365543c5,Fish Tikka - 5pcs,Fish & Sea Food
14366b36-e454-509f-a7fd-daddc4f6fa79,293234f6-22c1-514f-9c67-4571365543c5,Kastoori - 5pcs,Chicken
cbb09c59-e0d8-5403-8990-a2b07afc47c2,293234f6-22c1-514f-9c67-4571365543c5,Ornhi,Beef
81308bed-492f-58bc-bd9f-143f68bd17e1,293234f6-22c1-514f-9c67-4571365543c5,Sikaandari raan,Mutton
c2319175-5afa-57a4-9e81-3bb768b3c377,293234f6-22c1-514f-9c67-4571365543c5,Mixed Platter with Prawn,Mixed Platter
3df0ce18-2446-58a9-8509-d667c425b31b,293234f6-22c1-514f-9c67-4571365543c5,Mixed Platter,Mixed Platter
5542d59d-2ac4-5479-bea6-ba8db42f10aa,293234f6-22c1-514f-9c67-4571365543c5,Chicken Tikka Roll,Roll
71506091-df58-59c7-821b-df888e92addd,293234f6-22c1-514f-9c67-4571365543c5,Mutton Galawti Roll,Roll
3712cc9b-9ad7-5dc3-8bd0-22ddb25d841f,293234f6-22c1-514f-9c67-4571365543c5,Beef Pasinda Roll,Roll
ea152219-43ec-58e4-9d84-b6f8e7f4e577,293234f6-22c1-514f-9c67-4571365543c5,Paneer Tikka Roll,Roll
3f6d6017-1d8c-5200-9f8b-364bd2d7d4c4,293234f6-22c1-514f-9c67-4571365543c5,Tandoori Chicken - 2pcs,Chicken
3e5bed70-5720-50bb-984c-737f07003bfe,293234f6-22c1-514f-9c67-4571365543c5,Tandoori Chicken - 4pcs,Chicken
3122a955-f488-56bc-aabc-ecdc2b3623ce,293234f6-22c1-514f-9c67-4571365543c5,Kasandi paneer - 4pcs,Vegetarian
a03685a6-357c-5b92-90de-9cdf4be6cdf4,0cf0e9af-ea57-59a4-85b2-8021070a5191,Chicken Pepper Steak,Mains
4a379c5e-cb2a-530d-8e72-988528f8c1b5,0cf0e9af-ea57-59a4-85b2-8021070a5191,Chicken Stir Fry,Mains
7fa39d91-ed41-513f-94e5-52294313e3ac,0cf0e9af-ea57-59a4-85b2-8021070a5191,Pad Thai (Chicken / Beef / Prawn),Mains
cd36317c-5e18-53cc-b781-03cbf63751b0,0cf0e9af-ea57-59a4-85b2-8021070a5191,Poutine,Mains
812756e6-57ff-5645-89ef-eb029e9f8c96,0cf0e9af-ea57-59a4-85b2-8021070a5191,Lemon Cream Fillet,Mains
57657f21-7bfd-5bbd-9b81-1430a02f2723,0cf0e9af-ea57-59a4-85b2-8021070a5191,Chicky Bowl,Mains
19b567e0-01eb-544d-9092-23ef44cd40d7,0cf0e9af-ea57-59a4-85b2-8021070a5191,Chicken Alfredo Pasta,Mains
e06ceecd-12ab-5e68-8708-491e7377f539,66d53f68-7497-5f0a-9e36-cf95289b61f5,Mini Burger,Popular
b39f888e-84b7-53b2-8582-2b67e8c2fa86,66d53f68-7497-5f0a-9e36-cf95289b61f5,Melanzane Alla Parmiggiana,Appetizer
c3c06bdd-dcb1-5c7a-9bc8-5d7e85631757,66d53f68-7497-5f0a-9e36-cf95289b61f5,Crespolini Spinaci E Gamberi,Appetizer
90ea62cb-766b-5bdf-8e58-9f07010d2614,66d53f68-7497-5f0a-9e36-cf95289b61f5,Tempura All Italiana,Appetizer
c8661b75-4a9b-52e1-9d54-f83ce7a49c32,66d53f68-7497-5f0a-9e36-cf95289b61f5,Antipasto C House Signature,Appetizer
82cff614-44ef-5908-8d57-03a78cac1d05,66d53f68-7497-5f0a-9e36-cf95289b61f5,Gamberoni E Avocado,Appetizer
3a34300e-8d14-57ea-9b2d-10876825c75f,66d53f68-7497-5f0a-9e36-cf95289b61f5,Insalata Caesar Salad,Salad
c4ac9735-07d4-5ea8-a392-4fc0f7a9a241,66d53f68-7497-5f0a-9e36-cf95289b61f5,Insalata Di Manzo,Salad
ba780907-7926-59f9-9381-d32a38a528ec,66d53f68-7497-5f0a-9e36-cf95289b61f5,CH Steak Sandwich,Sandwich & Burger
d1abbb3d-c37e-5c34-ae0e-207e0d379659,66d53f68-7497-5f0a-9e36-cf95289b61f5,Smoked Salmon Sandwich,Sandwich & Burger
36f52bbd-8f6b-5808-ab50-01a671e3a1d0,66d53f68-7497-5f0a-9e36-cf95289b61f5,C House Pollo Alla Griglia Sandwich,Sandwich & Burger
8a325eb3-5996-56bc-a393-3ab7d94c27b1,66d53f68-7497-5f0a-9e36-cf95289b61f5,Funghi,Pizza
72415072-e5ea-5113-ad48-17f973492598,66d53f68-7497-5f0a-9e36-cf95289b61f5,Diavola,Pizza
f8a828d5-40de-5144-94b1-3e1756901ae2,66d53f68-7497-5f0a-9e36-cf95289b61f5,Quattro Formaggi,Pizza
706717b8-c93f-5ba4-9c07-d81041648595,66d53f68-7497-5f0a-9e36-cf95289b61f5,BBQ Chicken Pizza Gourmet,Pizza
4c857c12-f69f-5f8d-993b-e491c0c350e5,66d53f68-7497-5f0a-9e36-cf95289b61f5,Alfredo Pizza,Pizza
3e49cafa-70cc-5927-b2b6-0875e42ad5e5,66d53f68-7497-5f0a-9e36-cf95289b61f5,Penne White Sauce,Kids Menu
f7a0a278-f2b6-5a5c-b536-1d6bff4fa6a4,66d53f68-7497-5f0a-9e36-cf95289b61f5,Spaghetti Al Ragù Bolognese,Kids Menu
941bb494-dc6d-5d8c-990d-5df7305ad87f,66d53f68-7497-5f0a-9e36-cf95289b61f5,Crispy Chicken Strips,Kids Menu
06aeea4c-55b4-5792-86ff-5eed604da567,66d53f68-7497-5f0a-9e36-cf95289b61f5,Mac & Cheese,Kids Menu
53d9561f-f466-582a-8b0a-f270911164c7,66d53f68-7497-5f0a-9e36-cf95289b61f5,Pizza Cioccolato E Noci,Kids Menu
3a207fbe-f79f-54bc-b2ca-a6c8450b1d2b,77a878fb-dc70-5861-bfd1-1bd4f00c7e4c,Grilled Squid & Octopus,Popular
d45b11a0-5231-5da9-b891-3ada96f18878,77a878fb-dc70-5861-bfd1-1bd4f00c7e4c,Chicken Cashewnut Salad,Salad
05f994fa-7182-5661-8db9-10ae97765111,77a878fb-dc70-5861-bfd1-1bd4f00c7e4c,Prawn Cashewnut Salad,Salad
bec92a46-9300-52a3-bb34-342db16bb89c,77a878fb-dc70-5861-bfd1-1bd4f00c7e4c,French Fries,Appetizer
ceb3f8cb-1eb4-50fa-a5ed-46247b66de65,77a878fb-dc70-5861-bfd1-1bd4f00c7e4c,Fried Calamari,Appetizer
e2805a5a-9f96-50a1-abc5-8982f1d6c162,77a878fb-dc70-5861-bfd1-1bd4f00c7e4c,Tempura Platter,Appetizer
f68a522d-9657-5be4-b68d-a6f94f48b3d6,77a878fb-dc70-5861-bfd1-1bd4f00c7e4c,Prawn Cake,Appetizer
76d2face-7a9f-5876-83af-65805d0833d8,77a878fb-dc70-5861-bfd1-1bd4f00c7e4c,Prawn Tempura,Appetizer
44f3fd08-810c-5a62-93f3-ff4ae7bbbb7c,6a47ceff-161d-5776-a3cd-84192e48fe1d,Borhani,Drinks
f3413679-ae18-5db3-a502-bf243435a83f,6a47ceff-161d-5776-a3cd-84192e48fe1d,Mezzan Kacchi Biriyani,Biriyani
72ff1fed-09ae-59ef-912a-74f1519ad44b,6a47ceff-161d-5776-a3cd-84192e48fe1d,Executive Lunch Set,Set Meal
69211013-424d-5886-8bc7-6cd98bd55985,cfc51126-11fd-54fe-85f6-d8dbde38b872,ASSORTED SEA FOOD SOUP,SOUP
860b9f3c-fe4e-5253-b50d-3021ee6421c2,cfc51126-11fd-54fe-85f6-d8dbde38b872,BAMBOO SHOOT NOODLES WITH MEAT SAUCE,RICE & NOODLES
98cb29ec-51c5-5cab-861e-0683c3f5f6ab,cfc51126-11fd-54fe-85f6-d8dbde38b872,BEAN CURD SOUP WITH VEGETABLE,SOUP
caf7d292-36f5-5af9-bf4e-3b59d7e5f75a,cfc51126-11fd-54fe-85f6-d8dbde38b872,BEEF MIXED WITH CHILLI SEASONING,COLD DISH
d0f25872-7b55-5649-b16c-6ba2b7bd31e1,cfc51126-11fd-54fe-85f6-d8dbde38b872,BOILED DUMPING,DIMSUM & DESSERT
8b35c6f5-4c69-55d6-95b5-b2d302763c47,cfc51126-11fd-54fe-85f6-d8dbde38b872,BOILED FISH IN HOT SAUCE,SEA FOOD
44796fe2-d108-5323-8c65-2059d4980ea6,cfc51126-11fd-54fe-85f6-d8dbde38b872,BRAISED BEEF TENDON,BEEF & MUTTON
8a3d799b-2b24-51c0-b8d1-38490561ac11,cfc51126-11fd-54fe-85f6-d8dbde38b872,BRAISED MUTTON WITH CARROT & RADISH,CHEF'S SPECIAL
cc1d2755-993a-5e7f-a659-5b22fd195adb,cfc51126-11fd-54fe-85f6-d8dbde38b872,BRAISED PRAWN,SEA FOOD
3e852385-2bfe-5508-a800-97134e772c56,cfc51126-11fd-54fe-85f6-d8dbde38b872,BRAISED VEGETABLE,VEGETABLE
7806122c-4ec0-51db-ab3a-aa6851da0a17,cfc51126-11fd-54fe-85f6-d8dbde38b872,CABBAGE WITH BLACK MUSHROOM,VEGETABLE
81d1ba44-e9ec-515e-8656-44b8a54d1e20,cfc51126-11fd-54fe-85f6-d8dbde38b872,CABBAGE WITH GLASS NOODLES,VEGETABLE
40f36fb7-1706-5ebb-b8c7-eb76ccf9523e,cfc51126-11fd-54fe-85f6-d8dbde38b872,CASHEW NUT SALAD,COLD DISH
6c0d4972-3172-50d0-84b2-d8270a6d34a6,cfc51126-11fd-54fe-85f6-d8dbde38b872,CHINESE CHICKEN CUBED WITH GREEN CHILLI,
d5d898c8-c181-5a9e-af4f-97fd64003322,cfc51126-11fd-54fe-85f6-d8dbde38b872,THAI CHICKEN FILLET,
8b7cb294-7796-5a77-af46-5908495f219f,cfc51126-11fd-54fe-85f6-d8dbde38b872,THAI CHICKEN SAUSAGE,
22b86072-d5e1-5cbc-845f-f926cc0cea4e,cfc51126-11fd-54fe-85f6-d8dbde38b872,THAI CHICKEN THAI SOUP,
af13daf6-3c3b-5106-9534-b5dec5d95c46,cfc51126-11fd-54fe-85f6-d8dbde38b872,THAI CHICKEN/BEEF CHILLI,
ddc4bd30-a56a-5f9b-9e52-364c635c8745,cfc51126-11fd-54fe-85f6-d8dbde38b872,THAI CHICKEN/PRAWN,
9a28af81-8507-5914-b052-b1aaa6cf7d24,cfc51126-11fd-54fe-85f6-d8dbde38b872,CHINESE CHILLI CHICKEN DICE,
1f5d9578-56ba-5800-8fb3-7fb2d570ca63,cfc51126-11fd-54fe-85f6-d8dbde38b872,CHINESE CABBAGE WITH SOY SAUCE,VEGETABLE
da05ad28-41ae-5940-bf6b-f6f4c966c75d,cfc51126-11fd-54fe-85f6-d8dbde38b872,CHINESE LEEK WITH BEAN SPROUT/EGG,VEGETABLE
1470907a-d493-5821-9c8d-4374c00bdd8d,cfc51126-11fd-54fe-85f6-d8dbde38b872,CHINESE ONION FLOUR PIE,RICE & NOODLES
586d047b-3592-5aa3-a8a0-0377e873b0c8,cfc51126-11fd-54fe-85f6-d8dbde38b872,CHINESE SWEET RICE PUDDING,DIMSUM & DESSERT
9d8efc85-b971-51ee-bd0a-cc476149fa52,cfc51126-11fd-54fe-85f6-d8dbde38b872,PEPPER & SALTED EGGPLANT WITH MINCED BEEF,VEGETABLE
4332c299-6e9f-5282-8629-49ff184e9563,cfc51126-11fd-54fe-85f6-d8dbde38b872,PICKLED BEANCURD IN HOT CLAYPOT,VEGETABLE
04dcfa3c-3162-5c6d-877c-92cfad593419,cfc51126-11fd-54fe-85f6-d8dbde38b872,PICKLED CUCUMBER,COLD DISH
562364f1-1240-5393-bfc4-a0968084b55b,cfc51126-11fd-54fe-85f6-d8dbde38b872,THAI PRAWN,
0d5188a1-ec6c-5d85-ad3a-92a4ec23db35,cfc51126-11fd-54fe-85f6-d8dbde38b872,THAI PRAWN CHILLI PASTE,
8cb5d7b3-ace0-5023-b2b0-272dfd46abd3,cfc51126-11fd-54fe-85f6-d8dbde38b872,PRAWN IN BAMBOO TUBE,SEA FOOD
f5a12684-b5a7-5b8a-9e23-50c15662d560,cfc51126-11fd-54fe-85f6-d8dbde38b872,THAI PRAWN SALAD,
f8b3d01e-58c1-5e07-a94f-c1e6fe2c7f4f,cfc51126-11fd-54fe-85f6-d8dbde38b872,PRAWN TEMPURA,SEA FOOD
795568f0-22c0-5cf1-a8a3-e31ff23ae593,cfc51126-11fd-54fe-85f6-d8dbde38b872,THAI PRAWN THAI SOUP,
39b2b0f6-1070-58ba-979f-86008a9a7648,cfc51126-11fd-54fe-85f6-d8dbde38b872,PRAWN WITH CASHEW-NUT,SEA FOOD
59bd00b9-9ef5-5c48-893e-4c6cf2dbdd4c,cfc51126-11fd-54fe-85f6-d8dbde38b872,PRAWN WITH SWEET CORN,SEA FOOD
9bf75182-5a35-55c6-9af6-31968fef69c3,cfc51126-11fd-54fe-85f6-d8dbde38b872,ROASTED BEEF WITH POTATO,BEEF & MUTTON
c8948407-ae85-52f6-b711-25ac98126a79,65d35ba5-2859-53a1-8958-2c23273920c9,Beef Hyderabadi,Beef
b5acb163-e2ff-516d-9d73-befb7d9c9dc8,65d35ba5-2859-53a1-8958-2c23273920c9,Grilled Potatoes,Snick Snack
db234110-9f92-50ab-a74b-49c00ed98c68,65d35ba5-2859-53a1-8958-2c23273920c9,Garlic Mushroom,Snick Snack
fee31c70-de8c-526b-813c-ebfff4f785d9,65d35ba5-2859-53a1-8958-2c23273920c9,Crunchy Calamari,Snick Snack
6fc7caa0-2953-58ba-9329-99f103e633c6,65d35ba5-2859-53a1-8958-2c23273920c9,Chicken Wings,Snick Snack
09fd69af-fde9-543f-b145-ffda84f491e8,65d35ba5-2859-53a1-8958-2c23273920c9,Chicken Tikka,Snick Snack
ce88b34a-f820-5453-b808-c5143e678186,65d35ba5-2859-53a1-8958-2c23273920c9,Chicken Shashlick,Snick Snack
5675fe26-a63d-52e7-8667-a228c37d6116,65d35ba5-2859-53a1-8958-2c23273920c9,Chicken Momo,Snick Snack
babaaa33-6a91-5ccb-b0b4-be00b7bec246,65d35ba5-2859-53a1-8958-2c23273920c9,Cheese Momo,Snick Snack
943df577-5257-520b-829b-761b75419dc3,65d35ba5-2859-53a1-8958-2c23273920c9,Sweet Lassi,Smoothie/Milkshake
1a2bb246-6539-565a-9ac9-dfeebfb35972,65d35ba5-2859-53a1-8958-2c23273920c9,Sofeda Mocktail,Smoothie/Milkshake
436af737-5b28-5179-b1ee-65aef523a131,65d35ba5-2859-53a1-8958-2c23273920c9,Oreo Frappe,Smoothie/Milkshake
72454df9-b33e-507e-adf5-dbe950435aa6,65d35ba5-2859-53a1-8958-2c23273920c9,Milk Shake,Smoothie/Milkshake
b039ef2a-b31c-5064-be0b-0aa828226d8a,65d35ba5-2859-53a1-8958-2c23273920c9,Mango Mania,Smoothie/Milkshake
f893110b-411d-5acc-aaab-d15252f0e1aa,65d35ba5-2859-53a1-8958-2c23273920c9,Local,Smoothie/Milkshake
64baa829-c1c9-5d61-8047-ac5ae537dd8b,65d35ba5-2859-53a1-8958-2c23273920c9,Chicken Sizzling Meal,Sizzling
00cd3e41-b08e-53e7-ac73-2fcb6a2b4546,65d35ba5-2859-53a1-8958-2c23273920c9,Honey Chicken Wings,Snick Snack
5240b9a2-fa4c-5501-a76d-b4b6a043af69,65d35ba5-2859-53a1-8958-2c23273920c9,Chicken Sizzling,Sizzling
169eaa20-6eda-5706-b39c-590d88d9442a,65d35ba5-2859-53a1-8958-2c23273920c9,Roll,Snick Snack
5e191cb5-edf8-59bc-a394-22514bb0c160,65d35ba5-2859-53a1-8958-2c23273920c9,Vegetable Momo,Snick Snack
d4c3eba0-c958-53fa-b04a-4ed114363968,65d35ba5-2859-53a1-8958-2c23273920c9,Mixed Vegetable,Vegetables
10b613e3-641c-5985-94f7-1c4f00c27637,65d35ba5-2859-53a1-8958-2c23273920c9,Daal Tarka,Vegetables
5466a4f4-fd50-59e1-87a2-fc30fa6508dc,65d35ba5-2859-53a1-8958-2c23273920c9,Daal Makhani,Vegetables
9621dfd3-fe55-57a7-bddc-b32e9785c9e2,65d35ba5-2859-53a1-8958-2c23273920c9,Regular Tea,Tea
d28b1f3c-91bd-5902-a96d-361c594b95d3,65d35ba5-2859-53a1-8958-2c23273920c9,Ice Tea,Tea
14d8dc5e-7280-5f24-a801-363ca41ca1ee,65d35ba5-2859-53a1-8958-2c23273920c9,Flavored,Tea
f9038ed9-271c-52dc-bf63-73ec4972c1ea,65d35ba5-2859-53a1-8958-2c23273920c9,English Tea,Tea
45999864-07b7-53a9-a067-8ab10da13b04,65d35ba5-2859-53a1-8958-2c23273920c9,Sirloin Steak,Steak
af7b6913-1be2-5961-a7d2-30625896080c,65d35ba5-2859-53a1-8958-2c23273920c9,Pepper Steak,Steak
f0ac5fea-3b2f-53d4-9341-54bfc1975aef,65d35ba5-2859-53a1-8958-2c23273920c9,Mushroom Steak,Steak
8420e1a2-b37c-5098-83b3-5f217721d7b7,65d35ba5-2859-53a1-8958-2c23273920c9,Mexican Steak,Steak
1186220a-7984-52d0-9af6-53262a2c2c24,65d35ba5-2859-53a1-8958-2c23273920c9,Ajo Special Steak,Steak
2b62f33e-0ce6-5875-8e16-5b6386cc24fb,65d35ba5-2859-53a1-8958-2c23273920c9,Tom Yum Soup,Soup
12aaaac9-7315-5768-9899-78af6df3e1e2,65d35ba5-2859-53a1-8958-2c23273920c9,Thai Soup,Soup
82c36154-24f1-53ab-a36c-26c8de411342,65d35ba5-2859-53a1-8958-2c23273920c9,Vegetable Roll,Snick Snack
8d1de541-a5eb-5d16-8c5c-ed6cf65f73b7,65d35ba5-2859-53a1-8958-2c23273920c9,Squid Fry,Snick Snack
264bb42b-2a98-50db-aaf3-39614aa22dbf,65d35ba5-2859-53a1-8958-2c23273920c9,Beef Sizzling,Sizzling
f1b7e634-5bb6-56e2-ad72-51f8c1f2bf34,65d35ba5-2859-53a1-8958-2c23273920c9,Sea Food Soup,Soup
39ceec11-93a9-546c-8455-e7f19b206ed1,65d35ba5-2859-53a1-8958-2c23273920c9,Mint Magic Pasta Salad,Salads
a29a70b1-6099-5b14-9a83-063396316c12,65d35ba5-2859-53a1-8958-2c23273920c9,Latte,Coffee
e363367f-148f-5cf7-9d04-68ba821637be,65d35ba5-2859-53a1-8958-2c23273920c9,Expresso,Coffee
6e6db8d9-e83e-5407-89c1-d0b11ecb9ef9,65d35ba5-2859-53a1-8958-2c23273920c9,Cold Coffee,Coffee
ae86dfb2-1bc8-515b-a345-9526b0a13e4f,65d35ba5-2859-53a1-8958-2c23273920c9,Cappuccino,Coffee
209f6e8d-83a3-566a-8c3b-694d4c09b9d5,65d35ba5-2859-53a1-8958-2c23273920c9,Arabica,Coffee
43cc98ab-38b3-5e59-8669-7286fb768c34,65d35ba5-2859-53a1-8958-2c23273920c9,Tori Katasu,Chicken
9ee844bf-7975-590e-ac7c-8d3102ce982b,65d35ba5-2859-53a1-8958-2c23273920c9,Lemon & Garlic Chicken,Chicken
f4bb4767-2301-5a88-8539-f125633e8e57,65d35ba5-2859-53a1-8958-2c23273920c9,Chicken Tikka (1/4th),Chicken
5306a9d3-d4e7-50f0-b145-0ff25e4cf212,65d35ba5-2859-53a1-8958-2c23273920c9,Chicken Tapas,Chicken
b7097a61-2dc6-51c2-8479-1fa3c592badb,65d35ba5-2859-53a1-8958-2c23273920c9,Chicken Jhal Frezi,Chicken
963e8e12-6d77-5d75-8ead-07a967366787,65d35ba5-2859-53a1-8958-2c23273920c9,Chicken Butter Masala,Chicken
f3108b99-d682-5769-a5da-869f6f1d2f8a,65d35ba5-2859-53a1-8958-2c23273920c9,Bibinbap,Chicken
ff6c6a17-1bfc-5242-ab50-38a908a65c89,65d35ba5-2859-53a1-8958-2c23273920c9,Roasted Garlic Beef,Beef
eb59078e-b765-5b62-b927-122c9e982ddf,65d35ba5-2859-53a1-8958-2c23273920c9,Beef Masala,Beef
0e0d9906-9f95-5b54-b421-95d9c3326f79,65d35ba5-2859-53a1-8958-2c23273920c9,Tangy Green Papaya Salad,Salads
9033a2b0-1cd9-5ebd-a0fd-602a7a870fdf,65d35ba5-2859-53a1-8958-2c23273920c9,Brownie,Dessert
39aaae59-ede5-58ac-bff4-e9808b60a5c2,65d35ba5-2859-53a1-8958-2c23273920c9,Grilled Fish,Fish
31b4aec2-5f2a-5aa1-8986-5ee567d792ed,65d35ba5-2859-53a1-8958-2c23273920c9,Grilled Chicken (1/4th),Chicken
69d58666-b1ed-5dde-afca-66de1796d530,65d35ba5-2859-53a1-8958-2c23273920c9,White Whimsical,Fish
2372859d-63d0-5e18-8c89-02cf32287476,65d35ba5-2859-53a1-8958-2c23273920c9,Grilled Chicken Salad,Salads
596fa8d8-dbc9-5280-9cd6-18822606a0ec,65d35ba5-2859-53a1-8958-2c23273920c9,Red Relish,Fish
87b77dbc-41b0-5aa8-bdb6-a5486074bdb4,65d35ba5-2859-53a1-8958-2c23273920c9,Greek Salad,Salads
a81158c5-1b1e-5374-8a9b-aa55c5d16930,65d35ba5-2859-53a1-8958-2c23273920c9,Spaghetti,Pasta & Spaghetti
c387188e-e852-5b4a-ae3f-db447efac9d8,65d35ba5-2859-53a1-8958-2c23273920c9,Shrimp Pasta,Pasta & Spaghetti
9a29e041-ff68-506b-9aeb-d40aad48037e,65d35ba5-2859-53a1-8958-2c23273920c9,Penne Valladaer,Pasta & Spaghetti
c3770be3-5740-5031-b392-6fd726a21701,65d35ba5-2859-53a1-8958-2c23273920c9,Pasta,Pasta & Spaghetti
a2c83c94-ed57-501c-9e75-b7bc4987374a,65d35ba5-2859-53a1-8958-2c23273920c9,Fettuccine,Pasta & Spaghetti
a539f218-ffe9-5d5a-b51a-00603b86cb45,65d35ba5-2859-53a1-8958-2c23273920c9,Pasta with Fish Balls,Pasta & Spaghetti
94ba16c1-6109-588d-9b20-903a0e9bcdf8,65d35ba5-2859-53a1-8958-2c23273920c9,Rice,Individuals
f350f4a7-31d5-599e-b74e-6e29c6c9c5fd,65d35ba5-2859-53a1-8958-2c23273920c9,Plain Naan,Individuals
5b60c22b-42e9-502b-90b9-c06edab02299,65d35ba5-2859-53a1-8958-2c23273920c9,Parata,Individuals
491c06f4-454f-5fca-93be-3f120b7a01d1,65d35ba5-2859-53a1-8958-2c23273920c9,Masala Kulcha,Individuals
bc1300b2-2cb3-5236-b407-4045a905a9af,65d35ba5-2859-53a1-8958-2c23273920c9,Garlic Naan,Individuals
a853b2b1-cc2e-50ee-899e-6aa2d7ef15ca,65d35ba5-2859-53a1-8958-2c23273920c9,Butter Naan,Individuals
351133dc-8c09-5fa2-bd2e-7fc330fff098,65d35ba5-2859-53a1-8958-2c23273920c9,Ajo Special Naan,Individuals
dcb4dd1d-c770-5440-b571-8aa8dc400524,a88d0da4-571c-513d-973f-2f6153e78709,ALFREDO PASTA,Pasta
fc2743fa-02b3-55b1-890c-91c0ce562686,a88d0da4-571c-513d-973f-2f6153e78709,MIX GRILL PLATTER,Premium
e16d0185-ca4a-5380-bd2a-83f6f180ff76,a88d0da4-571c-513d-973f-2f6153e78709,BEEF SHORT RIBS,Premium
560e4018-de52-5354-a1f4-ad2908de9667,a88d0da4-571c-513d-973f-2f6153e78709,GRILLED SALMON WITH LEMON BUTTER,Premium
4a688442-7d5a-513c-b114-2f43e868698b,a88d0da4-571c-513d-973f-2f6153e78709,NOEWEGIAN SALMON STEAK,Premium
394fe52a-88fa-5fee-a2ac-fd2be3c6b0c9,a88d0da4-571c-513d-973f-2f6153e78709,PUMKIN MUFFIN,Pies
3f2e4ddc-29bf-595c-b776-945ae0578c38,a88d0da4-571c-513d-973f-2f6153e78709,MUFFIN (BLUEBERY),Pies
45c332ba-24d6-522c-99ec-4e3b53e22a72,a88d0da4-571c-513d-973f-2f6153e78709,GRILL CAJUN SALMON,Premium
f5203e70-7cef-586f-be96-fc8d84675ffe,a88d0da4-571c-513d-973f-2f6153e78709,Seafood Pasta In Spicy Creamy Sauce,Pasta
cd503ccf-66bb-5d5d-ae55-0b84a83ef1b4,a88d0da4-571c-513d-973f-2f6153e78709,GRILLED BLACK PEPPER CHICKEN,Chicken
39dbc307-d9df-5b6d-a041-c805e3a71d77,a88d0da4-571c-513d-973f-2f6153e78709,Seafood Pasta in Thai Spice,Pasta
54c58655-517a-59dc-9d77-c36e553db796,a88d0da4-571c-513d-973f-2f6153e78709,Grilled Chicken - Mushroom,Chicken
20f12f8f-5051-56db-8b61-1a916634dddf,a88d0da4-571c-513d-973f-2f6153e78709,CHICKEN SKEWERS,Chicken
3a124e6a-3320-54a4-964a-b0205e0e5edc,a88d0da4-571c-513d-973f-2f6153e78709,Chicken Cordon Bleu,Chicken
c1ef21d3-ad17-557f-90c5-401c80e8cdc9,a88d0da4-571c-513d-973f-2f6153e78709,Chicken Parmigiana,Chicken
2508e59d-990b-5567-8b0c-55ecbd55d35e,a88d0da4-571c-513d-973f-2f6153e78709,Golden Crispy Chicken,Chicken
44243705-162e-5ea2-9ba8-100407837a07,a88d0da4-571c-513d-973f-2f6153e78709,CHICKEN SANDWICH LARGE,Sandwich
71019335-0530-5dc6-9a06-fe6a5a7cabdd,a88d0da4-571c-513d-973f-2f6153e78709,Rib Eye Steak,Premium
d7f79f4d-d82c-58b9-a9cd-d343de856f68,a88d0da4-571c-513d-973f-2f6153e78709,Tandoori Chicken Sandwich,Sandwich
bdc72615-da15-51dc-855b-6a1348f9190d,a88d0da4-571c-513d-973f-2f6153e78709,LASAGNE BEEF,Pasta
8726574f-d7ed-5554-8250-cefa8f748786,a88d0da4-571c-513d-973f-2f6153e78709,Sirloin Steak,Premium
8c58d10e-6c12-5dd0-bb68-42171a1a53f1,a88d0da4-571c-513d-973f-2f6153e78709,Oreo Milkshake,Milkshake
fc923527-16e2-5adb-92cd-5e19ef197ff9,a88d0da4-571c-513d-973f-2f6153e78709,Seafood Platter,Premium
ae1d09bb-2cb0-56d0-bccd-5cc2a3c466f1,a88d0da4-571c-513d-973f-2f6153e78709,BEEF BURGER MEAL,Burgers
7ca70223-1fe8-5e22-a090-7b8730867248,a88d0da4-571c-513d-973f-2f6153e78709,Espresso Milkshake,Milkshake
6b7bd50a-95ba-5955-8379-d6c2a246bda2,a88d0da4-571c-513d-973f-2f6153e78709,Vanilla Milkshake,Milkshake
94ffba05-ba32-5f71-9646-7a5e356822dd,a88d0da4-571c-513d-973f-2f6153e78709,Strawberry Milkshake,Milkshake
bb082d72-3104-5054-956a-38f32b4d3602,a88d0da4-571c-513d-973f-2f6153e78709,Chocolate Milkshake,Milkshake
1b3200ce-4e15-53e3-a55f-8a875a30faa7,a88d0da4-571c-513d-973f-2f6153e78709,Green Apple Lemonade,Lemonade
a3e3bd65-2cf3-5c29-b1e7-366582124d03,a88d0da4-571c-513d-973f-2f6153e78709,GREEN TEA.,Hot
11d3f6bf-4ef3-5812-9f9b-8f9a99792c3f,a88d0da4-571c-513d-973f-2f6153e78709,LEMON TEA,Hot
2996fa2f-55bd-5836-baf0-4070e80aa73f,a88d0da4-571c-513d-973f-2f6153e78709,Hot Chocolate,Hot
016bcc71-d432-59c1-8b85-f4265e9a515f,a88d0da4-571c-513d-973f-2f6153e78709,T-BONE STEAK,Premium
b763bd3b-53c5-5fda-b186-8d31517a27ab,a88d0da4-571c-513d-973f-2f6153e78709,Iced Caffe Latte,Iced
03f905de-30ed-5964-a08e-f0e1e09af0a0,a88d0da4-571c-513d-973f-2f6153e78709,Café Mocha,Coffee
dfc2d333-950f-5efd-9b84-e627b30ab42b,a88d0da4-571c-513d-973f-2f6153e78709,Cappuccino,Coffee
89c7cc28-1643-5ab3-abec-1209a9d52ede,a88d0da4-571c-513d-973f-2f6153e78709,MANGO CHEESE TART,Dessert
3b5fc78c-2f32-515f-aea4-06cff638777f,a88d0da4-571c-513d-973f-2f6153e78709,Brownies with Ice Cream,Dessert
8f986146-709f-5bbc-a419-c54cc008613d,a88d0da4-571c-513d-973f-2f6153e78709,Brownies,Dessert
0b484139-5090-56d3-8fd0-1a3a72167f66,a88d0da4-571c-513d-973f-2f6153e78709,CHICKEN ALGRAVE RICE BOWL,Rice Bowl
e94bb4dd-c3da-5159-91ee-13b7b6967fa8,a88d0da4-571c-513d-973f-2f6153e78709,LONDON FISH AND CHIPS,Western
05de57da-8fee-5c34-a007-98e4ea985d14,a88d0da4-571c-513d-973f-2f6153e78709,Caribbean Style Fish Fillet,Western
97671d15-1e72-5d36-9083-ec482144604d,a88d0da4-571c-513d-973f-2f6153e78709,Grilled Chicken Steak,Premium
19fe6612-23f4-5a90-b1fe-026ba68666bd,a88d0da4-571c-513d-973f-2f6153e78709,Cafe Latte,Latte
7c49b54b-46cc-54a3-ad97-a0172416aa8e,a88d0da4-571c-513d-973f-2f6153e78709,Dd Beef Burger,Burgers
8edcc18d-019b-546e-97dc-1c5f38dbb95f,a88d0da4-571c-513d-973f-2f6153e78709,Club Sandwich,Sandwich
c4841f95-beb4-5ebc-9478-3115e273a6db,a88d0da4-571c-513d-973f-2f6153e78709,SHREDDED BEEF BURGER,Burgers
e471b107-e08f-5c63-beff-d2614ea67016,a88d0da4-571c-513d-973f-2f6153e78709,Oreo Cheese - Slice,Slice Cake
57a6d916-97bf-5d34-a9e4-b704e853130d,a88d0da4-571c-513d-973f-2f6153e78709,Chocolate Brulee - Whole,Whole Cake
056fa241-2592-5141-9c48-bd0b88452e47,a88d0da4-571c-513d-973f-2f6153e78709,White Chocolate - Whole,Whole Cake
f52f72b1-b655-5ed0-9a03-b2ecefb39d6e,a88d0da4-571c-513d-973f-2f6153e78709,New York Cheese - Whole,Whole Cake
8b94d80b-482f-5bc2-a1b3-504b0ee6935c,a88d0da4-571c-513d-973f-2f6153e78709,Classic Tiramisu - Whole,Whole Cake
604c2df4-a444-5792-a138-7db62a0eba0f,a88d0da4-571c-513d-973f-2f6153e78709,Blueberry Cheese - Whole,Whole Cake
7516aa45-6529-5548-a5a8-06d44ab742fa,a88d0da4-571c-513d-973f-2f6153e78709,Triple Cheese - Whole,Whole Cake
2cf84445-8b12-5842-b57e-198296995bcf,a88d0da4-571c-513d-973f-2f6153e78709,White Chocolate Macadamia - Whole,Whole Cake
1dad9b86-62f8-56b2-b884-c9a6ca43bf47,a88d0da4-571c-513d-973f-2f6153e78709,Mango Yogurt Cheesecake,Whole Cake
a9b97faa-6c1d-5356-8f77-17a668e4ff18,a88d0da4-571c-513d-973f-2f6153e78709,Red Velvet - Slice,Slice Cake
21e7cbe6-c0fb-559d-b338-99c0f5392a11,a88d0da4-571c-513d-973f-2f6153e78709,Baklava Cheese Cake,Whole Cake
35b4160d-291b-55a9-8ff3-f5156a5b7a99,a88d0da4-571c-513d-973f-2f6153e78709,Biscoff Cheese - Whole,Whole Cake
2f0c0e25-7e6d-5bbf-a8b6-7a89fec0b290,a88d0da4-571c-513d-973f-2f6153e78709,Mango Mousse - Whole,Whole Cake
69051a65-099a-5522-a88f-9b6f4ad5b02c,a88d0da4-571c-513d-973f-2f6153e78709,Shinjuku Bake with Ice Cream - Large,Whole Cake
0c37254b-e79d-564c-8add-ff0fe97f3892,a88d0da4-571c-513d-973f-2f6153e78709,Shinjuku Bake with Ice Cream - Regular,Whole Cake
622f6240-783c-5a59-a16a-f8d6662dbcd3,a88d0da4-571c-513d-973f-2f6153e78709,Red Velvet - Whole,Whole Cake
97287930-7877-5287-b16a-e1495145a975,a88d0da4-571c-513d-973f-2f6153e78709,Oreo Cheese - Whole,Whole Cake
19cba1bb-c868-53f6-a0d5-26f0f1be42e2,a88d0da4-571c-513d-973f-2f6153e78709,Orange Cheese - Whole,Whole Cake
f7fa3340-cc16-57e9-9155-f671706010f4,a88d0da4-571c-513d-973f-2f6153e78709,Chocolate Indulgence (Mega) - Whole,Whole Cake
fb3ebb05-216b-5ae7-89b5-db412edf88ad,a88d0da4-571c-513d-973f-2f6153e78709,CRISPY CHICKEN BURGER,Burgers
7da63adc-c8d2-5364-99ff-0799da7eb88d,a88d0da4-571c-513d-973f-2f6153e78709,Strawberry Cheese - Whole,Whole Cake
e99106f9-695c-5675-82cf-facfee95c113,a88d0da4-571c-513d-973f-2f6153e78709,Chocolate Brulee - Slice,Slice Cake
b4e2ddc1-5f39-5b88-832f-1fb65afa09bc,a88d0da4-571c-513d-973f-2f6153e78709,Chocolate Cake - Whole,Whole Cake
add4a5c9-614d-58eb-8b44-65f8bf71011d,a88d0da4-571c-513d-973f-2f6153e78709,New York Cheese - Slice,Slice Cake
040a8fc1-ef11-55d0-b075-a23fbdb2ed4c,a88d0da4-571c-513d-973f-2f6153e78709,Cheese Omelette,Breakfast Item
7f2d40dd-d4d7-55fe-9a6b-14674556a8c5,a88d0da4-571c-513d-973f-2f6153e78709,MANGO YOGURT CHEESE CAKE SLICE,Slice Cake
b2b1b1c0-fdca-5ca7-a6ae-4770d57b0f17,a88d0da4-571c-513d-973f-2f6153e78709,Breakfast Wholesome,Breakfast Item
594f8a03-a689-5858-b10e-6a97552981b3,a88d0da4-571c-513d-973f-2f6153e78709,Egg Benedict,Breakfast Item
df114772-7d2b-5454-a91e-d270e8801476,a88d0da4-571c-513d-973f-2f6153e78709,Potato Wedges,Starter & Side Order
7cc60305-20fe-5301-a48c-f1b7a05bb608,a88d0da4-571c-513d-973f-2f6153e78709,French Fries,Starter & Side Order
6f13f17b-6947-5cb5-852a-051979b469e4,a88d0da4-571c-513d-973f-2f6153e78709,Fries with Beef & Melted Cheese,Starter & Side Order
2f65dd51-8122-52e3-b0d8-40243609dc8d,a88d0da4-571c-513d-973f-2f6153e78709,Salt & Pepper Squid,Starter & Side Order
e2f86194-03c9-5683-a36b-1d70c0351de0,a88d0da4-571c-513d-973f-2f6153e78709,Spicy Garlic Mushroom,Starter & Side Order
1ce7c75c-adc8-501d-a4ac-4a556da76dd2,a88d0da4-571c-513d-973f-2f6153e78709,GARLIC BRAED WITH CHEESE,Starter & Side Order
7e318041-d5f9-5934-81f9-8f4dde410201,a88d0da4-571c-513d-973f-2f6153e78709,Croque Monsieur,Breakfast Item
7b0edb47-ddb3-50b6-8c75-cd778dd29fad,a88d0da4-571c-513d-973f-2f6153e78709,Dumpling Soup,Salad & Soup
ea1b7da9-53b7-507f-a02c-742e9329e63c,a88d0da4-571c-513d-973f-2f6153e78709,Mushroom Soup,Salad & Soup
42a04b0d-bdcc-50e5-9193-ccff690f4291,a88d0da4-571c-513d-973f-2f6153e78709,Classic Tiramisu - Slice,Slice Cake
0327d1ff-f4b6-56e1-b3d7-d62591319dab,a88d0da4-571c-513d-973f-2f6153e78709,Baklava Cheese Slice,Slice Cake
ca6f7d58-dad7-5523-9f45-937b1ada6f5e,a88d0da4-571c-513d-973f-2f6153e78709,Caesar Salad,Salad & Soup
11999a8f-989d-54eb-a432-f067f3f21471,a88d0da4-571c-513d-973f-2f6153e78709,Blueberry Cheese - Slice,Slice Cake
b9104824-3792-5433-ba1c-5bde2bff900c,a88d0da4-571c-513d-973f-2f6153e78709,Greek Salad,Salad & Soup
e04339a9-5632-59c6-ae4d-91c7ffaa66e8,a88d0da4-571c-513d-973f-2f6153e78709,Wild Mushroom Soup,Salad & Soup
c2714a92-640e-532c-b11e-6f61965f49e5,a88d0da4-571c-513d-973f-2f6153e78709,Triple Cheese - Slice,Slice Cake
a628cc4b-3c56-5247-ba28-e2aedbca958f,a88d0da4-571c-513d-973f-2f6153e78709,SALMON CHOWDER SOUP,Salad & Soup
1a9fa4df-eef8-5023-9b35-4c6cd9932d89,8394826b-b7bc-586b-9dbb-f4bfc74942a8,Sriracha Wings,Sides
76db8d65-e94b-58a6-b5e3-6ff2eebf9681,8394826b-b7bc-586b-9dbb-f4bfc74942a8,Oreo Fantasy,Shakes
23e9a441-c6e0-5e22-8e2e-0e0c631e1f6b,8394826b-b7bc-586b-9dbb-f4bfc74942a8,Masala Wings,Sides
64862745-ec2d-5c61-b580-1ad70e3f5e87,8394826b-b7bc-586b-9dbb-f4bfc74942a8,BBQ Fries,Sides
83e955c8-6ade-5f3a-86f2-9a2d31304ec4,8394826b-b7bc-586b-9dbb-f4bfc74942a8,Cheese Fries,Sides
b5af83be-5ff8-5b83-ae6c-dd4505dbab4b,8394826b-b7bc-586b-9dbb-f4bfc74942a8,Coleslaw,Sides
e56bb70c-40cd-5e5c-88dd-3a9558c9dab4,8394826b-b7bc-586b-9dbb-f4bfc74942a8,Kitkat Shake,Shakes
05ca0750-d1d1-5440-be16-e7b03fccd824,8394826b-b7bc-586b-9dbb-f4bfc74942a8,Brownie Shake,Shakes
2618f51d-105c-582c-a098-982a60f3509a,8394826b-b7bc-586b-9dbb-f4bfc74942a8,The Berry Lassi,Cutie's Lassi
458e79e2-dbce-5128-8ab4-3b7071d62766,8394826b-b7bc-586b-9dbb-f4bfc74942a8,Executive Meal - Beef,Single Combos
df72a232-1151-5c03-bddf-b6e2ae42acf0,8394826b-b7bc-586b-9dbb-f4bfc74942a8,Brownie Mocha Frappe,Cold Brews
e70d49bb-0d96-501c-8055-b0042ac890f7,8394826b-b7bc-586b-9dbb-f4bfc74942a8,Chocolate Cold Coffee,Cold Brews
e8961b9a-228d-5880-96d0-35d37c61e55d,8394826b-b7bc-586b-9dbb-f4bfc74942a8,Executive Meal - Chicken,Single Combos
c11259ac-d634-57e4-8f48-a9ebb132c4f4,8394826b-b7bc-586b-9dbb-f4bfc74942a8,Garlic Sauce,Sauces
d7b9abfb-023f-55b1-bbd8-907252156e04,8394826b-b7bc-586b-9dbb-f4bfc74942a8,Honey Mustard Sauce,Sauces
9c338ce8-48c5-53a2-bcf2-7c0ce8d78324,8394826b-b7bc-586b-9dbb-f4bfc74942a8,OG Sauce,Sauces
a19f0ef4-2458-52f0-aa3b-120629f24527,8394826b-b7bc-586b-9dbb-f4bfc74942a8,Spicy OG Sauce,Sauces
e21f9975-3413-5a4e-b738-05820a6d7a5a,8394826b-b7bc-586b-9dbb-f4bfc74942a8,Sauce Trap Sauce,Sauces
4d55abe3-4d0c-5e5b-b893-c0a57cba866d,8394826b-b7bc-586b-9dbb-f4bfc74942a8,Thai Chili Wings,Sides
f0b46b71-80d6-5408-8449-d509a23a195f,8394826b-b7bc-586b-9dbb-f4bfc74942a8,Mango Lassi,Cutie's Lassi
6d341059-dbcd-510c-83fc-8dc135fe1bf3,8394826b-b7bc-586b-9dbb-f4bfc74942a8,Cheesy Bites,Sides
3575a275-0b0b-59b7-83b3-fdb010ba0fe1,8394826b-b7bc-586b-9dbb-f4bfc74942a8,Chicken RUN,ChickenRUN
041e1064-2e61-54b9-b623-fbe01ece2ad1,8394826b-b7bc-586b-9dbb-f4bfc74942a8,Brookie,Dessert
55fba495-37e4-53bd-913e-75e44b27fc47,8394826b-b7bc-586b-9dbb-f4bfc74942a8,Fries,Sides
268fbb86-6c71-5986-ad61-789259568309,8394826b-b7bc-586b-9dbb-f4bfc74942a8,Chicken Burger,Pocket Friendly
0353c309-b72e-51fc-bdd7-39c8c5a43ae5,8394826b-b7bc-586b-9dbb-f4bfc74942a8,Beef Burger,Pocket Friendly
1d1f9ebc-cd36-57a5-a232-b8cac1de965d,8394826b-b7bc-586b-9dbb-f4bfc74942a8,Eggeroni,Pocket Friendly
43f4459f-e015-5794-b8bb-d19d33bfb2b2,8394826b-b7bc-586b-9dbb-f4bfc74942a8,The Aloo Burger,Pocket Friendly
05e7b736-24fb-5e5f-80dd-32368d87492f,8394826b-b7bc-586b-9dbb-f4bfc74942a8,Chick Got Fried,The Favourites
483d254f-0b0b-5bcf-ab20-1b858d33098c,8394826b-b7bc-586b-9dbb-f4bfc74942a8,MADOX,The Favourites
09ab40c8-484d-5686-9e7b-2e90bbc7492b,8394826b-b7bc-586b-9dbb-f4bfc74942a8,Twister,The Favourites
c9bbb1db-d640-5dc9-af4a-4a750a84c0df,8394826b-b7bc-586b-9dbb-f4bfc74942a8,Beef Cheese Delight,The Favourites
575f16c1-b87d-53c3-bf9c-4c56e81314e3,8394826b-b7bc-586b-9dbb-f4bfc74942a8,Chicken Cheese Delight,The Favourites
baeaa595-4b1f-5434-b124-574deeaedd0e,8394826b-b7bc-586b-9dbb-f4bfc74942a8,Smash Burger,Showstoppers
f0f928e5-a90f-5e91-b81f-d11707546058,8394826b-b7bc-586b-9dbb-f4bfc74942a8,Double The Smash,Showstoppers
e1eaf90f-6001-57e2-8576-b10975cd2d33,8394826b-b7bc-586b-9dbb-f4bfc74942a8,Beef & Bacon,Showstoppers
56ece961-7899-52aa-b2f5-24b0459cae3f,8394826b-b7bc-586b-9dbb-f4bfc74942a8,Chicken Supreme,Showstoppers
4db80930-b4c8-54e4-8b41-1b8cd860fe47,8394826b-b7bc-586b-9dbb-f4bfc74942a8,Chicken Smash,Showstoppers
3ab62e51-ccd0-5e0d-b4c5-45a0512bf846,8394826b-b7bc-586b-9dbb-f4bfc74942a8,Hangout Box,Hangout Box
74d4ad9c-ed99-5462-9bb8-78fea30591fd,8394826b-b7bc-586b-9dbb-f4bfc74942a8,Grilled Beef,Sandwiches
4ac919d7-c007-5b3d-a7d2-cda3ccda6fca,8394826b-b7bc-586b-9dbb-f4bfc74942a8,Grilled Chicken,Sandwiches
db802a27-c3fb-5a41-bd5f-9f143837a266,8394826b-b7bc-586b-9dbb-f4bfc74942a8,NashVille Chicken Burger,The Favourites
c998618f-abd7-595f-96a9-9d1375711605,b945207b-5b91-5518-b1b1-12c25bb521d0,Payesh,Dessert
98132e11-4907-543e-b951-3b9afff88447,b945207b-5b91-5518-b1b1-12c25bb521d0,Special Fruit Chutney,Sides
47714226-a5d8-537c-9746-1aee6dee3e4e,b945207b-5b91-5518-b1b1-12c25bb521d0,Korola Alu Bhaji,Sides
942a89af-fee5-54ef-9844-6dd761ab5a1d,b945207b-5b91-5518-b1b1-12c25bb521d0,Special Beguni,Snacks
df6cf0a1-6401-5bd7-8cf0-d7f666080c54,b945207b-5b91-5518-b1b1-12c25bb521d0,Plain Polao,Rice
5c2261e5-cf87-54a7-860b-22fbe8590686,b945207b-5b91-5518-b1b1-12c25bb521d0,Soybean Alu Curry,Cury
167dae5d-3204-5743-b03f-976734f9285f,b945207b-5b91-5518-b1b1-12c25bb521d0,Moong Dal With Ghee,Cury
c73f87c4-363b-5e25-a2b8-6da652a353a4,b945207b-5b91-5518-b1b1-12c25bb521d0,Vegetable Polao,Rice
4b4366bb-fe81-57ce-88d6-a081d8b71523,b945207b-5b91-5518-b1b1-12c25bb521d0,Paneer Masala Curry,Cury
dad0a7bf-1602-5b3e-8566-d4856c37e1bd,72f9af19-cf6c-551a-baea-97d15ef67577,The Flying Chopsticks,Fish & Seafood
d45228bf-9815-507f-bd1f-937f0ae2daa3,72f9af19-cf6c-551a-baea-97d15ef67577,Crispy Prawns,Fish & Seafood
6fe38d3a-aaf8-5546-ad5a-71c80076d75a,72f9af19-cf6c-551a-baea-97d15ef67577,Crispy Fried Fish,Fish & Seafood
a180dc8b-7e7b-5015-9712-58a010e5ff37,72f9af19-cf6c-551a-baea-97d15ef67577,Asian Style Fried Chicken,Meat & Poultry
2effbf7f-8d84-5f3d-a6ae-6d14f6a063de,72f9af19-cf6c-551a-baea-97d15ef67577,Hong Kong Style Wings,Meat & Poultry
aa08a737-e96d-57a3-bfd4-7c1613c710ee,72f9af19-cf6c-551a-baea-97d15ef67577,Beef with Oyster Sauce,Meat & Poultry
28caf7bb-b5f1-5a6e-8318-29b2d69c6f8f,72f9af19-cf6c-551a-baea-97d15ef67577,Cantonese Roast Duck,Meat & Poultry
74201b53-f3a2-5538-ae3d-b1cb20ce7c3c,72f9af19-cf6c-551a-baea-97d15ef67577,Peking Duck,Meat & Poultry
d8101a7d-c104-5063-a597-c3600dc10b3a,72f9af19-cf6c-551a-baea-97d15ef67577,Boiled Beef in Chili Oil,Meat & Poultry
756f93ed-889f-558c-a55a-bc382ecacdce,72f9af19-cf6c-551a-baea-97d15ef67577,Chicken Cashewnut in Bird's Nest,Meat & Poultry
a4b2efec-4129-55f8-a24b-0eb52ed46091,72f9af19-cf6c-551a-baea-97d15ef67577,Beef Black Pepper,Meat & Poultry
15741889-4e41-57f8-8ae3-fe9c69f37238,72f9af19-cf6c-551a-baea-97d15ef67577,Chicken Spicy Szechuan,Meat & Poultry
6270f013-0a76-557a-9b62-a9edc2442785,72f9af19-cf6c-551a-baea-97d15ef67577,Asian Squid Salad,Fish & Seafood
d052225c-c4be-5e7d-9b8c-d7dbf51a28b5,72f9af19-cf6c-551a-baea-97d15ef67577,Soy Sauce Chicken,Meat & Poultry
cb4d5ace-8745-5d90-881d-b2a2ec875cd4,72f9af19-cf6c-551a-baea-97d15ef67577,Fish 3 Flavours,Fish & Seafood
df68564e-d94c-517d-b611-bd2b9e7d3ba4,72f9af19-cf6c-551a-baea-97d15ef67577,Cantaloupe & Sago,Dessert
2b0fdf9d-cbc2-5eb0-b5e7-803a7af50a34,72f9af19-cf6c-551a-baea-97d15ef67577,Seafood Hotplate,Fish & Seafood
a4fa9754-95f4-51a6-8ddc-5a297dd7c952,72f9af19-cf6c-551a-baea-97d15ef67577,Black Pepper Blue Swimmer Crab,Fish & Seafood
78732e6d-27ea-5ff7-bb46-23bf937b72fa,72f9af19-cf6c-551a-baea-97d15ef67577,Szechuan Boiled Fish in Chilli Oil,Fish & Seafood
5b90e6c3-6782-57f5-9dc3-f56df28f94c6,72f9af19-cf6c-551a-baea-97d15ef67577,Seafood XO Sauce,Fish & Seafood
bb3281b6-52ea-5137-b7b6-d959b5d48e73,72f9af19-cf6c-551a-baea-97d15ef67577,Tiger Prawns in Garlic Ginger,Fish & Seafood
374b70ab-ce7b-5d42-ae3b-176cb77618b2,72f9af19-cf6c-551a-baea-97d15ef67577,Cantonese Steamed Fish,Fish & Seafood
ee3d8d28-0fb2-5ffa-85cf-3f3c1d9d16ef,72f9af19-cf6c-551a-baea-97d15ef67577,Fried Fish with Orange Sauce,Fish & Seafood
9c1d0bba-2e1d-5f8f-a99e-4395ca777499,72f9af19-cf6c-551a-baea-97d15ef67577,Cuttlefish in Black Pepper Sauce,Fish & Seafood
4308ad2d-8a4e-5cf8-bb97-f97d2810a764,72f9af19-cf6c-551a-baea-97d15ef67577,Sweet & Sour Prawn,Fish & Seafood
89b6a596-b9a0-52e4-bb3e-9828abcf3eed,72f9af19-cf6c-551a-baea-97d15ef67577,Black Pepper Crab,Fish & Seafood
9a4c9b3d-b594-505f-81e4-adcaf7717231,72f9af19-cf6c-551a-baea-97d15ef67577,Stir-Fried Morning Glory,Vegetable
2bfa52c9-dba5-5156-965f-a8f4cfbe3a98,72f9af19-cf6c-551a-baea-97d15ef67577,Steamed Vegetable with Oyster Sauce,Vegetable
0da4b06d-53e0-5d88-aa24-e891baa0ead0,72f9af19-cf6c-551a-baea-97d15ef67577,Deep-Fried Red Bean Dumpling,Dessert
abb3bc50-cd3b-543b-8845-e6c05311fc6f,72f9af19-cf6c-551a-baea-97d15ef67577,Chinese Steamed Chicken in Soy Sauce,Meat & Poultry
409b6733-84f8-5561-b2d9-9142933cd274,72f9af19-cf6c-551a-baea-97d15ef67577,Fish Black Bean Sauce,Fish & Seafood
03f9ba49-8bf4-5f68-a42b-0fd402f1a338,72f9af19-cf6c-551a-baea-97d15ef67577,Spicy Szechuan Beef,Meat & Poultry
64820884-b570-5c2e-85ee-1dee94baa9fb,72f9af19-cf6c-551a-baea-97d15ef67577,Steamed Fish in pickled Chili,Fish & Seafood
1e5a5ada-c7c1-5f02-900e-69339b042d6f,72f9af19-cf6c-551a-baea-97d15ef67577,Yang Chow Fried Rice,Rice & Noodle
9664cb62-1505-5493-96e6-0afb03583ffb,72f9af19-cf6c-551a-baea-97d15ef67577,Braised Beef Shank,Starter
7b26a6eb-8610-596f-9346-631b482d5861,72f9af19-cf6c-551a-baea-97d15ef67577,Siu Mai (Shumai),Starter
27573cad-4af9-5476-82a1-9b5f866a5dbe,72f9af19-cf6c-551a-baea-97d15ef67577,Szechuan Chili Oil Wontons,Starter
d91b35ae-9f47-54c4-8add-f775195db4b9,72f9af19-cf6c-551a-baea-97d15ef67577,Deep-Fried Prawn Cake,Starter
83994d6e-333a-514c-99ad-d5fc0d4c48d6,72f9af19-cf6c-551a-baea-97d15ef67577,Vegetable Spring Roll,Starter
947e3065-71cb-5357-b2d1-1d74fdaf600b,72f9af19-cf6c-551a-baea-97d15ef67577,Beef Stewed Soup,Soup
b6128a5f-48db-5a06-a365-f4d8c91d987d,72f9af19-cf6c-551a-baea-97d15ef67577,Sukiyaki,Soup
007c7299-7267-59ff-8853-116b66ebb4a6,72f9af19-cf6c-551a-baea-97d15ef67577,Egg Drop Soup With Crab,Soup
bad07276-b2b2-55f0-8603-08f58b08ced7,72f9af19-cf6c-551a-baea-97d15ef67577,Szechuan Hot & Sour Soup,Soup
6969930d-2d57-5264-ae22-a47cf22e97df,72f9af19-cf6c-551a-baea-97d15ef67577,Health in a Bowl (Chicken Meatball Soup),Soup
fcd44e09-48e7-50b5-87a1-b1097dbb96cc,72f9af19-cf6c-551a-baea-97d15ef67577,Cantonese Steamed Beef Ball,Steamed Dim Sum
7926f3b1-c6ad-5ed3-8edf-fcb681450462,72f9af19-cf6c-551a-baea-97d15ef67577,Crab Stick On Shrimp,Steamed Dim Sum
a77946f3-fced-5de3-a528-b02855572294,72f9af19-cf6c-551a-baea-97d15ef67577,Steamed Tiger Prawn,Steamed Dim Sum
26d444ce-d36f-5d29-82ec-77a7e095ac13,72f9af19-cf6c-551a-baea-97d15ef67577,Cuttlefish In Black Pepper,Steamed Dim Sum
93fa0f7f-baa2-5b90-9763-1e8cbb219913,72f9af19-cf6c-551a-baea-97d15ef67577,Black Mushroom Topped Shrimp Balls,Steamed Dim Sum
72befffd-ce78-51ae-941c-38054b4ccfd7,72f9af19-cf6c-551a-baea-97d15ef67577,Firecracker Shrimp with Sweet Chilli,Starter
76b532f3-4480-5727-a901-0a4e1a2251d2,72f9af19-cf6c-551a-baea-97d15ef67577,Shumai Chicken,Steamed Dim Sum
88ef41a4-f641-52f5-bd93-b05d93381e28,72f9af19-cf6c-551a-baea-97d15ef67577,Seaweed Roll with Shrimp,Steamed Dim Sum
503f9c08-9367-52ae-be17-ba3879078ac1,72f9af19-cf6c-551a-baea-97d15ef67577,Hokkien Noodles,Rice & Noodle
a65f771e-ffe2-5ecd-b6c9-23cf54dd988b,72f9af19-cf6c-551a-baea-97d15ef67577,Beef Noodles,Rice & Noodle
2f553397-0d91-581d-9393-13967ad3880a,72f9af19-cf6c-551a-baea-97d15ef67577,Crab Stick Spring Roll,Fried Dim Sum
0e7c307b-5a63-594b-b097-2ec94a3203ce,72f9af19-cf6c-551a-baea-97d15ef67577,Golden Bags,Fried Dim Sum
1365e74e-7b2b-5398-af13-c3f071ae9e7e,72f9af19-cf6c-551a-baea-97d15ef67577,Har Gow Shrimp,Steamed Dim Sum
b41d3a54-0852-5d60-9593-e250728a4c70,72f9af19-cf6c-551a-baea-97d15ef67577,Lotus Root on Shrimp,Steamed Dim Sum
906dca13-264a-5376-ad69-496eba01445c,72f9af19-cf6c-551a-baea-97d15ef67577,Deep Fried Wontons,Fried Dim Sum
530ed31c-72d4-5720-8359-3567f5d1aa8f,72f9af19-cf6c-551a-baea-97d15ef67577,Steamed Chicken Dumplings,Steamed Dim Sum
950be2df-9e2f-501f-93c0-11c6c32bac52,72f9af19-cf6c-551a-baea-97d15ef67577,Chinese Cabbage Wrapped Shrimp,Steamed Dim Sum
9c142738-babd-5f1d-8c6c-1bf657fccadb,72f9af19-cf6c-551a-baea-97d15ef67577,Shumai Spicy Shrimp,Steamed Dim Sum
172d2afc-f0c5-5bf7-a14a-c2e8ab185058,72f9af19-cf6c-551a-baea-97d15ef67577,Shumai Shrimp and Mix Vegetable,Steamed Dim Sum
7474b4c7-e446-5714-a2fe-20859604709c,72f9af19-cf6c-551a-baea-97d15ef67577,Szechuan Fried Rice,Rice & Noodle
4a019424-29ed-53bb-8da5-dd3197bb19f5,72f9af19-cf6c-551a-baea-97d15ef67577,Chinese Tofu,Steamed Dim Sum
742fffb5-cd58-5356-960d-10b09539b961,72f9af19-cf6c-551a-baea-97d15ef67577,Steamed Fish and Shrimp,Steamed Dim Sum
874aae69-c0e5-50fb-be96-20466be8d82d,0b22a4e1-7565-5003-b0f9-9bc65b980764,Plain Rice,Rice
2f64d5e9-d547-515b-b8e3-396551fc10fe,0b22a4e1-7565-5003-b0f9-9bc65b980764,Rui Fish,Curry
d0267ab9-ad56-5c19-a1f7-23cddd055842,0b22a4e1-7565-5003-b0f9-9bc65b980764,Coral Fish,Curry
95ebff1f-bb5a-538f-9bbb-0af3e2d2c190,0b22a4e1-7565-5003-b0f9-9bc65b980764,Rupchada Fish,Curry
2ee3d4a2-7254-5ea0-a225-8e2f837f3fb2,0b22a4e1-7565-5003-b0f9-9bc65b980764,Chicken Curry,Curry
7cea951b-03e6-5b55-ae52-3460be97a14f,0b22a4e1-7565-5003-b0f9-9bc65b980764,Chicken Jhal Fry,Curry
40cf1c26-829b-557f-b67d-af4f6916a228,0b22a4e1-7565-5003-b0f9-9bc65b980764,Loitta Fry,Curry
7c5e65c8-6ec8-5023-87a2-15f39a1dafad,0b22a4e1-7565-5003-b0f9-9bc65b980764,Chicken Akhni Biryani,Rice
50e2032e-d7ce-5c0d-a628-2ef2d3d1851e,0b22a4e1-7565-5003-b0f9-9bc65b980764,Mezbani Beef Nola,Curry
8f82330d-0f37-5ff0-9b74-b45cbdfff513,0b22a4e1-7565-5003-b0f9-9bc65b980764,Ghono Dal,Curry
60484e0e-2ec0-51d9-afcb-b021c9acf850,0b22a4e1-7565-5003-b0f9-9bc65b980764,Beef Akhni Biryani,Rice
924ca215-f84d-5f7c-b9d6-5e57311e5b19,0b22a4e1-7565-5003-b0f9-9bc65b980764,Mezbani Special Set,Set Menu
627e1d6d-eb4c-5055-b592-d2f9c1b9c056,0b22a4e1-7565-5003-b0f9-9bc65b980764,Mezbaan Special Polao Roast,Rice
da337f7a-62e9-5124-9aef-2068458c0dd3,0b22a4e1-7565-5003-b0f9-9bc65b980764,Mezbaan Special Polao,Rice
4328b818-909a-509c-b213-03eb60a791ae,0b22a4e1-7565-5003-b0f9-9bc65b980764,Set Menu 1,Set Menu
b802ea02-f73d-5c71-8d58-36c6b2958c29,0b22a4e1-7565-5003-b0f9-9bc65b980764,Set Menu 2,Set Menu
1d7b88c1-55fd-58f9-abae-a50768f16866,0b22a4e1-7565-5003-b0f9-9bc65b980764,Set Menu 4,Set Menu
15b4b01c-f760-5f05-a032-6ab773a56cc4,0b22a4e1-7565-5003-b0f9-9bc65b980764,Set Menu 5,Set Menu
02432745-976c-535b-9bab-e095d920a9ac,0b22a4e1-7565-5003-b0f9-9bc65b980764,Set Menu - 3,Set Menu
b8a83b1b-d2e5-5b27-869c-490b965217b0,0b22a4e1-7565-5003-b0f9-9bc65b980764,Dine Special Burhani,Beverage
b0670757-5ad1-58ad-9f0d-b8638f4f4c3c,0b22a4e1-7565-5003-b0f9-9bc65b980764,Dine Special Firni,Dessert
cab928f5-2af4-5399-ac62-c1474cfbce9c,0b22a4e1-7565-5003-b0f9-9bc65b980764,Mezbani Chonar Dal,Curry
d00dbe38-e352-5e45-ad4f-befd2554007b,0b22a4e1-7565-5003-b0f9-9bc65b980764,MezbaanSpecial Beef Bhuna Khichuri,Rice
5a11da90-906a-5097-bb9f-51267097a2fa,0b22a4e1-7565-5003-b0f9-9bc65b980764,Mezbaan Beef Kala Bhuna - Boneless,Curry
092fc053-4e8e-5482-bc86-328abb3b57e7,0b22a4e1-7565-5003-b0f9-9bc65b980764,MezbaanSpecial Chicken Bhuna Khichuri,Rice
461c4b5b-e550-5598-b2bc-ababa4949a50,0b22a4e1-7565-5003-b0f9-9bc65b980764,Loti Chingri,Vegetable
3bd44bd7-680f-5dbe-adf6-a30ea5b5ad7b,0b22a4e1-7565-5003-b0f9-9bc65b980764,Mezbani Gosto,Curry
169b3f88-8b97-56c0-bf74-1ed2f343ec61,0b22a4e1-7565-5003-b0f9-9bc65b980764,Chicken Mezbaani Roll,Snacks
01236d48-c5b4-51cb-938a-3558bc68647b,0b22a4e1-7565-5003-b0f9-9bc65b980764,Luchi,Luchi & Naan
813d9616-adc0-555c-952d-e12ddf581216,0b22a4e1-7565-5003-b0f9-9bc65b980764,Butter Naan,Luchi & Naan
d48c6b67-2948-5dd8-b104-c9392bdab508,0b22a4e1-7565-5003-b0f9-9bc65b980764,Garlic Naan,Luchi & Naan
9b4b6788-15dd-5b48-b37c-fd30400f68f8,0b22a4e1-7565-5003-b0f9-9bc65b980764,Plain Naan,Luchi & Naan
2612e99e-3032-5d8f-a50e-681921172125,0b22a4e1-7565-5003-b0f9-9bc65b980764,Ring Porota,Luchi & Naan
af4629ba-5676-5978-90d7-bd2e1ef063cf,0b22a4e1-7565-5003-b0f9-9bc65b980764,Chicken Tandoori,Kebab & Grill
f9783453-ec67-5b23-895a-bac468f819aa,0b22a4e1-7565-5003-b0f9-9bc65b980764,Chicken Hariyali,Kebab & Grill
6baf2a6a-bf66-5905-90ef-55374379d43e,0b22a4e1-7565-5003-b0f9-9bc65b980764,Chicken Cheesy Reshmi,Kebab & Grill
3bfff871-616b-5533-9862-d5cf4bf5039a,0b22a4e1-7565-5003-b0f9-9bc65b980764,Beef Mezbaani Roll,Snacks
58f0a496-98a8-5e53-bfdb-683c24fd460f,0b22a4e1-7565-5003-b0f9-9bc65b980764,Chicken Tikka Kebab,Kebab & Grill
47483bf2-8959-537d-a1b2-a5b6aeba4901,0b22a4e1-7565-5003-b0f9-9bc65b980764,Chicken Tandoori Kebab,Kebab & Grill
5af75408-ed10-58a8-bc57-ea6712e04c04,0b22a4e1-7565-5003-b0f9-9bc65b980764,Korola Chingri,Vegetable
a50d7936-bbe1-547e-be17-80f5e9dfab50,0b22a4e1-7565-5003-b0f9-9bc65b980764,Chicken Malai,Kebab & Grill
9f9c81b2-43bd-55b0-b69a-c1a59b6acd13,0b22a4e1-7565-5003-b0f9-9bc65b980764,Tawa Vegetable,Vegetable
d0d9345f-c561-57e8-b49e-697e7e2b5bec,0b22a4e1-7565-5003-b0f9-9bc65b980764,Lal Shak Chingri,Vegetable
607d4fe6-31ce-57cb-944a-3a1c13b4f064,0b22a4e1-7565-5003-b0f9-9bc65b980764,Begun Bhaji,Vegetable
8b391545-c353-506e-8f63-945aa6212ca4,0b22a4e1-7565-5003-b0f9-9bc65b980764,Lau Chingri,Vegetable
87a557f5-7ea5-5d70-9ec6-2e7f2cb6c7aa,0b22a4e1-7565-5003-b0f9-9bc65b980764,Mach Bhorta,Bhorta
b1490b68-9ac7-5af2-be15-0debbe22bd61,0b22a4e1-7565-5003-b0f9-9bc65b980764,Begun Bhorta,Bhorta
cd3b3fd0-9247-54c6-8fa9-12d45be6fc03,0b22a4e1-7565-5003-b0f9-9bc65b980764,Tomato Bhorta,Bhorta
b5b5234a-2313-5a33-b625-b0011dc992b9,0b22a4e1-7565-5003-b0f9-9bc65b980764,Alu Bhorta - Ghee Makha,Bhorta
4f821416-9b0a-537f-b557-e07e7e21ee56,0b22a4e1-7565-5003-b0f9-9bc65b980764,Loitta Shutki Bhorta,Bhorta
6b7c9026-e634-50ab-947a-b7e14dc7feec,7d4a4ea3-ff91-5d3a-a33c-1adf4112aae5,Raspberry Mojito,KOKEN
19735452-fd56-57c6-b212-808cdb325526,7d4a4ea3-ff91-5d3a-a33c-1adf4112aae5,Oreo Orchestra,KOKEN
c2a76653-4ab3-5f4d-a8fb-bfc5f8742434,7d4a4ea3-ff91-5d3a-a33c-1adf4112aae5,Iced Lemon Tea,KOKEN
2d6ec194-a670-53a4-9f1b-72bc89a7491e,7d4a4ea3-ff91-5d3a-a33c-1adf4112aae5,Blue Ocean,KOKEN
c40f4a6c-c13c-5c8b-996d-c284bf37f6ca,7d4a4ea3-ff91-5d3a-a33c-1adf4112aae5,Fresh Lemon Soda,KOKEN
b6efceee-50c8-590a-9062-a059c9348747,7d4a4ea3-ff91-5d3a-a33c-1adf4112aae5,Green Apple Lemon Mint,KOKEN
d3f245b9-c013-5aee-93e8-3e831d394ea9,7d4a4ea3-ff91-5d3a-a33c-1adf4112aae5,Orange Mojito,KOKEN
3959956b-0e10-5c16-9501-cf5ee2c86839,7d4a4ea3-ff91-5d3a-a33c-1adf4112aae5,Cox's Lemon,KOKEN
1839d731-2d80-5fe7-8dc7-7c19bd67c056,7d4a4ea3-ff91-5d3a-a33c-1adf4112aae5,Lemon Mint Mojito,KOKEN
b25bc31d-c6fc-577a-a80a-3b6562ce2aca,7d4a4ea3-ff91-5d3a-a33c-1adf4112aae5,Kiwi Mojito,KOKEN
af85b3df-9a3d-5c2f-8cd5-eb409cfc4670,7d4a4ea3-ff91-5d3a-a33c-1adf4112aae5,Valentines Special Pizza,Love Specials
0e8e7067-7013-5ed3-a787-866a42f97b77,7d4a4ea3-ff91-5d3a-a33c-1adf4112aae5,Americano,KOKEN
6787562c-5c6b-59ee-b590-f4213c411639,7d4a4ea3-ff91-5d3a-a33c-1adf4112aae5,Espresso,KOKEN
e2ff43ac-3edb-5a08-a28f-8a02e1ec13f5,7d4a4ea3-ff91-5d3a-a33c-1adf4112aae5,Vanilla Iced Latte,KOKEN
21462898-103a-5751-ab6a-b780204b64fe,7d4a4ea3-ff91-5d3a-a33c-1adf4112aae5,Blueberry Mojito,KOKEN
30e02510-92b0-5d87-a3f2-ee541e8781f5,7d4a4ea3-ff91-5d3a-a33c-1adf4112aae5,Hazelnut Iced Latte,KOKEN
c70b6f4a-6409-5242-88da-241317d2c969,7d4a4ea3-ff91-5d3a-a33c-1adf4112aae5,Caramel Iced Latte,KOKEN
2c41af17-14eb-5b6b-b939-951c81a89e91,7d4a4ea3-ff91-5d3a-a33c-1adf4112aae5,Cookie Iced Latte,KOKEN
9ccddd1a-42f3-5d4e-b28d-b3c70fd0299f,7d4a4ea3-ff91-5d3a-a33c-1adf4112aae5,Mocha,KOKEN
76f8c858-5c1e-5cf9-b6f3-74339e299880,7d4a4ea3-ff91-5d3a-a33c-1adf4112aae5,American Fries,Snacks
44a71d90-7251-5a10-a379-beaf5748989c,7d4a4ea3-ff91-5d3a-a33c-1adf4112aae5,Chicken Lollipop,Snacks
950913ba-649f-5d41-a769-169630178d47,7d4a4ea3-ff91-5d3a-a33c-1adf4112aae5,Chocolate Fantasy,KOKEN
130edd62-87a9-5ac5-a255-f9a96c5f347d,7d4a4ea3-ff91-5d3a-a33c-1adf4112aae5,Cappuccino,KOKEN
985a0238-2c9d-5b16-b316-4f4d7938465b,7d4a4ea3-ff91-5d3a-a33c-1adf4112aae5,Velvet Strawberry,KOKEN
b393ed56-2416-57b9-a3d9-f526ec7d821c,7d4a4ea3-ff91-5d3a-a33c-1adf4112aae5,BBQ Chicken Burger,Burger
87eb9693-d830-5837-82c6-2ece0646ec35,7d4a4ea3-ff91-5d3a-a33c-1adf4112aae5,Vanilla Silk,KOKEN
4d9fb74a-d614-54ae-9acc-0fda095214a1,7d4a4ea3-ff91-5d3a-a33c-1adf4112aae5,The Everything Chicken Pizza,Pizza
6df38ab7-4a9a-50b1-9e4f-2d9d920b2789,7d4a4ea3-ff91-5d3a-a33c-1adf4112aae5,The Everything Beef Pizza,Pizza
468c8fa0-8590-5fa5-98b7-44374a50392c,7d4a4ea3-ff91-5d3a-a33c-1adf4112aae5,BBQ Meat Machine Pizza,Pizza
6f459899-fe97-5277-b361-9d3d14e1ad45,7d4a4ea3-ff91-5d3a-a33c-1adf4112aae5,Sausage Carnival Pizza,Pizza
c98caf88-24f2-5889-a42d-e4874233a0eb,7d4a4ea3-ff91-5d3a-a33c-1adf4112aae5,Killer KitKat,KOKEN
d115bfe4-4a5b-5f0a-888b-18358e8b08f2,7d4a4ea3-ff91-5d3a-a33c-1adf4112aae5,Four Flavors Pizza,Pizza
9124610a-2053-5945-8734-98ecce497d7e,7d4a4ea3-ff91-5d3a-a33c-1adf4112aae5,Mac & Cheese Pizza,Pizza
cd3d4a7c-7481-5a5c-b50d-531f0999b095,7d4a4ea3-ff91-5d3a-a33c-1adf4112aae5,Moner Moto Pizza - Small,Pizza
7b6c99dd-feb0-509d-b7f1-e476b3210010,7d4a4ea3-ff91-5d3a-a33c-1adf4112aae5,Moner Moto Pizza - Medium,Pizza
58fe210a-2280-5961-9516-02819d4af261,7d4a4ea3-ff91-5d3a-a33c-1adf4112aae5,Moner Moto Pizza - Large,Pizza
d54b58a7-6f26-5148-9045-f36366b4de44,7d4a4ea3-ff91-5d3a-a33c-1adf4112aae5,Cheddar Cream Pizza,Pizza
96ed0f89-007f-54ac-965b-56e693380a13,7d4a4ea3-ff91-5d3a-a33c-1adf4112aae5,Meaty Onion Pizza,Pizza
40f98168-98ff-5a5d-86f5-41cd2404c34b,7d4a4ea3-ff91-5d3a-a33c-1adf4112aae5,Tender Beef Pizza,Pizza
26c37a9d-f080-5d0a-bcb4-be8c31862d8d,7d4a4ea3-ff91-5d3a-a33c-1adf4112aae5,Royal Silk Pizza,Pizza
6ce3e2e4-7367-5e93-b01b-0d061dbe9279,7d4a4ea3-ff91-5d3a-a33c-1adf4112aae5,Chicken Juicy Bomb,Burger
c4cf875c-b4df-5853-88db-3c0a5359a0f3,7d4a4ea3-ff91-5d3a-a33c-1adf4112aae5,BBQ Beef Burger,Burger
1b1dbfbe-6ea5-5acf-b89c-9ebce35466ae,7d4a4ea3-ff91-5d3a-a33c-1adf4112aae5,Beef Tongue Slayer,Burger
2ae3dd1b-1904-5973-bb12-0322b9491d60,7d4a4ea3-ff91-5d3a-a33c-1adf4112aae5,Beef Juicy Bomb,Burger
81a5632f-8f02-5b1b-9cd9-e0a049ce5ac6,7d4a4ea3-ff91-5d3a-a33c-1adf4112aae5,Beef Cheese Volcano,Burger
2d3bcee0-ff6f-5f88-ba48-f237e2db6b0a,7d4a4ea3-ff91-5d3a-a33c-1adf4112aae5,Chicken Cheese Volcano,Burger
d80e2477-9e5b-57e5-808f-af1db942e617,7d4a4ea3-ff91-5d3a-a33c-1adf4112aae5,Couple Combo,Combo
e5e1cddb-244a-510c-bce7-c413448a8b08,7d4a4ea3-ff91-5d3a-a33c-1adf4112aae5,Kebab Cocktail Pizza,Pizza
b9cbfcd6-25b9-50ec-a8ef-6a82c33b6a3f,7d4a4ea3-ff91-5d3a-a33c-1adf4112aae5,Chicken Tongue Slayer,Burger
ab704a85-f98e-5864-abe6-a98aaa52c6ab,6db1ed8e-75d7-5ce2-9003-8ac12181ea6d,Mutton Bhuna,Mutton
b930b3ce-a272-5a70-a9e9-7c4f29ba21c9,6db1ed8e-75d7-5ce2-9003-8ac12181ea6d,Chicken Jhal Fry,Chicken
8e195ea1-687a-58ad-a4b3-77c8ed7213c3,6db1ed8e-75d7-5ce2-9003-8ac12181ea6d,Chicken Rezala,Chicken
ee9339f9-6ac4-57b9-a79d-7f7564b944cd,6db1ed8e-75d7-5ce2-9003-8ac12181ea6d,Special Beef Kala Bhuna,Beef
097c17ea-b4cd-5be5-8b83-1406fa44d5c7,6db1ed8e-75d7-5ce2-9003-8ac12181ea6d,Beef Kala Bhuna,Beef
4236dd71-e9e1-5410-8ac4-8c49d9d2dd0c,6db1ed8e-75d7-5ce2-9003-8ac12181ea6d,Plain Rice,Rice
632ce8fa-3bd5-564b-9cf7-3e719a5363bd,6db1ed8e-75d7-5ce2-9003-8ac12181ea6d,Rui Fish,Fish & Prawn
c3569644-30b7-598d-9f37-f8fe21014e72,6db1ed8e-75d7-5ce2-9003-8ac12181ea6d,Rupchanda Fish,Fish & Prawn
edfa24ea-f055-58f7-8908-ff65912a19c0,6db1ed8e-75d7-5ce2-9003-8ac12181ea6d,Plain Dal,Curry
5a03c38a-fa1f-57cc-a082-5987ca575463,6db1ed8e-75d7-5ce2-9003-8ac12181ea6d,Mixed Vegetable,Vegetable
6fc49ff2-2815-5d00-9eca-ef859258548a,6db1ed8e-75d7-5ce2-9003-8ac12181ea6d,Special Mutton Bhuna,Mutton
3424a88b-256a-5383-8c84-f252bc4cb51c,6db1ed8e-75d7-5ce2-9003-8ac12181ea6d,Purnima Special Chowmein,Chowmein
8e8f3812-bd2f-5056-be05-faa868ec9378,6db1ed8e-75d7-5ce2-9003-8ac12181ea6d,Beef Sheek,Kebab & Grill
23d2820b-e60a-57b5-b5c2-eb455358c09f,6db1ed8e-75d7-5ce2-9003-8ac12181ea6d,Egg Chowmein,Chowmein
b73470b0-53c3-5e7f-b1c4-413c0cbd6ee3,6db1ed8e-75d7-5ce2-9003-8ac12181ea6d,Beef Bhuna,Breakfast
110626e9-f04b-55b5-a775-920c907fc93a,6db1ed8e-75d7-5ce2-9003-8ac12181ea6d,Mutton Paya,Breakfast
4ea4151f-3328-5f80-b3ad-75a5ccc18884,6db1ed8e-75d7-5ce2-9003-8ac12181ea6d,Chicken Soup,Breakfast
30e5d3f5-b482-511b-b8fe-11a0c6fef8a2,6db1ed8e-75d7-5ce2-9003-8ac12181ea6d,Peshwari Paratha,Paratha & Naan
6fe6b1ae-4eb0-5f48-8844-66d4639d53b2,6db1ed8e-75d7-5ce2-9003-8ac12181ea6d,Chicken Tikka,Kebab & Grill
7ba1dcd2-dd7a-585e-bccf-7429225c864c,6db1ed8e-75d7-5ce2-9003-8ac12181ea6d,Vegetable Chowmein,Chowmein
f4788d5e-a43c-5047-934e-e749cb970f5b,6db1ed8e-75d7-5ce2-9003-8ac12181ea6d,Mutton Boti Kebab,Kebab & Grill
775099b3-7b46-5b25-bbe3-c0ba66f4ebb6,6db1ed8e-75d7-5ce2-9003-8ac12181ea6d,Boti Kebab,Kebab & Grill
5c121eeb-a7c3-5f29-858f-0b54c30ab014,6db1ed8e-75d7-5ce2-9003-8ac12181ea6d,Chicken Chowmein,Chowmein
e2fbbfd9-be7a-58a4-bae6-569d2b995085,6db1ed8e-75d7-5ce2-9003-8ac12181ea6d,Beef Chowmein,Chowmein
5a77b1a7-8288-5745-8707-5062b0c8eb59,6db1ed8e-75d7-5ce2-9003-8ac12181ea6d,Prawn Chowmein,Chowmein
d618cf3e-72ea-51af-9c20-2686193101fc,6db1ed8e-75d7-5ce2-9003-8ac12181ea6d,BBQ Chicken,Kebab & Grill
3cc8aa6c-674d-5594-aa07-282876c89274,fb68659d-c49d-5c67-9551-c470b3707b78,Stir Fried Minced Chicken with Basil Leaf,Chicken
41a82992-8aab-5980-8d96-7852ff697785,fb68659d-c49d-5c67-9551-c470b3707b78,Stir Fried Chicken with Garlic and Pepper,Chicken
fb8c15d2-862e-5aaf-8f20-ebe0009e0064,fb68659d-c49d-5c67-9551-c470b3707b78,"Hot, Sweet and Sour Chicken",Chicken
9d95e466-bf1a-5f26-826e-893d7e2a011f,fb68659d-c49d-5c67-9551-c470b3707b78,Thai Fried Chicken,Chicken
c229f97f-7599-567b-99d3-b058b27dc7df,fb68659d-c49d-5c67-9551-c470b3707b78,Thai Lemon Tea,Tea & Coffee
9aa74dcc-70c4-592b-bb74-e0ab44b9c122,fb68659d-c49d-5c67-9551-c470b3707b78,Thai Ice Tea With Milk,Tea & Coffee
e2328567-9f94-5882-a0d0-d95f243cbbf7,fb68659d-c49d-5c67-9551-c470b3707b78,Steamed Rice (Individual Portion),Rice
1ff2b7c6-2e97-515e-9062-3ace194f1408,fb68659d-c49d-5c67-9551-c470b3707b78,Egg Fried Rice,Rice
3452353f-933d-529c-83af-e089d626c415,fb68659d-c49d-5c67-9551-c470b3707b78,Lotus Set,Soi 71 Select Sets
3cef41c7-f3e9-5c3d-bf34-ecba66b97906,fb68659d-c49d-5c67-9551-c470b3707b78,Orchid Set,Soi 71 Select Sets
30555be2-6443-5c6c-9530-0fef1301194c,fb68659d-c49d-5c67-9551-c470b3707b78,Jasmine Set,Soi 71 Select Sets
b738a00c-1172-5141-8018-15536039b5df,fb68659d-c49d-5c67-9551-c470b3707b78,Chicken Green Curry with Coconut Milk,Chicken
6371483f-ea13-5780-92f5-b407d41488bd,fb68659d-c49d-5c67-9551-c470b3707b78,Wok Fried Rice with Chicken & Basil Leaf,Rice
cb3113d6-8375-5e85-a459-8e9994f55d75,fb68659d-c49d-5c67-9551-c470b3707b78,Chicken Red Curry with Coconut Milk,Chicken
8e96d175-f9a2-5f08-bc37-74628463fbfa,fb68659d-c49d-5c67-9551-c470b3707b78,Regal Lamb Shank Massaman Curry Served with Steamed Rice,Lamb
d89d27bd-61d3-5143-af58-f0e6872dcfb9,fb68659d-c49d-5c67-9551-c470b3707b78,Whole Grilled Chicken,Chicken
3081ca78-d445-50af-90f8-248ddb4e4d27,fb68659d-c49d-5c67-9551-c470b3707b78,Prawn on Toast with Soi 71 Special Sauce,Appetizer
02cfe93c-d46e-58d9-adcb-2b1107d96248,fb68659d-c49d-5c67-9551-c470b3707b78,Crispy Kang Kong with Peanut Sauce,Appetizer
6450e07d-6133-57bc-999b-996e16ad8097,fb68659d-c49d-5c67-9551-c470b3707b78,Crispy Wonton,Appetizer
12e31158-1d43-5487-b523-2922c99610b9,fb68659d-c49d-5c67-9551-c470b3707b78,Thai Seafood Salad,Salad
fa0ea622-4565-57db-8423-0a44821c8cc2,fb68659d-c49d-5c67-9551-c470b3707b78,Cold Beef Cuts in Chili Sauce,Appetizer
5a88e1af-e5fb-5c3d-a651-5246b00c4e40,fb68659d-c49d-5c67-9551-c470b3707b78,Tangy Minced Chicken Salad (Larb Gai),Salad
0ee1d59b-1959-56c5-93ea-f36620f85680,fb68659d-c49d-5c67-9551-c470b3707b78,Fresh Green Papaya Salad ( Som Tam),Salad
f87291e2-b03c-5037-9281-b116da696839,fb68659d-c49d-5c67-9551-c470b3707b78,Fried Spring Roll,Appetizer
dec07469-9e82-5bdc-9e40-975b5ad96c0f,fb68659d-c49d-5c67-9551-c470b3707b78,Beef Green Curry with Coconut Milk,Beef
ad59d7de-63cc-5e49-af06-a1ece905823f,fb68659d-c49d-5c67-9551-c470b3707b78,Beef Red Curry with Coconut Milk,Beef
bc256743-d79f-5c1e-9a59-123730b8fa08,fb68659d-c49d-5c67-9551-c470b3707b78,Mixed Vegetable with Beef in Thick Gravy,Beef
744bed45-b929-5c18-b096-96427ef3bed7,fb68659d-c49d-5c67-9551-c470b3707b78,Stir Fried Beef with Garlic & Pepper,Beef
ec8beafb-6cf7-5877-a236-ad93cb72f82b,fb68659d-c49d-5c67-9551-c470b3707b78,Stir Fried Beef with Mushroom and Ginger,Beef
97176426-4478-5439-9595-c9ef420b4c36,fb68659d-c49d-5c67-9551-c470b3707b78,Soi 71 Grilled Chicken Skewers,Chicken
480c97c6-f732-51fe-ad2b-490c50fd7ca3,fb68659d-c49d-5c67-9551-c470b3707b78,Stir Fried Beef with Green Chili & Onion,Beef
8d6ee36a-7d63-5a0f-b5ab-e20544f9c757,fb68659d-c49d-5c67-9551-c470b3707b78,Sliced Beef in Oyster Sauce,Beef
0baaaab4-bcfb-5e28-b6bf-83c6e369c2f5,fb68659d-c49d-5c67-9551-c470b3707b78,Velvet Black Pepper Beef,Beef
05178faf-befa-5774-a372-931a1d6b0dd8,d58446bf-36cb-5832-bf34-a509e5bc93a0,Et Dürüm,Main Course
bfcbe3a5-3495-59f1-b768-69a7f67aa848,d58446bf-36cb-5832-bf34-a509e5bc93a0,Charcoal Grilled Tavuk Pirzola,Main Course
1d1a0cec-fc49-5eda-823b-12a5d3301bd3,d58446bf-36cb-5832-bf34-a509e5bc93a0,Inegol Kofte,Main Course
a69964c4-5357-5842-9722-04f1b3510e12,d58446bf-36cb-5832-bf34-a509e5bc93a0,Izgara Kofte,Main Course
3b94b340-7ccb-5fc9-83a8-67154665d368,d58446bf-36cb-5832-bf34-a509e5bc93a0,Charcoal Grilled Tavuk Kanat,Main Course
23e41bf3-a6db-5f34-8672-723168f8cdc7,d58446bf-36cb-5832-bf34-a509e5bc93a0,Charcoal Grilled Tavuk Sis Kebab,Main Course
a0940639-49f0-54dc-8e49-f0e32dec42f4,d58446bf-36cb-5832-bf34-a509e5bc93a0,Charcoal Grilled Chicken Beyti Kebab,Main Course
350d37eb-ed5f-5b58-aff2-9599406cea87,d58446bf-36cb-5832-bf34-a509e5bc93a0,Charcoal Grilled Lamb Beyti Kebab,Main Course
015ebc72-8d0e-539c-9377-8d231ac25035,d58446bf-36cb-5832-bf34-a509e5bc93a0,Tavuk Dürüm,Main Course
65652c6a-9d22-5c9a-a3d7-cd71da889bc1,d58446bf-36cb-5832-bf34-a509e5bc93a0,Charcoal Grilled Beef Beyti Kebab,Main Course
2e286a16-5e83-5918-927e-4db1f9d3ebdd,d58446bf-36cb-5832-bf34-a509e5bc93a0,Charcoal Grilled Lamb Adana Kebab,Main Course
42ec6169-e191-57c4-be31-00fdaad4b6b8,d58446bf-36cb-5832-bf34-a509e5bc93a0,Charcoal Grilled Chicken Adana Kebab,Main Course
0d9369b9-1485-51d9-a3ff-265a2d10c11a,d58446bf-36cb-5832-bf34-a509e5bc93a0,Hummus,Appetizer
725cb752-4a3b-544c-9044-ec28408c45d9,d58446bf-36cb-5832-bf34-a509e5bc93a0,Salsali Dometes Ezmesi,Appetizer
25af7857-6f3b-5a7c-8971-d6b7f777ecae,d58446bf-36cb-5832-bf34-a509e5bc93a0,Mix Meze,Appetizer
7e67bb71-48ce-5586-8c4b-880dfab30b50,d58446bf-36cb-5832-bf34-a509e5bc93a0,Haydari,Appetizer
98ae7dd1-96cc-5a9f-825f-d974704cfa1d,d58446bf-36cb-5832-bf34-a509e5bc93a0,Ottoman Platter,Platter
54f94afb-6ed1-5538-a57c-7afdeefc65fd,d58446bf-36cb-5832-bf34-a509e5bc93a0,Special Couple Platter (1:2),Platter
d0c738c2-88b8-5c16-88ef-bef503024fe3,d58446bf-36cb-5832-bf34-a509e5bc93a0,Sultan Suleyman Platter (1:12),Platter
a708d6a3-cd17-5175-b34e-da2eb524a895,d58446bf-36cb-5832-bf34-a509e5bc93a0,Charcoal Grilled Beef Adana Kebab,Main Course
beb801c6-8035-5e5b-8516-61d7214074cc,d58446bf-36cb-5832-bf34-a509e5bc93a0,Adana Sofrasi Special Mixed Platter,Platter
2151c728-c4c1-5007-98d5-ef602221284e,16aca7f0-3e91-57e3-8d45-fe0e303647c0,Malta Juice,Juice
f80eda2c-e5ad-5842-9051-f6d22ddcf92b,16aca7f0-3e91-57e3-8d45-fe0e303647c0,Firni,Desserts
bead009f-643f-5790-ac13-48f12ec2c9be,16aca7f0-3e91-57e3-8d45-fe0e303647c0,Pudding,Desserts
e3baad21-18c1-59b4-9acc-d5fa4506602b,16aca7f0-3e91-57e3-8d45-fe0e303647c0,Mutton Kosha,Lunch & Dinner Items
47be6590-3078-514f-b9e8-8a8e0e8f1bcc,16aca7f0-3e91-57e3-8d45-fe0e303647c0,Green Mango Juice,Juice
601b80c5-24b2-58ca-8ec4-d98db7b0b01c,16aca7f0-3e91-57e3-8d45-fe0e303647c0,Papaya Juice (Per Glass),Juice
915ee1ea-2fa6-5333-9584-52a4cfff4da7,16aca7f0-3e91-57e3-8d45-fe0e303647c0,Sweet Lassi,Drinks
aedf92f8-a78a-5038-b0ce-4f83eb889315,16aca7f0-3e91-57e3-8d45-fe0e303647c0,Coffee,Drinks
21da347a-76a1-535e-869f-2910fffc59ee,16aca7f0-3e91-57e3-8d45-fe0e303647c0,Doi (1 Kg),Drinks
7e5cc11c-fe30-5fdb-8d5e-48e787c2067f,16aca7f0-3e91-57e3-8d45-fe0e303647c0,Labang (250 Ml),Drinks
977a6332-65c1-5998-87c4-6828224d7e35,16aca7f0-3e91-57e3-8d45-fe0e303647c0,Faluda (1:1),Desserts
44e99404-1bcb-5212-abb3-1e2d5190ee16,16aca7f0-3e91-57e3-8d45-fe0e303647c0,Khashir Kacchi Biryani With Kebab,Most Popular
68eaab4a-4ea3-5c48-b6a4-224b914f9534,16aca7f0-3e91-57e3-8d45-fe0e303647c0,Ripe Mango Juice,Juice
cf5c5be9-52a8-51c8-81d7-acc9e484433a,16aca7f0-3e91-57e3-8d45-fe0e303647c0,Kacchi Extra Meat,Biryani
1d1313c2-8ae3-5347-9d97-4da60857a296,16aca7f0-3e91-57e3-8d45-fe0e303647c0,Mosur Dal,"Bhorta, Bhaji & Dal"
04144d50-7eb2-5dee-8031-9b1212fcacb2,16aca7f0-3e91-57e3-8d45-fe0e303647c0,Chicken Biryani (Plain),Biryani
7070c590-e992-552a-ab7e-2c901f03764b,16aca7f0-3e91-57e3-8d45-fe0e303647c0,Vegetable,"Bhorta, Bhaji & Dal"
3ba81191-dcee-5221-bf21-f0c363d36247,16aca7f0-3e91-57e3-8d45-fe0e303647c0,Chicken Jhal Fry (Broiler),Rice & Curry
0d0ca6c9-e308-5538-ab78-6c27dd62744e,16aca7f0-3e91-57e3-8d45-fe0e303647c0,Chicken Jhal Fry (Deshi),Rice & Curry
3e9fc543-8531-5992-b88a-1ca708c62f9b,16aca7f0-3e91-57e3-8d45-fe0e303647c0,Chicken Biryani With Kebab,Biryani
4b1f8be2-0aac-533e-9b43-9b90a1a82312,16aca7f0-3e91-57e3-8d45-fe0e303647c0,Chicken Mossallam (Half Plate),Rice & Curry
486c165a-994d-560c-82d1-10356ef817ee,16aca7f0-3e91-57e3-8d45-fe0e303647c0,Chicken Single Roast,Rice & Curry
81741b64-a0e7-5a80-972a-ea38f20e310a,16aca7f0-3e91-57e3-8d45-fe0e303647c0,Khashir Chui Jhal,Rice & Curry
6400d7f0-7c02-595b-9a91-1d7c98e5798f,16aca7f0-3e91-57e3-8d45-fe0e303647c0,Khashir Kala Bhuna,Rice & Curry
8e3f203b-2066-524d-ba6d-13a6fd2f248e,16aca7f0-3e91-57e3-8d45-fe0e303647c0,Khashir Kacchi Biryani (Plain),Most Popular
1572dd18-07c6-56f3-ad2d-3d4e907b1256,16aca7f0-3e91-57e3-8d45-fe0e303647c0,Khashir Rezala,Rice & Curry
b3bdb06f-d11e-55b2-8d82-5192e1cb6a3b,16aca7f0-3e91-57e3-8d45-fe0e303647c0,Khasir Aloo Gosht,Rice & Curry
634c85cb-6a76-5679-b3c5-b0484d410052,16aca7f0-3e91-57e3-8d45-fe0e303647c0,Prawn Half,Rice & Curry
2872777b-7d78-57ba-be5d-270f91b49952,16aca7f0-3e91-57e3-8d45-fe0e303647c0,Sada Polao (Per Person),Rice & Curry
3c85ae3f-483d-5a60-8561-cf8915926e1e,16aca7f0-3e91-57e3-8d45-fe0e303647c0,Sada Bhat (Big),Rice & Curry
add390ce-1ceb-5bc2-bfa0-43eff1231e81,16aca7f0-3e91-57e3-8d45-fe0e303647c0,Rupchanda Fish,Rice & Curry
2502c6ac-e623-5afb-95bf-0b1618e51a31,16aca7f0-3e91-57e3-8d45-fe0e303647c0,Khashir Leg Roast (1 Pc),Rice & Curry
95bf263b-16e2-5dc5-8332-9fd713c7e633,16aca7f0-3e91-57e3-8d45-fe0e303647c0,Rui Fish (Big),Rice & Curry
679ea616-db09-56bc-8d1f-994e12c9ab2d,97231085-ca55-5e8a-b209-d24f250b6b19,Fried Rice (Chicken),Rice And Noodles
7636d633-ab81-590b-a081-e20c5644f10c,97231085-ca55-5e8a-b209-d24f250b6b19,Fried Rice (Mixed),Rice And Noodles
a9cf76ea-33fb-5f43-84ca-0160fa5f443a,97231085-ca55-5e8a-b209-d24f250b6b19,Khao Soi,Rice And Noodles
62e2da78-e994-5f4a-8c5f-6bf4ce5d9c97,97231085-ca55-5e8a-b209-d24f250b6b19,Pad Thai (Chicken),Rice And Noodles
f44ee3bb-fa86-59e1-802e-5d45e4061a5d,97231085-ca55-5e8a-b209-d24f250b6b19,Steamed Jasmine Rice,Rice And Noodles
75c5cd7e-33fc-5f10-951c-85f8e5946941,97231085-ca55-5e8a-b209-d24f250b6b19,Pad Thai (Prawn),Rice And Noodles
29281361-cba3-50d3-8e43-7d2d3c1c636e,97231085-ca55-5e8a-b209-d24f250b6b19,Pineapple Fried Rice,Rice And Noodles
5df883ce-5661-505e-9f5a-0d502998ad19,97231085-ca55-5e8a-b209-d24f250b6b19,Stir Fried Noodles (Beef),Rice And Noodles
416bdbea-44dc-5df0-97ac-91272c669543,97231085-ca55-5e8a-b209-d24f250b6b19,Stir Fried Noodles (Chicken),Rice And Noodles
0f2c400a-aef7-5d59-99f8-2d2032f42364,97231085-ca55-5e8a-b209-d24f250b6b19,Tom Yum Fried Rice (Beef),Rice And Noodles
93fb53db-c600-5c1b-b4f9-ac6f862fd3c6,97231085-ca55-5e8a-b209-d24f250b6b19,Pad Thai (Mixed),Rice And Noodles
eb14292a-64c8-5921-a7b2-2578ed8f71be,97231085-ca55-5e8a-b209-d24f250b6b19,Fried Rice (Beef),Rice And Noodles
0381b8dd-54fe-5d8f-857e-c2b9500bd581,97231085-ca55-5e8a-b209-d24f250b6b19,Grilled Sea Bass With Thai Herbs,Fish
09239995-72a3-5c83-95eb-1fba59793bdc,97231085-ca55-5e8a-b209-d24f250b6b19,Steamed Seabass With Chili And Lime Sauce,Fish
cba06e86-df1b-5c04-9f27-75b016957624,97231085-ca55-5e8a-b209-d24f250b6b19,Breaded Butterfly Prawn,Appetizer
02931440-1c0a-5410-8fc1-80b6e1cfbf8a,97231085-ca55-5e8a-b209-d24f250b6b19,Chicken Satay,Appetizer
f4fa45f2-8dc1-5635-860c-e6f83f040f23,97231085-ca55-5e8a-b209-d24f250b6b19,Crab Claw Prawn Cake,Appetizer
2b598a22-a48c-5a08-af4a-ed629b6533ab,97231085-ca55-5e8a-b209-d24f250b6b19,Deep Fried Tofu Skin With Seafood Stuffing,Appetizer
cd912589-a912-5686-867f-8b925020e94b,97231085-ca55-5e8a-b209-d24f250b6b19,Fish Cake,Appetizer
23d1c138-1a2d-5404-9ec9-d21eaf0e4b9e,97231085-ca55-5e8a-b209-d24f250b6b19,Fried Wontons,Appetizer
d73176ea-a1c0-5daa-b4c8-25acaa8c8097,97231085-ca55-5e8a-b209-d24f250b6b19,Egg Fried Rice,Rice And Noodles
0d165ebd-ceb9-59ca-a61e-5b1e1fcfa66a,97231085-ca55-5e8a-b209-d24f250b6b19,Grilled Street Style Beef Skewers,Appetizer
c7d3236b-168a-5fab-8b47-22f6b7e50198,97231085-ca55-5e8a-b209-d24f250b6b19,Prawn Dumpling With Curry Sauce,Appetizer
75c73916-93d8-5b87-b1bb-485b8e569882,97231085-ca55-5e8a-b209-d24f250b6b19,Premium Grilled Beef Sirloin With Namtok Sauce,Appetizer
676a0e54-97c2-58a3-846e-26cfd1908041,97231085-ca55-5e8a-b209-d24f250b6b19,Special Beef Curry With Coconut And Lemongrass,Beef
9f90476f-2c3a-5430-8be5-993561897b32,97231085-ca55-5e8a-b209-d24f250b6b19,Special Chicken Curry With Coconut And Lemongrass,Chicken
251ea76e-329f-5021-bdeb-5a472b333f04,97231085-ca55-5e8a-b209-d24f250b6b19,Deep-Fried Red Snapper With 3 FlavourChili Sauce,Fish
ff20eb65-2a79-5f78-9a53-74cda851b7c9,97231085-ca55-5e8a-b209-d24f250b6b19,Deep-Fried Sea Bass With Larb Sauce,Fish
9c53c0e0-748d-580b-a5f5-17a36e19bd0e,97231085-ca55-5e8a-b209-d24f250b6b19,Grilled Street Style Chicken Wings,Appetizer
387efad9-d364-57b9-be5a-95939d79846b,97231085-ca55-5e8a-b209-d24f250b6b19,Thai Chicken Wings,Appetizer
4d8cc938-9772-546d-9b52-ae766c4c0a7c,8e2ba131-8236-5bd9-b045-7d12c00b8d21,Shaw's Signature Ribeye Steak,Popular
ccac04d9-ce84-5811-a5d1-f74398ae2b19,8e2ba131-8236-5bd9-b045-7d12c00b8d21,Texas T-Bone Steak,Popular
9771a9e3-b47f-5d83-8054-705327be6e8d,8e2ba131-8236-5bd9-b045-7d12c00b8d21,Creamy Mushroom Chicken Marsala,Popular
107f2310-24d9-556c-b786-b94771bb8846,8e2ba131-8236-5bd9-b045-7d12c00b8d21,Signature Rib-Eye Alfredo Pasta,Popular
29527698-2cf5-5d9d-b07a-e10bb28c7356,8e2ba131-8236-5bd9-b045-7d12c00b8d21,Alfredo Grilled Chicken Pasta,Popular
4d284f44-8d15-574c-bb3d-26a36204a9b2,8e2ba131-8236-5bd9-b045-7d12c00b8d21,Loaded Chili Cheese Steak Fries,Popular
61a9f8ae-2886-5f09-85ee-9879ff8dba52,8e2ba131-8236-5bd9-b045-7d12c00b8d21,Cream of Mushroom,Soup
5eeefc16-43a1-5873-b3e6-f0500bbe7f5a,8e2ba131-8236-5bd9-b045-7d12c00b8d21,Spicy Chicken Hot & Sour Soup,Soup
6e8875dc-644b-5845-99c8-ee1ab63b596a,8e2ba131-8236-5bd9-b045-7d12c00b8d21,Clear Seafood Broth with Assorted Seafood,Soup
9c519411-780d-5d03-a241-4fff498b587a,8e2ba131-8236-5bd9-b045-7d12c00b8d21,Shaw's Seafood Chowder Soup,Soup
5d3972ec-f2fc-5d71-a7a7-6853332d0fa3,8e2ba131-8236-5bd9-b045-7d12c00b8d21,Loaded Creamy Potato Soup,Soup
69be350c-f164-5b88-909f-47c50ccf1a42,8e2ba131-8236-5bd9-b045-7d12c00b8d21,Oatmeal Beef Soup,Soup
94160822-6fc3-5d3b-8cd7-a56572ad5ae0,8e2ba131-8236-5bd9-b045-7d12c00b8d21,Assorted Seafood Salad with Citrus Lime Vinaigrette,Salad
e580ac3e-159e-58e6-9d4e-74330f9ab535,8e2ba131-8236-5bd9-b045-7d12c00b8d21,Creamy Seafood Mayo Salad,Salad
b1c9b888-03ab-5a4d-8606-d2a0561175cf,8e2ba131-8236-5bd9-b045-7d12c00b8d21,Pepper Steak Strip Salad,Salad
50b0aa17-a20a-54fd-9ec4-11cfbcd97411,8e2ba131-8236-5bd9-b045-7d12c00b8d21,Buffalo Wild Wings,Hot Starters
29cc1479-1362-57d6-8e16-e8ec0050f940,8e2ba131-8236-5bd9-b045-7d12c00b8d21,Mighty Beef Sliders,Hot Starters
8ee4dc56-f784-536a-bb27-90efbdfd1c72,8e2ba131-8236-5bd9-b045-7d12c00b8d21,"Shaw's Stuffed Mushroom with Shrimp, Cream Cheese, Wilted Spinach & Hollandaise",Hot Starters
d843b140-508b-5c9b-a76d-32529fe9e6de,8e2ba131-8236-5bd9-b045-7d12c00b8d21,Garlic Honey Tossed Chicken Bites with Loaded Onion Petals,Hot Starters
f4419c18-099d-5976-802b-8498abf6cbac,8e2ba131-8236-5bd9-b045-7d12c00b8d21,Creamy Spicy Mushroom,Hot Starters
f5d0ce06-81ec-5213-af37-746b2dc0edde,8e2ba131-8236-5bd9-b045-7d12c00b8d21,Loaded Chili Cheese Steak Fries,Hot Starters
ed928c25-1fb6-5a3d-9f15-f81f2a01be08,8e2ba131-8236-5bd9-b045-7d12c00b8d21,Steak Quesadilla,Hot Starters
3eeb7e54-4b28-5f5c-a144-952ece662142,8e2ba131-8236-5bd9-b045-7d12c00b8d21,Mediterranean Shrimp Bruschetta,Bruschetta & Crostini
8983a4e8-2a67-5359-b199-88e4035433ec,8e2ba131-8236-5bd9-b045-7d12c00b8d21,Classic Philly Cheesesteak Sandwich with Wedges,Gourmet Burger & Sandwich
fcbe2e37-0f85-5318-ae51-b71d6bd9a52f,8e2ba131-8236-5bd9-b045-7d12c00b8d21,Garlic Buttery Grilled Cheese Chicken Sandwich with Wedges,Gourmet Burger & Sandwich
ed46c08b-3173-5808-b816-1c924efbd304,8e2ba131-8236-5bd9-b045-7d12c00b8d21,Steakhouse Steak Burger with Hand Cut Wedges,Gourmet Burger & Sandwich
3e034af2-e9c5-50b1-977b-537a4c4d677c,8e2ba131-8236-5bd9-b045-7d12c00b8d21,Alfredo Grilled Chicken Pasta,Shaw's Pasta
32f60c11-e132-5390-a61e-d7e0483e4722,8e2ba131-8236-5bd9-b045-7d12c00b8d21,Signature Rib-Eye Alfredo Pasta,Shaw's Pasta
b7207f9b-f9ad-5b4e-be93-d5ae0a9ee814,8e2ba131-8236-5bd9-b045-7d12c00b8d21,Roasted Garlic Penne Chicken Pasta,Shaw's Pasta
b054b266-390a-5bc8-b46a-24fad1679cdc,8e2ba131-8236-5bd9-b045-7d12c00b8d21,Creamy Mushroom Chicken Marsala,Signature Chicken Dish
bd611d27-b4ab-5b4a-a1ef-72cdc57100b9,8e2ba131-8236-5bd9-b045-7d12c00b8d21,Mushroom Chicken Piccata,Signature Chicken Dish
9dcd900b-dd9b-5a38-9a3b-8120152d4397,8e2ba131-8236-5bd9-b045-7d12c00b8d21,Peri Peri Grilled Chicken,Signature Chicken Dish
a70ac52b-e9e3-51d8-a55a-2dbc6754d64a,8e2ba131-8236-5bd9-b045-7d12c00b8d21,Signature Pepper Herb Grilled Chicken,Signature Chicken Dish
62421d12-83bb-50d1-b1d8-adf266cfd04a,8e2ba131-8236-5bd9-b045-7d12c00b8d21,Lemon Pepper Honey Grilled Chicken,Signature Chicken Dish
3bdc655c-edc1-5750-8cab-828308be87b3,8e2ba131-8236-5bd9-b045-7d12c00b8d21,Texas T-Bone Steak,Signature Steak
566bc0d1-2f04-5aa8-ae7c-5a58dc8becf7,8e2ba131-8236-5bd9-b045-7d12c00b8d21,Shaw's Signature Ribeye Steak,Signature Steak
e4ac776e-3f3f-5747-8bc3-cfbb0e50152f,8e2ba131-8236-5bd9-b045-7d12c00b8d21,Premium Tomahawk Steak,Premium Steak
d4129881-c7bf-543a-8e91-9e45b211ca55,8e2ba131-8236-5bd9-b045-7d12c00b8d21,Signature Sirloin Steak & Pepper Grilled Chicken,Steak N' Mate
6f26d7a0-8993-546b-aab7-91bc1b44395c,8e2ba131-8236-5bd9-b045-7d12c00b8d21,"Shaw's Classic Surf & Turf Accompanied by Signature Rib-Eye Steak, Grilled Calamari & Lemon Pepper Grilled King Prawn",Steak N' Mate
a96c92e0-79f9-5225-b4ea-d7f1af8d96f4,8e2ba131-8236-5bd9-b045-7d12c00b8d21,Signature Rib-Eye Steak & Thermidor Style King Prawn,Steak N' Mate
accdf094-ab88-5a71-a607-2ad1c7cbe93b,8e2ba131-8236-5bd9-b045-7d12c00b8d21,Steak Quesadilla & Pepper Grilled ChHicken,Steak N' Mate
a7675e85-003d-5012-b0f1-2687b5b562a4,8e2ba131-8236-5bd9-b045-7d12c00b8d21,Grilled Fish Fillet with Lemon Butter Sauce,Signature Seafood
e67acc79-5960-53d7-bc0f-9023f473e0c6,8e2ba131-8236-5bd9-b045-7d12c00b8d21,Lemon Pepper Grilled King Prawn,Signature Seafood
0da7bd25-732a-5583-ad18-997bb4992804,8e2ba131-8236-5bd9-b045-7d12c00b8d21,Thermidor Style Grilled King Prawn,Signature Seafood
90b32255-957f-59af-8e55-816bd6834437,61fcfae6-5ecb-5f22-b573-a0e53c686e0a,Basmati Kacchi - 1:1,Popular
e182e295-6113-5559-8215-ec0bf9fcad5e,61fcfae6-5ecb-5f22-b573-a0e53c686e0a,Mutton Tehari 1:1,Popular
bceb5903-d65e-5c6c-ae54-699fa2327b5f,61fcfae6-5ecb-5f22-b573-a0e53c686e0a,Kacchi Khadok - 1:1,Popular
8f070fa4-2ae1-582e-9e27-59c336203e56,61fcfae6-5ecb-5f22-b573-a0e53c686e0a,Basmati Kacchi - 1:3,Popular
42217826-96d0-5995-b361-747e36b85805,61fcfae6-5ecb-5f22-b573-a0e53c686e0a,Plain Polao with Chicken Roast - 1:1,Popular
bf96fc3c-aa71-56a3-8e03-60103559cd82,61fcfae6-5ecb-5f22-b573-a0e53c686e0a,Beef Chaap with Plain Polao,Popular
181439c7-1eff-5ed5-a320-4cd77f653097,61fcfae6-5ecb-5f22-b573-a0e53c686e0a,Malai Lassi,Special Lassi
63a6677e-0f81-5f0a-be8e-fcf57b9a5905,61fcfae6-5ecb-5f22-b573-a0e53c686e0a,Chicken Roast,Curry
850ff855-039c-51da-809c-aa215c4c9438,61fcfae6-5ecb-5f22-b573-a0e53c686e0a,Beef Rezala,Curry
5f0db335-d8e6-5cf1-86f5-e3ff8c8c435d,61fcfae6-5ecb-5f22-b573-a0e53c686e0a,Beef Chui Jhal Gosht,Curry
190d8cb3-2e8b-51f5-abae-077cabe58a91,61fcfae6-5ecb-5f22-b573-a0e53c686e0a,Beef Chaap,Curry
bec0e0e3-6889-5cd7-bf29-71b09315897c,61fcfae6-5ecb-5f22-b573-a0e53c686e0a,Beef Chui Jhal with Polao Rice,Specials
b3be1915-0d5c-525a-a67a-e395ffb4cb2f,61fcfae6-5ecb-5f22-b573-a0e53c686e0a,Beef Chaap with Plain Polao,Specials
782fb694-8aa5-5367-a8bc-107d8979d7e4,61fcfae6-5ecb-5f22-b573-a0e53c686e0a,Basmati Kacchi - 1:5,Kacchi
56a201af-a3cb-517c-b608-ff3edbca7602,61fcfae6-5ecb-5f22-b573-a0e53c686e0a,Kacchi Khadok - 1:1,Kacchi
18578488-c0ab-56cf-aa0a-eda7b126bd5a,61fcfae6-5ecb-5f22-b573-a0e53c686e0a,Basmati Kacchi - 1:1,Kacchi
b70becba-f86f-5816-aa69-ddd30649f0af,61fcfae6-5ecb-5f22-b573-a0e53c686e0a,Mutton Tehari 1:3,Tehari
846cb7b2-b4da-59bb-b889-bf20f375c7c0,61fcfae6-5ecb-5f22-b573-a0e53c686e0a,Mutton Tehari 1:5,Tehari
8496c452-77a0-5155-8e9b-9c5a789bd5fe,61fcfae6-5ecb-5f22-b573-a0e53c686e0a,Chutney,Sides
ea05beb3-8349-53ea-8b4d-8dfd142162cc,61fcfae6-5ecb-5f22-b573-a0e53c686e0a,Jali Kebab,Sides
f361c427-9d40-54f0-b7eb-2ff25659d9bb,61fcfae6-5ecb-5f22-b573-a0e53c686e0a,Firni,Dessert
1cb4823c-1c9f-57e7-9a42-4ecc9923aec8,61fcfae6-5ecb-5f22-b573-a0e53c686e0a,Doi,Dessert
da9857f8-37de-5ad1-bd64-6631a49f1cad,61fcfae6-5ecb-5f22-b573-a0e53c686e0a,Badam Sharbat,Beverage
a3621193-4823-5428-92f2-a2dda13b7e61,61fcfae6-5ecb-5f22-b573-a0e53c686e0a,Borhani,Beverage
04f724fb-cafc-5a86-9463-30aab4f7e611,82f21461-19a1-5b3c-abb5-64b4b4009b5c,Chicken & Bell Pepper Omelette,All Day Breakfast
75a6c4b6-38e1-5a70-ae5f-27a09f351dcb,82f21461-19a1-5b3c-abb5-64b4b4009b5c,Croissant & Eggs Benedict,All Day Breakfast
5c3cc3a1-e72b-5255-83bf-eab1c797786c,82f21461-19a1-5b3c-abb5-64b4b4009b5c,Funghi Sausage Omelette,All Day Breakfast
a43d4be1-5630-50ba-8d4c-9993a9e8b02b,82f21461-19a1-5b3c-abb5-64b4b4009b5c,Jhura Mangsho Eggs Benedict,All Day Breakfast
0c302305-4915-5e08-abdf-ae434dee528f,82f21461-19a1-5b3c-abb5-64b4b4009b5c,Salmon Eggs Benedict,All Day Breakfast
054023be-c6b5-5da9-b587-ebb9c55b02ea,82f21461-19a1-5b3c-abb5-64b4b4009b5c,Spicy Chicken Eggs Florentine,All Day Breakfast
70bb5d78-532f-5c69-b364-d59ff502879f,82f21461-19a1-5b3c-abb5-64b4b4009b5c,Funghi Sausage Omelette,Most Popular
dd8c516f-4847-52a7-86da-c1ade8a76186,82f21461-19a1-5b3c-abb5-64b4b4009b5c,The Harley Quinn,Most Popular
353837a7-0d53-5beb-9c00-3758fcba5eaf,82f21461-19a1-5b3c-abb5-64b4b4009b5c,Classic French Toast Strawberry,Most Popular
463d9697-8b1f-57ca-857b-eb3a12c731e5,82f21461-19a1-5b3c-abb5-64b4b4009b5c,Tandoori Chicken Sandwich,Most Popular
59ada6ef-d5b2-5fe0-8421-959dee989d37,82f21461-19a1-5b3c-abb5-64b4b4009b5c,Alfredo Pasta,Most Popular
2217d552-d882-54a4-893c-c93c9d6bb8e2,82f21461-19a1-5b3c-abb5-64b4b4009b5c,Chicken & Apple Salad,Salad
e7538524-3d71-54f9-a84a-039e9a8f6469,82f21461-19a1-5b3c-abb5-64b4b4009b5c,Double Protein Salad,Salad
00ca25b7-766a-53d0-9f89-f74b0647593c,82f21461-19a1-5b3c-abb5-64b4b4009b5c,Cheesy Jockers Panini Which(Veg),Sandwich
a12177ca-8944-5ad0-9474-266beb805b39,82f21461-19a1-5b3c-abb5-64b4b4009b5c,Oliver Queen'S Club Sanwich Panini,Sandwich
40efdc2f-276a-5ceb-9dc1-5e739f04be8e,82f21461-19a1-5b3c-abb5-64b4b4009b5c,Rush Hour Chicken Pesto Panini,Sandwich
afd84adc-0ce4-5327-a412-4311fa9f4145,82f21461-19a1-5b3c-abb5-64b4b4009b5c,Tandoori Chicken Sandwich,Sandwich
8696fe5a-c974-5b62-bff6-ef18ae5aead5,82f21461-19a1-5b3c-abb5-64b4b4009b5c,Alfredo Pasta,Pasta
ae3df638-8054-5b9c-8e8a-f75da9c911fa,82f21461-19a1-5b3c-abb5-64b4b4009b5c,Creamy Shrimp Pasta,Pasta
927c5e50-98ea-550f-a405-cbcb8076e2a1,82f21461-19a1-5b3c-abb5-64b4b4009b5c,Green Arrow Spaghetti,Pasta
c366d85d-486e-5ea2-ad4d-696dca6510fb,82f21461-19a1-5b3c-abb5-64b4b4009b5c,Shrimp Alfredo Pasta,Pasta
09c355d7-aeff-5f2e-a1b6-10b7dde102a7,82f21461-19a1-5b3c-abb5-64b4b4009b5c,Spicy Tandoori Chicken Pasta,Pasta
5da430b7-ce7d-591a-a733-d72fdd757cbf,82f21461-19a1-5b3c-abb5-64b4b4009b5c,Classic French Toast Strawberry,French Toast
a47151f2-bd45-5a6d-a7fa-f9182eac9fac,82f21461-19a1-5b3c-abb5-64b4b4009b5c,The Harley Quinn,French Toast
8d289c7d-72b4-5391-846c-d08052167ddd,82f21461-19a1-5b3c-abb5-64b4b4009b5c,Americano,Coffee
b73f9c1a-8690-5f90-8341-5a561815055a,82f21461-19a1-5b3c-abb5-64b4b4009b5c,Cappuccino,Coffee
dd728d72-386f-561f-a428-b8bc5b36007a,82f21461-19a1-5b3c-abb5-64b4b4009b5c,Caramel Macchiato- 16OZ (Large),Coffee
fc3ea393-c69e-5281-b68e-e23b626ce5ba,82f21461-19a1-5b3c-abb5-64b4b4009b5c,Dark Chocolate Mocha,Coffee
417113a4-47f1-513a-9be2-bf8ce72e90b6,82f21461-19a1-5b3c-abb5-64b4b4009b5c,Latte,Coffee
d4171b6d-e775-5101-bc8e-c29a96edef4f,82f21461-19a1-5b3c-abb5-64b4b4009b5c,White Chocolate Mocha,Coffee
efd66966-935b-5a85-93e9-cc1a56477bad,82f21461-19a1-5b3c-abb5-64b4b4009b5c,Caramel Latte,Flavoured Latte Hot
e635337a-342e-5bb0-bfcb-f8d7d42e700c,82f21461-19a1-5b3c-abb5-64b4b4009b5c,Hazelnut Latte,Flavoured Latte Hot
bcde7639-09f8-5fe2-9a85-cde3883f044b,82f21461-19a1-5b3c-abb5-64b4b4009b5c,Vanilla Latte,Flavoured Latte Hot
31f8ce47-84fa-5bea-9eb2-861fd857bde5,086bdf9f-00fb-5e32-a7e0-2902c705abff,Steamed Prawn with Lime Sauce,Dimsum
c31ff4c7-c4b5-5179-a6f3-5bdd4077a4e6,086bdf9f-00fb-5e32-a7e0-2902c705abff,Prawn Har Gow,Dimsum
9c7ad3b5-4db7-509d-a0cc-0b3e43a7f2e8,086bdf9f-00fb-5e32-a7e0-2902c705abff,Shrimp Siumai,Dimsum
35e7dd15-13f3-5486-8c22-f33bb048ed9d,086bdf9f-00fb-5e32-a7e0-2902c705abff,Shrimp Cream Cheese Dumpling,Dimsum
e0155b55-c15f-5be2-9e24-41598ac5b8f8,086bdf9f-00fb-5e32-a7e0-2902c705abff,Beef Cheung Fun,Dimsum
9b40089b-fef9-5921-a612-9010d2e5a52e,086bdf9f-00fb-5e32-a7e0-2902c705abff,Xiao Long Bao with Beef Tom Kha Sauce,Dimsum
011283d0-98b8-598a-afb9-af8d687389bf,086bdf9f-00fb-5e32-a7e0-2902c705abff,Beef Xiao Long Bao,Dimsum
72570037-090a-56eb-b877-3f0d7831307e,086bdf9f-00fb-5e32-a7e0-2902c705abff,Prawn Har Gow Spicy,Dimsum
a07a90dd-be61-5a13-9ffc-517720dca46e,086bdf9f-00fb-5e32-a7e0-2902c705abff,Prawn Wonton with Red Curry Sauce,Dimsum
fcddc693-d010-5c4a-a1b3-eea2e315914a,086bdf9f-00fb-5e32-a7e0-2902c705abff,Chicken Siumai,Dimsum
b64e49a3-6e3c-5c4d-b99c-0cbf63c3291e,086bdf9f-00fb-5e32-a7e0-2902c705abff,Prawn Wonton in Chili Oil,Dimsum
d67f8b11-99c4-50a8-b6aa-0933d6efbd1b,086bdf9f-00fb-5e32-a7e0-2902c705abff,Shrimp Cheung Fun,Dimsum
96af1b5e-b021-5d07-9cff-122eca3777fc,086bdf9f-00fb-5e32-a7e0-2902c705abff,Mixed Dimsum,Dimsum
1d0874e1-087f-5e1b-9307-11a3efe56c55,086bdf9f-00fb-5e32-a7e0-2902c705abff,Fish & Shrimp Cake,Appetizer
e25c38a5-bbb1-5718-a903-2a01a726923a,086bdf9f-00fb-5e32-a7e0-2902c705abff,Roasted Duck Spring Roll,Appetizer
1a48e952-ebb5-520e-b01a-d96a18372780,086bdf9f-00fb-5e32-a7e0-2902c705abff,Chicken Larb,Appetizer
46adddcc-7233-5a5c-a698-0407dd454e82,086bdf9f-00fb-5e32-a7e0-2902c705abff,Steamed Seabass with Stuffed Shrimp in lime sauce,Appetizer
c24eac42-f489-5c22-844b-9b73f032ff59,086bdf9f-00fb-5e32-a7e0-2902c705abff,Crispy Morning Glory with House Special Seafood Sauce,Appetizer
43c3f602-5670-5c7f-93c8-2d944d166112,086bdf9f-00fb-5e32-a7e0-2902c705abff,Cold Beef,Appetizer
e8577fd6-0864-56cd-8ea8-52d24f4d9566,086bdf9f-00fb-5e32-a7e0-2902c705abff,Shrimp Wrapped In Sugarcane,Appetizer
8a235783-8b72-595a-94b9-f91a714cec29,086bdf9f-00fb-5e32-a7e0-2902c705abff,Steamed Seabass with Stuffed Shrimp in Red Curry Sauce,Appetizer
1dd4e213-0657-5702-9bdc-d379199e0843,086bdf9f-00fb-5e32-a7e0-2902c705abff,Sizzling Grilled Cuttlefish,Appetizer
58d1146d-b3bc-543a-a234-eeb5ac6176bb,086bdf9f-00fb-5e32-a7e0-2902c705abff,Crispy Chicken In Pandan Leaves,Appetizer
55e7caf1-09c9-5fee-8997-f7ae8775c155,086bdf9f-00fb-5e32-a7e0-2902c705abff,Crispy Golden Cup with Grilled Beef,Appetizer
227af384-947f-5482-9257-3e4d71892487,086bdf9f-00fb-5e32-a7e0-2902c705abff,Prawn & Cheese Ball,Appetizer
d7615715-a697-5ba7-8dc4-652975d8a9a0,086bdf9f-00fb-5e32-a7e0-2902c705abff,Fried Chicken Namtok,Salad
2b965564-887d-515d-884f-8a1054a5d27b,086bdf9f-00fb-5e32-a7e0-2902c705abff,Mixed Fruit Salad with Shrimp,Salad
d7c052c0-3e08-5f25-b9fe-794f480a228d,086bdf9f-00fb-5e32-a7e0-2902c705abff,Som Tum Papaya Salad,Salad
6133c953-e6b8-53eb-82af-617ff4ee6909,086bdf9f-00fb-5e32-a7e0-2902c705abff,Seafood Tom Yum Soup,Soup
e5c6e4b8-d166-5b5f-9834-53ae70e65c19,086bdf9f-00fb-5e32-a7e0-2902c705abff,Szechuan Soup,Soup
10a2e416-96e2-50cd-b1d1-47b5fbff5ec5,086bdf9f-00fb-5e32-a7e0-2902c705abff,Tom Yum Goong,Soup
f94c1c85-effa-5d39-82f0-7cee9cfa0af5,086bdf9f-00fb-5e32-a7e0-2902c705abff,Tom Kha Gai,Soup
23b32b19-b631-5c97-8e85-557955cc957c,086bdf9f-00fb-5e32-a7e0-2902c705abff,Clear Tom Yum Seafood Soup,Soup
2859796c-31b1-5447-9c43-9df012582fd2,086bdf9f-00fb-5e32-a7e0-2902c705abff,Tom Yum Chicken in Black Soup,Soup
d9555fed-259e-5972-9fa2-d161f5af03e5,086bdf9f-00fb-5e32-a7e0-2902c705abff,Chinese Style Wonton Soup,Soup
842eda68-022d-5424-9475-dab4b110cb06,086bdf9f-00fb-5e32-a7e0-2902c705abff,Seafood Mala Soup,Soup
88a61f55-ef40-5879-bb2b-fda788495e0e,086bdf9f-00fb-5e32-a7e0-2902c705abff,Chicken Nam Jim Jaew,Chicken
aafc0f79-7174-5fbf-83eb-90ec3b3fbf78,086bdf9f-00fb-5e32-a7e0-2902c705abff,Chicken Cheese Buldakoo,Chicken
c7d59ce1-30f4-5502-8cf6-1be87aece3a6,086bdf9f-00fb-5e32-a7e0-2902c705abff,Clay Pot Sauce Baked Chicken,Chicken
c12207b6-71a1-5694-941e-1770121a1c49,086bdf9f-00fb-5e32-a7e0-2902c705abff,Stir-fried Chicken with Holy Basil,Chicken
3540ee68-7444-5f43-85ed-4e97a9acd6bc,086bdf9f-00fb-5e32-a7e0-2902c705abff,Stir-fried Chicken with Cashewnut,Chicken
0c2f915c-ac24-5a1d-a4fb-2466bbb308c5,086bdf9f-00fb-5e32-a7e0-2902c705abff,Chicken Kkanpunggi,Chicken
28991960-3226-5b75-b474-c8ba6659a30e,086bdf9f-00fb-5e32-a7e0-2902c705abff,Chicken Bulgogi,Chicken
a3b89861-30a0-5740-aa30-9c774a9490cf,086bdf9f-00fb-5e32-a7e0-2902c705abff,Chicken Chilli In Black Bean Sauce,Chicken
845f71a6-8840-55b8-83f5-42c6a2608995,086bdf9f-00fb-5e32-a7e0-2902c705abff,Stir Fried Beef Tenderloin with Red Curry Lychee,Beef
0c255365-b87d-55d0-9e0c-b1c5f16f2a30,086bdf9f-00fb-5e32-a7e0-2902c705abff,Grilled Beef Tenderloin with Nam Jim Jaew,Beef
bf443ab0-bbf1-526a-9976-e0240300a81c,086bdf9f-00fb-5e32-a7e0-2902c705abff,Stir Fried Beef Tenderloin with Xo Sauce,Beef
69034b81-bf17-5ee1-a71e-b40104d5a8a0,086bdf9f-00fb-5e32-a7e0-2902c705abff,Stir Fried Beef with Szechuan Sauce,Beef
c0429e56-1711-5517-97e6-63889ed88b90,086bdf9f-00fb-5e32-a7e0-2902c705abff,Beef Chumluk,Beef
9fdeac7e-82fb-58e3-bcd1-53fbcee3483c,086bdf9f-00fb-5e32-a7e0-2902c705abff,Stir Fried Beef Tenderloin with Black Pepper Sauce,Beef
1c19ce61-3175-589f-9e2a-3985feac2a0d,086bdf9f-00fb-5e32-a7e0-2902c705abff,Stir Fried Beef Tenderloin with Oyster Sauce,Beef
721986d6-a2cb-5ea1-afd4-9a6dc643b3b5,086bdf9f-00fb-5e32-a7e0-2902c705abff,Grilled Beef with Spicy Herbs Paste,Beef
cb00ff73-93c9-5095-9e2c-f49d43ff356c,086bdf9f-00fb-5e32-a7e0-2902c705abff,Baan Busaba Crispy Beef,Beef
7360ff15-d8b5-513b-bfff-26654c7f115c,086bdf9f-00fb-5e32-a7e0-2902c705abff,Honey Roasted Duck,Duck
00c128b7-5144-5aa2-aeb1-f858c70de574,086bdf9f-00fb-5e32-a7e0-2902c705abff,Peking Duck,Duck
2e40663c-ab8c-5c9d-bf57-31c30c21117b,086bdf9f-00fb-5e32-a7e0-2902c705abff,Duck with Tamarind Sauce,Duck
f7fd8d63-b529-5078-8544-0262ba5870dc,086bdf9f-00fb-5e32-a7e0-2902c705abff,Duck with Red Curry Sauce,Duck
167f2e58-32d4-5103-903a-4be9fe1e7f2a,086bdf9f-00fb-5e32-a7e0-2902c705abff,Braised Lamb with Yellow Curry,Lamb
ae28c8ad-92c3-5a05-be8d-fc6de717cf90,086bdf9f-00fb-5e32-a7e0-2902c705abff,Lamb with Tamarind Sauce,Lamb
c1eecaf2-a15c-5eeb-9d44-606f6425fd19,086bdf9f-00fb-5e32-a7e0-2902c705abff,Lamb with Khao Soi,Lamb
8b2aad57-7e2a-579c-a360-1081e77049ae,086bdf9f-00fb-5e32-a7e0-2902c705abff,Steamed Seabass with Lime Sauce,Fish
eb3c3aac-8e60-5ff2-a6f6-df21249d2124,086bdf9f-00fb-5e32-a7e0-2902c705abff,Steamed Seabass with Soy Sauce,Fish
5b9adc52-13ca-56af-891c-db8ae9896476,086bdf9f-00fb-5e32-a7e0-2902c705abff,Fried Seabass with Chili Sauce,Fish
4cfa60bd-7f34-585d-90b8-9072b98fcce7,086bdf9f-00fb-5e32-a7e0-2902c705abff,Steamed Seabass with Coconut Milk,Fish
5b8e72c1-ef02-57fd-bc6d-a7326c3bf6f3,086bdf9f-00fb-5e32-a7e0-2902c705abff,Stir-fried River Prawns,Seafood
816d1c58-3ed9-565e-aa3e-c4f0cff37507,086bdf9f-00fb-5e32-a7e0-2902c705abff,Steamed Seafood with Young Coconut,Seafood
86981465-36df-5a8b-9ac9-6e65bc08137f,086bdf9f-00fb-5e32-a7e0-2902c705abff,Holy Basil with Seafood,Seafood
68d8b530-edd1-5d4b-9d79-6a49d491e255,086bdf9f-00fb-5e32-a7e0-2902c705abff,Stir Fried Seafood with Chili Paste,Seafood
4dbabd4d-c4f4-51ca-9600-09288e8ffc6f,086bdf9f-00fb-5e32-a7e0-2902c705abff,Stir Fried Mixed Seafood with Curry Powder,Seafood
b3a2b35a-34e8-5540-aaef-b3f437c693d9,086bdf9f-00fb-5e32-a7e0-2902c705abff,Crispy Fried Seafood with Cheese Tamarind Sauce,Seafood
0768487b-4bb2-5862-886c-ab81fd8c0e26,086bdf9f-00fb-5e32-a7e0-2902c705abff,Stir Fried Shrimp with Cashewnut,Seafood
122e77eb-9afc-5877-bef1-7541251a25d9,086bdf9f-00fb-5e32-a7e0-2902c705abff,Stir Fried Shrimp with Xo Sauce,Seafood
d2409746-1962-51e9-9f3d-81bd49da5a37,086bdf9f-00fb-5e32-a7e0-2902c705abff,Fried Stuffed Crab Claws with Spicy Curry,Seafood
3e3251e0-d609-5c9b-9670-be87ab32877c,086bdf9f-00fb-5e32-a7e0-2902c705abff,Red Curry,Curry
4b67783a-75f5-5aa3-9476-368272d09f8c,086bdf9f-00fb-5e32-a7e0-2902c705abff,Penang Curry,Curry
076e821e-11c6-58ee-8df0-ce8e8acb71f9,086bdf9f-00fb-5e32-a7e0-2902c705abff,Green Curry,Curry
a59ce689-a2b4-5ebb-9015-54d6c2cb654e,086bdf9f-00fb-5e32-a7e0-2902c705abff,Mapo Tofu,Curry
42d8f88c-f9f6-5553-9df2-a9df586055aa,086bdf9f-00fb-5e32-a7e0-2902c705abff,Beef Curry with Pineapple,Curry
928df3c4-1a9e-5c73-b551-d25a1760f4f6,086bdf9f-00fb-5e32-a7e0-2902c705abff,Mixed Vegetables Thai Style,Vegetables
20de48a7-88ba-574d-ad93-0209d0f97cf0,086bdf9f-00fb-5e32-a7e0-2902c705abff,Bok Choi Bean Curry,Vegetables
a6663f9b-b807-5955-be22-14cb8b014118,086bdf9f-00fb-5e32-a7e0-2902c705abff,Stir-fried Morning Glory,Vegetables
b2f7c255-597a-5f23-84cc-325a3ad6fa68,086bdf9f-00fb-5e32-a7e0-2902c705abff,Bibimbap,Rice
4cd8e156-6150-5a8c-bb56-ed246b75a88e,086bdf9f-00fb-5e32-a7e0-2902c705abff,Kimchi Fried Rice,Rice
aff1583c-82f2-5182-acce-fe5f6a6a5014,086bdf9f-00fb-5e32-a7e0-2902c705abff,Pineapple Fried Rice,Rice
4b7c33fd-41eb-5651-989f-fb959056a264,086bdf9f-00fb-5e32-a7e0-2902c705abff,Truffle Egg Fried Rice,Rice
67ffd558-31d9-505e-b54a-41d4d96f6bd1,086bdf9f-00fb-5e32-a7e0-2902c705abff,Truffle Egg Fried Rice with Chicken,Rice
e02cd83f-856a-5fae-ace1-da41647406b5,086bdf9f-00fb-5e32-a7e0-2902c705abff,Chicken Hot Basil Fried Rice,Rice
9b9c47cc-a07a-5b5b-811a-940f35b428c4,086bdf9f-00fb-5e32-a7e0-2902c705abff,Seafood Basil Fried Rice,Rice
19c4f988-6922-511f-8ea1-7493dd60bbdc,086bdf9f-00fb-5e32-a7e0-2902c705abff,Chicken Fried Rice,Rice
ea92e1ae-6a71-538f-96b5-8dabf4fd21a4,086bdf9f-00fb-5e32-a7e0-2902c705abff,Roasted Duck on Rice,Rice
e4fab629-ac61-5aab-9aca-7d79a0f3d60f,086bdf9f-00fb-5e32-a7e0-2902c705abff,Kra Pao with Rice,Rice
d6c98ea4-f825-501c-b622-8edaae514d5e,086bdf9f-00fb-5e32-a7e0-2902c705abff,Beef Basil Fried Rice,Rice
655ad777-ee32-51b6-913e-d315890ea7f0,086bdf9f-00fb-5e32-a7e0-2902c705abff,Jasmine Rice,Rice
fbf7a72e-e249-5204-b51c-5d4e3e62da35,086bdf9f-00fb-5e32-a7e0-2902c705abff,Stir Fried Drunken Noodles,Noodles
339187b0-bd8c-57d8-ac96-91eb4bc5419e,086bdf9f-00fb-5e32-a7e0-2902c705abff,Hokkien Fried Noodles,Noodles
962b4d41-4300-5438-827f-0a64d8a93859,086bdf9f-00fb-5e32-a7e0-2902c705abff,Pad Thai,Noodles
e92300d6-0f95-5e45-9916-98b93e12ce1e,086bdf9f-00fb-5e32-a7e0-2902c705abff,Khao Soi Chicken,Noodles
8bce3cee-2809-579a-9fb2-076a8ec4e525,086bdf9f-00fb-5e32-a7e0-2902c705abff,Roasted Duck Noodles with Wonton,Noodles
5c9e4439-913a-5a93-a9c8-e14e5b9d1dd7,086bdf9f-00fb-5e32-a7e0-2902c705abff,Mango Saffron Milk Cake,Dessert
ceabde20-a0d3-51bc-9f8a-9b573a7a0da1,086bdf9f-00fb-5e32-a7e0-2902c705abff,Taro Milk Cake,Dessert
4bec1828-b685-52f8-8021-e57b131f5bc9,086bdf9f-00fb-5e32-a7e0-2902c705abff,Mongolian Glazed Beef Tenderloin,New Arrivals food menu
d7dd4862-0a88-5131-b0c2-2eb0e9e88944,086bdf9f-00fb-5e32-a7e0-2902c705abff,Mala Fried Sea Bass,New Arrivals food menu
88056011-379a-5104-acdf-40168190981c,086bdf9f-00fb-5e32-a7e0-2902c705abff,XO Beef Baked Noodles,New Arrivals food menu
3f6638c7-0cb6-5c51-8d88-018b35078b42,086bdf9f-00fb-5e32-a7e0-2902c705abff,Grilled Chicken Thighs,New Arrivals food menu
77873196-172b-59d4-a88a-2ab2fb59b209,086bdf9f-00fb-5e32-a7e0-2902c705abff,Charcoal Chicken Skewers,New Arrivals food menu
b2d61de4-8e10-5b0a-b2f0-811176ce872c,086bdf9f-00fb-5e32-a7e0-2902c705abff,Thai Heritage Grilled Beef,New Arrivals food menu
55c5bbea-4d2c-5d98-baf2-4040762d1663,086bdf9f-00fb-5e32-a7e0-2902c705abff,Glazed Prawn,New Arrivals food menu
5f38dabb-b8f2-5304-8967-e22f28a3a3dc,aa94d62f-a41f-5e79-b040-23b51630b4b8,Focaccia Bread (4),ANTIPASTI - starters
1af4d463-6f32-56fd-9157-4e672d554070,aa94d62f-a41f-5e79-b040-23b51630b4b8,Cheesy Garlic Focaccia Bread,ANTIPASTI - starters
f08398c0-718e-5765-995d-ec4adbb12677,aa94d62f-a41f-5e79-b040-23b51630b4b8,Mushroom Focaccia Bread,ANTIPASTI - starters
0f46b824-6732-59a0-ab72-0e80af6f8c34,aa94d62f-a41f-5e79-b040-23b51630b4b8,Mozarella & Potato Crocchè,ANTIPASTI - starters
35f73f8c-fe19-5c4d-b9a8-b22ce2a739b0,aa94d62f-a41f-5e79-b040-23b51630b4b8,Grilled Octopus & Potato,ANTIPASTI - starters
55df2090-7ec5-5b32-b36d-366a80cb47b1,aa94d62f-a41f-5e79-b040-23b51630b4b8,Fritto Misto,ANTIPASTI - starters
b8cb6549-c276-5d13-844e-e92752ea8181,aa94d62f-a41f-5e79-b040-23b51630b4b8,Arancini - Alla Norcina,ANTIPASTI - starters
da457bcc-7324-5cec-98f2-0d6c27683488,aa94d62f-a41f-5e79-b040-23b51630b4b8,Chicken Ceasar Salad,ANTIPASTI - starters
8e4b65f9-0100-59e6-aba0-b5d1352f05bb,aa94d62f-a41f-5e79-b040-23b51630b4b8,Crab Ceasar Salad,ANTIPASTI - starters
41e9ed62-52eb-53ce-8a15-d3f469e8c657,aa94d62f-a41f-5e79-b040-23b51630b4b8,Spicy N'duja Prawns,ANTIPASTI - starters
a0e8491c-7936-5c75-a1f8-a9b2327fd940,aa94d62f-a41f-5e79-b040-23b51630b4b8,Truffle Mushroom Soup,ZUPPE - soups
02f3f611-ed59-5f6d-b1b8-70c43f8c992c,aa94d62f-a41f-5e79-b040-23b51630b4b8,Seafood Soup,ZUPPE - soups
07a24e27-ab51-5f5f-96f1-5c07b2df49c6,aa94d62f-a41f-5e79-b040-23b51630b4b8,Anelini al mare,PRIMI - first course
5b21816a-8c32-5559-b180-6a1f1eb02df3,aa94d62f-a41f-5e79-b040-23b51630b4b8,Aglio e Olio,PRIMI - first course
d55c6724-69f2-57d8-a0e3-3e30b0d1002b,aa94d62f-a41f-5e79-b040-23b51630b4b8,Gnocchi - Alla Sorrentina,PRIMI - first course
f3627867-af47-51cb-b43a-66716d971bff,aa94d62f-a41f-5e79-b040-23b51630b4b8,Braised Beef Ravioli,PRIMI - first course
fca65473-0379-5127-aeeb-6f929186548c,aa94d62f-a41f-5e79-b040-23b51630b4b8,Orecchiette alla Norcina,PRIMI - first course
d803a65d-214d-5c0b-8b83-faf79ae26fd6,aa94d62f-a41f-5e79-b040-23b51630b4b8,Shrimp Risotto,PRIMI - first course
865e031c-14b4-5caf-918a-8dc6e37a9a71,aa94d62f-a41f-5e79-b040-23b51630b4b8,Creamy Pesto Chicken Pasta,PRIMI - first course
525e14cd-1193-56d8-a0bb-d564d116c15b,aa94d62f-a41f-5e79-b040-23b51630b4b8,Baked Bolognese,PRIMI - first course
fef5d111-67ac-5042-8aee-9b1cfa34bf53,aa94d62f-a41f-5e79-b040-23b51630b4b8,Truffle mushroom burratta pasta,PRIMI - first course
c2a12d0d-f790-5f83-9d6f-a351949ebe8d,aa94d62f-a41f-5e79-b040-23b51630b4b8,Spaghetti all' assassina,PRIMI - first course
32d92106-9ab0-530b-b518-190590d4024e,aa94d62f-a41f-5e79-b040-23b51630b4b8,Seafood Risotto,PRIMI - first course
ac5fa941-c552-5856-8ae8-b5e3a987d6ce,aa94d62f-a41f-5e79-b040-23b51630b4b8,Pesto chicken sandwich,PRIMI - first course
8000b56f-99b7-5988-98b2-97a146641ecb,aa94d62f-a41f-5e79-b040-23b51630b4b8,Mushroom sandwich,PRIMI - first course
364bcba5-5991-58d0-97ad-306c4c723246,aa94d62f-a41f-5e79-b040-23b51630b4b8,Seafood Ravioli with said ink,SECONDI - second course
ba24dbe2-dae2-5453-90fa-6f053a8e8cdc,aa94d62f-a41f-5e79-b040-23b51630b4b8,Creamy Tuscan Chicken,SECONDI - second course
0f52435a-8d0d-5783-9c1f-a68bfd2e7708,aa94d62f-a41f-5e79-b040-23b51630b4b8,99 Layer Lasagna,SECONDI - second course
e5dae935-311c-56af-98b3-8a9d342ae16c,aa94d62f-a41f-5e79-b040-23b51630b4b8,Chicken 99 layer lasagna,SECONDI - second course
6d905eb6-124d-5a5f-a59f-5aeffc48afc7,aa94d62f-a41f-5e79-b040-23b51630b4b8,Chicken Parmesan,SECONDI - second course
a9664f0e-f960-56bc-886d-1a5d970abbc5,aa94d62f-a41f-5e79-b040-23b51630b4b8,Manzo,SECONDI - second course
05573daa-c852-5a6a-a4fe-d75dd1310671,aa94d62f-a41f-5e79-b040-23b51630b4b8,Salmone,SECONDI - second course
ac50ee78-95ce-50a9-ab9f-a77ff3052a43,aa94d62f-a41f-5e79-b040-23b51630b4b8,Steak Tagliata,SECONDI - second course
ac2e3f55-73d7-5575-a3ed-b5c1ef973cb8,aa94d62f-a41f-5e79-b040-23b51630b4b8,Margherita Pizza,"WOOD FIRED PIZZAS - 12"""
5826e84f-e518-5217-8e93-09946d2086dd,aa94d62f-a41f-5e79-b040-23b51630b4b8,Gamberi Pizza,"WOOD FIRED PIZZAS - 12"""
cb35f3a5-b8df-50fc-a263-0d80aa017ebb,aa94d62f-a41f-5e79-b040-23b51630b4b8,Bolognese Pizza,"WOOD FIRED PIZZAS - 12"""
e35bc661-2bbb-536d-9f0a-9ffa3291bcb6,aa94d62f-a41f-5e79-b040-23b51630b4b8,Funghi Pizza,"WOOD FIRED PIZZAS - 12"""
f74c1d79-06ea-5980-8abb-c6156748f038,aa94d62f-a41f-5e79-b040-23b51630b4b8,Carbonara Pizza,"WOOD FIRED PIZZAS - 12"""
60f73c68-fc8d-544b-9ea8-a07aa969aa87,aa94d62f-a41f-5e79-b040-23b51630b4b8,Pear & Gorgonzola Pizza,"WOOD FIRED PIZZAS - 12"""
1aa6c2cc-6ea5-5a76-b928-bfe4da8322e9,aa94d62f-a41f-5e79-b040-23b51630b4b8,Pollo Picante Pizza,"WOOD FIRED PIZZAS - 12"""
2a37dbf1-75d8-5932-b561-a213bc2776a4,aa94d62f-a41f-5e79-b040-23b51630b4b8,Creamy Crab Pizza,"WOOD FIRED PIZZAS - 12"""
10f43754-7317-5e67-acac-a65169dbb786,aa94d62f-a41f-5e79-b040-23b51630b4b8,Amante Della Carne Pizza,"WOOD FIRED PIZZAS - 12"""
7c247440-2e25-5e2c-a2fd-8b584c1e94e5,aa94d62f-a41f-5e79-b040-23b51630b4b8,Mortadella et Burrata,"WOOD FIRED PIZZAS - 12"""
e2ddc261-ed68-5c98-856a-44c81daa9553,aa94d62f-a41f-5e79-b040-23b51630b4b8,Braised Duck Pizza,"WOOD FIRED PIZZAS - 12"""
1650a2ab-4cc8-50f4-80a5-3d52c466d8f1,aa94d62f-a41f-5e79-b040-23b51630b4b8,Chicken Caesar Pizza,"WOOD FIRED PIZZAS - 12"""
d480bbc4-3b5b-516f-9d89-58b85b5d992d,aa94d62f-a41f-5e79-b040-23b51630b4b8,Spaghetti & Meatball Pasta,KIDS MENU
95448299-afc4-5068-8c81-d6477a8158c7,aa94d62f-a41f-5e79-b040-23b51630b4b8,Cheese Pizza,KIDS MENU
0df6c6bb-dee0-52eb-aeb4-936ee579f21b,aa94d62f-a41f-5e79-b040-23b51630b4b8,Chicken Alfredo Pasta,KIDS MENU
cf568c24-fc60-500d-9c74-1eac3e0fea43,aa94d62f-a41f-5e79-b040-23b51630b4b8,Chicken Pizza,KIDS MENU
5d47df30-98fb-5eec-b7d2-c182a395e64e,aa94d62f-a41f-5e79-b040-23b51630b4b8,Chicken Strips,KIDS MENU
a9c54d2d-c54a-5234-bf61-d4c5163a022d,5e8671c1-7ccf-57b0-b2ef-7f34a73726cd,BBQ Chicken Wings,Appetizer
207ac588-5b49-56fb-8764-9512f5a29b19,5e8671c1-7ccf-57b0-b2ef-7f34a73726cd,Peri Peri Wings,Appetizer
7823f7bc-c46d-580d-ba97-b6da52dec99f,5e8671c1-7ccf-57b0-b2ef-7f34a73726cd,Crispy Wings,Appetizer
3d211a1f-a1d6-5011-ae61-a54377910c4b,5e8671c1-7ccf-57b0-b2ef-7f34a73726cd,Chicken Nachos,Appetizer
ecea6001-132a-5d6e-ab34-e6800794e348,5e8671c1-7ccf-57b0-b2ef-7f34a73726cd,French Fries,Appetizer
659d8f52-c231-5924-b242-1d7a9fc868cb,5e8671c1-7ccf-57b0-b2ef-7f34a73726cd,Spicy Garlic Mushroom,Appetizer
af93d2b0-7c5e-5514-b30f-0cff53cb2f3f,5e8671c1-7ccf-57b0-b2ef-7f34a73726cd,Chicken Popcorn,Appetizer
64a80bc2-f7a6-5026-8d84-0400dc302ea8,5e8671c1-7ccf-57b0-b2ef-7f34a73726cd,Chicken Steak,Appetizer
70e006e3-520d-56ae-931d-f95bcdfaddd3,5e8671c1-7ccf-57b0-b2ef-7f34a73726cd,Potato Wedges,Appetizer
bb4c91a4-4c4c-59db-ab4a-f15203cdde30,5e8671c1-7ccf-57b0-b2ef-7f34a73726cd,Thai Thick Soup,Soup
20441025-438a-530e-b247-1e0f2f10496b,5e8671c1-7ccf-57b0-b2ef-7f34a73726cd,Thai Clear Soup,Soup
3533dc89-c8c0-52b9-852e-5303689f2df4,5e8671c1-7ccf-57b0-b2ef-7f34a73726cd,Cream of Mushroom Soup,Soup
77e0bc20-22f0-5bff-aa70-009a058f7ff7,5e8671c1-7ccf-57b0-b2ef-7f34a73726cd,Corn Soup,Soup
f1375ba6-87fa-5965-ab0f-927d73eb6dda,6463dc9a-09e1-5f4d-8288-d17ebbcbeb3f,Fried Chicken - 2 pcs,Popular
ccbec36c-5627-51bd-9a02-5caf3a18a323,6463dc9a-09e1-5f4d-8288-d17ebbcbeb3f,Grill Hot N Chili Chicken,Popular
52020ac6-10ea-5228-b872-25f683abeda7,6463dc9a-09e1-5f4d-8288-d17ebbcbeb3f,Tandoori Grill Chicken,Popular
1c72ed5a-d7ea-50be-88c8-930e6776977c,6463dc9a-09e1-5f4d-8288-d17ebbcbeb3f,Crunchy Garden Salad,Garden Salad
2f4a1a20-96e0-57a0-aa20-7be816fcbc51,6463dc9a-09e1-5f4d-8288-d17ebbcbeb3f,Grilled Chicken Salad,Garden Salad
c7724d29-e0b0-5476-ad54-a03a1d9c6022,6463dc9a-09e1-5f4d-8288-d17ebbcbeb3f,Fried Chicken - 2 pcs,The King of Fried Chicken
04bb126d-34c8-50e6-a5a0-8b3a6b137dc1,6463dc9a-09e1-5f4d-8288-d17ebbcbeb3f,Fried Chicken - 5 pcs,The King of Fried Chicken
30ce32b3-cfd5-5c93-9197-7d8d38679db7,6463dc9a-09e1-5f4d-8288-d17ebbcbeb3f,Fried Chicken - 8 pcs,The King of Fried Chicken
305d906b-32b3-5957-ad54-bcf2f9aabbb5,6463dc9a-09e1-5f4d-8288-d17ebbcbeb3f,Grill Hot N Chili Chicken,Chicken
4ff13bbe-54d5-503e-83cd-2df764808410,6463dc9a-09e1-5f4d-8288-d17ebbcbeb3f,Tandoori Grill Chicken,Chicken
827247b3-ce61-5003-81d3-6ab1daa90584,6463dc9a-09e1-5f4d-8288-d17ebbcbeb3f,Brownie,Dessert
1fc172a4-7552-57a7-b053-e967ed6693c9,1c6cc9d7-86ed-5053-b6cb-ee724578502d,Beef Bolognese Pasta,Popular
d4b4ae84-38f4-586a-9e59-d89b005d65ba,1c6cc9d7-86ed-5053-b6cb-ee724578502d,Pizza Margherita,Popular
9fa9e728-6df2-513a-a772-3bdfa3e8e733,1c6cc9d7-86ed-5053-b6cb-ee724578502d,Carbonara,Popular
3633bb31-2d57-5531-bbce-04f87b251119,1c6cc9d7-86ed-5053-b6cb-ee724578502d,Creamy Chicken,Popular
d6c7f3bd-2612-53a2-83fb-1ae148ee25bd,1c6cc9d7-86ed-5053-b6cb-ee724578502d,Chicken Bolognese Pasta,Popular
ec2e2edd-61c0-54cf-a3fb-056a0236a9a9,1c6cc9d7-86ed-5053-b6cb-ee724578502d,Baked Beef Lasagna,Popular
b5ad24d4-45f9-59ca-80ce-d98322d00d0d,1c6cc9d7-86ed-5053-b6cb-ee724578502d,Bruschetta,Appetizer
8de32bc0-d964-5ea7-8207-fba1e2f9e69e,1c6cc9d7-86ed-5053-b6cb-ee724578502d,Cheesy Garlic Bread,Appetizer
162293c2-1799-5d16-a40c-e9fba8e205e4,1c6cc9d7-86ed-5053-b6cb-ee724578502d,Lime Paprika Wings,Appetizer
e86b6e3b-6e27-58bc-9a31-e94f6e0fbea9,1c6cc9d7-86ed-5053-b6cb-ee724578502d,Chicken Bites,Appetizer
6886ef78-7ff7-5dc5-ba06-83b1f7ce7522,1c6cc9d7-86ed-5053-b6cb-ee724578502d,Calamari,Appetizer
0c98f9df-ddc9-5ad3-a40b-2a71a763e2c4,1c6cc9d7-86ed-5053-b6cb-ee724578502d,Cheddar Cheese Sticks,Appetizer
71dba65a-abe1-5643-86c4-eaec7d9098f8,1c6cc9d7-86ed-5053-b6cb-ee724578502d,Honey Garlic Chicken,Appetizer
c55f738f-7919-548c-8ad4-a49d00f4e10f,1c6cc9d7-86ed-5053-b6cb-ee724578502d,Crispy Potato Wedges,Appetizer
988ddc26-6c9e-590e-b5fb-6ea0fac91c09,1c6cc9d7-86ed-5053-b6cb-ee724578502d,Creamy Chicken Bolognese,Cream Based Pasta
32369ae8-4133-556e-9288-27df82ebfc71,1c6cc9d7-86ed-5053-b6cb-ee724578502d,Creamy Beef Bolognese,Cream Based Pasta
9cb690ba-95a2-57cb-bf39-950b98745a92,1c6cc9d7-86ed-5053-b6cb-ee724578502d,Al Funghi,Cream Based Pasta
8b7d51f4-7334-55b8-981a-67a45cfdf4ee,1c6cc9d7-86ed-5053-b6cb-ee724578502d,Creamy Chicken,Cream Based Pasta
10e5c224-11b5-53f1-98b2-c965221b4fd1,1c6cc9d7-86ed-5053-b6cb-ee724578502d,Chicken Sausage,Cream Based Pasta
75355124-8b43-517c-a3bc-ec019b90602f,1c6cc9d7-86ed-5053-b6cb-ee724578502d,Carbonara,Cream Based Pasta
269c9ced-a8d2-5188-8a66-abdd6ac008ce,1c6cc9d7-86ed-5053-b6cb-ee724578502d,Alfredo,Cream Based Pasta
b4f25019-5106-50b5-9151-d6f07a2430e5,1c6cc9d7-86ed-5053-b6cb-ee724578502d,Beef Bolognese Pasta,Tomato Based Pasta
14dbcecd-8477-527b-8f7c-706378658aaf,1c6cc9d7-86ed-5053-b6cb-ee724578502d,Chicken Bolognese Pasta,Tomato Based Pasta
2636c948-6892-5d0d-8bd0-2e2d017b322d,1c6cc9d7-86ed-5053-b6cb-ee724578502d,Meatballs,Tomato Based Pasta
83d7f2a8-1c1d-591c-a5b9-fd906bdc186b,1c6cc9d7-86ed-5053-b6cb-ee724578502d,Aglio Olio,Aglio Based Pasta
9a80cfb0-52db-5a93-83f8-612ec7f9c758,1c6cc9d7-86ed-5053-b6cb-ee724578502d,Basil Chicken Aglio,Aglio Based Pasta
c963d668-e9d8-5e62-9a74-c8ea387c09a4,1c6cc9d7-86ed-5053-b6cb-ee724578502d,Beef Rasher Aglio,Aglio Based Pasta
1b90d765-af9c-56ab-9b7d-68b97695efdd,1c6cc9d7-86ed-5053-b6cb-ee724578502d,Beef Rasher & Mushroom Aglio,Aglio Based Pasta
f0ad36bb-6f5a-5463-8bcb-cf7b6558820d,1c6cc9d7-86ed-5053-b6cb-ee724578502d,Prawn Aglio,Aglio Based Pasta
6c3a7fae-9517-5e15-9072-5ae974e72756,1c6cc9d7-86ed-5053-b6cb-ee724578502d,Baked Beef Lasagna,Baked Food
2e6f9126-aeb2-5a95-9b37-361bbc387428,1c6cc9d7-86ed-5053-b6cb-ee724578502d,Pizza Margherita,Pizza
964204ca-21dc-542b-b1c0-29912a9a2e2c,1c6cc9d7-86ed-5053-b6cb-ee724578502d,Hot Basil Chicken Pizza,Pizza
9da0786d-6138-5c6a-b6a7-f29eb0c909cd,1c6cc9d7-86ed-5053-b6cb-ee724578502d,Beef Bolognese Pizza,Pizza
11e74d1c-b9db-5925-a182-e492a5471235,1c6cc9d7-86ed-5053-b6cb-ee724578502d,Pepperoni Pizza,Pizza
a586933d-77ce-5e27-a790-05f184bf0824,1c6cc9d7-86ed-5053-b6cb-ee724578502d,Meat Lover Pizza,Pizza
a3fb9f7c-e646-5515-b341-b344713a99d5,1c6cc9d7-86ed-5053-b6cb-ee724578502d,Meatball Pizza,Pizza
df38dae7-3055-5e1c-999b-8ddf49b8f415,1c6cc9d7-86ed-5053-b6cb-ee724578502d,Mango Fruity Shake,Beverage
c721bb12-4c4a-5157-b0c9-6ecb929fdd58,ce5bf891-7617-58ca-a2fc-498773a624e3,Prawn Toast Rolls,Appetizers
50ad388a-e438-561a-b50b-a55eace8a87d,ce5bf891-7617-58ca-a2fc-498773a624e3,Prawn on Toast,Appetizers
7db01cda-1912-546f-8308-653ce771bb20,ce5bf891-7617-58ca-a2fc-498773a624e3,Prawn & Cheese Balls,Appetizers
053021f9-f676-5ebe-9fd5-78cfc5ec5ddf,ce5bf891-7617-58ca-a2fc-498773a624e3,Sesame Prawn & Cheese Balls,Appetizers
32bfb831-f3a4-5f42-bd24-dba9c7f679ba,ce5bf891-7617-58ca-a2fc-498773a624e3,Chows Vegetable Spring Rolls,Appetizers
dd0bfe26-3312-5cd3-865d-0fadd677a65c,ce5bf891-7617-58ca-a2fc-498773a624e3,Crispy Duck Spring Rolls,Appetizers
c3f3b266-5383-548d-9682-2c3e6d5b2c7b,ce5bf891-7617-58ca-a2fc-498773a624e3,Red Snapper Rolls,Appetizers
dcaeebf4-6145-5e77-b8d4-e8b315fddb8f,ce5bf891-7617-58ca-a2fc-498773a624e3,Chicken Wings,Appetizers
0c0939c9-7200-52b8-b316-a3f04bd71bfd,ce5bf891-7617-58ca-a2fc-498773a624e3,Beef Ribs,Appetizers
4c1f3ae2-7248-5252-82d6-4c522259aa60,ce5bf891-7617-58ca-a2fc-498773a624e3,Crab Wontons,Appetizers
680ea0b7-6cb6-58c1-950d-bd111faed469,ce5bf891-7617-58ca-a2fc-498773a624e3,Hot & Sour Soup,Soup
31d2250a-d079-5c1f-bc60-77ad5cc65990,ce5bf891-7617-58ca-a2fc-498773a624e3,Sweet Corn Soup,Soup
cc8afed8-04ce-58c7-933d-9e69dbe073ae,ce5bf891-7617-58ca-a2fc-498773a624e3,Seafood Soup,Soup
76872988-a856-5bf0-9177-389be0a18ea4,ce5bf891-7617-58ca-a2fc-498773a624e3,Vegetable & Poached Chicken Broth,Soup
56bd02c0-6d8f-5f58-bc39-45b6786b82f1,ce5bf891-7617-58ca-a2fc-498773a624e3,Steamboat Soup,Soup
7c3bd6ca-a464-59b8-bbfd-419e0585ae4c,ce5bf891-7617-58ca-a2fc-498773a624e3,Assorted Non-Veg Dim Sum Basket,Non-Vegetarian Dim Sums
d9d30412-42f9-5eae-869e-cc019578a575,ce5bf891-7617-58ca-a2fc-498773a624e3,Prawn Har Gow,Non-Vegetarian Dim Sums
1663e62e-d4cf-589b-bd7b-5a4976f33636,ce5bf891-7617-58ca-a2fc-498773a624e3,Beef Ball Dumplings,Non-Vegetarian Dim Sums
3b3c6189-3755-5e40-89c5-1fb2f8764a56,ce5bf891-7617-58ca-a2fc-498773a624e3,Chicken Dumplings,Non-Vegetarian Dim Sums
f4cf4f23-970d-594d-aeef-951b1bf1b3f5,ce5bf891-7617-58ca-a2fc-498773a624e3,Chicken Siu Mai,Non-Vegetarian Dim Sums
72993623-a1bb-51a3-93b2-76f47185a14d,ce5bf891-7617-58ca-a2fc-498773a624e3,Beef & Chive Siu Mai,Non-Vegetarian Dim Sums
98a853ac-4612-5ab8-9064-825ddc46bc9d,ce5bf891-7617-58ca-a2fc-498773a624e3,Crab & Sweet Corn Dumplings,Non-Vegetarian Dim Sums
49ecc04e-f64a-5abe-920e-ac365633cc34,ce5bf891-7617-58ca-a2fc-498773a624e3,Prawn Cheung Fung,Non-Vegetarian Dim Sums
946b4c85-3d17-5389-b447-4ac9a03386f8,ce5bf891-7617-58ca-a2fc-498773a624e3,Crispy Prawn Cheung Fung,Non-Vegetarian Dim Sums
1fd0576c-923e-522c-aef5-e0b8b352ba42,ce5bf891-7617-58ca-a2fc-498773a624e3,Beef Cheung Fung,Non-Vegetarian Dim Sums
d31c93ce-1b11-52ee-99ac-e44375e0a71f,ce5bf891-7617-58ca-a2fc-498773a624e3,Spinach Roll,Non-Vegetarian Dim Sums
18103642-a253-52de-99c9-bf34ed1e3587,ce5bf891-7617-58ca-a2fc-498773a624e3,Crystal Prawn Dumplings,Non-Vegetarian Dim Sums
5ab75451-7c0a-516a-8be5-0772995930e5,ce5bf891-7617-58ca-a2fc-498773a624e3,Chicken & Prawn Siu Mai,Non-Vegetarian Dim Sums
0b3e5e6c-34c2-5c9f-8bed-33a1cfad91f3,ce5bf891-7617-58ca-a2fc-498773a624e3,BBQ Beef Bao,Non-Vegetarian Dim Sums
47497755-b993-5fc4-95a1-86c97df12cef,ce5bf891-7617-58ca-a2fc-498773a624e3,BBQ Chicken Bao,Non-Vegetarian Dim Sums
34e9fa8f-26f9-5d05-86a0-56b1836cf75e,ce5bf891-7617-58ca-a2fc-498773a624e3,BBQ Chicken Cheung Fung,Non-Vegetarian Dim Sums
efdc6b2a-dbf0-5205-a350-1286be5ef760,ce5bf891-7617-58ca-a2fc-498773a624e3,Pan Fried Chicken Dumplings,Non-Vegetarian Dim Sums
808e83ef-2396-5516-976f-d781972fc17b,ce5bf891-7617-58ca-a2fc-498773a624e3,Assorted Veg Dim Sum Basket,Vegetarian Dim Sums
53c9114c-cb8e-5c32-9e7f-794e6349e890,ce5bf891-7617-58ca-a2fc-498773a624e3,Sweet Corn & Root Vegetable Dumplings with Chilli Oil (Contains Nuts),Vegetarian Dim Sums
395ea4ab-52e2-54ff-b85d-ab5ae7125f2f,ce5bf891-7617-58ca-a2fc-498773a624e3,Mixed Vegetable Cheung Fung,Vegetarian Dim Sums
73c08ffa-33a0-5436-912d-1b0c7ebd5da7,ce5bf891-7617-58ca-a2fc-498773a624e3,Pan-Fried Vegetable Gyoza,Vegetarian Dim Sums
902ce7a0-950e-5d6d-b4ea-d22d4ab24640,ce5bf891-7617-58ca-a2fc-498773a624e3,Steamed Mushroom & Herb Gyoza,Vegetarian Dim Sums
223c0b46-aa40-5306-9680-fdebdf74fb7c,ce5bf891-7617-58ca-a2fc-498773a624e3,Spicy Vegetable Dumplings,Vegetarian Dim Sums
d040e56f-11b1-5722-9ac4-ec3674186ae2,ce5bf891-7617-58ca-a2fc-498773a624e3,Steamed Spicy Glass Noodle Dumplings,Vegetarian Dim Sums
8199785e-90de-5ec8-ac87-d839a948d5ac,ce5bf891-7617-58ca-a2fc-498773a624e3,Black Mushrooms and Cucumber with Soy and Chili Vinaigrette,Salad
c3ced5e6-07f7-5af0-acc5-36b669014ab8,ce5bf891-7617-58ca-a2fc-498773a624e3,Sliced Lamb with Scallion,Lamb
8a28bb7f-4f93-5125-8a71-69df86fe447d,ce5bf891-7617-58ca-a2fc-498773a624e3,Sliced Lamb with Ginger Sauce,Lamb
cc1e989d-39d0-5371-845b-842d08439660,ce5bf891-7617-58ca-a2fc-498773a624e3,Stir-Fried Prawns With Broccoli,Prawns
7d233e07-5b5a-59dd-8f1f-f26d1c83d696,ce5bf891-7617-58ca-a2fc-498773a624e3,Sweet & Sour Prawns,Prawns
715808f4-5482-58f8-aa9a-078e70b5c48a,ce5bf891-7617-58ca-a2fc-498773a624e3,Prawns with Red Chilli & Roasted Garlic Sauce,Prawns
c20b68ce-d7ba-50b9-91e8-65a0cb058d6d,ce5bf891-7617-58ca-a2fc-498773a624e3,Crunchy Salt & Pepper Prawns,Prawns
581d5c4f-9a62-5292-9290-0b44ca8f19d9,ce5bf891-7617-58ca-a2fc-498773a624e3,Prawns With Soy Chilli Sauce,Prawns
6f7ec6ea-9ce7-5618-96c0-02e64a256a01,ce5bf891-7617-58ca-a2fc-498773a624e3,Wok Fried Prawns with Soy Sauce,Prawns
6ab63ef8-5708-551b-867d-0ec1439573ac,ce5bf891-7617-58ca-a2fc-498773a624e3,Chicken With Chilli & Black Bean Sauce,Chicken
c0e2685b-3916-5407-b7ce-d10f49a06c27,ce5bf891-7617-58ca-a2fc-498773a624e3,Sweet & Sour Chicken,Chicken
7b862b6e-5ae5-5478-822a-a613d86f7355,ce5bf891-7617-58ca-a2fc-498773a624e3,Cashew Nut Chicken,Chicken
b6427c44-e240-5f18-908a-2519fde74e58,ce5bf891-7617-58ca-a2fc-498773a624e3,Chinese Five-Spice Chicken,Chicken
3c4b5235-c419-577e-b953-b20650533942,ce5bf891-7617-58ca-a2fc-498773a624e3,Chicken with Cashew Nut & Vegetable & XO Sauce,Chicken
9260dd5f-20aa-5672-a88c-5cb455c021bc,ce5bf891-7617-58ca-a2fc-498773a624e3,Minced Chicken With Eggplant & Chilli,Chicken
ca714b35-c286-50db-be49-48d5891e4ae4,ce5bf891-7617-58ca-a2fc-498773a624e3,Crispy Chicken Skin with Soy Glaze,Chicken
79098d87-ee7f-5994-a837-fbede1e18549,ce5bf891-7617-58ca-a2fc-498773a624e3,Dry Chilli Chicken,Chicken
92598780-3f55-506b-8419-66920d08bbac,ce5bf891-7617-58ca-a2fc-498773a624e3,Chows Lemon Chicken,Chicken
223276d5-0686-5f24-b9cd-2df378871ab9,ce5bf891-7617-58ca-a2fc-498773a624e3,Chows Orange Chicken,Chicken
161c7676-2f86-53f5-bcaa-b03cd454d4d0,ce5bf891-7617-58ca-a2fc-498773a624e3,Stir-Fried Chicken With Ginger & Spring Onions,Chicken
cdcfef2c-bf80-5ec6-9658-0f595fc6f79f,ce5bf891-7617-58ca-a2fc-498773a624e3,Cantonese Roast Duck,Duck
1e334df2-1047-53a5-895b-124015728009,ce5bf891-7617-58ca-a2fc-498773a624e3,Crispy Aromatic Duck,Duck
5c5e521f-f751-5f8f-8933-de8fa9c65c93,ce5bf891-7617-58ca-a2fc-498773a624e3,Chows Crispy Beef,Beef
246f497b-b967-5067-bdd5-75c9081ab204,ce5bf891-7617-58ca-a2fc-498773a624e3,Beef with Long Beans & Black Bean Sauce,Beef
c27128c2-785e-5c59-9f7c-fdcd556daca1,ce5bf891-7617-58ca-a2fc-498773a624e3,Sliced Beef Steak with Black Beans & XO Sauce,Beef
c5a71012-2180-51fb-96b5-a9223a498888,ce5bf891-7617-58ca-a2fc-498773a624e3,Beef with Oyster Sauce,Beef
eac180d0-ebca-574c-aa0a-0de81b215568,ce5bf891-7617-58ca-a2fc-498773a624e3,Beef With Cashew Nuts Chilli & Fried Garlic,Beef
d472502c-9f9e-5807-aa2d-62fae0c926a5,ce5bf891-7617-58ca-a2fc-498773a624e3,BBQ Beef,Beef
bc0f8925-e307-59b5-b671-8e5a650a114d,ce5bf891-7617-58ca-a2fc-498773a624e3,Conjee Crispy Beef,Beef
4cc485e0-528f-5f67-ab41-dd2765dadd82,ce5bf891-7617-58ca-a2fc-498773a624e3,Sautéed Beef with Morning Glory,Beef
3fcfad2d-1b17-5a78-8bde-7ea021c23632,ce5bf891-7617-58ca-a2fc-498773a624e3,Beef with Black Bean Sauce,Beef
f7028bb2-ff50-5e7a-9c63-a4b5fcbf5824,ce5bf891-7617-58ca-a2fc-498773a624e3,Shredded Beef with Pepper Chilli,Beef
23e6748d-7033-5b2e-9f6e-6b7a5bcb099e,ce5bf891-7617-58ca-a2fc-498773a624e3,Soy & Sesame Steamed Fish,Fish & Seafood
56f3e476-0af2-5852-8307-4cc1b51b6d36,ce5bf891-7617-58ca-a2fc-498773a624e3,Steamed Fish with Black Bean Sauce,Fish & Seafood
a8c17e72-a3ce-5dc1-a885-44912cd91521,ce5bf891-7617-58ca-a2fc-498773a624e3,Sweet & Sour Deep-Fried Fish,Fish & Seafood
360bdd18-75b0-5d6d-8530-c02bd023ed73,ce5bf891-7617-58ca-a2fc-498773a624e3,Whole Deep-Fried Fish With Sweet & Sour Sauce,Fish & Seafood
2023ef51-24c8-5a3e-9829-ad96f96bfaa7,ce5bf891-7617-58ca-a2fc-498773a624e3,"Whole Flash-Fried Fish With Spring Onions, Ginger & Garlic Sauce",Fish & Seafood
21336054-9cbb-5816-ac57-fa75ead2dbcf,ce5bf891-7617-58ca-a2fc-498773a624e3,Sliced Squid with Turnips & Green Beans,Fish & Seafood
ac339e8c-03a2-51aa-b408-c2bcd91605b6,ce5bf891-7617-58ca-a2fc-498773a624e3,Crunchy Salt & Pepper Squid,Fish & Seafood
decbeeff-7621-574a-965e-ee9253fec40f,ce5bf891-7617-58ca-a2fc-498773a624e3,Hong Kong-Style Crab With Ginger & Spring Onions,Fish & Seafood
25fdf9ba-5a1f-51d7-87dd-90758817876f,ce5bf891-7617-58ca-a2fc-498773a624e3,Singapore Chilli Crab,Fish & Seafood
9032c1de-7e5f-5f00-8207-52f343574c11,ce5bf891-7617-58ca-a2fc-498773a624e3,Red Snapper,Fish & Seafood
65020859-b3f0-51f8-9163-9ba53b75fcc2,ce5bf891-7617-58ca-a2fc-498773a624e3,Lobster With Chilli Sauce,Fish & Seafood
1ad8fb36-c45f-5ff7-a0b9-594dc4a58611,ce5bf891-7617-58ca-a2fc-498773a624e3,Pan-Fried Fish With Yellow Bean Sauce,Fish & Seafood
4e1733c8-57b6-51ee-bb35-535cf0cf705e,ce5bf891-7617-58ca-a2fc-498773a624e3,Stir-Fried Seasonal Vegetables,Vegetables
9ce80ce1-3c61-5ab0-8fe5-fa1b21eb1fbd,ce5bf891-7617-58ca-a2fc-498773a624e3,Steamed Eggplant In Garlic & Chilli Sauce,Vegetables
1a8db573-1c31-5999-b3e7-b221087c9ab5,ce5bf891-7617-58ca-a2fc-498773a624e3,Garlic-Fried Spinach,Vegetables
d24da343-afd9-5fce-89af-ff65eba31654,ce5bf891-7617-58ca-a2fc-498773a624e3,Sautéed Bok Choy with Burnt Garlic,Vegetables
ce79f364-7588-50c3-b3da-22c101c4bc9b,ce5bf891-7617-58ca-a2fc-498773a624e3,Salt & Pepper Mixed Vegetables,Vegetables
d22b6e34-3aee-5fc3-bb9e-a0ab6bd6e5fc,ce5bf891-7617-58ca-a2fc-498773a624e3,Sautéed Green Beans With Black Mushrooms,Vegetables
b1db5380-d6f0-5f60-bb20-3d3de4c5c44a,ce5bf891-7617-58ca-a2fc-498773a624e3,"Ho Fun Noodles With The Choice Of Beef, Chicken Or Vegetables",Noodles and Rice
7f8660c7-5db8-5b97-b2b0-92f8dcda3c17,ce5bf891-7617-58ca-a2fc-498773a624e3,Stir-Fried Vegetable Noodles,Noodles and Rice
17d99a5e-60ec-565c-b7d6-12124da91f13,ce5bf891-7617-58ca-a2fc-498773a624e3,Vegetable Fried Rice,Noodles and Rice
c8323363-8639-544f-9d41-efa1b5207e84,ce5bf891-7617-58ca-a2fc-498773a624e3,Chows Special Fried Rice,Noodles and Rice
45593765-31cb-5ee1-af26-951a7b847b29,ce5bf891-7617-58ca-a2fc-498773a624e3,Egg Fried Rice,Noodles and Rice
85456fb7-d6b1-526d-81dd-3fd34cb915d3,ce5bf891-7617-58ca-a2fc-498773a624e3,Prawn XO Rice,Noodles and Rice
20f4eba1-672a-5f4a-9a6e-e28df7fcd701,ce5bf891-7617-58ca-a2fc-498773a624e3,Pan-Fried Noodles With Chicken & Black Bean Sauce,Noodles and Rice
b56bd221-0a21-5a8b-81fc-da666ccc7ab6,ce5bf891-7617-58ca-a2fc-498773a624e3,Pan-Fried Noodles With Chilli Oil Vegetables,Noodles and Rice
6e81d454-e135-5caa-a612-f4e84664206e,ce5bf891-7617-58ca-a2fc-498773a624e3,Hong Kong-Style Noodles,Noodles and Rice
fb30fd8e-18f2-5e3e-8866-a91d9be057be,ce5bf891-7617-58ca-a2fc-498773a624e3,Singapore Noodles,Noodles and Rice
e67292ad-010e-5c88-8d5a-e00b1612892e,ce5bf891-7617-58ca-a2fc-498773a624e3,Sesame Custard Balls,Desserts
3682d796-2bf5-5b18-9507-c6bae5d92947,ce5bf891-7617-58ca-a2fc-498773a624e3,Molten Cocoa & Nutella Bao,Desserts
b17a45f2-4a0c-5c44-8cb8-6e6063260a54,ce5bf891-7617-58ca-a2fc-498773a624e3,Sweet Sesame Bao,Desserts
37573507-86a2-5e89-b273-02e9ef7afabb,ce5bf891-7617-58ca-a2fc-498773a624e3,Chows Caramel Fudge Brownie,Desserts
9224aa44-2082-5315-84f1-e9c72039161f,2973fd5a-51d4-5c7b-ab9b-9e19f9c34e43,122/CR25 - Palak Paneer,Popular
d1327457-a7cb-5743-89a5-8e072d4156ce,2973fd5a-51d4-5c7b-ab9b-9e19f9c34e43,70/66 - Chicken Butter Masala,Popular
c9e6c9bb-c022-5b49-8594-5523f0b6a59e,2973fd5a-51d4-5c7b-ab9b-9e19f9c34e43,125/114 - Dal Butter Fry,Popular
d17c84a2-e800-5268-b81f-514e290d0ba9,2973fd5a-51d4-5c7b-ab9b-9e19f9c34e43,115/106 - Motor Paneer,Popular
594ca25a-374a-54f6-8f99-fcc4b42fff7a,2973fd5a-51d4-5c7b-ab9b-9e19f9c34e43,48/CR18 - Charcoal Chicken Reshmi Kebab,Popular
dfa11cee-a10c-5a0b-80d6-acbecc445c7b,2973fd5a-51d4-5c7b-ab9b-9e19f9c34e43,09/09 - Vegetable Soup,Soup
2635697e-05b7-5a85-ad9c-a054751d7617,2973fd5a-51d4-5c7b-ab9b-9e19f9c34e43,10/10 - Chicken Vegetable Soup,Soup
f505e813-c0bc-551b-a708-5af4a9e0d23a,2973fd5a-51d4-5c7b-ab9b-9e19f9c34e43,12/13 - Cream of Tomato Soup,Soup
14691ce1-d979-55d9-a697-9f627f3fe478,2973fd5a-51d4-5c7b-ab9b-9e19f9c34e43,13/14 - Cream of Chicken Soup,Soup
63a35043-32ab-5185-8a7e-9d5e41535e3b,2973fd5a-51d4-5c7b-ab9b-9e19f9c34e43,11/11 - Mulligatawny Soup,Soup
0512d977-2c59-5879-be62-6cbcdc4ccc88,2973fd5a-51d4-5c7b-ab9b-9e19f9c34e43,21/21 - Green Salad,Salad
783203e6-51c6-5652-bb08-2d6665abb994,2973fd5a-51d4-5c7b-ab9b-9e19f9c34e43,23/23 - Raita Salad,Salad
04e22bfe-2ca2-5a09-9f08-6220afd7e8cb,2973fd5a-51d4-5c7b-ab9b-9e19f9c34e43,24/24 - Cashew Nut Salad,Salad
c011f323-5f48-5e24-9ed4-3799c4f0a783,2973fd5a-51d4-5c7b-ab9b-9e19f9c34e43,127/116 - Vegetable Nawaratan Curry,Vegetable
c60c856b-c501-585d-bdef-5ab9d11212e0,2973fd5a-51d4-5c7b-ab9b-9e19f9c34e43,130/118 - Vegetable Bhuna,Vegetable
7a0fa9e7-f14f-52b9-ba90-a7961edc0a7e,2973fd5a-51d4-5c7b-ab9b-9e19f9c34e43,134/121 - Alu Dom,Vegetable
688f359b-c165-5622-b3da-7118ec87609e,2973fd5a-51d4-5c7b-ab9b-9e19f9c34e43,114/105 - Paneer Butter Masala,Vegetable
b9c40618-de82-5875-9d84-3977365b97bc,2973fd5a-51d4-5c7b-ab9b-9e19f9c34e43,115/106 - Motor Paneer,Vegetable
decdbb2b-b3e5-5b0f-ad33-6bd448dc02a8,2973fd5a-51d4-5c7b-ab9b-9e19f9c34e43,116/107 - Paneer Karahi,Vegetable
0846f9b3-3cc0-550c-a47b-23d8895eb4b6,2973fd5a-51d4-5c7b-ab9b-9e19f9c34e43,128/117 - Vegetable Butter Masala,Vegetable
764781f0-9f98-55d0-bf04-a16e205cbb7d,2973fd5a-51d4-5c7b-ab9b-9e19f9c34e43,133/120 - Egg Tadka,Vegetable
d6a8e1f9-c210-53c4-abac-ec8c6fa8dd13,2973fd5a-51d4-5c7b-ab9b-9e19f9c34e43,131/119 - Vegetable Hyderabadi,Vegetable
d9845db5-3115-5ffa-ab95-4065747a00ee,2973fd5a-51d4-5c7b-ab9b-9e19f9c34e43,Mushroom Peas Masala,Vegetable
b4a1b03e-3fb8-5a34-9e0f-ca4612aae9b8,2973fd5a-51d4-5c7b-ab9b-9e19f9c34e43,119/108 - Paneer Jhal Fry,Vegetable
8d340d0a-2166-582d-a45d-1eba6a6e880a,2973fd5a-51d4-5c7b-ab9b-9e19f9c34e43,120/109 - Chana Paneer,Vegetable
c8eab31a-a388-5d40-9a5d-17ef0fd3f3e8,2973fd5a-51d4-5c7b-ab9b-9e19f9c34e43,158/146 - Tandoori Roti,Roti & Paratha
2497a980-ee4b-5536-9a73-569f7c8c9553,2973fd5a-51d4-5c7b-ab9b-9e19f9c34e43,147/136 - Plain Naan,Roti & Paratha
0d078418-2946-552c-8e68-8fefd2cfda20,2973fd5a-51d4-5c7b-ab9b-9e19f9c34e43,97/89 - Prawn Masala,Seafood
6c1b6c39-a543-553b-8df7-486b952c3c53,2973fd5a-51d4-5c7b-ab9b-9e19f9c34e43,98/90 - Prawn Bogdadi,Seafood
c1fec3a5-4f9d-52b8-9e45-5b0ebc00e9ae,2973fd5a-51d4-5c7b-ab9b-9e19f9c34e43,100/CR23 - Scampi Jhal Fry,Seafood
68c341dc-8587-50af-9aa9-beb6f64c7d8b,2973fd5a-51d4-5c7b-ab9b-9e19f9c34e43,110/101 - Prawn Sizzling,Sizzling
d4678e4b-e223-558b-b983-4a2cd117c4a6,2973fd5a-51d4-5c7b-ab9b-9e19f9c34e43,111/102 - Chicken Sizzling,Sizzling
b6fd851b-96d4-5d78-91d3-47656484b973,2973fd5a-51d4-5c7b-ab9b-9e19f9c34e43,112/103 - Mutton Sizzling,Sizzling
ab2e8f77-0efc-5ef3-b4f4-4623294d896b,2973fd5a-51d4-5c7b-ab9b-9e19f9c34e43,113/104 - Vegetable Sizzling,Sizzling
9216a2c0-7318-51a6-a2c0-5d0f7774ce09,2973fd5a-51d4-5c7b-ab9b-9e19f9c34e43,123/112 - Chana Masala,Curry
579ec72c-1e2e-5588-a8a8-d34cd2e8f3b2,2973fd5a-51d4-5c7b-ab9b-9e19f9c34e43,125/114 - Dal Butter Fry,Curry
a0a9d9ed-978f-5449-9f2e-ef35224eea8b,2973fd5a-51d4-5c7b-ab9b-9e19f9c34e43,126/CR27 - Dal Makhani,Curry
04ed82f1-9284-5a33-8e63-f59847715a53,2973fd5a-51d4-5c7b-ab9b-9e19f9c34e43,70/66 - Chicken Butter Masala,Chicken Curry
1bb86fd8-5438-57d0-83ae-f6002a0d096c,2973fd5a-51d4-5c7b-ab9b-9e19f9c34e43,48/CR18 - Charcoal Chicken Reshmi Kebab,Kebab
90b2c2b1-a7f6-5e48-9d2b-d05ff3d9eecf,2973fd5a-51d4-5c7b-ab9b-9e19f9c34e43,Mutton Sizzling,Mutton Curry
4d361877-2879-5632-b0cb-ebf2d2969c54,456cd740-4b29-5d8a-9bba-f81e711448b4,Dal Puri Platter,Popular
7edd9c8a-0e54-5331-80b0-13e2deadfe41,456cd740-4b29-5d8a-9bba-f81e711448b4,Luchi with Alur Dom,Popular
ce12432c-bcda-5451-8b7b-d0e9e61acfd0,456cd740-4b29-5d8a-9bba-f81e711448b4,Letka Khichuri Platter,Popular
40f642b9-525b-5178-a77b-942393a95de4,456cd740-4b29-5d8a-9bba-f81e711448b4,Chhita Roti Platter,Popular
cf890f0a-3687-5d50-a348-7c573dde0491,456cd740-4b29-5d8a-9bba-f81e711448b4,Fried Veggie Basket (Family Size),Popular
2ee986a8-6bbe-57b3-9c8b-2c09a1f7e3cc,456cd740-4b29-5d8a-9bba-f81e711448b4,Khuder Bhaat Platter,Popular
076ed983-566b-5836-b28c-8b8693e141a6,456cd740-4b29-5d8a-9bba-f81e711448b4,Fried Veggie Basket (Family Size),Snacks
3717367d-fee2-5acb-ad00-5d820f089cab,456cd740-4b29-5d8a-9bba-f81e711448b4,Dal Puri Platter,Snacks
b6c1f548-84b0-500e-a187-3d8000a2a129,456cd740-4b29-5d8a-9bba-f81e711448b4,Mushroom Wrap,Snacks
c03569e7-d5be-5063-8461-3647619ad219,456cd740-4b29-5d8a-9bba-f81e711448b4,Komola Shundori (Iced Tea),Tea
ef936474-80af-5ae8-9d45-b2c928f19db8,456cd740-4b29-5d8a-9bba-f81e711448b4,Sour Lassi,Lassi
060c47e0-e476-5bf8-869d-5e3e7861b0bc,456cd740-4b29-5d8a-9bba-f81e711448b4,Josna Madam (Iced Tea),Tea
2497ffc5-b73d-501d-8210-9af52bda4254,456cd740-4b29-5d8a-9bba-f81e711448b4,Paneer Vegetable Wrap,Snacks
fe90f419-65eb-5aa5-a141-7e14088559fd,456cd740-4b29-5d8a-9bba-f81e711448b4,Sweet Lassi,Lassi
49147f3a-8b3e-5607-8b85-79591df8e27e,456cd740-4b29-5d8a-9bba-f81e711448b4,Papaya Juice,Juice
4dffd06f-eb15-5635-ad04-af566c083365,456cd740-4b29-5d8a-9bba-f81e711448b4,Khuder Bhaat Platter,Platter
83d39d45-4458-5940-817e-c25f881d68a9,456cd740-4b29-5d8a-9bba-f81e711448b4,Mint Lemonade,Beverage
819908ce-0a85-5626-9576-767361228da3,456cd740-4b29-5d8a-9bba-f81e711448b4,Black and White Rice,Platter
4dad9662-d8b0-5191-828b-7618cb71c509,456cd740-4b29-5d8a-9bba-f81e711448b4,Khichuri Platter,Platter
741ef7f3-fa95-517b-b8f3-89073c0fd9a2,456cd740-4b29-5d8a-9bba-f81e711448b4,Fragrant Rice Platter,Platter
d9c8f161-a555-5e68-a3db-4926362773d0,456cd740-4b29-5d8a-9bba-f81e711448b4,Brown Roti Platter,Platter
6243b56b-5546-5904-9742-31f706c971e9,456cd740-4b29-5d8a-9bba-f81e711448b4,Chhita Roti Platter,Platter
f05b6f6e-c0b3-5692-babc-35a16e41d25a,456cd740-4b29-5d8a-9bba-f81e711448b4,Chaler Roti Platter,Platter
ae0b36ef-86db-5648-8c1f-88a7fe6dd409,456cd740-4b29-5d8a-9bba-f81e711448b4,Sticky Rice Platter,Platter
3da7d38f-9228-57f2-af19-0194ae70a257,456cd740-4b29-5d8a-9bba-f81e711448b4,Mushroom Tehari Platter,Platter
833fe791-d6ae-5216-951b-c50b16dacec7,456cd740-4b29-5d8a-9bba-f81e711448b4,Luchi with Alur Dom,Platter
b773e329-e103-5908-83d5-fac874021352,456cd740-4b29-5d8a-9bba-f81e711448b4,Letka Khichuri Platter,Platter
f3a2fd3d-4aea-5e79-91bb-46ab8c1d80ba,456cd740-4b29-5d8a-9bba-f81e711448b4,Mint Lassi,Lassi
53203781-a5a7-5659-be0b-812c808919ae,456cd740-4b29-5d8a-9bba-f81e711448b4,Pineapple Juice,Juice
9d40ca55-2ae0-524f-98b2-5845c924c2b7,456cd740-4b29-5d8a-9bba-f81e711448b4,Orange Juice,Juice
35af5407-ccc8-5e82-a428-0c7b72d2de40,456cd740-4b29-5d8a-9bba-f81e711448b4,Tamarind Juice,Juice
1e8795a4-5d38-57c5-9328-4b4972a9811e,b67578fe-9216-5074-8de3-8c6baa39f7fe,Salted Caramel Freddo,Cafè Freddo
41b98ad4-058a-5bff-b690-9c94ece7d350,b67578fe-9216-5074-8de3-8c6baa39f7fe,Watermelon,Fresh Juice
ae58bdca-45df-543d-a396-19430dacb705,b67578fe-9216-5074-8de3-8c6baa39f7fe,Mango,Fresh Juice
bafd089a-c978-5e32-a74c-fdc3e8dbc819,b67578fe-9216-5074-8de3-8c6baa39f7fe,Orange,Fresh Juice
53f977e4-bd53-5c5f-92eb-8754aae71f40,b67578fe-9216-5074-8de3-8c6baa39f7fe,Red Velvet Slice Cake,Slice Cakes
ba13e742-31df-559e-b320-07f82eab0df1,b67578fe-9216-5074-8de3-8c6baa39f7fe,NY Cheese Slice Cake,Slice Cakes
9f523e0b-a367-5ab8-93c4-ea6acf3d5de5,b67578fe-9216-5074-8de3-8c6baa39f7fe,Chocolate Delight Slice Cake,Slice Cakes
f130bab6-2854-5640-8592-0e1b80b3b5a3,b67578fe-9216-5074-8de3-8c6baa39f7fe,Basque Burnt Cheese Slice Cake,Slice Cakes
ed7e3096-6342-5ec2-8f38-17d1e44f430f,b67578fe-9216-5074-8de3-8c6baa39f7fe,Carrot Cheese Slice Cake,Slice Cakes
32904145-428b-54d8-aa95-bb8739641e37,b67578fe-9216-5074-8de3-8c6baa39f7fe,Red Velvet,Cup Cakes
696b94a5-0477-5f31-8e93-5d6d9740356b,b67578fe-9216-5074-8de3-8c6baa39f7fe,Chocolate,Cup Cakes
dbe7dee5-b6b6-5864-b07b-f9e751b0226b,b67578fe-9216-5074-8de3-8c6baa39f7fe,Red Velvet Cookie,Cookies
66e7c92d-8314-595c-bfe2-dbeba9513ab8,b67578fe-9216-5074-8de3-8c6baa39f7fe,Chocolate Chip Cookie,Cookies
a6ae3a2e-49f4-5e52-b1e0-224202fb4673,b67578fe-9216-5074-8de3-8c6baa39f7fe,Fudgy Chocolate Cookie,Cookies
1eaff2a7-ca35-500d-818a-3c9b4765357a,b67578fe-9216-5074-8de3-8c6baa39f7fe,American Chocolate Brownie,Brownies
e89f2c3b-992a-5665-bd33-29b081ad9d89,b67578fe-9216-5074-8de3-8c6baa39f7fe,Cheesy Marble Brownie,Brownies
d77c3b5c-71b5-5385-92ec-b46e2fd20683,b67578fe-9216-5074-8de3-8c6baa39f7fe,Caramel Coconut Freddo,Cream Freddo
17f586fc-7dc9-5681-8164-601187fa545f,b67578fe-9216-5074-8de3-8c6baa39f7fe,Nutty Mango Shake,Shakes
fb349201-e345-5492-b12f-6cc0ae8b011f,b67578fe-9216-5074-8de3-8c6baa39f7fe,Chocolate Brownie Shake,Shakes
7f8834ad-02d4-50ba-86ab-0e035a8aa855,b67578fe-9216-5074-8de3-8c6baa39f7fe,Red Velvet Shake,Shakes
9c6edb15-74c4-5a99-bc91-f14e272fbf81,b67578fe-9216-5074-8de3-8c6baa39f7fe,Ferrero Rocher Shake,Shakes
6ef76c3f-e956-5988-9e43-fdfdf61b4ca6,b67578fe-9216-5074-8de3-8c6baa39f7fe,Classic Milk Tea,Hot Tea
5d80b8fa-fab4-5ffe-85ce-56d00e87e60a,b67578fe-9216-5074-8de3-8c6baa39f7fe,Regular Black Tea,Hot Tea
aa70cf59-afdc-5cd5-bcdb-cbe3843e0e62,b67578fe-9216-5074-8de3-8c6baa39f7fe,Honey Lime Tea,Hot Tea
8a0794d6-f2a4-55d1-a168-17375f40704a,b67578fe-9216-5074-8de3-8c6baa39f7fe,Ginger Tea,Hot Tea
cdef3cf6-be92-57da-9836-40480d48bded,b67578fe-9216-5074-8de3-8c6baa39f7fe,Earl Grey Tea,Hot Tea
3783170c-3b3d-59ec-a389-44f794c61b60,b67578fe-9216-5074-8de3-8c6baa39f7fe,Green & Lime Tea,Hot Tea
57cff673-dceb-5c70-a76d-7408fb991a31,b67578fe-9216-5074-8de3-8c6baa39f7fe,Lemon Iced Tea,Frost Tea
1fd893e9-4cba-5b49-b344-07db825a6af4,b67578fe-9216-5074-8de3-8c6baa39f7fe,White Chocolate Freddo,Cream Freddo
431f216a-e2fc-539e-b647-8a387c633d0c,b67578fe-9216-5074-8de3-8c6baa39f7fe,Dark Chocolate Freddo,
ac16310c-f4c0-580e-b584-8ec7ce742eff,b67578fe-9216-5074-8de3-8c6baa39f7fe,Red Velvet Freddo,Cream Freddo
483a6530-532c-562f-86a4-939feafcfcd3,b67578fe-9216-5074-8de3-8c6baa39f7fe,Vanilla Shake,Shakes
f735ac65-b124-5104-af8f-bb1f25c40421,b67578fe-9216-5074-8de3-8c6baa39f7fe,Oreo Shake,Shakes
be3c39dd-634c-58c2-8b15-42c3ee9df0a6,b67578fe-9216-5074-8de3-8c6baa39f7fe,Chicken Katsu,Mains
600071cd-1819-58e5-9a92-2059dbd959e3,b67578fe-9216-5074-8de3-8c6baa39f7fe,Scallopine Al Limone E Funghi,Mains
9ad832ab-a612-5fd2-92d0-371246b9bbe3,b67578fe-9216-5074-8de3-8c6baa39f7fe,Grilled Dory,Mains
a8185782-d966-5ec8-98a0-d81645e752c7,b67578fe-9216-5074-8de3-8c6baa39f7fe,Prawn Dry Red Chili,Mains
f544ee52-2294-5944-9249-9bcc69b75858,b67578fe-9216-5074-8de3-8c6baa39f7fe,Beef Teriyaki,Mains
34a86b91-7e91-5dec-819c-bfe095625c8c,b67578fe-9216-5074-8de3-8c6baa39f7fe,Tom Yum Chicken,Mains
07f9d31b-8a81-5420-a85d-0255fef27b66,b67578fe-9216-5074-8de3-8c6baa39f7fe,Harissa Chicken Steak,Mains
96787720-d6c9-5621-87b5-849b345c7c13,b67578fe-9216-5074-8de3-8c6baa39f7fe,Korean Spicy Chicken Steak,Mains
b2361d72-0449-5188-a7db-3b3f0ab764c9,b67578fe-9216-5074-8de3-8c6baa39f7fe,Original Beef Burger,Burgers
5b77158f-f148-5ec7-8570-b3358ff7938c,b67578fe-9216-5074-8de3-8c6baa39f7fe,Saucy Delight Beef Burger,Burgers
21233c98-a2c1-5f0c-896e-7f01eecc3c06,b67578fe-9216-5074-8de3-8c6baa39f7fe,Smoked Chicken Sandwich - White Bread,Sandwiches
df07bf83-17af-5192-9e60-6ef5267f489d,b67578fe-9216-5074-8de3-8c6baa39f7fe,Sriracha Chicken Steak,Mains
cb0f20d0-c6bb-5a7d-8dcb-482ec0dd063c,b67578fe-9216-5074-8de3-8c6baa39f7fe,French Fries,Appetizers
ebb9c481-9cc6-50e1-bd93-5303b8559f59,b67578fe-9216-5074-8de3-8c6baa39f7fe,Buffalo Hot Wings,Appetizers
de8b1b80-f36b-56df-ab86-3abcd606c9d4,b67578fe-9216-5074-8de3-8c6baa39f7fe,Prawn Tempura,Appetizers
916f315f-773c-5416-8711-c69040b48ab5,b67578fe-9216-5074-8de3-8c6baa39f7fe,Zen Hen Burger,Burgers
5473466b-a1a6-58f3-b8fb-189a327d8be7,b67578fe-9216-5074-8de3-8c6baa39f7fe,Prawn Har Gow,Dim Sum
d14e00af-a37b-5c9b-8db0-47f2b33fd1de,b67578fe-9216-5074-8de3-8c6baa39f7fe,Pasta Salad with Chicken Salami,Salads
e14a5b8c-6156-5abf-9573-bc0cefdd62eb,b67578fe-9216-5074-8de3-8c6baa39f7fe,Roasted Beef Salad with Vinaigrette Dressing,Salads
7532b44a-9bc8-5cbb-9926-48298497de10,b67578fe-9216-5074-8de3-8c6baa39f7fe,Thai Soup,Soups
295eb5b2-8d0e-5ff3-bf00-a4107322a6fd,b67578fe-9216-5074-8de3-8c6baa39f7fe,Thai Clear Soup,Soups
c6a0b430-ed0f-519d-b087-737d7d156f2e,b67578fe-9216-5074-8de3-8c6baa39f7fe,Chicken Corn Soup,Soups
21374e39-2118-5a6c-b202-a38340c849db,b67578fe-9216-5074-8de3-8c6baa39f7fe,Tom Yum Soup,Soups
e243a022-e0d3-580e-807e-3062fee1b6b2,b67578fe-9216-5074-8de3-8c6baa39f7fe,Chicken & Veggie Soup,Soups
01333a3d-6126-50cc-b92f-c96e755d7fea,b67578fe-9216-5074-8de3-8c6baa39f7fe,Chicken Chow Mein,Chow Mein
4b638f95-4649-5ccb-bb3d-281fa59ea022,b67578fe-9216-5074-8de3-8c6baa39f7fe,Prawn Chow Mein,Chow Mein
84c29183-26ee-5888-b510-cc9df1540d68,b67578fe-9216-5074-8de3-8c6baa39f7fe,Mixed (Chicken & Prawn) Chow Mein,Chow Mein
03bedbe1-07ba-598a-a352-9f9f90e3b154,b67578fe-9216-5074-8de3-8c6baa39f7fe,Smoked Chicken Sandwich - Brown Bread,Sandwiches
f4e010e3-1de6-55d2-9cd7-8d97d9c94590,b67578fe-9216-5074-8de3-8c6baa39f7fe,Vegetable Sandwich - White Bread,Sandwiches
46576b53-57c0-5ef4-94c4-3327dea0cde4,b67578fe-9216-5074-8de3-8c6baa39f7fe,Vegetable Sandwich - Brown Bread,Sandwiches
3fedf7ec-011e-5002-942b-99959ac396e2,b67578fe-9216-5074-8de3-8c6baa39f7fe,Lemongrass Chicken Dim Sum,Dim Sum
af85d558-1be8-5265-98b9-ecdfc5ef40cc,b67578fe-9216-5074-8de3-8c6baa39f7fe,Beef Basil Dim Sum,Dim Sum
dbf9de79-681d-5aaf-912a-351bf3b6b4fd,b67578fe-9216-5074-8de3-8c6baa39f7fe,Sirloin (250gm),Steaks
49f7fc75-d3e7-550b-b8e0-c9c4fa4f6ae8,b67578fe-9216-5074-8de3-8c6baa39f7fe,T-Bone (250gm),Steaks
28446e02-72c1-5a05-b4f4-7bb83076f397,b67578fe-9216-5074-8de3-8c6baa39f7fe,Chicken Bechamel,Oven Baked Pasta
f159f895-ef0c-5039-bae2-dc71f3851447,b67578fe-9216-5074-8de3-8c6baa39f7fe,Prawn Penne,Pasta
1c0ce0a3-1bc5-5ae1-9ed9-47c38149289f,b67578fe-9216-5074-8de3-8c6baa39f7fe,Chicken Mushroom Alfredo,Pasta
ab7aac1d-a119-5790-9bea-f40cda005d59,b67578fe-9216-5074-8de3-8c6baa39f7fe,Rib-Eye (250gm),Steaks
4688cdda-83f6-52ac-ad43-c66aa96feaa4,b67578fe-9216-5074-8de3-8c6baa39f7fe,White Rosemary Chicken (Half),Steaks
039b5b57-fbf0-59ba-8a17-20ee8ea8c8b0,b67578fe-9216-5074-8de3-8c6baa39f7fe,BBQ Chicken,Steaks
cd1ebf84-6387-5cf1-a8c9-9620bf02ac2b,b67578fe-9216-5074-8de3-8c6baa39f7fe,Prawn Platter,Platters
3e12bd5b-4ac3-5db3-97ed-2bae88278c79,b67578fe-9216-5074-8de3-8c6baa39f7fe,Platter B - For 4 Person,Platters
7c242da6-7c48-5580-becc-05830a026879,b67578fe-9216-5074-8de3-8c6baa39f7fe,Platter B - For 2 Person,Platters
08118890-6d18-5f32-9faf-dbbaa15a5e70,b67578fe-9216-5074-8de3-8c6baa39f7fe,Platter A - For 4 Person,Platters
35f43302-0c38-5b8e-9a97-edf2cfea765e,b67578fe-9216-5074-8de3-8c6baa39f7fe,Platter A - For 2 Person,Platters
db9f90f5-d003-5db8-b236-191b32f6950a,b67578fe-9216-5074-8de3-8c6baa39f7fe,Bento Quatro,Bento Box
a2e46416-6660-5508-8dfa-8026e8d9f345,b67578fe-9216-5074-8de3-8c6baa39f7fe,Chicken Platter,Platters
e01f4da3-55ba-5102-a01a-7173439a9529,b67578fe-9216-5074-8de3-8c6baa39f7fe,Fudge Brownie,Brownies
abf40798-6cbb-50f1-be6c-f903ccb3b50b,b67578fe-9216-5074-8de3-8c6baa39f7fe,Baklava,Turkish Treats
28e99f95-5fae-5221-8e90-9571a2a9f15c,b67578fe-9216-5074-8de3-8c6baa39f7fe,Kunafa,Turkish Treats
85850691-a993-5272-bb55-32af1df847ba,b67578fe-9216-5074-8de3-8c6baa39f7fe,Date Bar,Bars
32954a34-3b66-5c0e-8189-e53a56327daf,b67578fe-9216-5074-8de3-8c6baa39f7fe,Honey Nut Bar,Bars
a038340b-720e-5760-943a-30bfcfcb1952,b67578fe-9216-5074-8de3-8c6baa39f7fe,Sesame Seed Bar,Bars
dfcf239b-bd8a-58fa-a741-aa21ee16a3ee,b67578fe-9216-5074-8de3-8c6baa39f7fe,Omelette & Frittata,Brunch
54028e39-24f5-564a-98bb-7fbd0809f76a,b67578fe-9216-5074-8de3-8c6baa39f7fe,Sausage & Omelette,Brunch
7d84dab0-0892-56d2-8717-29097e6e323d,b67578fe-9216-5074-8de3-8c6baa39f7fe,Smoked Chicken & Frittata,Brunch
89fce816-f2e6-5d59-90a8-b861d541a42b,b67578fe-9216-5074-8de3-8c6baa39f7fe,BBQ Chicken Steak,Mains
6a612615-2658-59b7-9574-cd6fc40c1239,b67578fe-9216-5074-8de3-8c6baa39f7fe,Mexican Chicken,Mains
8a614719-592f-5adb-9e70-00d1b65c3e5f,b67578fe-9216-5074-8de3-8c6baa39f7fe,Chicken Teriyaki,Mains
0f8e9b0f-aa56-5f90-bbed-3575de38f1e0,b67578fe-9216-5074-8de3-8c6baa39f7fe,Orange Iced Tea,Frost Tea
63c4b4d9-ae67-5c71-a209-17c569543a39,b67578fe-9216-5074-8de3-8c6baa39f7fe,Strawberry Iced Tea,Frost Tea
75d3ea9b-adb0-57b1-8ed6-4108c073326b,b67578fe-9216-5074-8de3-8c6baa39f7fe,Peach Iced Tea,Frost Tea
569d68f9-90d9-5117-95a9-9fcffe40197a,b67578fe-9216-5074-8de3-8c6baa39f7fe,Pineapple,Fresh Juice
7538e09c-d43d-56ff-a8e8-7b8d719b729c,b67578fe-9216-5074-8de3-8c6baa39f7fe,Papaya,Fresh Juice
5e36c303-62d9-515f-b1af-2449f3552607,b67578fe-9216-5074-8de3-8c6baa39f7fe,Iced Chocolate (dark/white),Chocolate Series
245d35e0-19d1-5d1f-919b-c7d7054d65ef,b67578fe-9216-5074-8de3-8c6baa39f7fe,Hot Dark Chocolate,Chocolate Series
9e263e1e-44f8-5b95-b3a9-29581e88738a,b67578fe-9216-5074-8de3-8c6baa39f7fe,Strawberry Mojito,Mocktails
569c251d-b38c-576d-a1a7-db999077582c,b67578fe-9216-5074-8de3-8c6baa39f7fe,Watermelon Mojito,Mocktails
7492a3cc-c9cc-5b5f-930d-3c22206b0be9,b67578fe-9216-5074-8de3-8c6baa39f7fe,Orange Soda,Fizz
183d0bbd-b7b8-5e5f-b73c-0a00e0d173f9,b67578fe-9216-5074-8de3-8c6baa39f7fe,Fresh Lime Soda,Mocktails
28f89bd0-bd01-5dbf-8f21-40f979f378d2,b67578fe-9216-5074-8de3-8c6baa39f7fe,Peach Fizz,Fizz
8ad48957-1a87-5ca0-97d7-0d6279475fa8,b67578fe-9216-5074-8de3-8c6baa39f7fe,Orange Soda,Fizz
b7ee5a09-f367-588b-bf67-546a7e946fe4,b67578fe-9216-5074-8de3-8c6baa39f7fe,Strawberry Fizz,Fizz
065e12e6-5f88-532d-8c8c-e747a9c24493,b67578fe-9216-5074-8de3-8c6baa39f7fe,Fresh Honey Lime,Fizz
7be368aa-7e0d-5402-9ef5-e1e3feb9470e,b67578fe-9216-5074-8de3-8c6baa39f7fe,Espressoda,Fizz
e3d5aa49-498f-53da-a509-39cca6ecf21f,b67578fe-9216-5074-8de3-8c6baa39f7fe,Peach Lemonade,Limey
da7bf644-7aa3-5d71-8653-58916d8882c2,b67578fe-9216-5074-8de3-8c6baa39f7fe,Strawberry Lemonade,Limey
fb2321b5-00ad-540a-a040-e4f6f2106a0b,b67578fe-9216-5074-8de3-8c6baa39f7fe,Masala & Spicy Lemonade,Limey
30ce0520-9b86-5412-b6d2-842066fd5985,b67578fe-9216-5074-8de3-8c6baa39f7fe,Classic Lemonade,Limey
3b0fc0fa-5df0-56c0-9ce3-b48f065d1de6,b67578fe-9216-5074-8de3-8c6baa39f7fe,Iced Mochaccino,Cold/Frozen Coffee
4bea2f18-822d-52ab-b5be-b72f15d04e4f,b67578fe-9216-5074-8de3-8c6baa39f7fe,Fruity Americano,Cold/Frozen Coffee
c3bfc943-81d5-5362-b63f-59f28e4b613b,b67578fe-9216-5074-8de3-8c6baa39f7fe,Brownie Mocha,Cafè Freddo
e21e6161-528e-5b68-9693-6d9b5a7cd63c,b67578fe-9216-5074-8de3-8c6baa39f7fe,Nutty Cookie Freddo,Cream Freddo
930b9add-8a3f-52dd-aa3d-f97628da19c9,b67578fe-9216-5074-8de3-8c6baa39f7fe,Salted Caramel Freddo,Cafè Freddo
4119a16d-9ba7-5a56-ad0e-c3725b9f12d3,b67578fe-9216-5074-8de3-8c6baa39f7fe,Hazelnut Freddo,Cafè Freddo
32de0160-770f-544d-9213-33b0eebcd9de,b67578fe-9216-5074-8de3-8c6baa39f7fe,White Mocha Freddo,Cafè Freddo
e040e593-a54c-53f3-ae22-63c99ed62281,b67578fe-9216-5074-8de3-8c6baa39f7fe,Dark Mocha Freddo,Cafè Freddo
a16fb5d3-481e-50ca-a6be-f66caf6404ae,b67578fe-9216-5074-8de3-8c6baa39f7fe,Caramel Freddo,Cafè Freddo
ac2fa97c-4305-5ef6-958a-af8c85303ff1,b67578fe-9216-5074-8de3-8c6baa39f7fe,Hot White Chocolate,Chocolate Series
1cc6efa6-819d-5784-93da-c6c5b306fc75,b67578fe-9216-5074-8de3-8c6baa39f7fe,Café Freddo,Cafè Freddo
42b26cec-fb06-5e29-a3e2-70208c2758ce,b67578fe-9216-5074-8de3-8c6baa39f7fe,Kids Hot Chocolate,Chocolate Series
17dc36a3-6062-55f3-b5fb-6ea3494fb89b,b67578fe-9216-5074-8de3-8c6baa39f7fe,Vanilla Freddo,Cafè Freddo
95b1b97d-6cba-510d-9566-6e0ff5ab0a25,b67578fe-9216-5074-8de3-8c6baa39f7fe,Espresso,Coffee
1d7b4f79-982c-59ce-ba43-7ba02f6e2484,b67578fe-9216-5074-8de3-8c6baa39f7fe,Macchiato,Coffee
dbdbebcd-7a29-5acb-b614-92ff2aebbc39,b67578fe-9216-5074-8de3-8c6baa39f7fe,Cortado,Coffee
b2664b97-872c-5b69-9d7b-35dc4bc78200,b67578fe-9216-5074-8de3-8c6baa39f7fe,Americano,Coffee
f852536e-3514-5c52-80d1-a2b3785e22e1,b67578fe-9216-5074-8de3-8c6baa39f7fe,Cappuccino,Coffee
bdfdd827-aba7-5e7d-823e-24cf8163a31c,b67578fe-9216-5074-8de3-8c6baa39f7fe,Latte,Coffee
f12bfdd7-b229-5aac-a787-9252d803dd8f,b67578fe-9216-5074-8de3-8c6baa39f7fe,Vanilla Flavored Coffee,Flavored Coffee/Latte
6bfef4ce-4d01-56d4-969f-e644a5bf0e50,b67578fe-9216-5074-8de3-8c6baa39f7fe,Hazelnut Flavored Coffee,Flavored Coffee/Latte
886aef65-0e7a-530c-8908-bb52fe3985d8,b67578fe-9216-5074-8de3-8c6baa39f7fe,Caramel Flavored Coffee,Flavored Coffee/Latte
3f02d65f-b059-5185-8e8e-d220601a4276,b67578fe-9216-5074-8de3-8c6baa39f7fe,Mocha,Flavored Coffee/Latte
1957ac25-0c65-538e-b027-339a04f37973,b67578fe-9216-5074-8de3-8c6baa39f7fe,Salted Caramel,Flavored Coffee/Latte
5eccdc4d-d541-58d1-be7b-237bae8a1b7f,b67578fe-9216-5074-8de3-8c6baa39f7fe,Iced Americano,Cold/Frozen Coffee
c8b0a20e-79a7-5364-a00e-cc4454dbceef,b67578fe-9216-5074-8de3-8c6baa39f7fe,Iced Cappuccino,Cold/Frozen Coffee
d93f7772-28ff-5f15-a297-c50f9de6c1d2,b67578fe-9216-5074-8de3-8c6baa39f7fe,Iced Latte,Cold/Frozen Coffee
aa5649ab-23ab-5123-b4c0-6935024f5a8d,8cfcfcbc-4e20-59ea-b0c3-a18b21e3eb77,Koral Fish Finger,Modern Dishes
76f71bc7-38e1-57f4-a47b-d65bf444a5b8,8cfcfcbc-4e20-59ea-b0c3-a18b21e3eb77,Sauteed King Prawn with Soy Sauce,Seafood
1d0ea507-426b-57b6-9c88-cee5f3b2f390,8cfcfcbc-4e20-59ea-b0c3-a18b21e3eb77,Mid - Cut Steam Prawn with Garlic Sauce,Seafood
49d16546-8930-5fe2-a887-668498d09031,8cfcfcbc-4e20-59ea-b0c3-a18b21e3eb77,Prawn with Garlic Sauce,Seafood
00c289d7-d271-5827-b847-6b946dbebcac,8cfcfcbc-4e20-59ea-b0c3-a18b21e3eb77,Steamed Lemon Koral Fish with Soy Sauce,Seafood
657236ea-fdba-5591-8638-4eb888ebe326,8cfcfcbc-4e20-59ea-b0c3-a18b21e3eb77,Fried Koral Fish with Black Bean Sauce,Seafood
adfc5de8-00f4-547b-b00b-50e11e722747,8cfcfcbc-4e20-59ea-b0c3-a18b21e3eb77,Sweet & Sour Koral Fish,Seafood
0ec62600-8539-5026-a64c-1e977bea150e,8cfcfcbc-4e20-59ea-b0c3-a18b21e3eb77,Steamed Koral Fish with Black Bean Sauce,Seafood
7e0472bc-0efd-5db2-af7d-0598b8929702,8cfcfcbc-4e20-59ea-b0c3-a18b21e3eb77,Sweet & Sour Prawn,Seafood
168f308e-7d85-530f-be13-4ab9f0ffb2ce,8cfcfcbc-4e20-59ea-b0c3-a18b21e3eb77,Plain Fried Rice Noodles,Noodles & Dumpling
e6a58408-e951-512b-aeaa-07dc116f11d1,8cfcfcbc-4e20-59ea-b0c3-a18b21e3eb77,Fried Rice Noodles with Soy Sauce,Noodles & Dumpling
d1662210-c8f4-51f3-a51a-4fcc06400215,8cfcfcbc-4e20-59ea-b0c3-a18b21e3eb77,Beef with Rice Noodles,Noodles & Dumpling
7f1a30c4-55ff-59dd-8331-1494f12035d9,8cfcfcbc-4e20-59ea-b0c3-a18b21e3eb77,Rice-Flour Noodles Soup,Noodles & Dumpling
f390917a-9a84-5f6c-8c65-f9e1d136b25b,8cfcfcbc-4e20-59ea-b0c3-a18b21e3eb77,Rice Noodles Soup,Noodles & Dumpling
5c557ba5-6216-5cdc-a5a1-b4aa8a7d4901,8cfcfcbc-4e20-59ea-b0c3-a18b21e3eb77,Flour Noodles Soup,Noodles & Dumpling
a5cfe7c2-de84-5f01-8846-c3d930e51782,8cfcfcbc-4e20-59ea-b0c3-a18b21e3eb77,Vegetables with Noodles Soup,Noodles & Dumpling
df7035e6-e0c0-5065-94a8-b1fd6523bbc1,8cfcfcbc-4e20-59ea-b0c3-a18b21e3eb77,Fried Prawn with Spicy Salted Pepper,Seafood
ac650633-4540-5261-b6b4-33d2972b1620,8cfcfcbc-4e20-59ea-b0c3-a18b21e3eb77,Beijing Dumpling - Beef,Noodles & Dumpling
7365113f-843b-5375-b9b5-5530722cb0e2,8cfcfcbc-4e20-59ea-b0c3-a18b21e3eb77,Chicken Fired Noodles,Noodles & Dumpling
603ed3be-9607-50bb-93a1-40df435c5f85,8cfcfcbc-4e20-59ea-b0c3-a18b21e3eb77,Beef Fried Noodles,Noodles & Dumpling
7d79040c-11f0-5602-bd66-22b0e0703339,8cfcfcbc-4e20-59ea-b0c3-a18b21e3eb77,Singapore Fried Rice Noodles,Noodles & Dumpling
10dfb906-c140-54cd-85f2-b3e8ccc744c2,8cfcfcbc-4e20-59ea-b0c3-a18b21e3eb77,Cheong Shing's' Special Fried Noodles,Noodles & Dumpling
7a1f7bbc-7505-5bf4-8d32-c930da684c54,8cfcfcbc-4e20-59ea-b0c3-a18b21e3eb77,Chicken with Rice Noodles,Noodles & Dumpling
d5d40350-94a2-5b4e-8cce-391092b959f4,8cfcfcbc-4e20-59ea-b0c3-a18b21e3eb77,Beijing Dumpling - Chicken,Noodles & Dumpling
6216f2f9-9282-53a6-85cc-1fc1a5d0d613,8cfcfcbc-4e20-59ea-b0c3-a18b21e3eb77,Fried Noodles with Soy Sauce,Noodles & Dumpling
efa6e912-90f4-5a1e-b8e7-cac7e5b13636,8cfcfcbc-4e20-59ea-b0c3-a18b21e3eb77,Seafood Soup with Bean Curd,Soup
cd3162cf-c76b-5bc7-b84b-a190195b7273,8cfcfcbc-4e20-59ea-b0c3-a18b21e3eb77,Hot & Sour Soup,Soup
02b59a77-5c9c-509c-ac5e-8b12db00fe58,8cfcfcbc-4e20-59ea-b0c3-a18b21e3eb77,Vegetable Seafood Soup,Soup
15f6ca85-d66e-56a1-b659-aad02ae0bf1d,8cfcfcbc-4e20-59ea-b0c3-a18b21e3eb77,Beijing Dumpling Soup,Soup
427ff3d2-c788-5928-91d3-7f84d5308f6b,8cfcfcbc-4e20-59ea-b0c3-a18b21e3eb77,Vegetable Chicken Soup,Soup
c2d1e301-629c-5dd6-a263-6748e14df5e3,8cfcfcbc-4e20-59ea-b0c3-a18b21e3eb77,House Special Food Hotpot,Clay Pot
43cdae60-99fb-5a3a-8c0d-01c415959027,8cfcfcbc-4e20-59ea-b0c3-a18b21e3eb77,Chicken Meat Hotpot,Clay Pot
009a8c64-111e-54f2-84a8-7a39f934a60c,8cfcfcbc-4e20-59ea-b0c3-a18b21e3eb77,Eggplant with Salted Fish Sauce Hotpot,Clay Pot
4bc4dee3-04ec-583a-b09a-dab79384af5f,8cfcfcbc-4e20-59ea-b0c3-a18b21e3eb77,Bitter Guard in Stuffed with Minced Fish,Special Cuisine
2853a800-14d2-5d60-a42b-13d6dc51c19b,8cfcfcbc-4e20-59ea-b0c3-a18b21e3eb77,Three BAO in Stuffed with Minced Fish,Special Cuisine
96966351-5ae9-5054-9285-0d46e9e2e2c1,8cfcfcbc-4e20-59ea-b0c3-a18b21e3eb77,Steamed Egg with Shrimp,Special Cuisine
59642c5d-e002-5f3a-a4ec-422a5850c119,8cfcfcbc-4e20-59ea-b0c3-a18b21e3eb77,Fried Egg with Bitter Gourd,Special Cuisine
787544e5-bf59-547b-a7df-6491d02780eb,8cfcfcbc-4e20-59ea-b0c3-a18b21e3eb77,Chili in Stuffed with Minced Fish,Special Cuisine
e9b0584e-8eee-5742-aa7d-5e13ce3c7f25,8cfcfcbc-4e20-59ea-b0c3-a18b21e3eb77,Steamed Egg with Salted Egg Preserved Egg,Special Cuisine
782f718f-dd37-56db-8e26-39266a8b7877,8cfcfcbc-4e20-59ea-b0c3-a18b21e3eb77,Scrambled Egg with Shrimp,Special Cuisine
995ad5d0-256c-5c4f-bb37-420bc756932a,8cfcfcbc-4e20-59ea-b0c3-a18b21e3eb77,Fried Egg with Tomato,Special Cuisine
ae853590-de2b-5f65-8461-31eb93777d3f,8cfcfcbc-4e20-59ea-b0c3-a18b21e3eb77,Beef with Green Cucumber,Beef
dc652c5e-ab71-5021-94ef-b3fd9920863a,8cfcfcbc-4e20-59ea-b0c3-a18b21e3eb77,Beef with Black Mushroom,Beef
13d422d8-877a-5023-adb4-6f1b7be3f159,8cfcfcbc-4e20-59ea-b0c3-a18b21e3eb77,Spicy Fried Beef,Beef
36aa54ad-c6b3-5c2c-9f7b-faf63485ee16,8cfcfcbc-4e20-59ea-b0c3-a18b21e3eb77,Fried Spicy Beef,Beef
fa614160-283c-5d98-8078-7f4942d57569,8cfcfcbc-4e20-59ea-b0c3-a18b21e3eb77,Sweet & Sour Chicken,Special Cuisine
0dddf087-8118-5361-92b6-5040d9845238,8cfcfcbc-4e20-59ea-b0c3-a18b21e3eb77,Salted Fish with Chicken & Bean Curd,Special Cuisine
6ea5b3ac-47d2-5f76-b7f2-3e968c43f5ec,8cfcfcbc-4e20-59ea-b0c3-a18b21e3eb77,Cook Shrimp with Bean Curd,Special Cuisine
becb5ece-9e8c-5cc9-bda4-4853a00746fb,8cfcfcbc-4e20-59ea-b0c3-a18b21e3eb77,Braised Bean Curd with Hot Spicy Sauce,Special Cuisine
6600e2f0-e195-54b3-b968-9161f4ee383e,8cfcfcbc-4e20-59ea-b0c3-a18b21e3eb77,Beef with Green Pepper,Beef
d944b8e4-f44e-5778-a427-c09b7f142f4d,8cfcfcbc-4e20-59ea-b0c3-a18b21e3eb77,Beef with Ginger Onion,Beef
39e2fbf8-c496-515b-ad75-d1cec5ff1d57,8cfcfcbc-4e20-59ea-b0c3-a18b21e3eb77,Beef with Vegetables,Beef
a9c5dcec-a55c-527b-974a-20fd2ab535bc,8cfcfcbc-4e20-59ea-b0c3-a18b21e3eb77,Beef with Chili Spicy,Beef
d0e94de3-432e-5657-a47b-9b10a29876d5,8cfcfcbc-4e20-59ea-b0c3-a18b21e3eb77,Beef with Bitter Gourd,Beef
b640d680-87be-5700-aed1-9ba920a07360,8cfcfcbc-4e20-59ea-b0c3-a18b21e3eb77,Beef with Tomato,Beef
d08bf2e5-4a5a-5e3f-80ef-1061774da6d8,8cfcfcbc-4e20-59ea-b0c3-a18b21e3eb77,Braised Beef with Eggplant,Beef
13dc5660-38ee-55c4-9e64-d6f7ff56b9d3,8cfcfcbc-4e20-59ea-b0c3-a18b21e3eb77,Beef with Poached Style,Beef
147ccd54-b3ca-5ed5-95e6-b6c7ba5824a8,8cfcfcbc-4e20-59ea-b0c3-a18b21e3eb77,Bokchoy Fried Vegetable with Garlic,Vegetables
d51b946b-4049-52f6-887a-8ad38b0d8b92,8cfcfcbc-4e20-59ea-b0c3-a18b21e3eb77,Stew Vegetable,Vegetables
fac2967d-903b-5f35-b29b-ff1fec11df05,8cfcfcbc-4e20-59ea-b0c3-a18b21e3eb77,Vegetables with Supreme Soup,Vegetables
8505ffce-7348-5c36-85fd-1139bb94321d,8cfcfcbc-4e20-59ea-b0c3-a18b21e3eb77,Vegetables with Oyster Sauce,Vegetables
db21a8a9-530d-5793-85f1-e8c7901fa923,8cfcfcbc-4e20-59ea-b0c3-a18b21e3eb77,Kangkong Fried Vegetable with Garlic & Mushroom,Vegetables
62fff766-575b-55fb-823f-d5fb7159f3ca,8cfcfcbc-4e20-59ea-b0c3-a18b21e3eb77,Bokchoy Fried Vegetable with Garlic & Mushroom,Vegetables
0f0d492e-cfdf-5e57-978e-e31a3b97a9b7,8cfcfcbc-4e20-59ea-b0c3-a18b21e3eb77,Steamed Eggplant with Garlic,Vegetables
5b0473d1-2b1e-5471-ae21-3262fca5031d,8cfcfcbc-4e20-59ea-b0c3-a18b21e3eb77,A Special Vegetarian Dish,Vegetables
114aad3a-26a5-561a-93f6-b5dd711cc594,8cfcfcbc-4e20-59ea-b0c3-a18b21e3eb77,Fried Rice with “Yeung Chow” Style,Rice
9ad5622e-1787-5684-b2d8-747decb64000,8cfcfcbc-4e20-59ea-b0c3-a18b21e3eb77,Fried Rice with Vegetable,Rice
1a8bc144-7296-5bed-a7e7-1ea97e0d2845,8cfcfcbc-4e20-59ea-b0c3-a18b21e3eb77,Fried Rice with Chicken,Rice
a6537137-fec3-5fa7-9b37-f7f0ad61cc0b,8cfcfcbc-4e20-59ea-b0c3-a18b21e3eb77,Fried Rice with Fujian Style,Rice
1d695bac-0520-5e6c-9c29-decd631b0e2f,8cfcfcbc-4e20-59ea-b0c3-a18b21e3eb77,Beef Fried Rice,Rice
aa71be62-26c3-50b1-8d6b-91fa51d88cb5,8cfcfcbc-4e20-59ea-b0c3-a18b21e3eb77,Steamed Rice,Rice
11265bcd-3e53-5a0e-b084-091033d9bdf3,8cfcfcbc-4e20-59ea-b0c3-a18b21e3eb77,Fried Rice with Egg,Rice
55b191df-9ab3-5f34-80a7-111d3ff6ce75,8cfcfcbc-4e20-59ea-b0c3-a18b21e3eb77,Mixed Fried Rice with Yellow Chow Style,Rice
82644523-8dfc-59bb-9168-5037ab3ac345,8cfcfcbc-4e20-59ea-b0c3-a18b21e3eb77,Salted Fish with Chicken Fried Rice,Rice
2fdbd9c9-661f-51bb-9114-6ad24cb4fe59,8cfcfcbc-4e20-59ea-b0c3-a18b21e3eb77,Minced Fish with Vegetables,Special Cuisine
88ea3546-c66a-5a7c-a1eb-f684b1cbc0d7,8cfcfcbc-4e20-59ea-b0c3-a18b21e3eb77,Mixed Seafood,Special Cuisine
2666b7f7-a24c-5195-8b10-c1ac86f56ded,8cfcfcbc-4e20-59ea-b0c3-a18b21e3eb77,Squid with Black Bean Sauce,Special Cuisine
1d081ffe-f136-5a76-aef7-6da5f796ec00,8cfcfcbc-4e20-59ea-b0c3-a18b21e3eb77,Chicken with Lemon Sauce,Special Cuisine
97e378c0-24d4-5adb-bfb3-7e0aed5fab78,8cfcfcbc-4e20-59ea-b0c3-a18b21e3eb77,Vegetables Prawn with Cashew Nut,Special Cuisine
57a31197-6a50-5bc1-bb25-731362142f4b,8cfcfcbc-4e20-59ea-b0c3-a18b21e3eb77,Stir Fried Slice Potato,Special Cuisine
dc195e89-2721-5981-a253-87c988b921fb,8cfcfcbc-4e20-59ea-b0c3-a18b21e3eb77,Spicy Vegetable Chicken with Peanut,Special Cuisine
d562d40c-8898-5add-ba91-c2b461ff1d14,8cfcfcbc-4e20-59ea-b0c3-a18b21e3eb77,Bean Curd in Stuffed with Minced Fish,Special Cuisine
b6e21357-8695-57f9-a080-5ea3b43b8a22,8cfcfcbc-4e20-59ea-b0c3-a18b21e3eb77,Corn with Cashew Nut,Special Cuisine
72dfb83e-adc3-500d-adde-80b7913abec6,8cfcfcbc-4e20-59ea-b0c3-a18b21e3eb77,Vegetables Chicken with Cashew Nut,Special Cuisine
e0dd54be-7a2a-5e46-9393-dd550108aa61,8cfcfcbc-4e20-59ea-b0c3-a18b21e3eb77,Fried Egg with Leek,Special Cuisine
66b869b8-ce6e-5f2e-a5dd-304f362cdcbc,8cfcfcbc-4e20-59ea-b0c3-a18b21e3eb77,Za-Chai Chicken,Special Cuisine
f6a67a72-49b9-5b44-937b-145700fb9d3b,8cfcfcbc-4e20-59ea-b0c3-a18b21e3eb77,Za-Chai Prawn,Special Cuisine
888b3ed0-4887-52f3-a752-f5f55ff3d26e,8cfcfcbc-4e20-59ea-b0c3-a18b21e3eb77,Za-Chai Beef,Special Cuisine
d717b84f-98c8-55cb-9571-ea4b486b656e,8cfcfcbc-4e20-59ea-b0c3-a18b21e3eb77,Stir Fried Spicy Chicken Liver & Gizzard,Special Cuisine
e94492b5-3b47-5904-8349-6e4c510407b2,8cfcfcbc-4e20-59ea-b0c3-a18b21e3eb77,Bean Sprout with Squid,Special Cuisine
dd35be13-e95f-520a-8812-695c34f2d415,8cfcfcbc-4e20-59ea-b0c3-a18b21e3eb77,Beef Soup with Egg White Hangzhou Style,Soup
759432bd-929f-56f2-8328-226df0239e13,8cfcfcbc-4e20-59ea-b0c3-a18b21e3eb77,Chicken Wonton Vegetable Soup,Soup
97158255-a00a-521c-836e-ab4a827c914d,8cfcfcbc-4e20-59ea-b0c3-a18b21e3eb77,Special Porridge,Soup
603131d3-4034-5856-a754-696ba30e5c35,8cfcfcbc-4e20-59ea-b0c3-a18b21e3eb77,Braised Duck with Special Sauce,Curry
845c9c3d-c36a-5d49-8106-81524a678dd9,8cfcfcbc-4e20-59ea-b0c3-a18b21e3eb77,Roasted Salted Duck,Curry
3cec7cff-6397-5613-9ce5-b8e34c4954e4,8cfcfcbc-4e20-59ea-b0c3-a18b21e3eb77,Assorted Duck,Curry
1ba524fe-41a6-57bf-8003-7ea51baee42e,8cfcfcbc-4e20-59ea-b0c3-a18b21e3eb77,Special Chicken,Curry
71ca8f99-41b3-5443-b4d7-b59468123d15,8cfcfcbc-4e20-59ea-b0c3-a18b21e3eb77,Duck with Curry Sauce,Curry
9fef4585-7dca-5cb6-bd58-0b1de408855b,8cfcfcbc-4e20-59ea-b0c3-a18b21e3eb77,Chicken with Curry Sauce,Curry
e0517617-bae0-52ee-9b0f-356cc8e65bef,8cfcfcbc-4e20-59ea-b0c3-a18b21e3eb77,Mixed Vegetables,Vegetables
d473278d-b372-5c9d-8d67-241b5804cead,8cfcfcbc-4e20-59ea-b0c3-a18b21e3eb77,Kangkong Fried Vegetable with Garlic,Vegetables
c31de046-c10c-5e53-86b8-754b77c5467b,8cfcfcbc-4e20-59ea-b0c3-a18b21e3eb77,Steamed Chicken with Mushroom,Curry
972e596a-3823-550b-908c-87efd3195e93,8cfcfcbc-4e20-59ea-b0c3-a18b21e3eb77,Boiled Plain Chicken with Ginger Sauce,Curry
c2416afc-dbb6-5148-bb73-9b33ce7732ee,8cfcfcbc-4e20-59ea-b0c3-a18b21e3eb77,Salted Chicken with Ginger Sauce,Curry
ab48cda4-4de9-58c5-b8ec-a689b3e221e5,8cfcfcbc-4e20-59ea-b0c3-a18b21e3eb77,Chicken with Soy Sauce,Curry
b2699633-917f-591f-bc53-1c7b3cc497db,8cfcfcbc-4e20-59ea-b0c3-a18b21e3eb77,Roasted Salted Chicken,Curry
7e22e8ee-27c9-518b-8764-ae04311f59aa,8cfcfcbc-4e20-59ea-b0c3-a18b21e3eb77,Fried Spicy Chicken,Curry
799d6a22-d97b-53be-8132-a152b2d06f66,8cfcfcbc-4e20-59ea-b0c3-a18b21e3eb77,Dry Garlic Fired Chicken,Curry
e2eb58b6-5505-5863-be59-367f7f2b7eb9,8cfcfcbc-4e20-59ea-b0c3-a18b21e3eb77,Fried Salted Duck,Curry
318d53ea-b003-5044-a2ce-6e4eede1528a,8cfcfcbc-4e20-59ea-b0c3-a18b21e3eb77,Beef Flank Radish Hotpot,Clay Pot
e2e120cb-da8e-50f4-807c-8ef0533abd05,8cfcfcbc-4e20-59ea-b0c3-a18b21e3eb77,Fish Ball Curry Hotpot,Clay Pot
d1e32db6-eed6-5664-b1ae-210fcb2de174,8cfcfcbc-4e20-59ea-b0c3-a18b21e3eb77,Beef Flank Curry Hotpot,Clay Pot
a934044e-c70b-5c4c-9a05-6a3e067531d9,8cfcfcbc-4e20-59ea-b0c3-a18b21e3eb77,Minced Fish with Bean Curd Hotpot,Clay Pot
a3fc2ddb-eb8e-566b-8bf5-0acbf327583d,8cfcfcbc-4e20-59ea-b0c3-a18b21e3eb77,Seafood with Silver Noodles Hotpot,Clay Pot
f439f9a3-8bb6-55de-87d0-284c7e599f91,8cfcfcbc-4e20-59ea-b0c3-a18b21e3eb77,Silver Noodles with Fried Egg Hotpot,Clay Pot
2c9b715c-af16-5e30-9116-24797b815866,8cfcfcbc-4e20-59ea-b0c3-a18b21e3eb77,BBQ Chicken,Curry
c0d6dd45-e627-56a4-870e-db11cd5a6b5d,8cfcfcbc-4e20-59ea-b0c3-a18b21e3eb77,Deep Fried Crispy Chicken,Curry
868815a8-8155-53c9-a4df-67319d7138a4,8cfcfcbc-4e20-59ea-b0c3-a18b21e3eb77,Rich & Honored Prawn,Seafood
bff51ca5-71df-5105-a780-0764d1765c82,8cfcfcbc-4e20-59ea-b0c3-a18b21e3eb77,Prawn with Tomato Sauce,Seafood
d4ea14ef-54f6-5f3e-847b-2c037cf3b6a5,8cfcfcbc-4e20-59ea-b0c3-a18b21e3eb77,Braised Koral Fish with Tomato,Seafood
b5b4696f-4272-543d-8909-c4b19958abd9,8cfcfcbc-4e20-59ea-b0c3-a18b21e3eb77,Deep Fried Buttered Prawn,Seafood
297b56ad-1f06-52f8-9534-b21f33ff4211,8cfcfcbc-4e20-59ea-b0c3-a18b21e3eb77,Steamed Koral Fish with Chili Oil,Seafood
f13d7b5d-dd8f-5393-9758-1d489fca2d46,8cfcfcbc-4e20-59ea-b0c3-a18b21e3eb77,Cucumber with Chili Sauce & Sugar,Appetizer
d589d633-a635-5fd4-b8c9-169787e913c5,8cfcfcbc-4e20-59ea-b0c3-a18b21e3eb77,Hot & Spicy Beef,Appetizer
856cee98-1091-57cb-be9d-370d6cc841a4,8cfcfcbc-4e20-59ea-b0c3-a18b21e3eb77,Peanut Salad,Appetizer
1b3ec3b5-7790-5c12-b98b-4fe475a5c46a,8cfcfcbc-4e20-59ea-b0c3-a18b21e3eb77,Vegetable Green Salad,Appetizer
e76b01fa-1a7b-5e46-af35-09e76539a930,8cfcfcbc-4e20-59ea-b0c3-a18b21e3eb77,Vegetable Soup with Egg,Soup
862d0de1-e0c7-5e29-af65-fa0d8bdfecbc,8cfcfcbc-4e20-59ea-b0c3-a18b21e3eb77,Laver Soup with Egg,Soup
cbfc0de0-037e-5a8e-b22a-1fd728a82cad,8cfcfcbc-4e20-59ea-b0c3-a18b21e3eb77,Chicken Corn Soup,Soup
8647da01-3d4a-5f89-b32d-19c49382a049,8cfcfcbc-4e20-59ea-b0c3-a18b21e3eb77,Fresh Fish Soup with Bean Curd,Soup
b8207157-1f7e-58fb-acc7-88feeb1e0786,8cfcfcbc-4e20-59ea-b0c3-a18b21e3eb77,Fried Fish Cake,Appetizer
f9473d96-aae1-5f0c-8504-acc9e852f8d4,8cfcfcbc-4e20-59ea-b0c3-a18b21e3eb77,French Fries,Appetizer
181385aa-f056-5589-8fe6-73e902789e77,8cfcfcbc-4e20-59ea-b0c3-a18b21e3eb77,Fried Chicken Wings,Appetizer
a8556917-8256-5614-9348-081b98bcd4f9,8cfcfcbc-4e20-59ea-b0c3-a18b21e3eb77,Salted Spicy Fried Squid (Calamari),Appetizer
63616065-8ac1-5cff-aea0-bcfa2e9b3b76,8cfcfcbc-4e20-59ea-b0c3-a18b21e3eb77,Hot & Spicy Slice Beef (Cold Beef),Appetizer
700c6c9c-eb77-5aa4-8ca5-b546ca4eae31,8cfcfcbc-4e20-59ea-b0c3-a18b21e3eb77,Deep Fried Prawn Wonton,Appetizer
5fe62ade-d775-5819-a889-099b0c3ec770,8cfcfcbc-4e20-59ea-b0c3-a18b21e3eb77,Fried Bean Card (Fried Tofu),Appetizer
f9b2e26b-fed4-5f07-b4e5-58c6d990090c,8cfcfcbc-4e20-59ea-b0c3-a18b21e3eb77,Three Kinds Silk Meat Noodles,Appetizer
d42bb355-3d1f-5ac9-a4a6-043f297cbbb5,8cfcfcbc-4e20-59ea-b0c3-a18b21e3eb77,Prawn Tempura,Modern Dishes
6d8adbb1-33a3-54b1-903b-4f2c8ee9dc90,8cfcfcbc-4e20-59ea-b0c3-a18b21e3eb77,Chicken Nuggets,Modern Dishes
c5f0adf3-76c1-5d32-bfc0-ad1f76d4accd,8cfcfcbc-4e20-59ea-b0c3-a18b21e3eb77,Spicy Fried Chicken,Modern Dishes
3f00059a-49ed-5393-b0f1-9b67a733fca3,8cfcfcbc-4e20-59ea-b0c3-a18b21e3eb77,Nasi Goreng,Modern Dishes
11f634c3-d49e-579a-81eb-f24d933984fa,8cfcfcbc-4e20-59ea-b0c3-a18b21e3eb77,Stir Fried Chicken Noodles,Modern Dishes
b0e6e1fa-df12-5732-9cb3-bf1edf4518f8,8cfcfcbc-4e20-59ea-b0c3-a18b21e3eb77,Stir Fried Beef Noodles,Modern Dishes
867a6d21-a67a-5fc7-adf8-268f30317f67,8cfcfcbc-4e20-59ea-b0c3-a18b21e3eb77,Deep Fried Chicken Wonton,Appetizer
74f08151-01d4-5cdf-9df6-3a636d0fb74a,8cfcfcbc-4e20-59ea-b0c3-a18b21e3eb77,Spring Roll,Appetizer
2a7afde6-496e-544c-a85c-712b1f133bd0,8cfcfcbc-4e20-59ea-b0c3-a18b21e3eb77,Fried Rice with Fujian Style,Popular
cd310271-52ff-58f7-a8ac-dfe0dce69507,8cfcfcbc-4e20-59ea-b0c3-a18b21e3eb77,Deep Fried Crispy Chicken,Popular
6f9f821b-0769-5397-984a-5613dcef2fce,8cfcfcbc-4e20-59ea-b0c3-a18b21e3eb77,Beef Fried Noodles,Popular
cdf67050-646e-5659-8cb7-a53810073423,8cfcfcbc-4e20-59ea-b0c3-a18b21e3eb77,Salted Spicy Fried Squid (Calamari),Popular
f9c49cc2-631a-53e6-bf13-a85666fe423b,8cfcfcbc-4e20-59ea-b0c3-a18b21e3eb77,Fried Rice with Chicken,Popular
8a8a48cc-65bf-5afb-85f0-6036e27e2038,8cfcfcbc-4e20-59ea-b0c3-a18b21e3eb77,Salted Chicken with Ginger Sauce,Popular
f3deb7b1-a7f3-5afe-9793-6b8c72986d92,3536b36c-7f93-5c01-b46e-a49d0cc441e2,Sweet & Sour Fish,Seafood
25e9090c-93a6-5818-afc9-ad09ad2a4d6c,3536b36c-7f93-5c01-b46e-a49d0cc441e2,Sweet & Sour Prawns,Seafood
ed8394b2-0b3b-5af4-ae45-e1ec800733e4,3536b36c-7f93-5c01-b46e-a49d0cc441e2,Papdi Chaat,Appetizer (Vegetarian)
274e2535-8c85-5446-bf3a-b3a6c19cf28c,3536b36c-7f93-5c01-b46e-a49d0cc441e2,Subzi Harra Bharra,Appetizer (Vegetarian)
e2fa9a9f-6c58-5ec1-bc9d-fade90d573e9,3536b36c-7f93-5c01-b46e-a49d0cc441e2,Chicken Satay,Starters
b4dea9b9-fba5-5c28-a957-20bc51f15309,3536b36c-7f93-5c01-b46e-a49d0cc441e2,Drumstick Pakora,Appetizer
107e58d5-53d9-57b3-ac41-5f6583e8240c,3536b36c-7f93-5c01-b46e-a49d0cc441e2,Mahi Anarkali,Appetizer
27398f1e-0a24-5cad-88d7-8154ce78b00f,3536b36c-7f93-5c01-b46e-a49d0cc441e2,Murgh Kurkuri,Appetizer
3152085a-f96a-5aec-a858-902da0b5c1ed,3536b36c-7f93-5c01-b46e-a49d0cc441e2,Murgh Nawabi Chaat,Appetizer
f6d8c4c7-4b41-556c-b10c-2b41fed9d4c5,3536b36c-7f93-5c01-b46e-a49d0cc441e2,Shahi Chicken,Appetizer
02f3be50-c69e-55f9-a0e4-6228df420cba,3536b36c-7f93-5c01-b46e-a49d0cc441e2,Prawn Ball,Starters
0da5b481-6cd1-5fc7-875b-cd6286d23fa8,3536b36c-7f93-5c01-b46e-a49d0cc441e2,Prawn On Toast,Starters
c0020f4c-3dd6-58dc-98e9-0cbf3888c6f5,3536b36c-7f93-5c01-b46e-a49d0cc441e2,Vegetable Spring Rolls,Starters
85796102-06f8-55ae-9395-c96dc988823c,3536b36c-7f93-5c01-b46e-a49d0cc441e2,Cheese Kurkuri,Appetizer (Vegetarian)
2d688525-84e8-5310-aeee-c6d87e7fdf6b,3536b36c-7f93-5c01-b46e-a49d0cc441e2,Cocktail Samocha,Appetizer (Vegetarian)
8ddc892d-2448-51f6-a5cd-03a5cabf0663,3536b36c-7f93-5c01-b46e-a49d0cc441e2,Masala Bhelpuri,Appetizer (Vegetarian)
6d4e71fa-e4c8-5435-8ec2-27db6157b92c,3536b36c-7f93-5c01-b46e-a49d0cc441e2,Paneer Chana Chaat,Appetizer (Vegetarian)
46fef900-521b-5bf5-88f2-efaf7755a953,3536b36c-7f93-5c01-b46e-a49d0cc441e2,Paneer Pakora,Appetizer (Vegetarian)
d61bfbaf-7122-5841-a437-df413933b694,3536b36c-7f93-5c01-b46e-a49d0cc441e2,Vegetable Fried Noodles,Noodles & Rice
441f5669-062c-5107-8547-4ed3f192736b,3536b36c-7f93-5c01-b46e-a49d0cc441e2,Vegetable Fried Rice,Noodles & Rice
5e10a455-a012-5f4a-9884-5521652d9488,3536b36c-7f93-5c01-b46e-a49d0cc441e2,Green Peas Soup,Soup & Shorba
cf4a30f6-242f-59d8-9485-1fbed42873f5,3536b36c-7f93-5c01-b46e-a49d0cc441e2,Chicken Wonton,Starters
7e527f35-4ff3-5efa-8acc-24f93811c9d4,3536b36c-7f93-5c01-b46e-a49d0cc441e2,Crispy Fried Beef,Starters
58a12d11-8934-5913-ad84-591de07c088d,3536b36c-7f93-5c01-b46e-a49d0cc441e2,Fish Cake,Starters
96594185-30cf-5d2e-8744-7e90027ee9bf,3536b36c-7f93-5c01-b46e-a49d0cc441e2,Fish Finger,Starters
655e8866-5656-5865-851e-b63ab890d5cb,3536b36c-7f93-5c01-b46e-a49d0cc441e2,Fried Shell Prawns,Starters
61a57929-3477-5b7e-b97e-77262071796c,3536b36c-7f93-5c01-b46e-a49d0cc441e2,Chicken & Prawns Fried Noodles,Noodles & Rice
6802d65e-5fbf-5568-8e0f-1fca28b40de8,3536b36c-7f93-5c01-b46e-a49d0cc441e2,Fried Rice Chicken & Prawn,Noodles & Rice
19bd0c5e-6eaa-5502-9dbe-5037d7a867ae,3536b36c-7f93-5c01-b46e-a49d0cc441e2,Fried Rice With Chicken & Basil Leaf,Noodles & Rice
7dc10c92-82b9-585e-aa4b-420b78b7e08b,3536b36c-7f93-5c01-b46e-a49d0cc441e2,Pad Thai Noodles With Shrimps,Noodles & Rice
44e1062d-3429-5737-9aa9-da0a8844a054,3536b36c-7f93-5c01-b46e-a49d0cc441e2,Steamed Rice,Noodles & Rice
1a3d052e-80ee-5a00-879a-9efac2ba09a0,3536b36c-7f93-5c01-b46e-a49d0cc441e2,Prawn & Chicken Mint Salad,Salad (Thai)
a52a0d6a-2858-5eb0-8490-3b4deee09dcc,3536b36c-7f93-5c01-b46e-a49d0cc441e2,Thai Prawns & Chicken Salad with Cashew Nuts,Salad (Thai)
0299ab33-e360-5c15-834b-f61c6cd2a5df,3536b36c-7f93-5c01-b46e-a49d0cc441e2,Aatish Kebab,Kebab & Tikkas (From The Clay Oven)
3ec7aafe-f0f5-5096-9651-36f655a07fba,3536b36c-7f93-5c01-b46e-a49d0cc441e2,Mulligatawny Soup,Soup & Shorba
7e0ed448-647f-5f1f-ac51-1156368fd69f,3536b36c-7f93-5c01-b46e-a49d0cc441e2,Tomato Shorba,Soup & Shorba
a224a60c-ace6-5a8b-9d45-b35625b1bcd7,3536b36c-7f93-5c01-b46e-a49d0cc441e2,Bukhara Special Soup,Soup (Thai)
ed53033b-d79c-54be-8a9a-11c11ab6618a,3536b36c-7f93-5c01-b46e-a49d0cc441e2,Chicken Corn Soup,Soup (Thai)
d5ab6366-3952-5c1e-9b6d-1a1b8519d28a,3536b36c-7f93-5c01-b46e-a49d0cc441e2,Hot & Sour Soup With Chicken,Soup (Thai)
d223b0b4-00aa-564d-a572-2bfb9971ccad,3536b36c-7f93-5c01-b46e-a49d0cc441e2,Kesari Jumbo Prawns,Kebab & Tikkas (From The Clay Oven)
dce38241-fd29-5a89-b36c-bee48bedfe39,3536b36c-7f93-5c01-b46e-a49d0cc441e2,Mahi Gulnar,Kebab & Tikkas (From The Clay Oven)
190b9c53-2746-5bbf-b8b7-6ddf15abdfcb,3536b36c-7f93-5c01-b46e-a49d0cc441e2,Mahi Tikka Ajwaini,Kebab & Tikkas (From The Clay Oven)
af739749-ec4c-5d84-9fc5-efe81c80b98b,3536b36c-7f93-5c01-b46e-a49d0cc441e2,Seafood Clear Soup Or With Coconut Milk,Soup (Thai)
48526d7f-fa43-57b0-84a6-95bee2348c93,3536b36c-7f93-5c01-b46e-a49d0cc441e2,Vegetable Clear Soup,Soup (Thai)
bc7618e0-9dd4-516b-ab2f-e9740fcc6310,3536b36c-7f93-5c01-b46e-a49d0cc441e2,Glass Noodles Salad With Chicken & Prawns,Salad (Thai)
04ccfe7e-1930-535f-9282-767d2a4cc172,3536b36c-7f93-5c01-b46e-a49d0cc441e2,Larb Gai,Salad (Thai)
de47c4a4-8055-58ef-8a1d-8c9674fc689a,3536b36c-7f93-5c01-b46e-a49d0cc441e2,Papaya Salad,Salad (Thai)
e38d0f93-e274-57c8-b2b2-2181417b05ca,3536b36c-7f93-5c01-b46e-a49d0cc441e2,Tandoori Murgh,Kebab & Tikkas (From The Clay Oven)
ca9e372a-f6cc-5287-b49e-88aea49d0bda,3536b36c-7f93-5c01-b46e-a49d0cc441e2,Tandoori Pomfret,Kebab & Tikkas (From The Clay Oven)
98932a0c-da2f-50d0-897a-b761a45e816f,3536b36c-7f93-5c01-b46e-a49d0cc441e2,Tandoori Salad,Kebab & Tikkas (From The Clay Oven)
7b63e208-372e-58f8-a30a-09cc85542a13,3536b36c-7f93-5c01-b46e-a49d0cc441e2,Achari Paneer Tikka,Kebab & Tikkas (From The Clay Oven)
56ef9a9d-e165-5ad4-9f33-ac3c5823d082,3536b36c-7f93-5c01-b46e-a49d0cc441e2,Afghani Murgh,Kebab & Tikkas (From The Clay Oven)
28a1b2a7-73ff-5dbb-be25-0c1516eac727,3536b36c-7f93-5c01-b46e-a49d0cc441e2,Bukhara Mix Grill,Kebab & Tikkas (From The Clay Oven)
f3927a12-a745-5124-95d1-ea3852134d59,3536b36c-7f93-5c01-b46e-a49d0cc441e2,Chicken Tikka,Kebab & Tikkas (From The Clay Oven)
a427b8dc-c908-54ba-b2bf-c28ec5705636,3536b36c-7f93-5c01-b46e-a49d0cc441e2,Jumbo Prawn Shashlik,Kebab & Tikkas (From The Clay Oven)
9ddb3e6c-58b1-51f7-8230-92e9ed2560aa,3536b36c-7f93-5c01-b46e-a49d0cc441e2,Alu Chaat,Appetizer (Vegetarian)
ffd45081-89ad-5c7d-879e-140e9900d528,3536b36c-7f93-5c01-b46e-a49d0cc441e2,Alu Moti Tikki,Appetizer (Vegetarian)
f6eec19c-f680-5ff4-a727-fe1c187a5e72,3536b36c-7f93-5c01-b46e-a49d0cc441e2,Assorted Vegetable Pakoras,Appetizer (Vegetarian)
cc8576e1-82d9-53c8-bdef-9ffd3c0b61b7,3536b36c-7f93-5c01-b46e-a49d0cc441e2,Murgh Malai Kebab,Kebab & Tikkas (From The Clay Oven)
72b6a2f2-146d-57df-bb0f-907e95ae4958,3536b36c-7f93-5c01-b46e-a49d0cc441e2,Mutton Gilafi,Kebab & Tikkas (From The Clay Oven)
754860be-2cb3-528d-9537-966bca057cd8,3536b36c-7f93-5c01-b46e-a49d0cc441e2,Mutton Seekh Kebab,Kebab & Tikkas (From The Clay Oven)
2c636c4c-f4f6-5579-918c-ea3aabd841cf,3536b36c-7f93-5c01-b46e-a49d0cc441e2,Paneer Tikka Shashlik,Kebab & Tikkas (From The Clay Oven)
eff46f4e-bbde-5227-8b44-f6814b3fed44,3536b36c-7f93-5c01-b46e-a49d0cc441e2,Subzi Kakori,Kebab & Tikkas (From The Clay Oven)
aa5e178a-3983-5eda-903a-5d4c90d75b89,3536b36c-7f93-5c01-b46e-a49d0cc441e2,Chicken With Spicy Vegetable,Chicken & Duck
5d3834cd-eb53-5f6b-8d5d-30503b4f5eca,3536b36c-7f93-5c01-b46e-a49d0cc441e2,Chicken With Thai Basil,Chicken & Duck
a5cb506a-843d-52b2-bbcc-898b9b86f5b6,3536b36c-7f93-5c01-b46e-a49d0cc441e2,Fried Duck With Hot Sauce,Chicken & Duck
d9396eb9-8c17-5a64-b8c0-569d78c1286e,3536b36c-7f93-5c01-b46e-a49d0cc441e2,Tangri Kebab,Kebab & Tikkas (From The Clay Oven)
8f376f36-0f38-5fa9-af80-92603f787e39,3536b36c-7f93-5c01-b46e-a49d0cc441e2,Vegetable Mixed Platter,Kebab & Tikkas (From The Clay Oven)
0f6f6508-2799-51a0-8d91-c9ed4d3e6a7b,3536b36c-7f93-5c01-b46e-a49d0cc441e2,Beef Sizzling,Beef
4ea5aa9e-c51c-50bb-928e-9e86a8cfbb05,3536b36c-7f93-5c01-b46e-a49d0cc441e2,Beef With Baby Corn & Mushroom,Beef
106f1154-303d-5822-8561-cfc10fde203d,3536b36c-7f93-5c01-b46e-a49d0cc441e2,Beef With Basil Leaf,Beef
471205d8-1c36-59b2-8c52-8e7f1b4b416e,3536b36c-7f93-5c01-b46e-a49d0cc441e2,Kadhai Murgh,Murgh Ki Mejbani (The Chicken Selection)
a9cce653-7950-5d1a-8182-b3cbea2bcea4,3536b36c-7f93-5c01-b46e-a49d0cc441e2,Murgh Bhuna,Murgh Ki Mejbani (The Chicken Selection)
8e383a4b-2d30-5b8a-ac87-d86e98e02597,3536b36c-7f93-5c01-b46e-a49d0cc441e2,Murgh Makhani,Murgh Ki Mejbani (The Chicken Selection)
4c77abd4-fe28-51f0-ba3b-2323cec58b91,3536b36c-7f93-5c01-b46e-a49d0cc441e2,Chicken with Cashew Nuts,Chicken & Duck
43a04555-0cc6-5728-b4e4-c652df8bee48,3536b36c-7f93-5c01-b46e-a49d0cc441e2,Chicken With Garlic & Pepper,Chicken & Duck
4ef9aeb0-1a7a-5833-b188-0e14c6caa071,3536b36c-7f93-5c01-b46e-a49d0cc441e2,Chicken With Ginger & Onions,Chicken & Duck
af2fa045-2dfe-5ef1-95bb-bfaa2d8e5401,3536b36c-7f93-5c01-b46e-a49d0cc441e2,Chicken With Green Chili & Onions,Chicken & Duck
a6bd985e-7927-5d5c-bbc1-034d4eb20e51,3536b36c-7f93-5c01-b46e-a49d0cc441e2,Chicken With Red Curry,Chicken & Duck
402277fa-6408-5a38-9a58-a36da77125a8,3536b36c-7f93-5c01-b46e-a49d0cc441e2,Kadhai Gosht,Mutton Ki Handi (Mutton From The Chef's Pan)
cf4d9903-38e6-5db1-beea-7313c38080e4,3536b36c-7f93-5c01-b46e-a49d0cc441e2,Khade Masale Ka Gosht,Mutton Ki Handi (Mutton From The Chef's Pan)
4e599a18-1848-5d29-a5e4-7b1b28734614,3536b36c-7f93-5c01-b46e-a49d0cc441e2,Mutton Dopiyaza,Mutton Ki Handi (Mutton From The Chef's Pan)
f76870a3-4fa3-5ff6-b7aa-66f474de12ef,3536b36c-7f93-5c01-b46e-a49d0cc441e2,Fried Spring Chicken,Chicken & Duck
0e47fe8b-ce06-583e-a2c5-b3662d250af3,3536b36c-7f93-5c01-b46e-a49d0cc441e2,Roast Duck,Chicken & Duck
7f228b2d-1fc9-59f7-b52f-d5bc6856555c,3536b36c-7f93-5c01-b46e-a49d0cc441e2,Sizzling Chicken,Chicken & Duck
84e8d8cb-b534-5f4f-ab98-1ec1e92cd22b,3536b36c-7f93-5c01-b46e-a49d0cc441e2,Achari Murgh,Murgh Ki Mejbani (The Chicken Selection)
69beeb73-c8ee-503e-89cb-2d0a8fa8b333,3536b36c-7f93-5c01-b46e-a49d0cc441e2,Chicken Tikka Masala,Murgh Ki Mejbani (The Chicken Selection)
489b1cee-3cc4-5da5-8092-75e22fc5af79,3536b36c-7f93-5c01-b46e-a49d0cc441e2,King Prawn Soup,Soup (Thai)
f59b4ea5-8330-5dd3-a745-a98f50ced721,3536b36c-7f93-5c01-b46e-a49d0cc441e2,Prawn & Chicken Clear Thai Soup,Soup (Thai)
ff424224-d4e4-5185-989b-edc71191262f,3536b36c-7f93-5c01-b46e-a49d0cc441e2,Prawn & Chicken Thai Soup,Soup (Thai)
c0671865-f151-51cc-9e48-4f21e965949c,3536b36c-7f93-5c01-b46e-a49d0cc441e2,Murgh Mirch Masala,Murgh Ki Mejbani (The Chicken Selection)
fe46c41b-48b4-59a5-947f-1eeb85a824a8,3536b36c-7f93-5c01-b46e-a49d0cc441e2,Pepper Chicken Chettinad,Murgh Ki Mejbani (The Chicken Selection)
e30d440d-04f7-5027-9854-546d321d4d1f,3536b36c-7f93-5c01-b46e-a49d0cc441e2,Reshmi Murgh Korma,Murgh Ki Mejbani (The Chicken Selection)
fb298da5-0c93-5a8a-a1b6-8a1622dea69f,3536b36c-7f93-5c01-b46e-a49d0cc441e2,Achari Gosht,Mutton Ki Handi (Mutton From The Chef's Pan)
046c5fb1-a0d2-58ad-97a4-be50891643aa,3536b36c-7f93-5c01-b46e-a49d0cc441e2,Bhuna Gosht,Mutton Ki Handi (Mutton From The Chef's Pan)
0a4cfe54-f654-5b7b-8cd0-16ea3666b00c,3536b36c-7f93-5c01-b46e-a49d0cc441e2,Vegetable Raita,Saath Mein (Accompaniments)
f577c067-123c-502f-be64-a49cde4197b7,3536b36c-7f93-5c01-b46e-a49d0cc441e2,Bhuna Pomfret,Samundri Khazana (Seafood Delicacies)
33e3cefc-bd16-5969-99f5-812ac8dfc54b,3536b36c-7f93-5c01-b46e-a49d0cc441e2,Fried Prawn With Garlic & Pepper,Seafood
884eb046-bb43-5040-95e6-49a60482fb0d,3536b36c-7f93-5c01-b46e-a49d0cc441e2,Fried Whole Red Snapper With Garlic & Pepper,Seafood
0ad1ea61-9e44-5fbb-b949-5a2cfb9f51cb,3536b36c-7f93-5c01-b46e-a49d0cc441e2,Grilled King Prawns With Butter & Onions,Seafood
945cbba4-a980-578a-ba75-2c25c063c1ce,3536b36c-7f93-5c01-b46e-a49d0cc441e2,Sliced Fish With Ginger & Basil Leaf,Seafood
9d03918e-dc0e-591b-b59a-5167533687f6,3536b36c-7f93-5c01-b46e-a49d0cc441e2,Special Prawns With Black Pepper & Capsicum,Seafood
4ff0d520-3af7-57f8-848c-414f3cb8be0e,3536b36c-7f93-5c01-b46e-a49d0cc441e2,Steamed Red Snapper On Sizzler With Lime Sauce,Seafood
321bd663-ad62-586e-9d62-73f41e791ac1,3536b36c-7f93-5c01-b46e-a49d0cc441e2,Prawn Malai Curry,Samundri Khazana (Seafood Delicacies)
d746a113-edb4-5d95-b041-0664723a263f,3536b36c-7f93-5c01-b46e-a49d0cc441e2,Prawn Masala,Samundri Khazana (Seafood Delicacies)
ede0f8fc-c0ac-57ad-b9ca-b971c0e0c8b1,3536b36c-7f93-5c01-b46e-a49d0cc441e2,Dahi Vada,Saath Mein (Accompaniments)
248aa0f4-072a-5552-9f00-cc594ca6e80c,3536b36c-7f93-5c01-b46e-a49d0cc441e2,Green Salad,Saath Mein (Accompaniments)
4466d453-3259-5743-897a-cb0cf3499e37,3536b36c-7f93-5c01-b46e-a49d0cc441e2,Kachumber Salad,Saath Mein (Accompaniments)
a430bd36-bcf5-54f6-82c5-0455e1cb917e,3536b36c-7f93-5c01-b46e-a49d0cc441e2,Masala Papad,Saath Mein (Accompaniments)
97bf027c-85a3-5977-860a-e0f3235cc00e,3536b36c-7f93-5c01-b46e-a49d0cc441e2,Papad,Saath Mein (Accompaniments)
60beaa9f-6d1c-52ef-a1c6-58a00c991f7a,3536b36c-7f93-5c01-b46e-a49d0cc441e2,Pineapple Raita,Saath Mein (Accompaniments)
fa99e900-604f-50b1-9dc5-02c196d105dc,3536b36c-7f93-5c01-b46e-a49d0cc441e2,Dal Tadka,Vegetarian (Subzi Ki Bahar)
3bceffcf-b392-5926-8035-dd99ba7bb34b,3536b36c-7f93-5c01-b46e-a49d0cc441e2,Jeera Aloo,Vegetarian (Subzi Ki Bahar)
d13c8a09-3dcc-5942-9016-4f552f7f3a99,3536b36c-7f93-5c01-b46e-a49d0cc441e2,Fish Dopiaza,Samundri Khazana (Seafood Delicacies)
50ec994a-26b5-5612-9285-2ca92ba7c1cd,3536b36c-7f93-5c01-b46e-a49d0cc441e2,Fish Tomato,Samundri Khazana (Seafood Delicacies)
c7594c58-4eeb-542e-9fce-a923e0021555,3536b36c-7f93-5c01-b46e-a49d0cc441e2,Goan Fish Curry,Samundri Khazana (Seafood Delicacies)
2d5306f6-3801-5a85-9d2d-ff3fb86b77e9,3536b36c-7f93-5c01-b46e-a49d0cc441e2,Jumbo Jhinga Masala,Samundri Khazana (Seafood Delicacies)
f1ce28f1-3c77-51de-be3b-b43a4acfc019,3536b36c-7f93-5c01-b46e-a49d0cc441e2,Kadai Prawns,Samundri Khazana (Seafood Delicacies)
11f034b6-e4d1-5ad6-95e0-9931828d2b2c,3536b36c-7f93-5c01-b46e-a49d0cc441e2,Malabar Prawns,Samundri Khazana (Seafood Delicacies)
90d10610-2292-57ce-bd45-7961086a4191,3536b36c-7f93-5c01-b46e-a49d0cc441e2,Beef With Green Chili & Onions,Beef
fc78159d-cf3b-5a6e-907c-eb6df7f33ad5,3536b36c-7f93-5c01-b46e-a49d0cc441e2,Dry Red Chili Beef,Beef
0b7575e1-b9f6-55fa-81ce-5a50d94a9c08,3536b36c-7f93-5c01-b46e-a49d0cc441e2,Chicken Green Curry,Chicken & Duck
9b18ba6f-bd72-5fb0-a4ce-df333c4298de,3536b36c-7f93-5c01-b46e-a49d0cc441e2,Pudina Fish,Samundri Khazana (Seafood Delicacies)
b870589f-fc8f-5932-a109-829dd8c82047,3536b36c-7f93-5c01-b46e-a49d0cc441e2,Achari Aloo,Vegetarian (Subzi Ki Bahar)
4b0a73f9-8e0a-5300-a8c4-7a1ab039d6ea,3536b36c-7f93-5c01-b46e-a49d0cc441e2,Baingan Ka Bharta,Vegetarian (Subzi Ki Bahar)
c078abbe-1c4d-5d66-92d7-14b3b959b9b1,3536b36c-7f93-5c01-b46e-a49d0cc441e2,Chana Masala,Vegetarian (Subzi Ki Bahar)
0a643982-4a2b-5516-94f9-e752ffe8dec4,3536b36c-7f93-5c01-b46e-a49d0cc441e2,Dal Bukhara,Vegetarian (Subzi Ki Bahar)
20343aac-f301-55c1-9a4d-512f6ae0554e,3536b36c-7f93-5c01-b46e-a49d0cc441e2,Dal Tadka,Appetizer
bb6b733b-0b34-5f21-be5a-3d648f9478ce,3536b36c-7f93-5c01-b46e-a49d0cc441e2,Bukhara Murgh Roll,Appetizer
f5fdbebd-69ce-54ec-bd77-772c25a8f93c,3536b36c-7f93-5c01-b46e-a49d0cc441e2,Chicken 65,Appetizer
f635d93b-a0c5-51a4-badd-ebaba2d8b386,3536b36c-7f93-5c01-b46e-a49d0cc441e2,Butter Naan,Appetizer
1cf94109-d357-510a-ba73-77f6a163e5c6,3536b36c-7f93-5c01-b46e-a49d0cc441e2,Masala Papad,Appetizer
d043ae22-5520-5f95-991b-e38052288b34,3536b36c-7f93-5c01-b46e-a49d0cc441e2,Paneer Makhani,Appetizer
6078bb7f-730f-57fb-98ab-f85247638e24,3536b36c-7f93-5c01-b46e-a49d0cc441e2,Palak Malai Kofta,Appetizer
a9ca5d32-54ce-5d72-8f03-2bffdc9c0671,3536b36c-7f93-5c01-b46e-a49d0cc441e2,Butter Naan,Naan & Roti
4cd61e2a-486b-5324-a332-043edbb8439f,307b761d-7a3d-5d4c-aa72-ece9526c5a5c,Calamari Tempura,Appetizer
ee8e568d-b4c0-56e0-82fb-69f72d2ec16b,307b761d-7a3d-5d4c-aa72-ece9526c5a5c,Beef Roll,Umai Special Maki & Rolls
87155bfa-3bc2-55dd-953a-8e7a094fce51,307b761d-7a3d-5d4c-aa72-ece9526c5a5c,Salmon Head,Mains
fbe760cd-6df2-5ccb-82b5-4bf2fbb9a321,307b761d-7a3d-5d4c-aa72-ece9526c5a5c,Eggplant with Miso,Mains
85016c71-689d-5bc8-94b5-03fba52ad691,307b761d-7a3d-5d4c-aa72-ece9526c5a5c,Salmon Teriyaki,Mains
7155de60-cb47-5489-a0ed-ced504e55e5e,307b761d-7a3d-5d4c-aa72-ece9526c5a5c,Dragon Roll,Umai Special Maki & Rolls
77e937aa-a201-565f-bb92-fcdb6f225a39,307b761d-7a3d-5d4c-aa72-ece9526c5a5c,California Roll with Fish Egg,Umai Special Maki & Rolls
0432edda-d373-5141-bc89-fd4fd44918ae,307b761d-7a3d-5d4c-aa72-ece9526c5a5c,Sweet Tiger Roll,Umai Special Maki & Rolls
b41e5b31-3f34-5499-b5fc-6a937c1f9fa2,307b761d-7a3d-5d4c-aa72-ece9526c5a5c,Crispy Prawn Tempura Roll with Philly Cheese,Umai Special Maki & Rolls
4b7d16d3-7306-54c5-b07c-acc752e237e7,307b761d-7a3d-5d4c-aa72-ece9526c5a5c,Rainbow California Roll,Umai Special Maki & Rolls
328be37a-8092-5e7a-b631-e7f92f528b34,307b761d-7a3d-5d4c-aa72-ece9526c5a5c,Assorted Roll Platter,Umai Special Maki & Rolls
e0fd9a4b-3b6f-525f-a108-03d3aa5e04dd,307b761d-7a3d-5d4c-aa72-ece9526c5a5c,Maguro Katsu Maki,Umai Special Maki & Rolls
b433e76e-bd51-5070-ac98-14c35b3da330,307b761d-7a3d-5d4c-aa72-ece9526c5a5c,Salmon Katsu Maki,Umai Special Maki & Rolls
b91cb187-acd2-5501-ab84-2adbd00f7908,307b761d-7a3d-5d4c-aa72-ece9526c5a5c,Whitefish Jalapeno,Chef's Special Sashimi
5684e3c0-0440-5546-81cb-795e8138e348,307b761d-7a3d-5d4c-aa72-ece9526c5a5c,Beef Carpaccio,Chef's Special Sashimi
ee1f3247-34b3-55dc-8d49-dd8fb132db13,307b761d-7a3d-5d4c-aa72-ece9526c5a5c,Salmon Belly New Style Sashimi,Chef's Special Sashimi
ca404033-8690-5242-920f-0b6bf3ede66f,307b761d-7a3d-5d4c-aa72-ece9526c5a5c,Fried Squid & Octopus,Appetizer
c7454e46-b1f9-5b05-af6c-e38b91b14985,307b761d-7a3d-5d4c-aa72-ece9526c5a5c,Chicken Karaage,Appetizer
a7818b2b-e93a-50ff-89a5-e2cd61837f43,307b761d-7a3d-5d4c-aa72-ece9526c5a5c,Tuna Tataki,Chef's Special Sashimi
9e190454-b723-5c4f-b771-7ffcfb73cd6b,307b761d-7a3d-5d4c-aa72-ece9526c5a5c,Special Salmon Carpaccio,Chef's Special Sashimi
ccb7e557-c8f5-53b2-8666-e6f3f2f34d10,307b761d-7a3d-5d4c-aa72-ece9526c5a5c,Dragon Eye,Umai Special Maki & Rolls
c82aedb6-e402-5e36-bc4a-ed36521427bd,307b761d-7a3d-5d4c-aa72-ece9526c5a5c,Umai Special Creamy Salmon Roll,Umai Special Maki & Rolls
7b9d7cbd-c5bc-51fd-8545-4cdcff23108f,307b761d-7a3d-5d4c-aa72-ece9526c5a5c,Devils Breath Spicy Jalapeno Roll,Umai Special Maki & Rolls
4c11cdcd-49c1-5af0-835b-bb5457f5fbd1,307b761d-7a3d-5d4c-aa72-ece9526c5a5c,Ebi Mayo,Appetizer
12f504ae-025f-5715-958a-45c562acec77,307b761d-7a3d-5d4c-aa72-ece9526c5a5c,Salmon Sashimi,Sashimi
d3b7a126-73f1-57d0-a32d-66b6fed45edf,307b761d-7a3d-5d4c-aa72-ece9526c5a5c,Octopus Sashimi,Sashimi
f3f1d4ae-8ad1-550e-bd8c-8a9514207746,307b761d-7a3d-5d4c-aa72-ece9526c5a5c,Assorted Sashimi,Sashimi
f957cf52-44c2-5787-95fc-3a3ab5512d4e,307b761d-7a3d-5d4c-aa72-ece9526c5a5c,Whitefish Sashimi,Sashimi
803d6b51-6011-58a9-8dc2-e5d21998ad68,307b761d-7a3d-5d4c-aa72-ece9526c5a5c,Tuna Sashimi,Sashimi
5bc950b7-d20f-5a2b-b9a9-cabab7f67859,307b761d-7a3d-5d4c-aa72-ece9526c5a5c,Umai Special Bento,Bento
1d12e94f-fdda-56b7-ab80-28e3e1424476,307b761d-7a3d-5d4c-aa72-ece9526c5a5c,Umai Special Deep Fried Ebi Katsu,Mains
2b6d753a-52e7-5fc2-b3a3-4ed4d3bedb70,307b761d-7a3d-5d4c-aa72-ece9526c5a5c,Grilled Salmon Bento,Bento
224d8b2c-fa68-5727-835e-80161b5c0c55,307b761d-7a3d-5d4c-aa72-ece9526c5a5c,Umai Special Spicy Chicken Sizzling,Mains
50554538-93a5-54b5-8554-ee6bb63f806c,307b761d-7a3d-5d4c-aa72-ece9526c5a5c,Umai Special Spicy Mixed Seafood,Mains
c3a7302b-0b4d-5084-b528-a306c842fd42,307b761d-7a3d-5d4c-aa72-ece9526c5a5c,Umai Special Katsu Chicken- Breast,Mains
4346d9bd-ad9e-5da4-85e4-aad57e5dce76,307b761d-7a3d-5d4c-aa72-ece9526c5a5c,Chicken Teriyaki Bento,Bento
a52c88d4-a9fd-5d16-9021-a4c185d4b72a,307b761d-7a3d-5d4c-aa72-ece9526c5a5c,Umai Special Spicy Beef,Mains
cfea2890-d2ea-5b3f-8c74-2ba2ba1916c7,307b761d-7a3d-5d4c-aa72-ece9526c5a5c,Tuna Grilled Steak,Mains
77b8deda-d616-5cfb-9e97-b4721fd7068f,307b761d-7a3d-5d4c-aa72-ece9526c5a5c,Salmon Grilled Steak,Mains
a437a383-0e8c-5102-bbb0-80357afa36c1,307b761d-7a3d-5d4c-aa72-ece9526c5a5c,Beef Grilled Steak,Mains
bdd348b9-cdc7-54a1-812d-3eca7f82649f,307b761d-7a3d-5d4c-aa72-ece9526c5a5c,Chicken Teriyaki,Mains
400cdd2d-8ff1-5474-a745-e45796534652,307b761d-7a3d-5d4c-aa72-ece9526c5a5c,Beef Teriyaki Bento,Bento
08ed61c2-6db4-5c54-8b5d-a9077ae40e19,307b761d-7a3d-5d4c-aa72-ece9526c5a5c,Umai Special Soup with Striploin Beef,Soup
5268c87b-1a5f-54d0-bb18-0df8bbcd2531,307b761d-7a3d-5d4c-aa72-ece9526c5a5c,Green Vegetable Wok with Shrimp,Mains
fe1b0cdd-21ab-5d09-8c9e-1bbafe27b91d,307b761d-7a3d-5d4c-aa72-ece9526c5a5c,Tofu Teriyaki,Mains
be1b4ecc-86a2-5666-b991-e8ea7ecaa721,307b761d-7a3d-5d4c-aa72-ece9526c5a5c,Shrimp Teriyaki,Mains
52ec1a42-d2c0-569e-a246-0569018ef2f4,307b761d-7a3d-5d4c-aa72-ece9526c5a5c,Chicken with Sour Sauce,Mains
23ef08df-1bf1-5a2f-acea-579c13e4a87a,307b761d-7a3d-5d4c-aa72-ece9526c5a5c,Katsu Don Chicken,Mains
20b8106d-5e95-567d-b3e1-0f60a3ca0eb6,307b761d-7a3d-5d4c-aa72-ece9526c5a5c,Special Vegetable Roll,Umai Special Maki & Rolls
88045ee9-ad41-5f73-b3c1-300c7c376960,307b761d-7a3d-5d4c-aa72-ece9526c5a5c,Hot & Spicy Tuna Roll,Umai Special Maki & Rolls
8aa0995c-5e6a-53fa-b5f5-52ea78e0777f,307b761d-7a3d-5d4c-aa72-ece9526c5a5c,Hot & Spicy Salmon Roll,Umai Special Maki & Rolls
688f67e3-a418-59b2-ad93-a16637e5abd1,307b761d-7a3d-5d4c-aa72-ece9526c5a5c,Aburi Salmon Roll,Umai Special Maki & Rolls
1cf8513b-7eed-5730-a3d4-59bcc9696048,307b761d-7a3d-5d4c-aa72-ece9526c5a5c,Vegetable Tempura,Appetizer
9207f8bd-192c-51b9-ae29-8ef242a9f9fd,307b761d-7a3d-5d4c-aa72-ece9526c5a5c,Prawn Fritters,Appetizer
ae380b3c-0649-54cd-a9d0-fdf4a2f7931f,307b761d-7a3d-5d4c-aa72-ece9526c5a5c,Prawn Tempura,Appetizer
661435b1-d988-5434-8fe4-68a8eddfde4f,307b761d-7a3d-5d4c-aa72-ece9526c5a5c,Edamame,Appetizer
9d110cf2-d736-51a4-a606-c9d8c5ca117f,e4e22975-1dbc-5569-9de8-a426c2296531,Green Salad,Appetizer
41b34e2a-d4fc-5dab-a042-239e3948918c,e4e22975-1dbc-5569-9de8-a426c2296531,Butter Garlic Mushroom,Appetizer
22650d6a-d55a-5ae8-8bb5-95568f0b0636,e4e22975-1dbc-5569-9de8-a426c2296531,Masala Papad,Appetizer
0edbc1cf-f428-5878-8399-6d3a874c2dc4,e4e22975-1dbc-5569-9de8-a426c2296531,Chicken Tikka Biryani,Rice
1c5f205a-babb-53c1-9564-ca1a12dc3a69,e4e22975-1dbc-5569-9de8-a426c2296531,Tandoori Chicken,Main / Featured
fbbb9622-7dbf-5794-9ef5-04e972802c4a,e4e22975-1dbc-5569-9de8-a426c2296531,Kareem's Special Mutton Dum Biryani,Main / Featured
12f0ed52-70db-5620-b19a-186e3808af59,e4e22975-1dbc-5569-9de8-a426c2296531,Roasted Papad,Appetizer
0326e1d8-6e8d-54ac-88b0-c9c5227c56d3,e4e22975-1dbc-5569-9de8-a426c2296531,Kareem's Special Dal Makhani,Main / Featured
6775f8d1-5913-52e3-b99f-6f7e484c5f0e,e4e22975-1dbc-5569-9de8-a426c2296531,Tandoor Chotpata Alo,Appetizer
918c489d-f880-5866-816e-5184669b21fa,e4e22975-1dbc-5569-9de8-a426c2296531,Kareem's Special Chicken Dum Biryani,Main / Featured
3cfd1f42-f718-599c-8568-1faed1452324,e4e22975-1dbc-5569-9de8-a426c2296531,Kareem's Special Butter Chicken,Main / Featured
7cc8314f-7575-507c-88f4-2feb09b56708,e4e22975-1dbc-5569-9de8-a426c2296531,Paneer Makhanwala,Main / Featured
12821130-44f2-5efe-898c-14cb1efe5d0b,e4e22975-1dbc-5569-9de8-a426c2296531,Mixed Vegetable Raita,Appetizer
40a8299f-abbb-54a8-9bdb-3f29ad7c8efb,e4e22975-1dbc-5569-9de8-a426c2296531,Onion Salad,Appetizer
33e962bd-9c5b-514a-9f4e-e59210874ba2,e4e22975-1dbc-5569-9de8-a426c2296531,Prawn Biryani,Rice
ea3d2153-505c-53ec-9030-95c02b45337d,e4e22975-1dbc-5569-9de8-a426c2296531,Clova Prawn,Fish
c2e9d6ab-8af8-5bb0-8e32-0a9a7d16be7e,e4e22975-1dbc-5569-9de8-a426c2296531,Prawn Biryani,Main / Featured
0a607de8-8c05-541a-b556-b20317226bb8,e4e22975-1dbc-5569-9de8-a426c2296531,Prawn Tandoori,Fish
a03f9ed9-dff8-5124-861d-c652dbc0403d,e4e22975-1dbc-5569-9de8-a426c2296531,Butter Garlic Prawn,Fish
0388e42a-dad7-5c18-8867-c8dc88f814db,e4e22975-1dbc-5569-9de8-a426c2296531,Subz Dum Biryani,Main / Featured
3d10e11f-8273-5bef-9df8-2b74bece2920,e4e22975-1dbc-5569-9de8-a426c2296531,Matar Polao,Main / Featured
695bea41-627f-570c-b9e0-7cde9609ec68,e4e22975-1dbc-5569-9de8-a426c2296531,Chicken Sheek Masala,Main / Featured
d196e492-b340-5a82-8e0c-a3d2db80443c,e4e22975-1dbc-5569-9de8-a426c2296531,Clova Prawn,Main / Featured
6967a1a1-157c-5b58-8eed-625de92beb3b,e4e22975-1dbc-5569-9de8-a426c2296531,Butter Garlic Prawn,Main / Featured
74bca114-6ad3-5183-a23c-6ca032337e42,e4e22975-1dbc-5569-9de8-a426c2296531,Prawn Tandoori,Main / Featured
b6d3365e-c072-5b50-9847-148c4f48a935,e4e22975-1dbc-5569-9de8-a426c2296531,Palak Paneer,Main / Featured
2f7036f5-4d62-5050-84fd-04a0c60aae21,e4e22975-1dbc-5569-9de8-a426c2296531,Subz Dum Biryani,Rice
9acdfea3-1ceb-5991-81dc-c93065cec515,e4e22975-1dbc-5569-9de8-a426c2296531,Matar Polao,Rice
2f58252b-1a5b-5ec6-8171-bb8c58aa6725,e4e22975-1dbc-5569-9de8-a426c2296531,Chicken Sheek Masala,Chicken
61f34fa7-686c-5aff-86e3-538ffd493397,e4e22975-1dbc-5569-9de8-a426c2296531,Kareem's Special Butter Chicken,Chicken
a762fb40-36e0-5653-a3e9-5c2830c3a656,e4e22975-1dbc-5569-9de8-a426c2296531,Chicken Tikka Biryani,Main / Featured
ee186085-5ca0-5525-887a-586e38c74e1f,020de6a7-e10c-58a3-9b39-aefe3dd49d4b,Shondesh Gift Box (Small),Assorted Gift Box
b8506e2a-c5d2-5475-bcf3-fbe0bf7fac36,020de6a7-e10c-58a3-9b39-aefe3dd49d4b,Prestige Gift Box (Small),Assorted Gift Box
8d84c3c9-3d90-5453-9a6d-29f9cf7e96af,020de6a7-e10c-58a3-9b39-aefe3dd49d4b,VIP Chamcham Gift Box (Large),Assorted Gift Box
40f193c9-d9d2-58a7-aedb-9e477e9ef2c8,020de6a7-e10c-58a3-9b39-aefe3dd49d4b,Celebration Gift Box (Large),Assorted Gift Box
fbf3888e-af86-5c4c-b5e7-67a68288d8eb,020de6a7-e10c-58a3-9b39-aefe3dd49d4b,Premium Chamcham (500gm),Assorted Gift Box
3f7942e9-ec20-5e8c-84f9-e01ad257c08b,020de6a7-e10c-58a3-9b39-aefe3dd49d4b,Kaju Halwa (500 gm),Premium Halwa
954d69ea-70b6-5d64-ae20-44ff5cb398e7,020de6a7-e10c-58a3-9b39-aefe3dd49d4b,Anjeer Halwa (500 gm),Premium Halwa
916a1548-5371-5e49-9b8b-8ca6a75e7177,020de6a7-e10c-58a3-9b39-aefe3dd49d4b,Pesta Halwa (500 gm),Premium Halwa
c3a1a05f-6d75-59aa-affd-27383152a5b9,020de6a7-e10c-58a3-9b39-aefe3dd49d4b,Mihidana Laddu (500 gm),Assorted Gift Box
2a25cfdf-e81b-5c7a-9f10-6a865734f925,020de6a7-e10c-58a3-9b39-aefe3dd49d4b,Chamcham Gift Box (Small),Assorted Gift Box
ff830e97-2f87-5c46-af3d-c2666cdc2b0a,020de6a7-e10c-58a3-9b39-aefe3dd49d4b,Beef Bihari Kebab,Premium Kebabs
a6aeea9f-092a-5340-a2f3-89c75df0c233,020de6a7-e10c-58a3-9b39-aefe3dd49d4b,Pera Sandesh (1 Kg),Premium Sondesh
1fd05eb9-19ed-58d3-aa3d-3242fd33fc5c,020de6a7-e10c-58a3-9b39-aefe3dd49d4b,Nadia Sandesh (1 Kg),Premium Sondesh
83bb0358-976b-5f93-9cc0-3739bc978084,020de6a7-e10c-58a3-9b39-aefe3dd49d4b,Mutton Seekh Kebab,Premium Kebabs
583aa3d7-48b2-57a6-9342-06feebf2e8d4,020de6a7-e10c-58a3-9b39-aefe3dd49d4b,Fish Tikka Kebab,Premium Kebabs
15e9d03b-3003-5d4c-8453-516b91a0df92,020de6a7-e10c-58a3-9b39-aefe3dd49d4b,Chicken Tangri Kebab,Premium Kebabs
d7bfe3bc-dc0d-5d8c-a37f-86f34fa6e1e5,020de6a7-e10c-58a3-9b39-aefe3dd49d4b,Chicken Malai Kebab,Premium Kebabs
27686ca6-5ee3-58f6-9866-18be9e57fe92,020de6a7-e10c-58a3-9b39-aefe3dd49d4b,Motichur Laddu (500 gm),Premium Laddu (500 gm)
1de9b8f9-4a9c-5b7e-bbc0-38130e41c61c,020de6a7-e10c-58a3-9b39-aefe3dd49d4b,Mihidana Laddu (500 gm),Premium Laddu (500 gm)
2cfd9fae-3496-50f0-ae09-d6c140c8e8bf,020de6a7-e10c-58a3-9b39-aefe3dd49d4b,Mawa Laddu (500 gm),Premium Laddu (500 gm)
082e29e3-9743-5093-a109-ee207c8f7b72,020de6a7-e10c-58a3-9b39-aefe3dd49d4b,Goalior Laddu (500 gm),Premium Laddu (500 gm)
d5e09e17-c702-562e-a202-1c0904fbc0b0,020de6a7-e10c-58a3-9b39-aefe3dd49d4b,Premium Brownie (1 Kg),Traditional Sweets
d7d4323c-86e0-57f0-9f69-47b2e5cc98b6,020de6a7-e10c-58a3-9b39-aefe3dd49d4b,Pinky Golabjamon (1 Kg),Traditional Sweets
473fcbc6-b7cf-5d0e-887e-a506a83039c0,020de6a7-e10c-58a3-9b39-aefe3dd49d4b,Pesta Pasand (1 Kg),Traditional Sweets
c40635df-b49c-5d2e-a218-3ce99afac9d0,020de6a7-e10c-58a3-9b39-aefe3dd49d4b,Mawa Balushahi (1 Kg),Traditional Sweets
9876f8ce-3b7c-5ec5-aec0-572184a6a99b,020de6a7-e10c-58a3-9b39-aefe3dd49d4b,Goalior Laddu (1Kg),Premium Laddu
9d9b60ed-b486-55c0-a2ae-089dbd5e8232,020de6a7-e10c-58a3-9b39-aefe3dd49d4b,Tandoori Chicken,Premium Kebabs
e09f8aa2-c2a9-5399-872f-a477bbd8f6c0,020de6a7-e10c-58a3-9b39-aefe3dd49d4b,Prawn Tikka Kebab,Premium Kebabs
57ec8db4-18d0-553e-8368-8735a96a3b1f,020de6a7-e10c-58a3-9b39-aefe3dd49d4b,Paneer Tikka Kebab,Premium Kebabs
31729995-878a-5a78-b8ca-107609fae4f5,020de6a7-e10c-58a3-9b39-aefe3dd49d4b,Premium Ghee (550Gm),Premium Bakery
ba194190-d8b2-508d-9bb5-03eab3d75382,020de6a7-e10c-58a3-9b39-aefe3dd49d4b,Premium Bread (700Gm),Premium Bakery
0e78ba01-db36-5b88-ac60-e97ab4471ef7,020de6a7-e10c-58a3-9b39-aefe3dd49d4b,Potato Chanachur (400Gm),Premium Bakery
6f2b2177-302a-54ce-9a56-45d3a11f45e7,020de6a7-e10c-58a3-9b39-aefe3dd49d4b,Patisa Small Box (500 Gm),Premium Bakery
7d2a8e36-8229-52dc-9494-b8973f6f3d57,020de6a7-e10c-58a3-9b39-aefe3dd49d4b,Chicken Lasooni Kebab,Premium Kebabs
d6af3aa3-2d19-5ce0-8848-bff6feff2487,020de6a7-e10c-58a3-9b39-aefe3dd49d4b,Chicken Kalmi Kebab,Premium Kebabs
c53838c0-edd8-59a9-a654-7b49bea58b78,020de6a7-e10c-58a3-9b39-aefe3dd49d4b,Chicken Hariyali Kebab,Premium Kebabs
faea80f2-61b2-5101-bb87-781db062b27c,020de6a7-e10c-58a3-9b39-aefe3dd49d4b,Beef Boti Kebab,Premium Kebabs
03fd5c71-de00-56a4-bbd2-736d994fa3a6,020de6a7-e10c-58a3-9b39-aefe3dd49d4b,Baklava Assorted Small (300Gm),Premium Bakery
8063b713-7c52-5671-ac1b-dcd912b5b419,020de6a7-e10c-58a3-9b39-aefe3dd49d4b,Baklava Assorted Big (600Gm),Premium Bakery
5c56af44-167d-5abe-9fc5-bf9296ab2a6a,020de6a7-e10c-58a3-9b39-aefe3dd49d4b,Wedding Special Khirsha Doi,"Doi, Malai & Pitha"
6d581007-5fa9-5795-87ae-c5c618b6c3a6,020de6a7-e10c-58a3-9b39-aefe3dd49d4b,Sponge Rosho Golla (1Kg),"Doi, Malai & Pitha"
6d2f44c4-1d82-5dd8-b53c-8f29064f315c,020de6a7-e10c-58a3-9b39-aefe3dd49d4b,Almond Halwa (500 gm),Premium Halwa
defbd164-11b5-5913-a556-bccb7dcfa6c7,020de6a7-e10c-58a3-9b39-aefe3dd49d4b,Sugar Toast (350Gm),Premium Bakery
1f0d4906-03ac-5dbd-85be-c937084ef41d,020de6a7-e10c-58a3-9b39-aefe3dd49d4b,Premium Toast (350Gm),Premium Bakery
d79a2519-ac85-5809-a3a1-606f6a3449e8,020de6a7-e10c-58a3-9b39-aefe3dd49d4b,Premium Lachcha Shemai (450Gm),Premium Bakery
66abd13e-403b-501f-bf6d-7d9157f1c92b,020de6a7-e10c-58a3-9b39-aefe3dd49d4b,VIP Prestige Box (Large),Assorted Gift Box
4d8cac5a-19cc-5037-95d9-2b4e853fdc36,020de6a7-e10c-58a3-9b39-aefe3dd49d4b,VIP Khandani Laddu Gift Box (Large),Assorted Gift Box
549f048a-4526-5a3f-a150-dc9a7bb68800,020de6a7-e10c-58a3-9b39-aefe3dd49d4b,VIP Halwa Gift Box (Large),Assorted Gift Box
8c34d83b-0dd5-5215-bf3d-4e9d10ba5e43,020de6a7-e10c-58a3-9b39-aefe3dd49d4b,VIP Deluxe Box (Large),Assorted Gift Box
2a06a2b8-54cd-5677-ab12-6191818d5dd5,020de6a7-e10c-58a3-9b39-aefe3dd49d4b,Kolija Singara (1Pc),Premium Bakery
5225d31a-6bb6-5a4f-b0da-4008a921a218,020de6a7-e10c-58a3-9b39-aefe3dd49d4b,Curry Chanachur (400Gm),Premium Bakery
8f9e3420-e759-5f7d-9a32-06509c7c9343,020de6a7-e10c-58a3-9b39-aefe3dd49d4b,Chicken Samosa (1 Pc),Premium Bakery
f4129783-ce9d-54b5-9804-7e2f324eb645,020de6a7-e10c-58a3-9b39-aefe3dd49d4b,Bombay Mix (400Gm),Premium Bakery
dd8fb86a-5b3c-5854-8bff-b895263d4f9f,020de6a7-e10c-58a3-9b39-aefe3dd49d4b,Nadia Sandesh (500 gm),Premium Sondesh (500 gm)
a1bcd6fc-66ed-5413-9132-702a10c225da,020de6a7-e10c-58a3-9b39-aefe3dd49d4b,Love Sandesh (500 gm),Premium Sondesh (500 gm)
7879581d-85ca-5b23-81d8-73bbd8afe86d,020de6a7-e10c-58a3-9b39-aefe3dd49d4b,Khir Sandesh (500 gm),Premium Sondesh (500 gm)
583d0820-50f0-5518-b647-307adcf0519a,020de6a7-e10c-58a3-9b39-aefe3dd49d4b,Gur Sandesh (500 gm),Premium Sondesh (500 gm)
a745e3d6-2249-560b-b702-13788795abb8,020de6a7-e10c-58a3-9b39-aefe3dd49d4b,Malpoha Pitha (1 Pc),"Doi, Malai & Pitha"
7a36a67d-defa-5b17-a88e-db834ebfbaa5,020de6a7-e10c-58a3-9b39-aefe3dd49d4b,Faluda,Desserts
aadead13-82da-554c-aaef-93bfdeb4d165,020de6a7-e10c-58a3-9b39-aefe3dd49d4b,Vanilla Latte - Regular,Coffee
6f93d9cf-b7ef-587d-bec6-5a2042e8f137,020de6a7-e10c-58a3-9b39-aefe3dd49d4b,VIP Shondesh Gift Box (Large),Assorted Gift Box
22f8661b-a10d-5e9c-ab7c-56c9b43b6266,020de6a7-e10c-58a3-9b39-aefe3dd49d4b,Motichur Laddu (500 gm),Assorted Gift Box
e4700de9-4710-570b-ba6d-78a4a3f05e23,020de6a7-e10c-58a3-9b39-aefe3dd49d4b,Kalo Jam (500gm),Assorted Gift Box
a0d1dc1c-758b-5b16-9526-b04ce1df4648,020de6a7-e10c-58a3-9b39-aefe3dd49d4b,Vip Classic Gift Box (Large),Assorted Gift Box
0d2742bc-21c4-5d0c-be5f-50bc55b9a6ec,020de6a7-e10c-58a3-9b39-aefe3dd49d4b,Mihidana Laddu (1Kg),Premium Laddu
25d1e074-843f-51b9-84ed-116b9237787a,020de6a7-e10c-58a3-9b39-aefe3dd49d4b,Motichur Laddu (1Kg),Premium Laddu
28bb4754-6c8a-5aaa-8f01-3be10841cc3c,020de6a7-e10c-58a3-9b39-aefe3dd49d4b,Motinut Laddu (1Kg),Premium Laddu
6d22c023-a070-5e13-8933-74d2f1daae9d,020de6a7-e10c-58a3-9b39-aefe3dd49d4b,Pera Shondesh (500 gm),Premium Sondesh (500 gm)
ab6715f1-bf9f-5d42-8217-17140e97f8e8,020de6a7-e10c-58a3-9b39-aefe3dd49d4b,Roll Sandesh (500 gm),Premium Sondesh (500 gm)
a706c95e-c4aa-59a2-8687-3873c64eee4d,020de6a7-e10c-58a3-9b39-aefe3dd49d4b,Pistachio Sandesh (1 Kg),Premium Sondesh
a348c683-6398-5869-8f89-2f401b76c57e,020de6a7-e10c-58a3-9b39-aefe3dd49d4b,Roll Sandesh (1 Kg),Premium Sondesh
6d68968a-ef18-5547-8bc7-55cc12ff5fb6,020de6a7-e10c-58a3-9b39-aefe3dd49d4b,Mawa Laddu (1Kg),Premium Laddu
b5aa7af4-9dc9-5189-969d-bb21f6be3ce9,020de6a7-e10c-58a3-9b39-aefe3dd49d4b,Khushbu Polao,Rice & Naan
1af6fd1f-4516-5f28-b955-3a841f905ead,020de6a7-e10c-58a3-9b39-aefe3dd49d4b,Achari Khichuri,Rice & Naan
f3181cec-a96e-57f8-9521-02ff241f5b15,020de6a7-e10c-58a3-9b39-aefe3dd49d4b,Motinut Laddu (500 gm),Premium Laddu (500 gm)
9306f7a4-a06d-5dcc-80ba-dacf3fe20707,020de6a7-e10c-58a3-9b39-aefe3dd49d4b,Lal Mohan (1 Kg),Traditional Sweets
ebd666e9-db55-5ed8-acb9-035348f1b104,020de6a7-e10c-58a3-9b39-aefe3dd49d4b,Classic Gift Box (Small),Assorted Gift Box
b3c8684a-978f-5a7d-bcc4-8ad5a92a866b,020de6a7-e10c-58a3-9b39-aefe3dd49d4b,Khandani Laddu Gift Box (Small),Assorted Gift Box
94785a85-a111-5923-8200-af13e7a3bf97,020de6a7-e10c-58a3-9b39-aefe3dd49d4b,Halwa Gift Box (Small),Assorted Gift Box
8f2e4c86-a5d1-54cd-b75a-6591b5adba35,020de6a7-e10c-58a3-9b39-aefe3dd49d4b,Delux Gift Box (Small),Assorted Gift Box
aa665d26-2702-5327-b5fb-6d85356b5797,020de6a7-e10c-58a3-9b39-aefe3dd49d4b,Rosh Kodom (1 Kg),Traditional Sweets
6b6043fd-4161-51a4-b1b1-0f2d64ee7633,020de6a7-e10c-58a3-9b39-aefe3dd49d4b,Ruby Rajbhog (1 Kg),Traditional Sweets
3d00e7ed-fb18-5746-a150-8fbc78d92a66,020de6a7-e10c-58a3-9b39-aefe3dd49d4b,Saffron Bhog (1 Kg),Traditional Sweets
c8d46bde-68b0-52e0-bbe3-8dd619e98ebc,020de6a7-e10c-58a3-9b39-aefe3dd49d4b,Carrot Borfi (500gm),Traditional Sweets (500 gm)
9bddf148-3e39-5ec1-b33c-d2b0dbfd13ba,020de6a7-e10c-58a3-9b39-aefe3dd49d4b,Kalo Jam (500gm),Traditional Sweets (500 gm)
e8e7d4e7-ba48-5b02-a2e3-572d730d7664,020de6a7-e10c-58a3-9b39-aefe3dd49d4b,Khir Mohan (500gm),Traditional Sweets (500 gm)
fc78d253-e660-57e8-b30d-32223bde2b4b,020de6a7-e10c-58a3-9b39-aefe3dd49d4b,Khir Toast (500gm),Traditional Sweets (500 gm)
b4185c7a-c655-5b3c-b6a1-dd2446985653,020de6a7-e10c-58a3-9b39-aefe3dd49d4b,Rosh Golla (1 Kg),Traditional Sweets
1d7310f4-2f02-5ff5-bbdd-dcfb4a2a3d57,020de6a7-e10c-58a3-9b39-aefe3dd49d4b,Kacha Sana (500gm),Traditional Sweets (500 gm)
2557f468-535a-5411-92bd-fa3eb5ab4e2b,020de6a7-e10c-58a3-9b39-aefe3dd49d4b,Roshmalai (Pot),Traditional Sweets (1 Kg)
c8d65dd1-13cf-55dc-b05e-9791fc00bc5f,020de6a7-e10c-58a3-9b39-aefe3dd49d4b,Malai Chop (Pot),Traditional Sweets (1 Kg)
27c50883-805c-5870-abdb-87e71ecc7a9a,020de6a7-e10c-58a3-9b39-aefe3dd49d4b,Vogh Sagor (1 Kg),Traditional Sweets
0b56c945-30bf-53ec-91b9-9091f9d01afc,020de6a7-e10c-58a3-9b39-aefe3dd49d4b,Choco Borfee (500gm),Traditional Sweets (500 gm)
80de2844-7c31-5206-991b-f1166a7f8b09,020de6a7-e10c-58a3-9b39-aefe3dd49d4b,Cream Jamun (500gm),Traditional Sweets (500 gm)
eb12ca5d-0803-5889-93c8-ab707cc6f4f6,020de6a7-e10c-58a3-9b39-aefe3dd49d4b,Golab Jam (500gm),Traditional Sweets (500 gm)
d1363191-b410-591b-a2ea-df06fd005fb2,020de6a7-e10c-58a3-9b39-aefe3dd49d4b,Lal Mohan (500gm),Traditional Sweets (500 gm)
7036dbd5-a24e-5f48-89fc-8d708ac3906c,020de6a7-e10c-58a3-9b39-aefe3dd49d4b,Kacha Sana (1 Kg),Traditional Sweets
5de479a3-53e0-55c3-837a-09b5a7183970,020de6a7-e10c-58a3-9b39-aefe3dd49d4b,Kalo Jam (1 Kg),Traditional Sweets
be567442-47fe-5808-b7ce-46b66c1b4ca8,020de6a7-e10c-58a3-9b39-aefe3dd49d4b,Khir Mohan (1 Kg),Traditional Sweets
14d30d25-703f-54a2-8e8c-573d4d208dc1,020de6a7-e10c-58a3-9b39-aefe3dd49d4b,Sanar Toast (1 Kg),Traditional Sweets
d22e8f46-6b1d-5dc9-b377-f9ac8bdf0945,020de6a7-e10c-58a3-9b39-aefe3dd49d4b,Golab Jam (1 Kg),Traditional Sweets
6e8d030a-5ba3-5fc1-a48a-2e7903e49c68,020de6a7-e10c-58a3-9b39-aefe3dd49d4b,Raj Vogh (1 Kg),Traditional Sweets
3a092155-09b6-5634-99c9-eaacad5c5b69,020de6a7-e10c-58a3-9b39-aefe3dd49d4b,Premium Sada Cham Cham (1 Kg),Traditional Sweets
c7554434-6f30-5343-b117-887895b44fac,020de6a7-e10c-58a3-9b39-aefe3dd49d4b,Premium Kaju Borfi (1 Kg),Traditional Sweets
f6ed5fc1-4d05-5670-8d73-e6e028aa83bb,020de6a7-e10c-58a3-9b39-aefe3dd49d4b,Ilish Dopiaza (On Clay Pot),Signature Fish
9833d265-492a-5e3e-870a-a0d9bdea86b9,020de6a7-e10c-58a3-9b39-aefe3dd49d4b,Malai Curry (1 Kg),Traditional Sweets
45c52c30-1293-5157-847e-f2918cffc1ec,020de6a7-e10c-58a3-9b39-aefe3dd49d4b,Langcha (1 Kg),Traditional Sweets
c2fab496-82a3-545b-87bc-f39d3da834e2,020de6a7-e10c-58a3-9b39-aefe3dd49d4b,Chicken Bhuna (Signature),Signature Dish On Clay Pot
7a264ae8-7fd4-5ee2-b427-585bb3fcfcd1,020de6a7-e10c-58a3-9b39-aefe3dd49d4b,Premium Chamcham (1 Kg),Traditional Sweets
03a2a0a4-c96c-58b8-a28e-cb4368676aec,020de6a7-e10c-58a3-9b39-aefe3dd49d4b,Adi Roshgolla (1 Kg),Traditional Sweets
3b39a361-5e80-59e9-b111-b3eb541d9a65,020de6a7-e10c-58a3-9b39-aefe3dd49d4b,Shrimp Masala (On Clay Pot),Signature Fish
9892c4a5-6473-53a6-8a13-954065429d68,020de6a7-e10c-58a3-9b39-aefe3dd49d4b,Kaptai Fish Curry (On Plate),Signature Fish
0f76f06c-9000-5950-a742-83877f606564,020de6a7-e10c-58a3-9b39-aefe3dd49d4b,Steamed Rice,Rice & Naan
dd940c49-ca7d-5fc1-a9d1-17ea1539a7d7,020de6a7-e10c-58a3-9b39-aefe3dd49d4b,Bengali Salad,Salad
387f14ca-e96f-599a-a1ba-3c124949636a,020de6a7-e10c-58a3-9b39-aefe3dd49d4b,Onion Salad,Salad
b5af55ff-1931-523d-89f8-9c1cb8c0a171,020de6a7-e10c-58a3-9b39-aefe3dd49d4b,Khir Toast (1 Kg),Traditional Sweets
81da2783-4e02-51d6-8ddc-0c6cd96d059c,020de6a7-e10c-58a3-9b39-aefe3dd49d4b,Choco Borfee (1 Kg),Traditional Sweets
c4e5e613-ec36-5ba6-8b26-df45fbe6b02e,020de6a7-e10c-58a3-9b39-aefe3dd49d4b,Cream Jamun (1 Kg),Traditional Sweets
be0af5f0-076c-55ff-891c-c91a747300fd,020de6a7-e10c-58a3-9b39-aefe3dd49d4b,Dia Bhog Sagor (1 Kg),Traditional Sweets
02d9e878-d0bd-5266-b7e5-6cd2f8a11245,020de6a7-e10c-58a3-9b39-aefe3dd49d4b,Lachcha Paratha (2 Pcs),Rice & Naan
07f5177e-a0c1-5752-9b0b-e5575a9d1ccf,020de6a7-e10c-58a3-9b39-aefe3dd49d4b,Carrot Borfi (1 Kg),Traditional Sweets
2dfd4c0e-b54c-5c09-9e34-bcd003c255c4,020de6a7-e10c-58a3-9b39-aefe3dd49d4b,Walima Chicken Roast,Signature Dish On Clay Pot
b128eedd-2cd7-55a8-8a4b-b23f646c85df,020de6a7-e10c-58a3-9b39-aefe3dd49d4b,Mutton Rezala,Signature Dish On Clay Pot
28b473bc-64fd-5479-9f84-cf56b905c233,020de6a7-e10c-58a3-9b39-aefe3dd49d4b,Gur Sandesh (1 Kg),Premium Sondesh
11d236a1-53b8-5252-b611-03fd885b5203,020de6a7-e10c-58a3-9b39-aefe3dd49d4b,Beef Aloo Jhol,Signature Dish On Clay Pot
f57d8bbb-5300-5c54-8dcf-8047159c9325,020de6a7-e10c-58a3-9b39-aefe3dd49d4b,Love Sandesh (1 Kg),Premium Sondesh
b3c2a2a0-ab27-5ae9-9cb7-eb97932e55bb,020de6a7-e10c-58a3-9b39-aefe3dd49d4b,Khir Sandesh (1 Kg),Premium Sondesh
154d4869-b6e7-53ac-8d01-5508509c910c,7cd36209-e00d-5a21-9f71-19474fbccbc6,Signature Chicken,Popular
f018d5f7-dc87-53dd-9889-068d654b9da7,7cd36209-e00d-5a21-9f71-19474fbccbc6,Signature Beef,Popular
5fd2b240-081b-5f6f-acaa-b413edf614d3,7cd36209-e00d-5a21-9f71-19474fbccbc6,Achari Rice with Katsu Chicken,Popular
05fc21a3-8cf3-5b65-8eaa-1bbf75399bc9,7cd36209-e00d-5a21-9f71-19474fbccbc6,Garlic Gyro Chicken Wrap,Wrap
8fbc64f7-f8f2-5c9f-b111-551695870b5b,7cd36209-e00d-5a21-9f71-19474fbccbc6,The Hawk,Gourmet Burger
c4449ded-f6f9-56f9-8238-468d46b4094b,7cd36209-e00d-5a21-9f71-19474fbccbc6,Paneer Sticks,Teasers
e73db5e1-357c-5b27-abe1-cd280ae4eb55,7cd36209-e00d-5a21-9f71-19474fbccbc6,Gyro Chicken Over Cajun Fries,Poutine
c7c234db-db85-5d82-a8e8-55bd086d3d7c,7cd36209-e00d-5a21-9f71-19474fbccbc6,Crispy Chicken & Bacon Poutine,Poutine
945745a1-9eb1-553c-a51a-960738f999d3,7cd36209-e00d-5a21-9f71-19474fbccbc6,Spicy Garlic Mushroom,Teasers
a9e5a981-2198-59f5-9e30-42e6a74c9531,7cd36209-e00d-5a21-9f71-19474fbccbc6,Madame Lucy,Gourmet Burger
e9f92741-3af1-55bb-9be4-80b5b48d20e6,7cd36209-e00d-5a21-9f71-19474fbccbc6,Shrimp Supreme,Gourmet Burger
1c7954c0-4c80-5abe-888f-283a691f2e24,7cd36209-e00d-5a21-9f71-19474fbccbc6,Madchef's Fav!,Gourmet Burger
4fbb07d6-f977-55f3-b216-bc73b2eaf34b,7cd36209-e00d-5a21-9f71-19474fbccbc6,Shah Poutine,Poutine
aaff330c-beb7-5d6e-bc4a-10d75ecb53fa,7cd36209-e00d-5a21-9f71-19474fbccbc6,Signature Beef,Gourmet Burger
a7892ca4-32fd-555a-ad2a-81dcb3f8ad58,7cd36209-e00d-5a21-9f71-19474fbccbc6,Signature Chicken,Gourmet Burger
39dc7396-693d-564e-861e-0d5e2eade625,7cd36209-e00d-5a21-9f71-19474fbccbc6,Mad Chicken Sandwich,Wrap
e67c690f-9c93-51ac-a060-3f0cbfa50c15,7cd36209-e00d-5a21-9f71-19474fbccbc6,The Dhakaiya,Gourmet Burger
cbf5020f-3e05-54b9-a2f2-b7d99bc26538,7cd36209-e00d-5a21-9f71-19474fbccbc6,Mad Chicken Sandwich,Gourmet Burger
ad504a5f-84eb-5595-b706-15589153fb44,7cd36209-e00d-5a21-9f71-19474fbccbc6,Mushroom Melt,Gourmet Burger
7829919d-2fcc-5fc0-90ab-05b975dd582b,7cd36209-e00d-5a21-9f71-19474fbccbc6,Smokin Chic,Gourmet Burger
0868e698-0126-5597-978a-f5d742840c9e,7cd36209-e00d-5a21-9f71-19474fbccbc6,Creamy Mushroom Stuffed Chicken,Rice Meal
9cb3c9a9-288b-5e29-9114-caed543dda1f,7cd36209-e00d-5a21-9f71-19474fbccbc6,Korean Chargrilled Chicken,Rice Meal
acb63fd4-2f52-5824-b89d-c4652ef1baea,7cd36209-e00d-5a21-9f71-19474fbccbc6,Gyro Chicken Over Rice,Rice Meal
6a8b46a7-8f67-5d34-a96c-1477677bf236,7cd36209-e00d-5a21-9f71-19474fbccbc6,Spicy Basil Chicken,Rice Meal
ed881061-8a0b-5346-a3f6-4d90475472b0,7cd36209-e00d-5a21-9f71-19474fbccbc6,Spicy Basil Beef,Rice Meal
77e33905-c535-5146-b8bb-dddd28c12cd9,7cd36209-e00d-5a21-9f71-19474fbccbc6,Bangkok Chicken Rice Meal,Rice Meal
ff3ee658-d024-5f4c-869a-7edab7f2c8ec,7cd36209-e00d-5a21-9f71-19474fbccbc6,Onion Rings,Teasers
6701b6b3-7938-5888-80ab-54b21320c511,7cd36209-e00d-5a21-9f71-19474fbccbc6,Chicken Cheese Bombs,Teasers
45688cab-1d6e-5118-b8ec-70e7ecbd0648,7cd36209-e00d-5a21-9f71-19474fbccbc6,Achari Rice with Katsu Chicken,Rice Meal
e17c3724-8cf4-5e08-b5dc-056f94b05c09,7cd36209-e00d-5a21-9f71-19474fbccbc6,Roast Chicken Poutine,Popular
9ef79b76-197f-5f16-890b-f0b49b061b91,7cd36209-e00d-5a21-9f71-19474fbccbc6,Chicken Wings,Popular
22f407d8-ceaa-5c54-92b0-4d6fefa55800,7cd36209-e00d-5a21-9f71-19474fbccbc6,Garlic Gyro Chicken Wrap,Popular
0b383564-8a2b-53f7-bc9f-e316271395b4,e8b7cbaa-16d9-506b-91e2-ad780a2f08cc,Insinata Di Pollo,Le Ensalata(Salad)
276e780f-e966-5350-a8aa-4a00cfe9ef65,e8b7cbaa-16d9-506b-91e2-ad780a2f08cc,Caprese,Le Ensalata(Salad)
2500f20e-e891-5f30-b902-79b248246d4e,e8b7cbaa-16d9-506b-91e2-ad780a2f08cc,Panzanella,Le Ensalata(Salad)
d3a8c862-bede-5dcf-9a36-5513ae9c4955,e8b7cbaa-16d9-506b-91e2-ad780a2f08cc,Agnello Arrosto,Iprimi(Entres)
0048db85-001e-5e75-a762-06289afe1ce6,e8b7cbaa-16d9-506b-91e2-ad780a2f08cc,Calamari Fritti,Antipasti(Appetizer)
1f75fae1-bcb6-5aa3-bdc7-e289d359c320,e8b7cbaa-16d9-506b-91e2-ad780a2f08cc,Bruschetta Muffuletta,Antipasti(Appetizer)
24dd3d49-d4ab-5297-84d7-406adb2055ad,e8b7cbaa-16d9-506b-91e2-ad780a2f08cc,Bruschetta,Antipasti(Appetizer)
80653ed2-7d8e-5177-86dd-edffb877d2d4,e8b7cbaa-16d9-506b-91e2-ad780a2f08cc,Cuppuccino Coffee,Caffe
022ec8a4-1860-55a0-9bbb-3c897558213f,e8b7cbaa-16d9-506b-91e2-ad780a2f08cc,Mineral Water - 500ml,Bevande
61e0142d-e8c8-5c42-bde5-8be54608d465,e8b7cbaa-16d9-506b-91e2-ad780a2f08cc,Americano Coffee,Caffe
a13b3c35-f2a1-5ff5-8788-a116f256b2d8,e8b7cbaa-16d9-506b-91e2-ad780a2f08cc,Mineral Water - 1 L,Bevande
560f0dbe-670f-546f-be01-637ba487e247,e8b7cbaa-16d9-506b-91e2-ad780a2f08cc,Vitello Saltimbocca,Antipasti(Appetizer)
56745704-c20a-52f1-aa74-9a4f861690a8,e8b7cbaa-16d9-506b-91e2-ad780a2f08cc,Parmigiano Di Vitello,Iprimi(Entres)
969c34bc-1d02-5862-b8f1-0656e10d7343,e8b7cbaa-16d9-506b-91e2-ad780a2f08cc,Pollo Pepperoni,Iprimi(Entres)
b70c8e90-540b-596e-93b6-0447a3fc3909,e8b7cbaa-16d9-506b-91e2-ad780a2f08cc,Saltimbocca alla Romana,Iprimi(Entres)
186e4aad-501c-5bc6-a421-d97db2dee84e,e8b7cbaa-16d9-506b-91e2-ad780a2f08cc,Spigola (Sea Bass),Iprimi(Entres)
2f75cf67-1bef-531d-9d06-a9950cce4f9f,e8b7cbaa-16d9-506b-91e2-ad780a2f08cc,Ossu Bucco Alla Milanese With Gremolata,Iprimi(Entres)
376c855d-787a-5ec5-8e56-9b2ed4859bba,e8b7cbaa-16d9-506b-91e2-ad780a2f08cc,Herb In Crosta Merluzzo,Iprimi(Entres)
2848ba07-0f07-5d42-b2bb-86acaba87c4a,e8b7cbaa-16d9-506b-91e2-ad780a2f08cc,Escalopina Al Limone,Iprimi(Entres)
011080dd-d2d7-5c70-b45b-5727e176acd1,e8b7cbaa-16d9-506b-91e2-ad780a2f08cc,Braciole (pronounced bru-zhole),Iprimi(Entres)
134db0ab-3592-58a7-b0b8-dae2c961d001,e8b7cbaa-16d9-506b-91e2-ad780a2f08cc,Risotto Alla Pescatora,Risotti(Rice)
cb37b01b-d3e0-52b6-b32f-9286c2920643,e8b7cbaa-16d9-506b-91e2-ad780a2f08cc,Risotto Al Funghi Porcini,Risotti(Rice)
6151beb7-f816-5285-812e-5a4565595e4d,e8b7cbaa-16d9-506b-91e2-ad780a2f08cc,Zuppa Vegetale Soup,Le Zuppe(Soup)
eb701db0-006d-5213-8fa2-407b5fc90c09,e8b7cbaa-16d9-506b-91e2-ad780a2f08cc,Tortellini In Brodo Soup,Le Zuppe(Soup)
12b0ffe2-4ba4-59ba-b6eb-decfe4cf1769,e8b7cbaa-16d9-506b-91e2-ad780a2f08cc,Tiramisu,Dolce(Dessert)
1f9e1143-0ec7-50a2-a7b4-6ef2321c3252,e8b7cbaa-16d9-506b-91e2-ad780a2f08cc,Ice cream (scoop),Dolce(Dessert)
37a433ad-ef17-56c7-9f81-649e37f3dc76,e8b7cbaa-16d9-506b-91e2-ad780a2f08cc,Cream caramel,Dolce(Dessert)
9decb9e0-5c94-5070-bb1b-8593e1979044,e8b7cbaa-16d9-506b-91e2-ad780a2f08cc,Espresso Coffee,Caffe
5fafbe11-7275-5b3a-b00c-3816cd482555,e8b7cbaa-16d9-506b-91e2-ad780a2f08cc,Minestrone Soup,Le Zuppe(Soup)
ed712511-c1bf-5041-bf23-33ebeace550e,e8b7cbaa-16d9-506b-91e2-ad780a2f08cc,Vegdura Griglia,Antipasti(Appetizer)
8d0274b5-38ca-56fc-9074-f0a2816ca7fa,e8b7cbaa-16d9-506b-91e2-ad780a2f08cc,Melanzane Parmesano,Antipasti(Appetizer)
e3a919f6-48d1-51d2-816b-b09ad651e277,e8b7cbaa-16d9-506b-91e2-ad780a2f08cc,Gamberetti Alla Griglia,Antipasti(Appetizer)
1bf74705-6092-5490-8087-999e08085063,e8b7cbaa-16d9-506b-91e2-ad780a2f08cc,Bistecca Della Florentina,Iprimi(Entres)
d62c0be3-24c3-54ff-a534-612f711269ff,e8b7cbaa-16d9-506b-91e2-ad780a2f08cc,Astice ala Catalina,Iprimi(Entres)
2675f780-a5b6-5210-9248-3396df551ec0,e8b7cbaa-16d9-506b-91e2-ad780a2f08cc,Anatra Siciliana Con Salsa Arancione,Iprimi(Entres)
e9351144-75c1-5c6e-b5ee-e6ffaee290a6,e8b7cbaa-16d9-506b-91e2-ad780a2f08cc,Imported Canned Soda,Bevande
407d4d16-de2b-5651-9489-8b1d88915592,e8b7cbaa-16d9-506b-91e2-ad780a2f08cc,Fresh Juice,Bevande
7e8ccf50-2abe-5247-891a-810b7643b0c8,e8b7cbaa-16d9-506b-91e2-ad780a2f08cc,Local Canned Soda,Bevande
0771b29a-170c-5968-b7b3-258b8945ea73,e8b7cbaa-16d9-506b-91e2-ad780a2f08cc,Hot Tea,Bevande
27416a8b-54d2-5ef8-981c-dddc349f86a4,e8b7cbaa-16d9-506b-91e2-ad780a2f08cc,Risotto Con Zucca,Risotti(Rice)
a75bac50-12b9-583d-b520-7cca0b2676fc,4220ee3d-01fd-5ca0-a7f1-0dad0d9a19aa,Beef Cheese Burger,Popular
79a98b26-c7ca-5ea2-954a-751aaa611361,4220ee3d-01fd-5ca0-a7f1-0dad0d9a19aa,Chicken Cheese Burger,Popular
76d2d090-dc24-5ce4-90f1-73ef74762307,4220ee3d-01fd-5ca0-a7f1-0dad0d9a19aa,Double Chicken Cheese Burger,Popular
bd51b39f-18f0-570b-a7bb-4393d6599997,4220ee3d-01fd-5ca0-a7f1-0dad0d9a19aa,Double Chicken Burger,Popular
98ab3c1e-ae90-5816-9513-c521a9ff5481,4220ee3d-01fd-5ca0-a7f1-0dad0d9a19aa,Beef Burger,Beef Burger
c8514785-6a28-56c3-b358-75bd7e214d55,4220ee3d-01fd-5ca0-a7f1-0dad0d9a19aa,Double Beef Burger,Beef Burger
a722fa31-316d-5272-9983-90951fb47947,4220ee3d-01fd-5ca0-a7f1-0dad0d9a19aa,Double Beef Cheese Burger,Beef Burger
f3de701d-7386-57bc-9321-ea24f474655b,4220ee3d-01fd-5ca0-a7f1-0dad0d9a19aa,Chicken Burger,Chicken Burger
906bf2e1-014b-538c-98ab-6492236564a2,4220ee3d-01fd-5ca0-a7f1-0dad0d9a19aa,Double Fish Burger,Fish Burger
306952b3-5a0b-55c6-80d7-12d6c9749137,4220ee3d-01fd-5ca0-a7f1-0dad0d9a19aa,Fish Burger,Fish Burger
e743cd34-c988-58ce-ae5f-773896423de5,4220ee3d-01fd-5ca0-a7f1-0dad0d9a19aa,Fish Cheese Burger,Fish Burger
8f31517b-2c0f-548f-8eee-8e5eefc91e1b,4220ee3d-01fd-5ca0-a7f1-0dad0d9a19aa,Double Fish Cheese Burger,Fish Burger
97184d39-ef4a-546e-a39c-bcc54ef89c3c,e5864de9-78fd-54ec-b3ce-67cf4a740bc5,Margherita,Pizza
76c12a9d-4090-55a1-ae23-79f818213dc4,e5864de9-78fd-54ec-b3ce-67cf4a740bc5,Beef Pepperoni,Pizza
56959b63-eae3-5f58-bc82-f9ab09e43ca7,e5864de9-78fd-54ec-b3ce-67cf4a740bc5,Tagliatelle Bolognese,Popular
4c0612a2-fe02-5aaf-b3aa-e2d76d56d3a7,e5864de9-78fd-54ec-b3ce-67cf4a740bc5,Carnivora,Pizza
f3f0c00b-d159-514c-85b5-4c96c23a1d75,e5864de9-78fd-54ec-b3ce-67cf4a740bc5,Local Cheesy,Pizza
039c476c-a3b4-5f32-ade9-acea0a73b1bf,e5864de9-78fd-54ec-b3ce-67cf4a740bc5,Chicken Milanese,Poultry Mains
de173a99-ffb1-5e54-b5d3-7a242551120a,e5864de9-78fd-54ec-b3ce-67cf4a740bc5,Calamari Fritti - Small,Appetizers & Sides
3129dea8-3aa1-5b5f-8525-1f51eb84d6e5,e5864de9-78fd-54ec-b3ce-67cf4a740bc5,Meatball,Appetizers & Sides
5fd8f626-e0a8-5a4c-a93b-658820ae4ffe,e5864de9-78fd-54ec-b3ce-67cf4a740bc5,Mixed Greens,Appetizers & Sides
987c278e-6b0f-5a78-8082-da73219890bb,e5864de9-78fd-54ec-b3ce-67cf4a740bc5,Pumpkin Soup,Soups
c9a3f0ca-2028-5226-90e7-aadb41222da5,e5864de9-78fd-54ec-b3ce-67cf4a740bc5,Funghi & Ricotta,Pizza
6c1b116a-6ad1-5888-921a-fb974c7f315f,e5864de9-78fd-54ec-b3ce-67cf4a740bc5,Marinara,Pizza
9dbbfd59-4ec6-5a01-b75b-847030780fda,e5864de9-78fd-54ec-b3ce-67cf4a740bc5,Vegan,Pizza
74858f2c-eead-52d0-9f01-deb1492a6aac,e5864de9-78fd-54ec-b3ce-67cf4a740bc5,Chicken Pepperoni Pizza,Pizza
c7508604-c2ba-5662-8f2f-7efa70aafb79,e5864de9-78fd-54ec-b3ce-67cf4a740bc5,Anchovy Pizza,Pizza
d1ec0ff5-5c27-5c95-8140-03bdc3799dcc,e5864de9-78fd-54ec-b3ce-67cf4a740bc5,Quattro Formaggi,Pizza
87a31676-6741-5e4c-9434-305a0a797237,e5864de9-78fd-54ec-b3ce-67cf4a740bc5,Burrata and Beef,Pizza
fefde33d-c523-5a00-b847-39229ff7e00c,e5864de9-78fd-54ec-b3ce-67cf4a740bc5,Ravioli with Spinach & Ricotta,Vegetarian Mains
7e28fa43-d2f2-5980-82af-21ccf8581eac,e5864de9-78fd-54ec-b3ce-67cf4a740bc5,Aglio Olio,Vegetarian Mains
6d587bee-1c26-58bf-a300-e8e055f6ce49,e5864de9-78fd-54ec-b3ce-67cf4a740bc5,Mushroom Risotto,Vegetarian Mains
9c3422ea-b0e3-56c9-a0bd-2a9ef7096a92,e5864de9-78fd-54ec-b3ce-67cf4a740bc5,Eggplant Parmigiana,Vegetarian Mains
11e83222-c858-5239-92c0-0a2c8a19e844,e5864de9-78fd-54ec-b3ce-67cf4a740bc5,Linguine Puttanesca,Seafood Mains
9918c83f-d220-5d87-bc54-408cdcafa808,e5864de9-78fd-54ec-b3ce-67cf4a740bc5,Shrimp Carbonara,Seafood Mains
a8e43195-cedb-5ba7-90c2-9b06f6498161,e5864de9-78fd-54ec-b3ce-67cf4a740bc5,Aglio Olio Seafood,Seafood Mains
8feb812c-5d64-5b57-b633-9f96db08a638,e5864de9-78fd-54ec-b3ce-67cf4a740bc5,Grilled White Snapper Fillet,Seafood Mains
96f2a716-82d9-5f97-b3d4-9ce0fb883571,e5864de9-78fd-54ec-b3ce-67cf4a740bc5,Pici All’anatra pasta,Poultry Mains
c113b74c-1ec6-5dc5-ac76-848a1632195f,e5864de9-78fd-54ec-b3ce-67cf4a740bc5,Chicken Salad,Poultry Mains
12258757-5d6d-5ce7-964d-c035824fa3b9,e5864de9-78fd-54ec-b3ce-67cf4a740bc5,Poletto Paprika,Poultry Mains
162d8387-42a1-521a-b33e-8bace1092826,e5864de9-78fd-54ec-b3ce-67cf4a740bc5,Beef Cheek,Beef Mains
539a1946-1d35-5f0c-9b1a-c5ec28fe39b6,25b8b830-3c7a-5994-95dd-25e83a0ee46f,Fish Cake,Appetizers
ece1804f-d60d-5d5b-b312-3715d76b70e7,25b8b830-3c7a-5994-95dd-25e83a0ee46f,Fried Cashewnut,Appetizers
ce8ddb25-66df-56af-8cc2-486d3abde2b4,25b8b830-3c7a-5994-95dd-25e83a0ee46f,Fried Dumplings,Appetizers
e9e6789b-df40-527e-a3eb-d29a93cdf927,25b8b830-3c7a-5994-95dd-25e83a0ee46f,Fried Potato Pie,Appetizers
fed5d875-f876-5c80-98a3-c05666e32bcc,25b8b830-3c7a-5994-95dd-25e83a0ee46f,Fried Spring Roll,Appetizers
945ae7f5-7bc2-5ede-90d0-82faef65f21f,25b8b830-3c7a-5994-95dd-25e83a0ee46f,Fried Sweet Corn,Appetizers
b260ac9d-7bd0-5b7d-915c-195942709fc5,25b8b830-3c7a-5994-95dd-25e83a0ee46f,Fried Sweet Potato,Appetizers
4af44d87-4bb5-5071-9f62-a4cedea4501b,25b8b830-3c7a-5994-95dd-25e83a0ee46f,Fried Wonton,Appetizers
ccd050f3-7ed6-54ee-9a25-dc9cba32247a,25b8b830-3c7a-5994-95dd-25e83a0ee46f,Prawn On Toast,Appetizers
6d13b91f-80b6-5e70-9bbe-1c54328316fd,25b8b830-3c7a-5994-95dd-25e83a0ee46f,Sweet With Peanuts,Appetizers
99ea218d-e891-5bbf-ad64-326a58783334,25b8b830-3c7a-5994-95dd-25e83a0ee46f,Beef Chilli Dry,Beef
2cccdb1e-71c4-561a-815a-35b685739810,25b8b830-3c7a-5994-95dd-25e83a0ee46f,Beef Fillets In Hot Chilli Oil,Beef
50bbaf9a-0ed5-57a2-833e-7557c96931ce,25b8b830-3c7a-5994-95dd-25e83a0ee46f,Beef In Oyster Sauce,Beef
5aa45d7a-e996-5e9f-bccc-e32173a8e7a5,25b8b830-3c7a-5994-95dd-25e83a0ee46f,Fried Beef After Steamed In Hot Sauce,Beef
a8a66024-8bb8-534e-97d3-d1cbff51b439,25b8b830-3c7a-5994-95dd-25e83a0ee46f,Hunan Spicy Beef,Beef
fbc2226a-3090-5a90-b179-5c6b83af8ee8,25b8b830-3c7a-5994-95dd-25e83a0ee46f,Sizzling Beef,Beef
5c1c683e-bc99-5d50-85e2-f9e0743a0ed8,25b8b830-3c7a-5994-95dd-25e83a0ee46f,Spicy Boil Beef,Beef
59576ce0-8346-594c-9309-aaddeebca97d,25b8b830-3c7a-5994-95dd-25e83a0ee46f,Stirred Fry Beef With Hot Chilli Sauce,Beef
c181564c-ebdb-5a26-88ac-a1f38e682ef0,25b8b830-3c7a-5994-95dd-25e83a0ee46f,Stirred Fry Beef With Hot Egg Omelet,Beef
50cfa13c-1cee-54ea-9f52-de6fc2d8ce55,25b8b830-3c7a-5994-95dd-25e83a0ee46f,Stirred Fry Beef With Hot Green Chilli,Beef
9579c9d8-7da3-5dda-879a-d650a1873ffc,25b8b830-3c7a-5994-95dd-25e83a0ee46f,Braised The Whole Duck,Chicken - Duck
ec26d359-6557-50ab-bee8-c8b61c9ab3e9,25b8b830-3c7a-5994-95dd-25e83a0ee46f,Crispy Duck,Chicken - Duck
5090d34a-0e7f-5650-bcba-1321d28a21a7,25b8b830-3c7a-5994-95dd-25e83a0ee46f,Crispy Fried Duck Boneless With Nuts,Chicken - Duck
cbd65dc7-3c34-55b3-9007-40bbea3ae17f,25b8b830-3c7a-5994-95dd-25e83a0ee46f,Crispy Fried Duck With Rice Powder,Chicken - Duck
69b05347-f9d2-527a-a544-33ca41ff432c,25b8b830-3c7a-5994-95dd-25e83a0ee46f,Fried Chicken Wings,Chicken - Duck
9aeb2d07-6e87-5b51-b2d4-c17677c7d383,25b8b830-3c7a-5994-95dd-25e83a0ee46f,Fried Hot With Chicken Piece,Chicken - Duck
5ab72e25-2ae9-534a-acd4-2332ee6046d9,25b8b830-3c7a-5994-95dd-25e83a0ee46f,Local Chicken In Steam Boat,Chicken - Duck
3ac3e010-ae48-5f0f-b7d7-04c7cea3bb93,25b8b830-3c7a-5994-95dd-25e83a0ee46f,Local Duck With Chinese Hot Sauce,Chicken - Duck
02c3bca7-e33e-56b2-81b3-727ec5555f69,25b8b830-3c7a-5994-95dd-25e83a0ee46f,Spicy Duck With Hot Pot,Chicken - Duck
8b91a067-cd33-5362-b7c9-08fef8093031,25b8b830-3c7a-5994-95dd-25e83a0ee46f,Xiangsu Chicken,Chicken - Duck
e3e9a29a-33a5-5b28-803c-01c8631dc069,25b8b830-3c7a-5994-95dd-25e83a0ee46f,Chicken Fillet With Sweet & Sour Tomato Sauce,Chicken-Duck
e789c595-f45c-5960-935a-38b1a7042d06,25b8b830-3c7a-5994-95dd-25e83a0ee46f,Diced Spicy Chicken With Cashewnut,Chicken-Duck
9db76f1c-b2e2-5ca8-8e69-a8024dca60c3,25b8b830-3c7a-5994-95dd-25e83a0ee46f,Fried Chicken,Chicken-Duck
4ea0df4d-f1f5-56b9-a002-3226f3dd3f9e,25b8b830-3c7a-5994-95dd-25e83a0ee46f,Fried Chicken Ribs,Chicken-Duck
63df31fc-44fc-51c1-8a35-711b9b5e3d1f,25b8b830-3c7a-5994-95dd-25e83a0ee46f,Fried Chicken With Cashewnut,Chicken-Duck
6c511c69-8503-564f-9c43-d1ceb29783fc,25b8b830-3c7a-5994-95dd-25e83a0ee46f,Fried Red Chilli Hot Chicken,Chicken-Duck
7e8df842-c57d-5a95-82f9-163b0b159a6a,25b8b830-3c7a-5994-95dd-25e83a0ee46f,Guizhou Chicken,Chicken-Duck
74fcad00-0f9d-5479-a212-159b94688a1b,25b8b830-3c7a-5994-95dd-25e83a0ee46f,Paper Wrapped Chicken,Chicken-Duck
97c9647f-bbc3-5979-94d4-b98b803f7484,25b8b830-3c7a-5994-95dd-25e83a0ee46f,Shredded Chicken Sichuan Style,Chicken-Duck
e4c56b42-1c1f-5982-8647-78342b64d6ca,25b8b830-3c7a-5994-95dd-25e83a0ee46f,Steam Chicken Ball With Sticky Rice,Chicken-Duck
e87bdfc8-dbcb-5f02-846d-65610315cf01,25b8b830-3c7a-5994-95dd-25e83a0ee46f,Chicken Salad,Cold Dish
4f1a95bd-45e6-5ab8-af71-a56e8044624b,25b8b830-3c7a-5994-95dd-25e83a0ee46f,Cucumber With Garlic Chilli Sauce,Cold Dish
5f9cbbe2-3d27-5210-921e-7ba5b94a0aff,25b8b830-3c7a-5994-95dd-25e83a0ee46f,Eatabla Fungus With Chilli Sauce,Cold Dish
35fceb33-0760-57e2-8bf2-62ef45817581,25b8b830-3c7a-5994-95dd-25e83a0ee46f,Peanuts In Chinese Vinegar,Cold Dish
69286a52-276f-558d-ae74-db603a324028,25b8b830-3c7a-5994-95dd-25e83a0ee46f,Special Cooked Eggplant With Chilli Sauce,Cold Dish
6a627a8c-9da1-51e6-9ff3-9fa25b5e36a0,25b8b830-3c7a-5994-95dd-25e83a0ee46f,Spicy Beef Stomach,Cold Dish
5439cfcc-0e1b-51e0-87c4-edda747b6c5c,25b8b830-3c7a-5994-95dd-25e83a0ee46f,Spicy Beef With Sauce,Cold Dish
64b26fcc-fa51-5288-bc6c-a6842c180580,25b8b830-3c7a-5994-95dd-25e83a0ee46f,Spicy Fry Baby Fish,Cold Dish
1a43abea-8918-5e7f-9b68-dbcddbd69b21,25b8b830-3c7a-5994-95dd-25e83a0ee46f,Stew Local Chicken With Spices Soy Sauce,Cold Dish
186e1962-2bc9-5941-98da-7c19afd173b4,25b8b830-3c7a-5994-95dd-25e83a0ee46f,Chinese Pickle With Fish In Steam Boat,Fish
a2b3a2de-948c-52c4-9241-78e33bec8198,25b8b830-3c7a-5994-95dd-25e83a0ee46f,Crispy Fried Fish In Sweet Tomato Sauce,Fish
c2a6e809-70c4-5f70-82b4-841c3de80e5c,25b8b830-3c7a-5994-95dd-25e83a0ee46f,Crispy Fried Whole Fish In Sweet Tomato Sauce,Fish
a723d3f0-9da7-5f0e-adf2-a900d98bb1f3,25b8b830-3c7a-5994-95dd-25e83a0ee46f,Fish Head With Chinese Chilli Sauce,Fish
00091527-da0d-5bd5-a527-e17e2c37785b,25b8b830-3c7a-5994-95dd-25e83a0ee46f,Fish With Hot Bean Sauce,Fish
cc59b695-6ae6-5fd3-9e90-1f0330413504,25b8b830-3c7a-5994-95dd-25e83a0ee46f,Hot & Spicy Crispy Slice Fish,Fish
bbe7ad07-a139-5892-a937-ee4cb78ec7fd,25b8b830-3c7a-5994-95dd-25e83a0ee46f,Olive Garden Fried Fish Chilli Sauce,Fish
9028524a-d241-5c25-b259-fb8095a71312,25b8b830-3c7a-5994-95dd-25e83a0ee46f,Slice Fish With Chilli Sauce,Fish
43d5348d-0706-5c11-8821-9bf6b6526bcb,25b8b830-3c7a-5994-95dd-25e83a0ee46f,Steamed Sea Bass With Soy Sauce,Fish
713917ac-4f77-57e7-9717-7f6546970ee3,25b8b830-3c7a-5994-95dd-25e83a0ee46f,Stirred Slice Fish With Ginger & Garlic Sauce,Fish
4931d6b0-6f97-5a50-a64b-d0c93179bc93,25b8b830-3c7a-5994-95dd-25e83a0ee46f,Boiled Slice Eel Fish With Hot Sauce,Seafood
022c2375-0328-5493-972d-e446725867be,25b8b830-3c7a-5994-95dd-25e83a0ee46f,Fired Hot Crabs,Seafood
a468e3c4-a366-59ac-8295-c30cd3e43462,25b8b830-3c7a-5994-95dd-25e83a0ee46f,Fried Crabs With Ginger,Seafood
5c71fd2d-e3e2-5f79-852e-4fc0043d2db0,25b8b830-3c7a-5994-95dd-25e83a0ee46f,Fried Cuttle Fish,Seafood
2837852e-2ac8-5087-aaf8-6fe88e476535,25b8b830-3c7a-5994-95dd-25e83a0ee46f,Fried Hot Prawns,Seafood
0fd9fb76-5218-5459-bd38-efe602b9d70e,25b8b830-3c7a-5994-95dd-25e83a0ee46f,Fried Prawn Fillet With Sesame Seed,Seafood
61371549-0319-5755-b2a2-2fd67f66eb1c,25b8b830-3c7a-5994-95dd-25e83a0ee46f,Fried Shred Eel In Steam Boat,Seafood
7f2f2604-79d9-5d64-a4cf-d1239a512854,dca78e59-278e-5ffe-b657-2bcd70c6f170,Achari Rice with Katsu Chicken,Rice Meal
6efa9468-cb15-568e-a754-665b4034eaf9,dca78e59-278e-5ffe-b657-2bcd70c6f170,Creamy Mushroom Stuffed Chicken,Rice Meal
9cd27a57-5c8c-538b-a024-da667a5b7a5d,dca78e59-278e-5ffe-b657-2bcd70c6f170,Spicy Basil Chicken,Rice Meal
493836f0-725d-5646-85bd-0d695aa4ba5e,dca78e59-278e-5ffe-b657-2bcd70c6f170,Korean Chargrilled Chicken,Rice Meal
71501b53-b31c-5f0b-8b8a-32901aabef31,dca78e59-278e-5ffe-b657-2bcd70c6f170,Spicy Basil Beef,Rice Meal
8ab44f58-68f6-5a43-94b7-64abbd281a32,dca78e59-278e-5ffe-b657-2bcd70c6f170,Bangkok Chicken Rice Meal,Rice Meal
f77824af-a646-5e39-9010-1b77044cbf93,dca78e59-278e-5ffe-b657-2bcd70c6f170,Smoked Butter Chicken,Rice Meal
345fe45a-030c-5884-83e6-463c90e0a524,dca78e59-278e-5ffe-b657-2bcd70c6f170,Steak n Mushroom Adobo,Rice Meal
e56b91a1-6861-526b-ac03-29a35aae7753,dca78e59-278e-5ffe-b657-2bcd70c6f170,Gyro Chicken Over Rice,Rice Meal
140df6df-798b-5bea-916e-76533e2c04a6,dca78e59-278e-5ffe-b657-2bcd70c6f170,Signature Beef,Gourmet Burger
9a7d8329-63f8-5be7-9b5a-b2c3a0c6f53d,dca78e59-278e-5ffe-b657-2bcd70c6f170,Signature Chicken,Gourmet Burger
284c01c7-4c45-5f3f-9535-287c563c5274,dca78e59-278e-5ffe-b657-2bcd70c6f170,Mad Chicken Sandwich,Gourmet Burger
bf2eb184-bcba-5e3e-80ff-54ea83f4a50c,dca78e59-278e-5ffe-b657-2bcd70c6f170,Mushroom Melt,Gourmet Burger
81b40a37-f936-5fc2-a3e4-23a434d7722f,dca78e59-278e-5ffe-b657-2bcd70c6f170,Smokin Chic,Gourmet Burger
e4467964-46ad-5e4f-89b8-cf97447c4b16,dca78e59-278e-5ffe-b657-2bcd70c6f170,Madchef's Fav!,Gourmet Burger
4283f4d1-ea01-52c0-b13d-0f9c7cc3d610,dca78e59-278e-5ffe-b657-2bcd70c6f170,Shrimp Supreme,Gourmet Burger
1e1e8c8d-c163-58f1-b84b-0a1057634776,dca78e59-278e-5ffe-b657-2bcd70c6f170,Madame Lucy,Gourmet Burger
1babb99d-b6f8-5694-9fc6-971fcf3f105f,dca78e59-278e-5ffe-b657-2bcd70c6f170,The Dhakaiya,Gourmet Burger
45c7740a-5255-5950-8b5a-10680ca54912,dca78e59-278e-5ffe-b657-2bcd70c6f170,The Hawk,Gourmet Burger
e6633925-ac0c-525c-a8e7-7e91c8fd10a6,dca78e59-278e-5ffe-b657-2bcd70c6f170,Roast Chicken Poutine,Poutine
9948fa1c-2b2a-5e53-85a4-9943fdc33d92,dca78e59-278e-5ffe-b657-2bcd70c6f170,Gyro Chicken Over Cajun Fries,Poutine
458a53b7-82c4-51f4-81e7-b298d4050966,dca78e59-278e-5ffe-b657-2bcd70c6f170,Crispy Chicken & Bacon Poutine,Poutine
05ceb7e5-cbe0-5f1a-afb3-1a53ddae1840,dca78e59-278e-5ffe-b657-2bcd70c6f170,Shah Poutine,Poutine
34903655-7e4c-510c-a895-c65f059a1e96,dca78e59-278e-5ffe-b657-2bcd70c6f170,Onion Rings,Teasers
90a6ff15-99a3-557d-915b-92ec5230d2f4,dca78e59-278e-5ffe-b657-2bcd70c6f170,Chicken Cheese Bombs,Teasers
03bea471-b12a-5f96-b9e3-2504339012ce,dca78e59-278e-5ffe-b657-2bcd70c6f170,Spicy Garlic Mushroom,Teasers
27320e3b-5e2e-51ad-b4b2-b029b752b05d,dca78e59-278e-5ffe-b657-2bcd70c6f170,Paneer Sticks,Teasers
d3f71371-2004-5662-9b9a-f7ca791d26f2,dca78e59-278e-5ffe-b657-2bcd70c6f170,Chicken Wings,Crispy Chicken
bb71bdc6-927d-56f8-aef5-2b7c5f918a31,dca78e59-278e-5ffe-b657-2bcd70c6f170,Bangkok Style Crispy Chicken,Crispy Chicken
9c1ee793-6b03-5132-95ff-6122fb35d75b,dca78e59-278e-5ffe-b657-2bcd70c6f170,Salt & Pepper Fries,All Things Alu
24815c9e-2ac3-5588-881b-3d9978f21a5e,dca78e59-278e-5ffe-b657-2bcd70c6f170,OG Cheez Fries,All Things Alu
fc0e8681-37e5-57d4-a708-546d2467d49b,dca78e59-278e-5ffe-b657-2bcd70c6f170,Bomb Fries,All Things Alu
8ecd183f-ca68-5ed3-841e-94fbc8360b6a,dca78e59-278e-5ffe-b657-2bcd70c6f170,Spicy Cajun Fries,All Things Alu
96587ae8-90c7-582a-b621-e1e76f1d9f55,dca78e59-278e-5ffe-b657-2bcd70c6f170,Green Chili Chicken Wrap,Wrap
31365e9f-9d09-59dd-a7bf-af0c215caf9b,dca78e59-278e-5ffe-b657-2bcd70c6f170,Crispy Chicken Wrap,Wrap
46a9a98d-0b8f-5c6f-ab91-0dfa6bb58e12,dca78e59-278e-5ffe-b657-2bcd70c6f170,Velvet Mushroom Wrap,Wrap
a9ffbe37-a506-570c-86c9-d059e401f1cd,dca78e59-278e-5ffe-b657-2bcd70c6f170,Egg & Sausage Wrap,Wrap
4fb67f27-df6c-5704-8ef6-a97d58bb5df8,dca78e59-278e-5ffe-b657-2bcd70c6f170,Garlic Gyro Chicken Wrap,Wrap
c2848b51-e70c-5a2d-826c-d85932554cfd,dca78e59-278e-5ffe-b657-2bcd70c6f170,Lemon Iced Tea,Mocktail
1983d6b1-ff14-533f-884f-fb064c22b4c4,dca78e59-278e-5ffe-b657-2bcd70c6f170,Lime Refreshmint,Mocktail
1405adaa-bfa1-59a0-b39e-e53f0d90906f,dca78e59-278e-5ffe-b657-2bcd70c6f170,Passionfruit Caipirinha,Mocktail
d4e0708f-7c59-544f-b7e6-07871f189d10,dca78e59-278e-5ffe-b657-2bcd70c6f170,Mad Mojito,Mocktail
9fe3d430-14b3-510a-84ef-759349837dec,dca78e59-278e-5ffe-b657-2bcd70c6f170,Madhouse Special,Mocktail
628a9160-ad37-58ec-92f6-aa8a9a0d6ddc,dca78e59-278e-5ffe-b657-2bcd70c6f170,Cold Coffee,Shake
8e003860-c895-568b-85ba-1adf65c41cbc,dca78e59-278e-5ffe-b657-2bcd70c6f170,Choco Coffee Punch,Shake
40ac18e2-c0fd-5263-a66a-ed4f6f891b89,dca78e59-278e-5ffe-b657-2bcd70c6f170,Just Milo,Shake
2a37c696-1c9a-52fb-9c80-0a27d34a3eb6,dca78e59-278e-5ffe-b657-2bcd70c6f170,OG Oreo Shake,Shake
3092f10b-d3d6-5d04-8f1d-4f939de53bd6,dca78e59-278e-5ffe-b657-2bcd70c6f170,Chocolate Peanut Butter,Shake
4e4e776f-4185-59ae-9e5c-0b2d9b9e533c,dca78e59-278e-5ffe-b657-2bcd70c6f170,Nutella Madness,Shake
20eefdb7-91c5-5365-9ffa-9d32606ad693,c0891b58-a45b-5c80-82f5-40c483f3cf2a,Loitta Fry,Popular
6e299030-8225-57a1-9a05-c138a2c04a8f,c0891b58-a45b-5c80-82f5-40c483f3cf2a,Lemon Dory Delight,Popular
83c78e9b-7554-5b9c-bdd8-fb6bcde0110a,c0891b58-a45b-5c80-82f5-40c483f3cf2a,Chicken Mushroom Crepe,Popular
ab9dac03-a4c6-5b23-ab72-5feae9f3957d,c0891b58-a45b-5c80-82f5-40c483f3cf2a,Afghan kofta curry,BEEF Platter
271c7e10-85c1-54b7-b627-33cce999b8f9,c0891b58-a45b-5c80-82f5-40c483f3cf2a,Mezbani Festive Khichuri,BEEF Platter
8d78f33a-bc3b-5e3b-b014-1c7601a41863,c0891b58-a45b-5c80-82f5-40c483f3cf2a,Halda Heritage Beef Nola,BEEF Platter
9696c0c3-5f14-5b84-9991-0c3a3d91c408,c0891b58-a45b-5c80-82f5-40c483f3cf2a,Golden Sea Chowder,Soup And Salad
f571a9f4-578c-5b54-a965-8561acd63988,c0891b58-a45b-5c80-82f5-40c483f3cf2a,Zesty Beef Garden Salad,Soup And Salad
f8ff3da7-ec3a-567a-b43e-90e20e776459,c0891b58-a45b-5c80-82f5-40c483f3cf2a,Caesar Salad,Soup And Salad
da09da95-1562-5dfa-8d68-9cfca19e799d,c0891b58-a45b-5c80-82f5-40c483f3cf2a,Cajun Black Chicken Salad,Soup And Salad
f84c1165-25db-543b-8187-be8e5f3960c5,c0891b58-a45b-5c80-82f5-40c483f3cf2a,Meat Ball Soup,Soup And Salad
b2dfa735-8bf0-511b-add9-120991fdac07,c0891b58-a45b-5c80-82f5-40c483f3cf2a,Cream of Mushroom Soup,Soup And Salad
06fa93bc-0be6-556f-92ab-eb7b7f9cc788,c0891b58-a45b-5c80-82f5-40c483f3cf2a,Chicken Cashew Nut Salad,Soup And Salad
cc4af807-5530-5323-8422-20fdb088eae9,c0891b58-a45b-5c80-82f5-40c483f3cf2a,Halda Valley Special Thai Soup,Soup And Salad
f51a4378-37e6-5d62-87d1-c03b0beda7ad,c0891b58-a45b-5c80-82f5-40c483f3cf2a,Buffalo Wings,STARTER
88b7a064-1eec-5a86-8761-19c3b92a735c,3fb1f651-0927-5ef8-8496-f0b18ec6a1f1,Chingri Paturi,Popular
e71d9c34-f702-5484-af3e-1b5bb0ae5686,3fb1f651-0927-5ef8-8496-f0b18ec6a1f1,Chitol Kofta,Popular
5d05fb28-9129-5614-bb6a-6fc326a4e482,3fb1f651-0927-5ef8-8496-f0b18ec6a1f1,Deshi Chicken With Potato,Popular
cf127971-5310-55b1-ad79-d513891fae41,3fb1f651-0927-5ef8-8496-f0b18ec6a1f1,Palong Chingri,Popular
96f68e7f-3d2c-5d29-96a5-c41c2dda4fe3,3fb1f651-0927-5ef8-8496-f0b18ec6a1f1,Bhetki Fish Paturi,Popular
dfa0b2fc-8b7a-5762-983c-505acd12e126,3fb1f651-0927-5ef8-8496-f0b18ec6a1f1,Churi Shutki Bhuna,Popular
74928337-bbb5-5b8d-a991-624ebb26598b,3fb1f651-0927-5ef8-8496-f0b18ec6a1f1,Tomato Salad,Salad
af2d5157-4258-582b-9be7-da1154239a0a,3fb1f651-0927-5ef8-8496-f0b18ec6a1f1,Green Salad,Salad
e1f051b2-d7eb-5049-ab9f-417c4cb0c2ab,3fb1f651-0927-5ef8-8496-f0b18ec6a1f1,Plain Rice,Rice & Bread
b2bb48be-ca6f-5ae4-9884-abc7f52e17f4,3fb1f651-0927-5ef8-8496-f0b18ec6a1f1,Plain Polao,Rice & Bread
b8a0a5ed-3c36-5663-86d7-87d6f2edcc17,3fb1f651-0927-5ef8-8496-f0b18ec6a1f1,Bhuna Khichuri,Rice & Bread
1ecc4d70-8728-5895-b769-fc4f1daaa5fd,3fb1f651-0927-5ef8-8496-f0b18ec6a1f1,Beef Dhala Khichuri,Rice & Bread
5f43a132-9864-5b72-8b7a-3d55f7a4eef7,3fb1f651-0927-5ef8-8496-f0b18ec6a1f1,Mutton Dhala Khichuri,Rice & Bread
f6e9aacf-84f8-54a5-aeb4-f6ffbb4b0ea8,3fb1f651-0927-5ef8-8496-f0b18ec6a1f1,Lal Atar Ruti,Rice & Bread
d56258d1-b934-5d5a-a37c-5997a0c10663,3fb1f651-0927-5ef8-8496-f0b18ec6a1f1,Luchi,Rice & Bread
4afd4347-876a-5d64-aeac-b2c2462de6e8,3fb1f651-0927-5ef8-8496-f0b18ec6a1f1,Mutton Booter Daal,Daal
d2300d52-9578-5b4a-b1f7-7660c2c9a63a,3fb1f651-0927-5ef8-8496-f0b18ec6a1f1,Mutton Kosha,Mutton
9760b280-a95a-5a1c-b3e4-953d8c32b280,3fb1f651-0927-5ef8-8496-f0b18ec6a1f1,Beef Bhuna,Beef
e9466ede-ac51-5f67-bb4d-3d8533119c6c,3fb1f651-0927-5ef8-8496-f0b18ec6a1f1,Beef with Whole Spice,Beef
97b8b819-981c-5a68-aecf-38af0d95e02f,3fb1f651-0927-5ef8-8496-f0b18ec6a1f1,Beef with Jack Beans,Beef
95f4dff7-cfae-54e8-901f-e1e55acfb114,3fb1f651-0927-5ef8-8496-f0b18ec6a1f1,Beef with Spinach,Beef
fc41d13b-ec13-5b6a-a442-bc628fa52158,3fb1f651-0927-5ef8-8496-f0b18ec6a1f1,Beef with Whole Garlic,Beef
badc7e0b-a036-5c82-9441-c8cd2a167a99,3fb1f651-0927-5ef8-8496-f0b18ec6a1f1,Chicken With Potato,Chicken
e6e8e26d-2e74-569e-abcf-16985093c6b3,3fb1f651-0927-5ef8-8496-f0b18ec6a1f1,Chicken With Spinach,Chicken
3d2c73e5-722c-5d9c-a23d-e27e375a0380,1de4dec0-b4c6-52a9-9f67-0987e0525a87,Vegetable Singara,Most Popular
b798ee99-b837-5375-baae-884b22ac192b,1de4dec0-b4c6-52a9-9f67-0987e0525a87,Beef Tehari Combo,Combo
7ca16a63-2d7e-571f-a4d5-611bb7b2ec7d,1de4dec0-b4c6-52a9-9f67-0987e0525a87,Chandpurer Ilish Khichuri Combo,Combo
3fb88151-bef8-5bc8-a1ca-fba341536d5a,1de4dec0-b4c6-52a9-9f67-0987e0525a87,Chatgaiya Khichuri Kala Bhuna Combo,Combo
5633cd65-7eb3-5d97-9568-e6818c1c0e44,1de4dec0-b4c6-52a9-9f67-0987e0525a87,Chatgaiya Mezbani Beef Combo,Combo
a5af2279-ec69-5ed6-9565-69d3da7986f2,1de4dec0-b4c6-52a9-9f67-0987e0525a87,Dhakaiya Mutton Rezala Combo,Combo
019295fa-65b2-53f3-a208-a927addcf380,1de4dec0-b4c6-52a9-9f67-0987e0525a87,Khulnar Mutton Chui Jhal Combo,Combo
52b97810-ff87-5982-a0bb-60edb6a9e72f,1de4dec0-b4c6-52a9-9f67-0987e0525a87,Morog Polao Combo,Combo
acc9a875-21d0-51f6-a791-6a1d58c7a9b6,1de4dec0-b4c6-52a9-9f67-0987e0525a87,Noakhalir Hash Bhuna Khichuri Combo,Combo
f6eae415-88a3-5990-81b6-ee07620346e3,1de4dec0-b4c6-52a9-9f67-0987e0525a87,Pabnar Narikel Has Kalia Combo,Combo
e8111692-7490-55f9-88fc-5b9872e9c798,1de4dec0-b4c6-52a9-9f67-0987e0525a87,Rajshahir Rui Kichuri Combo,Combo
3c1332ee-79a6-5801-bb48-3375a818e9e9,1de4dec0-b4c6-52a9-9f67-0987e0525a87,Sylheti Satkora Beef Combo,Combo
e4c6511f-96cb-5339-83da-f351f07282e2,1de4dec0-b4c6-52a9-9f67-0987e0525a87,Chicken Samocha With Chutney,Snacks
48f860dd-ea73-5862-b7ff-ac7aa17287e2,1de4dec0-b4c6-52a9-9f67-0987e0525a87,Dal Kachori,Snacks
a07fdc9d-5ae5-5a8b-a874-c2bc5008c716,1de4dec0-b4c6-52a9-9f67-0987e0525a87,Beef Kala Bhuna,Add-On (Rice & Curry)
3421df16-dd34-528f-9237-c899ac5ea90e,1de4dec0-b4c6-52a9-9f67-0987e0525a87,Beef Satkora,Add-On (Rice & Curry)
4346aea2-cdcd-5d3f-9f5f-99d29934dd79,1de4dec0-b4c6-52a9-9f67-0987e0525a87,Chicken Roast,Add-On (Rice & Curry)
3d6a9c85-86b7-50a4-ae91-97f5f2f9932e,1de4dec0-b4c6-52a9-9f67-0987e0525a87,Mezbani Beef,Add-On (Rice & Curry)
1b1811b2-b159-5188-b1fa-3a943b5bb995,1de4dec0-b4c6-52a9-9f67-0987e0525a87,Plain Polao,Add-On (Rice & Curry)
fce6936b-6160-5bd4-8422-2be1ec4aa702,ea2282f0-7ec8-565a-8943-80b7d109f39c,Tuna Onion Pizza,Pizza
274976b4-0512-572b-9ca1-71e535aec094,ea2282f0-7ec8-565a-8943-80b7d109f39c,Sea Food Pizza,Pizza
88399b72-1457-536e-b6fd-3b4a6b2f076e,ea2282f0-7ec8-565a-8943-80b7d109f39c,Marinara Pizza,Pizza
554bf9b4-b1bb-5034-927e-7d2aafa18f03,ea2282f0-7ec8-565a-8943-80b7d109f39c,Mushroom Sausage Pizza,Pizza
500b7c01-6bb5-523d-a737-71a5e5a1e7b3,ea2282f0-7ec8-565a-8943-80b7d109f39c,Napoletana Pizza,Pizza
a36ccdf4-457e-5217-86cd-7c1b49b4e37e,ea2282f0-7ec8-565a-8943-80b7d109f39c,Beef Bolognese Pizza,Pizza
25a89e80-25ae-5d25-9d29-1c002e068c37,ea2282f0-7ec8-565a-8943-80b7d109f39c,Capricciosa Pizza,Pizza
b3cdd5ec-0fde-54ff-bfd0-8dd3dd1ec9bb,ea2282f0-7ec8-565a-8943-80b7d109f39c,Norma Pizza,Pizza
190e8a86-beca-54c6-92a3-31708d2b72be,ea2282f0-7ec8-565a-8943-80b7d109f39c,Plane Focaccia Pizza,Pizza
c890e53b-e7da-5502-ace8-a848362aa8b8,ea2282f0-7ec8-565a-8943-80b7d109f39c,Spinach and Shrimp Pizza,Pizza
ffb35ca1-cffd-5766-84df-82bac11f148e,ea2282f0-7ec8-565a-8943-80b7d109f39c,Pesto Chicken Pizza,Pizza
c2b2e21e-646a-56c6-b50a-4cc124c5f182,ea2282f0-7ec8-565a-8943-80b7d109f39c,Funghi Pizza,Pizza
0019f785-3e73-5551-aa07-96512d35bfe0,ea2282f0-7ec8-565a-8943-80b7d109f39c,Margherita,Pizza
f7198efb-522e-51d9-abbd-80b06d16f0bb,ea2282f0-7ec8-565a-8943-80b7d109f39c,Chicken Tikka Masala Pizza,Pizza
709c1094-5f77-5482-aa0f-f596ded7d410,ea2282f0-7ec8-565a-8943-80b7d109f39c,BBQ Chicken Pizza,Pizza
7cf09e7a-2de8-5eff-be65-9bebccd4f247,ea2282f0-7ec8-565a-8943-80b7d109f39c,Chili Chicken Pizza,Pizza
727f4975-1b3d-5d1b-b62b-38eaff0967a4,ea2282f0-7ec8-565a-8943-80b7d109f39c,Fresh Potato Pizza,Pizza
832488c6-a79b-5dd3-b74a-3ec50751e860,ea2282f0-7ec8-565a-8943-80b7d109f39c,Spinach and Ricotta Ravioli,Ravioli
6c2fabcf-6ae4-5013-be75-c0b1d6554cf9,ea2282f0-7ec8-565a-8943-80b7d109f39c,Fettuccine,Homemade Pasta
1e8ac4fc-2da6-570d-8c46-1a4a3a90a8ea,ea2282f0-7ec8-565a-8943-80b7d109f39c,Spaghetti,Homemade Pasta
190139d8-c2f5-512e-a028-a85ec3cdfe00,ea2282f0-7ec8-565a-8943-80b7d109f39c,Gnocchi,Homemade Pasta
9c8af53b-06b5-5ee4-b778-f5e60b9ff407,ea2282f0-7ec8-565a-8943-80b7d109f39c,Cavatelli,Homemade Pasta
c9bb506d-0a7c-5895-9aff-c6f16c33b75c,ea2282f0-7ec8-565a-8943-80b7d109f39c,Penne,Homemade Pasta
ed7e4c67-2d92-5ce9-9b58-45798c8ac9cb,ea2282f0-7ec8-565a-8943-80b7d109f39c,Beef Lasagna,Homemade Lasagna
e4de7f45-e05d-5775-9109-938a3d272d6e,ea2282f0-7ec8-565a-8943-80b7d109f39c,Eggplant Parmigiana,Homemade Lasagna
514ed4fe-ecf2-5da8-b665-567e83cdec9c,ea2282f0-7ec8-565a-8943-80b7d109f39c,Hunter Chicken,Homemade Lasagna
347ea7d0-9060-582a-9393-843a0b29914d,ea2282f0-7ec8-565a-8943-80b7d109f39c,Chicken Cutlet,Homemade Lasagna
e6095cba-0cb1-5c41-9d1f-047f0df693c3,89f0b956-dc37-5676-9e80-c18a5726d42c,Chicken Tikka,Kebab
c954aac9-95dc-5ca9-86d8-08a6287ec8ab,89f0b956-dc37-5676-9e80-c18a5726d42c,Beef Brain Masala,Gravy Kebab
ab67109d-8a8d-5831-b789-683d738f7358,89f0b956-dc37-5676-9e80-c18a5726d42c,Chicken Boti Kebab,Kebab
366fb3c7-b214-5cf7-8a7c-b9f814a0067c,89f0b956-dc37-5676-9e80-c18a5726d42c,Beef Seekh Kebab,Kebab
6856fa0b-5dc4-591b-914d-1632d175549c,89f0b956-dc37-5676-9e80-c18a5726d42c,Chicken Reshmi Kebab,Kebab
56d20823-6540-5b54-959d-48d5f5c8086b,89f0b956-dc37-5676-9e80-c18a5726d42c,Chicken Tandoori,Kebab
d73797b2-79ca-5a41-a99b-2dafd07aa06d,89f0b956-dc37-5676-9e80-c18a5726d42c,Plain Rice,Rice
208a97e5-7a52-5b28-ac5f-a3e1ac5af850,89f0b956-dc37-5676-9e80-c18a5726d42c,Chicken Jhal Fry,Curry
9a9ace42-89c3-52d8-a383-265f5b7943a0,89f0b956-dc37-5676-9e80-c18a5726d42c,Rui Fish Curry,Curry
e8377dc1-85f3-5cd6-b3c3-b6577d3da6dc,89f0b956-dc37-5676-9e80-c18a5726d42c,Chicken Hariyali Kebab,Kebab
d08c2bf4-bd6d-5e28-905d-fc2fe05a1069,89f0b956-dc37-5676-9e80-c18a5726d42c,Mutton Gurda Kebab,Kebab
b9ea3f60-ccc0-5ae9-a309-1af488d473dd,89f0b956-dc37-5676-9e80-c18a5726d42c,Paneer Tikka,Kebab
a826afa0-6d80-501e-9e44-0a076eeb2aa1,89f0b956-dc37-5676-9e80-c18a5726d42c,Chicken Roll,Kebab
b502ef30-e69e-59d4-8174-c6afed66f794,89f0b956-dc37-5676-9e80-c18a5726d42c,Mutton Boti Kebab,Kebab
221f2e89-20c0-5a5b-a117-1f9469042599,89f0b956-dc37-5676-9e80-c18a5726d42c,BBQ Tilapia Fish,Kebab
0f34067a-974d-536d-b3a9-8236a9c0aeff,89f0b956-dc37-5676-9e80-c18a5726d42c,Chicken Tawa Jhal Fry,Gravy Kebab
6f13ed69-baf6-5afe-9878-de1e9d40f01d,89f0b956-dc37-5676-9e80-c18a5726d42c,Beef Seekh Kebab Fry,Gravy Kebab
5455c9a1-b448-585f-beaf-368b5c15f4ff,89f0b956-dc37-5676-9e80-c18a5726d42c,Beef Jhuri Masala,Gravy Kebab
9f9bff81-3922-581b-a726-101eebc10133,89f0b956-dc37-5676-9e80-c18a5726d42c,Mutton Karai Gravy,Gravy Kebab
9a03c967-f1bd-5746-9506-067a336250bc,89f0b956-dc37-5676-9e80-c18a5726d42c,Mutton Brain Masala,Gravy Kebab
feb22da9-0732-5df7-864b-1a8994f13e60,89f0b956-dc37-5676-9e80-c18a5726d42c,Khata Khat Gravy,Gravy Kebab
622eab54-abf3-570f-87a6-378a38b2fc17,89f0b956-dc37-5676-9e80-c18a5726d42c,Paneer Butter Masala,Gravy Kebab
e61f9ddf-071e-512e-8305-644660ed240e,89f0b956-dc37-5676-9e80-c18a5726d42c,Vegetable Do Piaza,Gravy Kebab
8b0c7f24-e612-5abb-a4c0-5d21578f991d,89f0b956-dc37-5676-9e80-c18a5726d42c,BBQ Chicken Masala,Gravy Kebab
15af76fa-2e05-59be-8402-6c3ea170dd5a,89f0b956-dc37-5676-9e80-c18a5726d42c,Mutton Boti Masala,Gravy Kebab
2b39da88-84a2-525a-9d73-dcdaa2a4ca5b,89f0b956-dc37-5676-9e80-c18a5726d42c,Mutton Gurda Jhal Fry,Gravy Kebab
41234adc-1ce8-5e4a-b757-6d4ff737c4da,89f0b956-dc37-5676-9e80-c18a5726d42c,Plain Naan,Roti & Paratha
19d8622b-9750-5e76-beb4-7612cd197142,89f0b956-dc37-5676-9e80-c18a5726d42c,Butter Naan,Roti & Paratha
fe3951de-c78a-5174-aaf4-fcc492ab34d6,89f0b956-dc37-5676-9e80-c18a5726d42c,Garlic Naan,Roti & Paratha
9aa1b600-376a-5478-a5db-af402a9bec8f,89f0b956-dc37-5676-9e80-c18a5726d42c,Peshwari Paratha,Roti & Paratha
ec9650cd-3b02-5bf2-859a-53619e2375e6,89f0b956-dc37-5676-9e80-c18a5726d42c,Tana Paratha,Roti & Paratha
172b70b3-3c79-57c5-bb6a-44b9df97e306,89f0b956-dc37-5676-9e80-c18a5726d42c,Aaheli Special Paratha,Roti & Paratha
817beb04-3de3-5ca5-abd9-aface0e4922c,89f0b956-dc37-5676-9e80-c18a5726d42c,Fried Wonton (8 Pcs),Appetizer
760adca4-73e6-55aa-89d0-529206f7c464,89f0b956-dc37-5676-9e80-c18a5726d42c,Special Chicken Wonton (8 Pcs),Appetizer
714afaa6-a6da-5a48-9f5f-79959014b953,89f0b956-dc37-5676-9e80-c18a5726d42c,Raita Salad,Salad (Indian)
df37e040-9aeb-5ba9-9941-6b86a00b8817,89f0b956-dc37-5676-9e80-c18a5726d42c,Aaheli Special Soup,Soup
14e53777-4b4f-58cc-901e-ab9f0a56bd07,89f0b956-dc37-5676-9e80-c18a5726d42c,Chicken Corn Soup,Soup
dc1baa6b-55dd-57ff-8d92-51511418776d,89f0b956-dc37-5676-9e80-c18a5726d42c,Special Corn Soup,Soup
31a86e77-5238-55f1-81cc-791426893dab,89f0b956-dc37-5676-9e80-c18a5726d42c,Thai Soup (Chicken & Prawn),Soup
c6d95605-ac1e-5943-9895-d09fefa06db2,89f0b956-dc37-5676-9e80-c18a5726d42c,Aaheli Special Chowmein,Chowmein
335aadfe-bfcb-5f56-ac72-7e1adb958e0d,89f0b956-dc37-5676-9e80-c18a5726d42c,Chicken Chowmein,Chowmein
6ef2771e-9952-5f56-98cb-86f7a6c83991,89f0b956-dc37-5676-9e80-c18a5726d42c,Egg Chowmein,Chowmein
532bebcb-cf72-5ae5-83f0-d8a62bc6257c,89f0b956-dc37-5676-9e80-c18a5726d42c,Vegetable Chowmein,Chowmein
e38f8dce-b993-58c5-b7f8-70881edaead6,89f0b956-dc37-5676-9e80-c18a5726d42c,Chicken Chilli Onion,Chicken
22598fe5-70d4-5f29-9ab9-da22446b5b1c,89f0b956-dc37-5676-9e80-c18a5726d42c,Chicken Masala Curry,Chicken
efdd4059-06bb-581d-8d8f-c1f59efb1f62,89f0b956-dc37-5676-9e80-c18a5726d42c,Beef Chilli Onion,Beef
abd0c5da-3685-578a-b8e8-4f2395e25646,89f0b956-dc37-5676-9e80-c18a5726d42c,Sweet And Sour Prawn,Prawn
539be974-66fd-552d-a7dc-1fb55fa2a306,89f0b956-dc37-5676-9e80-c18a5726d42c,Chinese Vegetable,Vegetable (Chinese)
f386e5c7-8852-51df-967b-959094173333,89f0b956-dc37-5676-9e80-c18a5726d42c,Mixed Vegetable With Chicken,Vegetable (Chinese)
f737f363-61e1-5b0c-80c7-25732db0089e,89f0b956-dc37-5676-9e80-c18a5726d42c,Aaheli Special Fried Rice,Rice
aaf35c9e-d443-5b19-89c2-f0e9cb367724,89f0b956-dc37-5676-9e80-c18a5726d42c,Chicken Fried Rice,Rice
10b04a86-004e-5b56-be10-da2079f038d8,89f0b956-dc37-5676-9e80-c18a5726d42c,Egg Fried Rice,Rice
471f9570-5890-587b-9ad3-e4ce47241038,89f0b956-dc37-5676-9e80-c18a5726d42c,Steamed Rice,Rice
a2534d32-68d5-52e7-b8e5-e75d7d5b51f3,89f0b956-dc37-5676-9e80-c18a5726d42c,Vegetable Fried Rice,Rice
83f71493-f8e2-5710-a80d-654d487a8571,89f0b956-dc37-5676-9e80-c18a5726d42c,Beef Boti Kabab,Kebab
c808fee2-1817-5b32-b8e0-701ac4ded057,20dadfad-8db6-5341-9bfa-26765145793d,Dhaba Special appetizer,Continental
72a5d4dc-4ca9-553f-a3ec-c58be21c8c7b,20dadfad-8db6-5341-9bfa-26765145793d,Dhaba Special Salad,Salad
f8c2b91b-1623-5417-bb61-eb2498abfb0b,20dadfad-8db6-5341-9bfa-26765145793d,Prawn Salad,Salad
54a3646c-1cc6-5f64-806d-1abd84d3796a,20dadfad-8db6-5341-9bfa-26765145793d,Chicken Cashewnut Salad,Salad
3282faf9-cdb0-5b6a-bafe-6c8ed54947ff,20dadfad-8db6-5341-9bfa-26765145793d,Arabian Salad,Salad
1acd3687-e36b-5151-9631-38295b0654e8,20dadfad-8db6-5341-9bfa-26765145793d,Beef Cashewnut Salad,Salad
64577655-2bc1-5bb0-b02d-65d19c17cb2a,20dadfad-8db6-5341-9bfa-26765145793d,Grill Chicken Salad,Salad
e0195ef7-ef73-5cba-aa29-3c4e1380e63d,20dadfad-8db6-5341-9bfa-26765145793d,Chicken Sizzlers,Continental
1c26d7c0-5357-5c30-b1c1-bb16daab95e1,20dadfad-8db6-5341-9bfa-26765145793d,Beef Sizzlers,Continental
26d66a98-d918-5a4e-ad8b-cf1a474b7e0a,20dadfad-8db6-5341-9bfa-26765145793d,Vegetable Sizzlers,Vegetarian
87aadc4f-19e0-5501-b189-336b43a0678d,20dadfad-8db6-5341-9bfa-26765145793d,Prawn Sizzlers,Continental
f2bfe648-d6b5-5a6d-b3d5-f6a344fbb97d,20dadfad-8db6-5341-9bfa-26765145793d,Set 1,Set Menu
8249eec5-7d77-53ae-bbf8-8147a1d79786,20dadfad-8db6-5341-9bfa-26765145793d,Set 2,Set Menu
57e5520a-957d-544b-91e3-888727d3d6a6,20dadfad-8db6-5341-9bfa-26765145793d,Dhaba Special Dosa,Indian
1e5288ec-7902-5c71-8bf7-92fc317aab10,20dadfad-8db6-5341-9bfa-26765145793d,Masala Dosa,Indian
f9d070b3-f2de-5c73-b4c1-35b5c22d2b0b,20dadfad-8db6-5341-9bfa-26765145793d,Paneer Masroom Masala Dosa,Indian
a31b3426-ed93-5997-bec3-0a6f612a03e6,20dadfad-8db6-5341-9bfa-26765145793d,Vegetable Masala Dosa,Indian
37c2623d-7c3e-5960-ac2f-d171bb7aae4f,20dadfad-8db6-5341-9bfa-26765145793d,Chicken Masala Dosa,Indian
60cee968-e4e0-591c-beb4-7b565b51c48c,20dadfad-8db6-5341-9bfa-26765145793d,French Fries,Fast Food
ea251304-e3da-552e-bfbb-6ff9b2f30b20,20dadfad-8db6-5341-9bfa-26765145793d,Fried calamari,Fast Food
c28c9812-6326-5577-ada0-d5aa44493cb8,20dadfad-8db6-5341-9bfa-26765145793d,Fish Finger,Fast Food
38e35f28-c525-5ab4-a475-3757b7aa43dd,20dadfad-8db6-5341-9bfa-26765145793d,Prawn Ball,Fast Food
a6118ead-0b30-5185-8d72-421cbc753601,20dadfad-8db6-5341-9bfa-26765145793d,Chicken Cutlet (Per pcs),Fast Food
364514e0-aff3-59e8-ad37-ae2a12b53051,20dadfad-8db6-5341-9bfa-26765145793d,Butter Fried Prawn,Fast Food
e7a256dc-dd67-55ec-9c83-94523d1f404a,20dadfad-8db6-5341-9bfa-26765145793d,Paneer Pukara,Vegetarian
cf809151-f1fd-5b93-b3a6-9289d4a662d5,20dadfad-8db6-5341-9bfa-26765145793d,Special Fried Wonton,Chinese
5f54c484-0372-5b06-afc0-52d8f1c34fec,20dadfad-8db6-5341-9bfa-26765145793d,Chicken Ball,Chinese
8d2b2a14-279f-52c4-ac48-5ff052ebccce,20dadfad-8db6-5341-9bfa-26765145793d,Chicken Pakura,Indian
8aa24e6c-99d4-5d08-96f1-53c750cb8528,20dadfad-8db6-5341-9bfa-26765145793d,Chinese Wonton,Chinese
1b5b14e4-6c3c-5974-9c82-902fbb5b47fe,6a495c7c-13fd-5453-8da3-bb24cb731d75,Chicken Steak,A La Tarte
094fcd6d-6475-5b9b-8e90-e3f3b565a805,6a495c7c-13fd-5453-8da3-bb24cb731d75,Lemon Chicken,A La Tarte
b3aed262-b52d-551b-8934-a705e8e48498,6a495c7c-13fd-5453-8da3-bb24cb731d75,Beef Sirloin Steak Bento,A La Tarte
51c53e44-c386-5e90-bfa9-58fcf6297147,6a495c7c-13fd-5453-8da3-bb24cb731d75,Seafood Platter,A La Tarte
b01625b6-75c6-52fb-8f00-a41d6d7c0225,6a495c7c-13fd-5453-8da3-bb24cb731d75,Single's Platter,A La Tarte
989db463-a835-57a6-96d3-2ed879eaefaf,6a495c7c-13fd-5453-8da3-bb24cb731d75,BBQ Buffalo,A La Tarte
d6049505-d790-5235-bb7b-beb46bda2a70,6a495c7c-13fd-5453-8da3-bb24cb731d75,Mushroom,A La Tarte
c7b793ad-7b2d-5603-88ea-fc0a52b94bb3,6a495c7c-13fd-5453-8da3-bb24cb731d75,Orange Juice,Juice
077ad3c3-b8e3-545b-80c8-5a445d1fd385,6a495c7c-13fd-5453-8da3-bb24cb731d75,Mango Juice,Juice
092ba71e-a2d1-5700-867f-59fc6fcc7155,6a495c7c-13fd-5453-8da3-bb24cb731d75,Thai Papaya Juice,Juice
0ff73b56-16d6-582f-acde-163df603e098,6a495c7c-13fd-5453-8da3-bb24cb731d75,Coconut Juice,Special Juice
7fccd820-2c64-5da7-b7e1-251653c5714d,6a495c7c-13fd-5453-8da3-bb24cb731d75,Tropical Juice,Special Juice
960e2956-b91e-5a5e-8c72-df38de892776,f27b7d58-fc5f-5979-85c2-7a8b8f345ad2,Baby Back Ribs Half Slab,Most Popular
32207ee7-5582-5a3e-aa06-817de8397f0d,f27b7d58-fc5f-5979-85c2-7a8b8f345ad2,Cheese Buldak,Most Popular
b40fd3ee-dbc3-52c0-9aa8-9acb495c493e,f27b7d58-fc5f-5979-85c2-7a8b8f345ad2,Fiery Giblets,Most Popular
5961d488-61af-5125-9321-c8da0338bcd7,f27b7d58-fc5f-5979-85c2-7a8b8f345ad2,Frank Bites,Most Popular
a564e94d-e526-5c2c-a9e0-03c7d36dd2e2,f27b7d58-fc5f-5979-85c2-7a8b8f345ad2,Rib Steak,Most Popular
f4c9a0b7-1b85-515a-a3e1-e039e39b145a,f27b7d58-fc5f-5979-85c2-7a8b8f345ad2,Beef Cheese Gratinate,Finger Foods
37564e7b-573c-5237-ac4c-e1a1d20e583e,f27b7d58-fc5f-5979-85c2-7a8b8f345ad2,Beoseot Ganjeong,Finger Foods
6d27444c-25c4-5a3f-bec8-0f4b53fe734b,f27b7d58-fc5f-5979-85c2-7a8b8f345ad2,Fiery Sausage,Finger Foods
d8ed8c16-7a76-5161-a3a7-d5cabad96d3a,f27b7d58-fc5f-5979-85c2-7a8b8f345ad2,Frite Fries,Finger Foods
3a9a5530-109d-580e-9571-f036c6c1287a,f27b7d58-fc5f-5979-85c2-7a8b8f345ad2,Mozarrella Herb Sticks,Finger Foods
7c17054e-3f89-5d1d-bc40-f93ecbeae553,f27b7d58-fc5f-5979-85c2-7a8b8f345ad2,Baby Back Ribs Full Slab,Prime Cuts
debca066-4f23-55ac-b2ea-7d60e9921c35,f27b7d58-fc5f-5979-85c2-7a8b8f345ad2,Carne Asada,Prime Cuts
0c56555b-e415-5564-a581-5ad1e7e79db9,f27b7d58-fc5f-5979-85c2-7a8b8f345ad2,New York Butterfly Steak,Prime Cuts
70f23b44-9694-54fa-8aae-11d7d6830d3d,f27b7d58-fc5f-5979-85c2-7a8b8f345ad2,Picanha,Prime Cuts
18056a60-a465-56f6-97fb-e1e84272545c,f27b7d58-fc5f-5979-85c2-7a8b8f345ad2,Rib Steak,Prime Cuts
a4b3a308-5f0f-510c-b930-40f11e9a9cff,f27b7d58-fc5f-5979-85c2-7a8b8f345ad2,Cheese Buldak,Fowl
f4a567b2-03bb-58d7-bcc8-448ecdcfb3d1,f27b7d58-fc5f-5979-85c2-7a8b8f345ad2,Dakbonggui,Fowl
633266c7-f289-5def-b3c9-d9c502a7a862,f27b7d58-fc5f-5979-85c2-7a8b8f345ad2,Cattle Battle (For 3 Person),Platter
76ea3cf5-984e-5e43-ab5f-17fe215e658e,f27b7d58-fc5f-5979-85c2-7a8b8f345ad2,Meat Massacre (For 3 Person),Platter
3620c540-9987-5130-a160-3f5255f86ddb,f27b7d58-fc5f-5979-85c2-7a8b8f345ad2,Parrillada Platter (For 3 Person),Platter
9238dfb4-28ab-5430-9b40-62b4d2f53759,9ea9b6c6-60a5-5730-8143-768c861bdb13,Fish Finger,Starters
31d43d5c-75d2-5aec-b7e6-f9930a8987cf,9ea9b6c6-60a5-5730-8143-768c861bdb13,Garlic Mushroom,Starters
4a17dd32-7ecd-570a-a2da-3ad97113dfe6,9ea9b6c6-60a5-5730-8143-768c861bdb13,Wonton in Chili Oil,Starters
f8685ed2-6c27-569c-89fd-2aeaa69ad6b3,9ea9b6c6-60a5-5730-8143-768c861bdb13,Prawn Tempura,Starters
4e8303ae-3bd0-52a9-869a-6d9ad0b820ef,9ea9b6c6-60a5-5730-8143-768c861bdb13,Fish & Chips,Starters
7f154d78-52d8-5ba9-9797-d8e987da409c,9ea9b6c6-60a5-5730-8143-768c861bdb13,Fried Calamari,Starters
cbf64f54-0282-524a-8f34-47ea5951a064,9ea9b6c6-60a5-5730-8143-768c861bdb13,Thai Tomyum Soup,Soup & Salad
2d0fef4c-e7c5-522d-add8-eb902d92ec7f,9ea9b6c6-60a5-5730-8143-768c861bdb13,Seafood Clear Soup,Soup & Salad
da9f746b-077c-531b-8663-6da1e50396b3,9ea9b6c6-60a5-5730-8143-768c861bdb13,Cream of Mushroom,Soup & Salad
6550a9f1-6c59-5413-a7a6-ea841b340ed6,9ea9b6c6-60a5-5730-8143-768c861bdb13,Tom Kha Chicken,Soup & Salad
18626b0e-2ca0-5fb0-ac15-74be97771411,9ea9b6c6-60a5-5730-8143-768c861bdb13,Chicken Cashewnut Salad,Soup & Salad
fb88d0d0-b080-5f39-bbbc-785095924c8e,9ea9b6c6-60a5-5730-8143-768c861bdb13,Grilled Vegetable,Soup & Salad
c41e5b88-9b6e-5844-8e38-679993e6d634,9ea9b6c6-60a5-5730-8143-768c861bdb13,Thai Seafood Salad,Soup & Salad
33e0b091-d37d-596e-9906-c2d7a225e144,9ea9b6c6-60a5-5730-8143-768c861bdb13,Tandoori Chicken Spaghetti,Pasta & Noodles
12d0c6ed-00e2-5010-a57b-ebcb4a731bf3,9ea9b6c6-60a5-5730-8143-768c861bdb13,Alfredo Fettuccine,Pasta & Noodles
85828b2f-30a9-56a9-9c1b-9349046590de,9ea9b6c6-60a5-5730-8143-768c861bdb13,Pad Thai Noodles,Pasta & Noodles
652f0082-61a5-51f3-b54f-fd57aca85aa5,9ea9b6c6-60a5-5730-8143-768c861bdb13,Khai Soi Chicken,Pasta & Noodles
e996d3f0-5ff8-56b6-9009-beba22aee39e,9ea9b6c6-60a5-5730-8143-768c861bdb13,Cielo Signature Noodles,Pasta & Noodles
0c5f308e-ed61-533b-9680-ea669cb1fe92,9ea9b6c6-60a5-5730-8143-768c861bdb13,Bangkok Fried Chicken,Chicken
1556f0e8-4d5d-59af-bc60-40872bcdec70,9ea9b6c6-60a5-5730-8143-768c861bdb13,Ginger Chicken Feast,Chicken
70108c43-a202-50cc-bff1-3d4033871d1e,9ea9b6c6-60a5-5730-8143-768c861bdb13,Cielo Special Penang Curry,Chicken
34bd0c29-6040-587d-b5c8-24e52de7deea,9ea9b6c6-60a5-5730-8143-768c861bdb13,Basil Chicken Curry,Chicken
e553f4e2-05fb-546a-883c-4ea67e642de6,9ea9b6c6-60a5-5730-8143-768c861bdb13,Black Pepper Chicken,Chicken
c9277b0d-7117-5b45-8de7-fceb9ad35917,9ea9b6c6-60a5-5730-8143-768c861bdb13,Seafood Stir Fry,Seafood
a9855d96-b604-5592-a945-61f0408a7343,9ea9b6c6-60a5-5730-8143-768c861bdb13,Calamary in Tom Yum Paste,Seafood
6062296d-f140-5399-9d81-cce638f61fda,9ea9b6c6-60a5-5730-8143-768c861bdb13,Seafood Tom Yum Mashup,Seafood
b56283bf-b261-519c-956d-437de4f8d89f,9ea9b6c6-60a5-5730-8143-768c861bdb13,Grilled Koral,Seafood
ddf07ce2-5fb8-516d-b711-7bd4c7edcd92,9ea9b6c6-60a5-5730-8143-768c861bdb13,Prawn Garlic Stir Fry,Seafood
4c14bfc6-eafc-5904-9a5f-13159acb31ee,9ea9b6c6-60a5-5730-8143-768c861bdb13,Beef in Chili Paste,Beef
5225a711-854e-5a80-aaaa-56a0e92d16dd,9ea9b6c6-60a5-5730-8143-768c861bdb13,Beef Sizzling,Beef
d0b47258-cc42-5724-b3c5-c3b846c26622,9ea9b6c6-60a5-5730-8143-768c861bdb13,Cielo Signature Beef,Beef
073168ab-b910-55ca-84dd-a6bb79ccc48b,9ea9b6c6-60a5-5730-8143-768c861bdb13,Cielo Signature Seafood Rice,Rice
cb8b672e-f061-59d6-b0cf-cd5b1ffda76d,9ea9b6c6-60a5-5730-8143-768c861bdb13,Thai Egg Fried Rice,Rice
b782ee61-39ae-5f80-9b13-077dc6b25551,9ea9b6c6-60a5-5730-8143-768c861bdb13,Tom Yum Prawn Rice,Rice
9307e03f-ebe2-5f75-92cd-45abe139b4c7,9ea9b6c6-60a5-5730-8143-768c861bdb13,Thai Corn Rice,Rice
c6181722-e311-5025-9dc9-e8bec09e24ad,9ea9b6c6-60a5-5730-8143-768c861bdb13,Cielo Signature Seafood Platter,Set Meal
3e4f0cfb-5e6e-50e5-9a2e-5c040c08bbb2,9ea9b6c6-60a5-5730-8143-768c861bdb13,Penang Flame Platter,Set Meal
0c0b877b-65da-59b5-a681-812cf0c47bf6,9ea9b6c6-60a5-5730-8143-768c861bdb13,Butter Chicken,Set Meal
9b29a878-9188-50fc-9195-c4743d15437d,9ea9b6c6-60a5-5730-8143-768c861bdb13,Peri Peri Chicken,Set Meal
7abbf9a0-eb7a-55ab-a013-c2205ee4283e,9ea9b6c6-60a5-5730-8143-768c861bdb13,Dory Steak Platter,Set Meal
1df9ee08-20b8-59e9-bcdf-190a233f4122,9ea9b6c6-60a5-5730-8143-768c861bdb13,Seafood Rice Bowl,Set Meal
0e58dbb7-7d0e-5d47-8931-578f3e219fc0,9ea9b6c6-60a5-5730-8143-768c861bdb13,Chicken A La Kiev,Set Meal
f532c3cb-c7ec-544a-8ad5-5d1825c67b1d,3ef14e70-75c4-52ba-8742-26d05e4a4d60,Korean Chicken Steak,Popular
99fecfd1-ffc9-559f-892a-6ce9f4a996ea,3ef14e70-75c4-52ba-8742-26d05e4a4d60,Katsu & Fries,Popular
15736a6f-dd07-5731-aff6-cb3954c3a057,3ef14e70-75c4-52ba-8742-26d05e4a4d60,Jamaican Chicken,Popular
e8cd2a36-a390-5d1a-85c0-e051efd4606a,3ef14e70-75c4-52ba-8742-26d05e4a4d60,Calamari Pops,Popular
a33d2f9c-2e49-58eb-9c9c-9d731acdb2db,3ef14e70-75c4-52ba-8742-26d05e4a4d60,Cream of Mushroom,Popular
2314e607-13d5-5dfa-a7a0-fc33f8237ce3,3ef14e70-75c4-52ba-8742-26d05e4a4d60,Stuffed Chicken,Popular
662a01b5-9304-5667-a725-b25288714a05,3ef14e70-75c4-52ba-8742-26d05e4a4d60,Sea Food Soup,Soup
d51e1383-c281-5709-9bc2-4d0ceec9dc7f,3ef14e70-75c4-52ba-8742-26d05e4a4d60,Cream of Mushroom,Soup
423b21a6-e87e-5e88-9000-d89b5051c890,3ef14e70-75c4-52ba-8742-26d05e4a4d60,Cream of Chicken,Soup
87d64304-8a66-5d0d-a484-0698990d874e,3ef14e70-75c4-52ba-8742-26d05e4a4d60,Spicy Lemon Wings,Wings
d14b7ff9-532b-5258-8400-eec5e22ef638,3ef14e70-75c4-52ba-8742-26d05e4a4d60,Honey Glazed Wings,Wings
ab287cc5-3ed4-536d-bdd2-169b79522fcf,3ef14e70-75c4-52ba-8742-26d05e4a4d60,Creamy Wings,Wings
b825d765-5e0a-5f24-863e-232ba4688063,3ef14e70-75c4-52ba-8742-26d05e4a4d60,Buffalo Wings,Wings
90495f3d-607c-5e15-87f4-1a7e054ee61b,3ef14e70-75c4-52ba-8742-26d05e4a4d60,Maxican Wings,Wings
947c7103-9730-5dd7-9541-a2e5fb26d9e8,3ef14e70-75c4-52ba-8742-26d05e4a4d60,Katsu & Fries,Tid Bits
9a8a0656-d95c-5263-836c-2badbe4be138,3ef14e70-75c4-52ba-8742-26d05e4a4d60,Calamari Pops,Tid Bits
beccb3ac-e68e-5ab3-a446-5edbb8c8f6df,3ef14e70-75c4-52ba-8742-26d05e4a4d60,Golden Prawn,Tid Bits
8fc07a09-be36-5998-9ff4-fc0dd6e36361,3ef14e70-75c4-52ba-8742-26d05e4a4d60,Garlic Mushroom,Tid Bits
0d37cc06-8f60-5619-9c0b-19ff1f5c13d2,3ef14e70-75c4-52ba-8742-26d05e4a4d60,Prawn Wrap,Tid Bits
dd3c6a91-e5ea-57d6-8be5-f60dce0e1622,3ef14e70-75c4-52ba-8742-26d05e4a4d60,Fries & Dips,Tid Bits
27924711-8c82-569d-8817-4edfd57894bc,3ef14e70-75c4-52ba-8742-26d05e4a4d60,Chicken Cheese Lolipop,Tid Bits
79fb9669-ebe1-5858-b3eb-fa2ad510444b,3ef14e70-75c4-52ba-8742-26d05e4a4d60,Crab Spaghetti,Spaghetti
a18069de-b0cb-5f56-88ab-22057f194296,3ef14e70-75c4-52ba-8742-26d05e4a4d60,Calamari Spaghetti,Spaghetti
d31b9e7f-2936-5f91-8a1c-f7cd814540cb,3ef14e70-75c4-52ba-8742-26d05e4a4d60,Spaghetti Bolognese,Spaghetti
ffa3df95-66d9-51ae-a52b-c7f01d9a95cf,3ef14e70-75c4-52ba-8742-26d05e4a4d60,Chicken Ball Spaghetti,Spaghetti
659dc54a-ba66-565d-a958-ad3a1cb53ba3,3ef14e70-75c4-52ba-8742-26d05e4a4d60,Prawn Spaghetti,Spaghetti
7dcdc826-4d3e-5e1e-bc66-8244baef6dbe,9919aaea-a0c4-530d-97bf-7f4978cfe321,Chicken Green Curry,Popular
bc980dd5-a989-53d2-bc21-28e15e441e12,9919aaea-a0c4-530d-97bf-7f4978cfe321,Chicken Namtak,Popular
deea7cbd-c06a-511c-877f-f8b308645483,9919aaea-a0c4-530d-97bf-7f4978cfe321,Fried Chicken,Popular
767befa0-e242-549e-9448-e05d8774418e,9919aaea-a0c4-530d-97bf-7f4978cfe321,Prawn Toast,Popular
50062e97-419f-5ba7-a73a-836b9ce45232,9919aaea-a0c4-530d-97bf-7f4978cfe321,Mixed Rice,Popular
a04f3052-8227-59b2-afd2-302e3604d396,9919aaea-a0c4-530d-97bf-7f4978cfe321,Fish Cake,Popular
411b3e88-501b-580e-a527-31c29f13eac4,9919aaea-a0c4-530d-97bf-7f4978cfe321,Chicken Satay,Appetizer
8a93cb57-e6ba-5645-ad4c-67a40b5e4894,9919aaea-a0c4-530d-97bf-7f4978cfe321,Beef Satay,Appetizer
332aa55c-dc28-5075-b38b-5a726fd39440,9919aaea-a0c4-530d-97bf-7f4978cfe321,Shrimp Satay,Appetizer
29ed9548-cb33-58ad-a378-82db027b2864,9919aaea-a0c4-530d-97bf-7f4978cfe321,Shrimp Cake,Appetizer
6b90ad35-da72-5950-90e3-efe84cd41139,9919aaea-a0c4-530d-97bf-7f4978cfe321,Shrimp Spring Roll,Appetizer
5dc353c2-f4eb-5846-b37e-111ed6eb608c,9919aaea-a0c4-530d-97bf-7f4978cfe321,Boho Meat Ball,Appetizer
60a86a79-cec5-51a8-83f6-209d59928eef,9919aaea-a0c4-530d-97bf-7f4978cfe321,Sun-Dried Beef,Appetizer
79f07411-a9ea-543f-8e12-bcde06fe3b30,9919aaea-a0c4-530d-97bf-7f4978cfe321,Crispy Morning Glory,Appetizer
01632219-6452-502f-9792-e582ad7d2aa0,9919aaea-a0c4-530d-97bf-7f4978cfe321,Prawn Toast,Appetizer
3faf21ea-cf37-52b7-b108-ba364f68c269,9919aaea-a0c4-530d-97bf-7f4978cfe321,Chicken Pandan Leaf,Appetizer
c3f98741-dce6-5130-b092-e8d7a774272f,9919aaea-a0c4-530d-97bf-7f4978cfe321,Chicken Wings,Appetizer
5b160f0b-4020-5800-9775-8b202d6f1157,9919aaea-a0c4-530d-97bf-7f4978cfe321,Crispy Beef,Appetizer
7d993f12-055b-5a59-97b8-6f2997969e55,9919aaea-a0c4-530d-97bf-7f4978cfe321,Tom Yum Prawn,Soup
1f84d095-b71e-5044-8962-e062c0ec3e57,9919aaea-a0c4-530d-97bf-7f4978cfe321,Chicken Coconut Soup,Soup
3a91fac1-5dd9-5423-ab8d-21f887cb67a3,9919aaea-a0c4-530d-97bf-7f4978cfe321,Seafood Coconut Soup,Soup
5c0b7c17-3c64-5d44-b7f9-7695ac13bf96,9919aaea-a0c4-530d-97bf-7f4978cfe321,Clear Seafood Soup,Soup
78aa97c0-bc7e-531e-80a6-578146b6940b,9919aaea-a0c4-530d-97bf-7f4978cfe321,Beef Boat Noodle Soup,Soup
993d693a-7001-5d97-90f0-808730c28647,1d3c4a62-551f-5a53-832b-500155d343e9,Salvador Steak (200gm),Most Popular
6f73e928-2821-5215-876f-7e98e1f553a0,1d3c4a62-551f-5a53-832b-500155d343e9,Jamaican Chicken,Most Popular
77f34785-06af-52e8-a2dd-b19ed29d6c95,1d3c4a62-551f-5a53-832b-500155d343e9,Astoria Hunter,Most Popular
c2a02c57-f01f-5ec2-b663-e69ec341e5ed,1d3c4a62-551f-5a53-832b-500155d343e9,Dumbo Chaser,Most Popular
efb8ba75-7b7d-5ee4-b080-c11064726545,1d3c4a62-551f-5a53-832b-500155d343e9,Buffalo Wings,Starter
1fb4913d-6ad3-500b-9bd1-a3724d6dabaa,1d3c4a62-551f-5a53-832b-500155d343e9,Charlotte Cheese Cubes,Starter
7d51ce66-f3f6-5541-8d0b-2b42cb828131,1d3c4a62-551f-5a53-832b-500155d343e9,Colorado Cheese Drizzle,Starter
650f29e5-2a79-54b7-a0a3-1e4e5ef14be6,1d3c4a62-551f-5a53-832b-500155d343e9,Como Mushroom,Starter
fcca07f2-770a-59b3-a3f6-3b396df4dea9,1d3c4a62-551f-5a53-832b-500155d343e9,Frisco Savory Wings,Starter
b9c116ce-0502-5190-9c61-5ed2cbaac9d3,1d3c4a62-551f-5a53-832b-500155d343e9,Galveston Fries,Starter
21aa07aa-86a7-555d-8348-23533c972730,1d3c4a62-551f-5a53-832b-500155d343e9,Mozzarella Sticks,Starter
ddb62036-704e-5dc0-b6f7-18c7f4d8e7ae,1d3c4a62-551f-5a53-832b-500155d343e9,Poutine,Starter
a3f4f590-85e6-57c1-865a-b376ea34b9ff,1d3c4a62-551f-5a53-832b-500155d343e9,Cheese Soup With Bacon,Soup
aa80dacd-acd7-5d27-b19e-9bca1521187a,1d3c4a62-551f-5a53-832b-500155d343e9,Cream Of Mushroom,Soup
03ca2c2e-05c0-5a27-a569-badb83944f33,1d3c4a62-551f-5a53-832b-500155d343e9,Ribs Onion Soup,Soup
8f2fc847-8421-52ad-b4f7-3ad9ea18004a,1d3c4a62-551f-5a53-832b-500155d343e9,Hungry Ranch,Arrowhead Grill Special
6cd69ef5-d1e3-5137-9ceb-1f4e57c8d191,1d3c4a62-551f-5a53-832b-500155d343e9,Ultra Ranch 1,Arrowhead Grill Special
7a6c066a-cf46-5211-b7e6-c5e88b6994d1,1d3c4a62-551f-5a53-832b-500155d343e9,Ultra Ranch 2,Arrowhead Grill Special
d260d627-035d-52e5-bc60-6b1418f4adb5,1d3c4a62-551f-5a53-832b-500155d343e9,Frango Piquant,Special Chicken
fe804d01-6204-541a-8772-f1de85980cdc,1d3c4a62-551f-5a53-832b-500155d343e9,Parmesan Chicken,Special Chicken
f03aaf29-b0da-51af-b82d-53aca4bfe690,1d3c4a62-551f-5a53-832b-500155d343e9,Corn Rice,Sides
3cc08382-d18d-5d0d-89cc-988e5c99dbb7,1d3c4a62-551f-5a53-832b-500155d343e9,Sauteed Vegetables,Sides
21b7adf9-09f2-598a-8d95-0a82110d41ac,1d3c4a62-551f-5a53-832b-500155d343e9,Saffron Mash,Sides
a410da37-c7a0-5bcc-8102-77ab48fabbd4,1d3c4a62-551f-5a53-832b-500155d343e9,Mac & Cheese,Sides
e3a26100-f317-5f27-9b01-b14d699b4ad5,1d3c4a62-551f-5a53-832b-500155d343e9,Potato Wedges,Sides
bdc84dcc-864a-5110-ac51-ad726e8f0a84,1d3c4a62-551f-5a53-832b-500155d343e9,Sauteed Mushrooms,Sides
972fbfd4-e59b-5dfd-99cb-5acae7c51134,1d3c4a62-551f-5a53-832b-500155d343e9,Italian Beef Sausage,Sides
3c31aecf-72e3-54c9-8218-92d5a381f529,1d3c4a62-551f-5a53-832b-500155d343e9,Fried Dori Fish,Sides
1bdf4d77-576b-5237-bf50-b27d7effcb90,1d3c4a62-551f-5a53-832b-500155d343e9,Baked Beans,Sides
a58ee761-6db8-5801-9a3d-cea0daa17c46,1d3c4a62-551f-5a53-832b-500155d343e9,Especias Rice,Sides
249f0ccd-6d1d-5d33-b9ae-43fdf849e46e,1d3c4a62-551f-5a53-832b-500155d343e9,BBQ Sauce,Sauce
0be1d435-57b6-5d35-91a8-f3b464e2ee05,1d3c4a62-551f-5a53-832b-500155d343e9,Pepper Sauce,Sauce
9ea4197a-61ae-5d50-9dfc-48c14a76453d,1d3c4a62-551f-5a53-832b-500155d343e9,Mushroom Sauce,Sauce
be0fe6db-6adc-5d32-8764-98d2aaf5653c,1d3c4a62-551f-5a53-832b-500155d343e9,Cheese Sauce,Sauce
5827d243-b4b4-5484-88f3-16bd462e99b4,1d3c4a62-551f-5a53-832b-500155d343e9,Bearnaise Sauce,Sauce
92fd98e3-052b-5381-a072-0c0ebb649fcf,1d3c4a62-551f-5a53-832b-500155d343e9,Garlic Aioli,Sauce
6358ea5f-0c73-5c07-ba32-ace01ccbb182,1d3c4a62-551f-5a53-832b-500155d343e9,Roast Bacon,Sauce
d241eeb5-469c-5320-ac51-8ea3903fd997,1d3c4a62-551f-5a53-832b-500155d343e9,Hot Chilli,Sauce
a3348371-f198-5b92-ae82-236444143e9a,c9dc1672-fd73-5bb6-b5aa-3b8f8ef63f86,Roosters Lovers,Popular
1c00204e-b795-54db-a26f-981a869f85e9,c9dc1672-fd73-5bb6-b5aa-3b8f8ef63f86,Flaming Grilled Peri Peri Chicken,Popular
5cd3fecf-668d-5dd9-af0e-5679fdeea6cc,c9dc1672-fd73-5bb6-b5aa-3b8f8ef63f86,Corn On The Cob,Popular
3acb08c5-867d-55cd-84f9-986a8a7aaba4,c9dc1672-fd73-5bb6-b5aa-3b8f8ef63f86,Spicy Rice,Popular
4dc5bf1f-b219-5f4f-a124-c12d1a000026,c9dc1672-fd73-5bb6-b5aa-3b8f8ef63f86,Peri Peri Chicken Strips,Popular
6d84f5b1-97cd-563e-82a4-04abd87ae834,c9dc1672-fd73-5bb6-b5aa-3b8f8ef63f86,Peri Peri Fries,Popular
538bd1cc-2617-5037-bbf5-8e1d91edb56b,c9dc1672-fd73-5bb6-b5aa-3b8f8ef63f86,World Cup Quarter Platter,World Cup Madness
e7d7f756-c278-534f-bf1b-89362fb41e21,c9dc1672-fd73-5bb6-b5aa-3b8f8ef63f86,World Cup Half Platter,World Cup Madness
8f8cfb3f-5b54-55e6-b9fc-ee324337f6ab,c9dc1672-fd73-5bb6-b5aa-3b8f8ef63f86,World Cup Full Platter,World Cup Madness
c12d4698-b04d-5199-bf60-1d8dce52cbd8,c9dc1672-fd73-5bb6-b5aa-3b8f8ef63f86,Peri Peri Whole Chicken (Buy Whole Chicken Get FREE Side),Buy 1 Get Free & More
59041cb1-52fb-55cd-979c-94bd0cf6a2e0,c9dc1672-fd73-5bb6-b5aa-3b8f8ef63f86,Peri Peri Chicken Wings,Peri Peri Chicken
39e9ca5c-973a-58a9-b7f5-412c8a912cbb,c9dc1672-fd73-5bb6-b5aa-3b8f8ef63f86,Peri Peri Drumstick,Peri Peri Chicken
43c2d7e1-793f-5aa1-9be9-9f13943d58ed,c9dc1672-fd73-5bb6-b5aa-3b8f8ef63f86,Peri Peri Wings,Peri Peri Chicken
48d02052-3bc8-5269-8d2c-61af4f21a3bb,c9dc1672-fd73-5bb6-b5aa-3b8f8ef63f86,Quarter Chicken Meal,Peri Peri Set Menu
11759f39-75c3-5372-8329-6bf98ed2f5d4,c9dc1672-fd73-5bb6-b5aa-3b8f8ef63f86,Chef's Signature,Peri Peri Set Menu
102814d4-2741-579e-97fc-46a381d476a5,c9dc1672-fd73-5bb6-b5aa-3b8f8ef63f86,Peri Peri Chicken Butterfly,Peri Peri Set Menu
db49071f-688a-5860-a92c-2cb28b677823,fbba0dcd-36d3-5092-b64e-441abf4b8e50,Chicken Soup Korma,Popular
dce83c68-7ee4-5e1f-98e5-f109e4786e5c,fbba0dcd-36d3-5092-b64e-441abf4b8e50,Shahi Beef Nehari,Popular
e52f2cd7-e329-5f9a-88e1-9564a1780cdc,fbba0dcd-36d3-5092-b64e-441abf4b8e50,Plain Shorisha Khichuri,Popular
245fa85c-37b0-5e6b-a3b3-3dd1e378195d,fbba0dcd-36d3-5092-b64e-441abf4b8e50,Beef Kolija Bhuna,Popular
dd26e64a-fb72-535d-803f-93f9c306ba6e,fbba0dcd-36d3-5092-b64e-441abf4b8e50,Kosha Beef Curry,Popular
ccfbb485-98d4-5dc9-a9a0-e38ead8cd598,fbba0dcd-36d3-5092-b64e-441abf4b8e50,Mogoj Masala,Popular
187bf030-ea6f-53aa-afa9-cf882cf43653,fbba0dcd-36d3-5092-b64e-441abf4b8e50,Booter Dal,Nashta Appayon
f7c93af9-74af-5fc5-892e-7b4810e8ab39,fbba0dcd-36d3-5092-b64e-441abf4b8e50,Pachmishali Shobji,Nashta Appayon
32ba02fa-011e-5d5f-9966-5d9b4e5bd63a,fbba0dcd-36d3-5092-b64e-441abf4b8e50,Achari Alur Dum,Nashta Appayon
a4a602c1-4211-5702-9b7a-95bf134f3071,fbba0dcd-36d3-5092-b64e-441abf4b8e50,Khasta Paratha,Nashta Appayon
c7cb5f72-7863-575d-9f27-b4f22dfed9e5,fbba0dcd-36d3-5092-b64e-441abf4b8e50,Chapati Roti,Nashta Appayon
c8478bc2-edfa-5489-b03d-3864d889c8a3,fbba0dcd-36d3-5092-b64e-441abf4b8e50,Tandoori Chicken,A La Carte
1e75da1a-824c-5e8d-9fab-d78ddef59840,fbba0dcd-36d3-5092-b64e-441abf4b8e50,Chicken Boti,A La Carte
457f6c11-0469-5c5d-a6d2-fb07c9e91fce,fbba0dcd-36d3-5092-b64e-441abf4b8e50,Reshmi Chicken,A La Carte
f6713b9c-81d9-5a47-b6a8-db1ffd58c3fa,fbba0dcd-36d3-5092-b64e-441abf4b8e50,Beef Bihari,A La Carte
70699ef1-7311-5626-b67b-da589eeee352,fbba0dcd-36d3-5092-b64e-441abf4b8e50,Butter Naan,A La Carte
d3236e9e-9347-57e7-955e-a5b6832729d7,fbba0dcd-36d3-5092-b64e-441abf4b8e50,Garlic Butter Naan,A La Carte
eb5966d5-788a-54fa-a157-fefbba0c6917,fbba0dcd-36d3-5092-b64e-441abf4b8e50,Beef Chui Jhal,Meat
513134fe-195a-5d7a-bd27-43b2be6efc3a,fbba0dcd-36d3-5092-b64e-441abf4b8e50,Chicken Tikka Jali Kebab,Meat
77b906ff-1cfe-5d26-8acb-91f7b5723a75,fbba0dcd-36d3-5092-b64e-441abf4b8e50,Simply Polao,Rice
0397fe15-82e6-5abd-9f50-6bf8cb7fdcdd,fbba0dcd-36d3-5092-b64e-441abf4b8e50,Shorisha Khichuri,Rice
199dd8ed-8624-5dfb-86c9-bb28461829f9,fbba0dcd-36d3-5092-b64e-441abf4b8e50,Rui Fish Fry,Fish & Prawn
677a5b29-d703-5eca-9e41-9d77ee2b1fe5,fbba0dcd-36d3-5092-b64e-441abf4b8e50,Family Feast Combo,Pagla Combo Deals
2729e0e2-2006-5cfd-a55d-593ef3bb0e18,fbba0dcd-36d3-5092-b64e-441abf4b8e50,Shorisha Beef Khichuri,Epic Pro Deals
bf8af2e5-efcc-5d02-849b-0fcc6e049c32,fbba0dcd-36d3-5092-b64e-441abf4b8e50,Polao Roast,Epic Pro Deals
ef18f222-22bc-5109-a379-0b94018695c3,fbba0dcd-36d3-5092-b64e-441abf4b8e50,Shorisha Chicken Khichuri,Epic Pro Deals
48586d56-0d7c-5eae-9c19-08af9afa8b99,fbba0dcd-36d3-5092-b64e-441abf4b8e50,Biye Bari Chicken Roast,Epic Pro Deals
1aaecfe3-111a-50a4-87fd-63eedc1993b3,fbba0dcd-36d3-5092-b64e-441abf4b8e50,Ghee Malai Shuji,Dessert
c19f206a-0a6d-51b5-96c7-86634dfb9ccc,8c83e72a-0e05-5f0d-b99b-c2c8a783c360,Chicken Corn Soup,Mini Thai - Soup
1887e5b2-71b8-552a-9224-04f4800ddbac,8c83e72a-0e05-5f0d-b99b-c2c8a783c360,Thai Soup,Mini Thai - Soup
bbfc6254-fe92-5c91-947f-32920bbd4276,8c83e72a-0e05-5f0d-b99b-c2c8a783c360,Fish Ball Soup,Mini Thai - Soup
638a4c64-f0d3-5920-95ac-97750fd3f640,8c83e72a-0e05-5f0d-b99b-c2c8a783c360,Dumpling Soup,Mini Thai - Soup
d200d6df-6840-5cb5-ba1a-8caabce360a4,8c83e72a-0e05-5f0d-b99b-c2c8a783c360,Chicken Vegetable Soup,Mini Thai - Soup
d2d40639-a0d0-5d14-a513-e5f3ea7549a9,8c83e72a-0e05-5f0d-b99b-c2c8a783c360,Chicken Noodles Soup,Mini Thai - Soup
7f02fb2d-4793-5ba9-b1a2-98dd8927dfc6,8c83e72a-0e05-5f0d-b99b-c2c8a783c360,Beef Pho,Mini Thai - Soup
f26d220f-ec87-5dde-a9ac-aea73b52d203,8c83e72a-0e05-5f0d-b99b-c2c8a783c360,Chicken Pho,Mini Thai - Soup
58147ff4-1529-57c5-8e6c-46745f2abc8b,8c83e72a-0e05-5f0d-b99b-c2c8a783c360,Laksa with Chicken,Mini Thai - Soup
40f57aec-f925-5de8-a845-85f8e183aeec,8c83e72a-0e05-5f0d-b99b-c2c8a783c360,Laksa with Seafood,Mini Thai - Soup
367d00cf-baac-5b1d-a876-b8744ad8020d,8c83e72a-0e05-5f0d-b99b-c2c8a783c360,Beef Enchilada,Mexican - Burrito
268f5a67-6680-537c-9805-00278ea27307,8c83e72a-0e05-5f0d-b99b-c2c8a783c360,Vegetable Enchilada,Mexican - Burrito
77b6d94c-6192-5982-9390-b2b8bc39137e,8c83e72a-0e05-5f0d-b99b-c2c8a783c360,Vegetable Burrito,Mexican - Burrito
d08e5ec0-7b9e-5f9a-8ee4-d5c29d1aeb3f,8c83e72a-0e05-5f0d-b99b-c2c8a783c360,Fish Steak,Sizzling Steak
c1033776-e45f-503d-9c26-5b82d9d8daaa,8c83e72a-0e05-5f0d-b99b-c2c8a783c360,Chicken Mushroom Steak,Sizzling Steak
724da525-020f-50a6-9c12-a08afd3b9542,8c83e72a-0e05-5f0d-b99b-c2c8a783c360,Beef Peppercorn Steak,Sizzling Steak
5942e70c-c344-5236-bf51-e4614b8c83ea,8c83e72a-0e05-5f0d-b99b-c2c8a783c360,Chicken Peppercorn Steak,Sizzling Steak
afce30d5-bf8d-5f34-8232-43ae6faf9b89,8c83e72a-0e05-5f0d-b99b-c2c8a783c360,Set Menu - 1,Set Menu
c3e3a11c-25f8-567e-815f-af25c84330f9,8c83e72a-0e05-5f0d-b99b-c2c8a783c360,Set Menu - 2,Set Menu
4d7b7d59-a71c-55f7-9efa-1bda27a56e83,8c83e72a-0e05-5f0d-b99b-c2c8a783c360,Set Menu - 4,Set Menu
2551bd3f-0686-50b1-89fd-a4dd01d93c05,8c83e72a-0e05-5f0d-b99b-c2c8a783c360,Set Menu - 5,Set Menu
177bb763-704d-5baf-a066-935039914d70,8c83e72a-0e05-5f0d-b99b-c2c8a783c360,Set Menu - 6,Set Menu
21789a66-9750-5148-8d51-3030bd938ad3,8c83e72a-0e05-5f0d-b99b-c2c8a783c360,Set Menu - 8,Set Menu
3d998068-50ee-59aa-a288-45cf513147a2,8c83e72a-0e05-5f0d-b99b-c2c8a783c360,Set Menu - 9,Set Menu
c88e65b2-005b-5994-be4b-f0c38beb350b,8c83e72a-0e05-5f0d-b99b-c2c8a783c360,Regular Lassi,Lassi & Shakes
9ad19ff5-54b7-5e14-8797-20cde843a5c4,8c83e72a-0e05-5f0d-b99b-c2c8a783c360,Oreo Shake,Lassi & Shakes
314d2cd5-1b3e-5319-b3cd-13ddbd9bda79,8c83e72a-0e05-5f0d-b99b-c2c8a783c360,Vanilla Shake,Lassi & Shakes
89b27345-10b9-5816-805e-07367fcb5d2b,8c83e72a-0e05-5f0d-b99b-c2c8a783c360,Chocolate Shake,Lassi & Shakes
0f464e97-4438-5883-9c1a-eb086023828e,8c83e72a-0e05-5f0d-b99b-c2c8a783c360,Strawberry Shake,Lassi & Shakes
21a28eae-2a86-5680-ad3f-205ba4ec8312,288940b2-d5b0-5fa2-919a-99714120cd1d,Beef Cheese Skewer,Starters
6c33ebb9-09e2-5314-b6ad-ea2a7ef819be,288940b2-d5b0-5fa2-919a-99714120cd1d,Beef Negimaki,Starters
7db85648-149d-53e5-bbd2-956b7910cd94,288940b2-d5b0-5fa2-919a-99714120cd1d,Chicken Cheese Skewer,Starters
d6abebe5-0580-5cca-a153-85e3d90b0ee5,288940b2-d5b0-5fa2-919a-99714120cd1d,Chicken Nanban,Starters
deb82771-af32-50d4-a305-2ef2eafc8d6d,288940b2-d5b0-5fa2-919a-99714120cd1d,Crispy Prawn Spring Roll,Starters
273118fc-3454-5b5b-96a3-7e98816ee6f6,288940b2-d5b0-5fa2-919a-99714120cd1d,Enoki Beef Roll,Starters
3a72cb72-d624-540c-a714-0877e1d2e6e9,288940b2-d5b0-5fa2-919a-99714120cd1d,Fried Calamari,Starters
ace3b63c-5fb0-5b35-affe-145b1eb53493,288940b2-d5b0-5fa2-919a-99714120cd1d,Salmon Taetare,Starters
de33df0d-e550-54bd-85a3-6f28b9483c10,288940b2-d5b0-5fa2-919a-99714120cd1d,Salt & Black Paper Prawn,Starters
21af7f60-a861-562f-b4a6-9103df63c113,288940b2-d5b0-5fa2-919a-99714120cd1d,Sesame Edamame-Veg,Starters
e123caa8-cdc7-5a95-9ad2-a2bfab82039f,288940b2-d5b0-5fa2-919a-99714120cd1d,Spicy Edamame,Starters
86a1c70b-8ac6-572a-8d12-dec10dba8e2f,288940b2-d5b0-5fa2-919a-99714120cd1d,Vietnamese Chicken Spring Rolls,Starters
ab4dee77-984a-54fc-8114-aae354b2c8a2,288940b2-d5b0-5fa2-919a-99714120cd1d,Vietnamese Prawn Spring Rolls,Starters
c39cb24d-4985-548b-baa7-b598d9c57d80,288940b2-d5b0-5fa2-919a-99714120cd1d,Vietnamese Vegetable Spring Rolls (Veg),Starters
59ef3b72-60c8-57e2-8036-5445401dd68f,288940b2-d5b0-5fa2-919a-99714120cd1d,Clear Thai Soup,Soups
87da4916-c6e3-5faa-9961-865540294f2c,288940b2-d5b0-5fa2-919a-99714120cd1d,Jiaozi Dumpling Soup,Soups
452bba9c-0c98-5a77-9629-3088a18673f2,288940b2-d5b0-5fa2-919a-99714120cd1d,Taiwanese Beef Noodle Soup (Small),Soups
0b7e50a0-1336-5ade-ba82-4351e73ca7c3,288940b2-d5b0-5fa2-919a-99714120cd1d,Vegetable Clear Soup (Veg),Soups
ae6090c4-b4a3-592d-8eeb-d7c8d544b0e7,288940b2-d5b0-5fa2-919a-99714120cd1d,Assorted Shumai,Dumplings
4f9f7f46-df5e-58f1-a5b5-994f4aecdb6f,288940b2-d5b0-5fa2-919a-99714120cd1d,Beef Shumai,Dumplings
b52437a2-0936-5896-957a-b40702a9b95f,288940b2-d5b0-5fa2-919a-99714120cd1d,Chicken Cheese Gyoza,Dumplings
b06cbc64-fe50-5223-8a2e-5f7284e51fcc,288940b2-d5b0-5fa2-919a-99714120cd1d,Chicken Dumplings In Chili Sauce,Dumplings
e3d9dc06-7003-5165-a313-08c10ba83f5b,288940b2-d5b0-5fa2-919a-99714120cd1d,Crab Rangoon,Dumplings
23ed1209-ffdf-56ed-8980-15f8fb9bece8,288940b2-d5b0-5fa2-919a-99714120cd1d,Korean Beef Shumai,Dumplings
6f10d857-989d-5c5f-af23-7f8f4df0626a,288940b2-d5b0-5fa2-919a-99714120cd1d,Nori Wrapped Crab & Prrawn Shumai,Dumplings
bd922040-f848-557d-9f0b-de8fd13be0c7,288940b2-d5b0-5fa2-919a-99714120cd1d,Pan Fried Chicken Gyoza,Dumplings
421fa729-3afe-5619-acf9-34ab1e717c7e,288940b2-d5b0-5fa2-919a-99714120cd1d,Shrimp & Chicken Shumai,Dumplings
69690d13-56c3-5675-b4f6-6e14e3164d6a,288940b2-d5b0-5fa2-919a-99714120cd1d,Shrimp Shumai,Dumplings
79c2fbd9-700b-5709-887a-012c414fdd06,288940b2-d5b0-5fa2-919a-99714120cd1d,Sizzling Chicken Gyoza,Dumplings
ed933d97-1f79-5f1f-9193-e1dff1e53bb1,288940b2-d5b0-5fa2-919a-99714120cd1d,Steamed Chicken Gyoza,Dumplings
f7fdd8f3-ac1d-5298-8a0e-a120377adbed,288940b2-d5b0-5fa2-919a-99714120cd1d,Vegtable Goyza (Veg),Dumplings
94cc84b1-efa5-5d2b-8ee7-ea968e5e4d2d,288940b2-d5b0-5fa2-919a-99714120cd1d,Assorted Sushi Platter (6 Pcs),Sushi
16bb1843-d24d-5d09-aa9c-2df7699dd745,288940b2-d5b0-5fa2-919a-99714120cd1d,Ebi Nigiri Sushi,Sushi
cd60b829-6411-5ba2-bf7b-49d612e034ac,288940b2-d5b0-5fa2-919a-99714120cd1d,Salmon Nigiri Sushi,Sushi
75cc0504-a419-5de2-9be9-6e5c2912f027,288940b2-d5b0-5fa2-919a-99714120cd1d,Tuna Nigiri Sushi,Sushi
60f91a4a-ffec-58e1-84a7-44cc2c900f21,288940b2-d5b0-5fa2-919a-99714120cd1d,Black Pepper Beef,Mains
73e030c6-4ac8-5ec3-b553-5021b07e1294,288940b2-d5b0-5fa2-919a-99714120cd1d,Black Pepper Prawn,Mains
a0525ea5-a20d-5880-a353-8a85113feab3,288940b2-d5b0-5fa2-919a-99714120cd1d,Citrus Fried Whole Fish (Sea Bass),Mains
65f33810-13e5-52ef-9c04-61b93b60f1ef,288940b2-d5b0-5fa2-919a-99714120cd1d,Dry Beef Chili,Mains
5c512ba9-93e8-5fe7-b692-6c9e70b2b118,288940b2-d5b0-5fa2-919a-99714120cd1d,Dry Salted Shrimp,Mains
246b66e2-9e81-5083-a162-a398378e4142,288940b2-d5b0-5fa2-919a-99714120cd1d,House Special Beef Teriyaki,Mains
3aed5c5e-1949-5b1b-9363-bef6c8342366,288940b2-d5b0-5fa2-919a-99714120cd1d,House Special Chicken Teriyaki,Mains
83e8409a-6440-5b07-8530-b5549c4e064c,288940b2-d5b0-5fa2-919a-99714120cd1d,Lime Garlic Steam Fish,Mains
0d607c93-0b1f-5b3d-97e6-0e22913a1a2f,288940b2-d5b0-5fa2-919a-99714120cd1d,Pan Fried Wasabi Chicken,Mains
7568710c-02de-5824-872d-cdfe006af157,288940b2-d5b0-5fa2-919a-99714120cd1d,Soy Chicken,Mains
b1551a6d-cfed-51c4-a245-01afa9a40928,288940b2-d5b0-5fa2-919a-99714120cd1d,Beef Lo-Mein,Lo Mein
5d04c717-658e-51a6-ab1d-87c71ee56b35,288940b2-d5b0-5fa2-919a-99714120cd1d,Chicken Lo-Mein,Lo Mein
b33f56f9-46bf-5b04-a1a2-4d2061633edb,288940b2-d5b0-5fa2-919a-99714120cd1d,Prawn Lo-Mein,Lo Mein
dfad8057-a683-5dc5-a675-9c357cfea7f7,288940b2-d5b0-5fa2-919a-99714120cd1d,Vegtable Lo Mein(Veg),Lo Mein
46997c1f-eb26-535f-931a-c7ca3b6f96d0,288940b2-d5b0-5fa2-919a-99714120cd1d,Beef Ramen,Ramen
a0067881-b94f-5855-bc0d-5a5ef2017bec,288940b2-d5b0-5fa2-919a-99714120cd1d,Spicy Chicken Ramen,Ramen
f64432a4-9cf1-5e46-b3f7-c194822dab92,288940b2-d5b0-5fa2-919a-99714120cd1d,Taiwanese Beef Noodles Soup,Ramen
62246bd8-1a6c-5e6f-83b8-b220e4865bfb,288940b2-d5b0-5fa2-919a-99714120cd1d,Tan Tan Ramen,Ramen
a930beb9-aba5-55c5-b4fe-39d8c436c6f7,288940b2-d5b0-5fa2-919a-99714120cd1d,Tokyo Beef Ramen,Ramen
9ff95fee-58ad-56f6-aa25-5708bf1de1b9,288940b2-d5b0-5fa2-919a-99714120cd1d,Nori Beef Taco,Nori Tacos
4d3b1970-637b-52f4-87db-ef01dad25078,288940b2-d5b0-5fa2-919a-99714120cd1d,Nori Chicken Taco,Nori Tacos
a23e84a6-cb56-5bb2-806b-b60a88d73029,288940b2-d5b0-5fa2-919a-99714120cd1d,Prawn Cheese Taco,Nori Tacos
e83da773-9ec9-5acf-b147-a6373d8bed0e,288940b2-d5b0-5fa2-919a-99714120cd1d,Assorted Taco Platter (8 Pcs),Nori Tacos
d8a56277-f283-5e60-85ce-1b5302237333,296a316a-75f6-5114-91e6-1cdc04cd6892,Blazing Garlic Wings,Appetizer
89a3e221-95bb-585a-b983-bf5fd108d1c3,296a316a-75f6-5114-91e6-1cdc04cd6892,Cheesy Beef N Sausages,Appetizer
0f946075-72b1-5584-a72f-22efb7173b24,296a316a-75f6-5114-91e6-1cdc04cd6892,Cheesy Bites,Appetizer
86b7e384-6761-5e87-8e96-dcdc85973758,296a316a-75f6-5114-91e6-1cdc04cd6892,Chicken Tender Fillets,Appetizer
91c79964-9f1a-5556-9d81-cb651df5d5ac,296a316a-75f6-5114-91e6-1cdc04cd6892,Creamy Mushroom,Appetizer
fdf7fa34-e4af-501a-89d9-167eb3e76fa3,296a316a-75f6-5114-91e6-1cdc04cd6892,Crispy Calamari Rings,Appetizer
14dde56d-44e1-52c0-aea9-8ea0ce1e9055,296a316a-75f6-5114-91e6-1cdc04cd6892,Flaming Layers,Appetizer
b3bafe43-3f9e-5ed3-ba83-2618a14cc456,296a316a-75f6-5114-91e6-1cdc04cd6892,Loaded Fries,Appetizer
5d9f5fd9-0b68-5d7f-8e6e-8cc13296fbf3,296a316a-75f6-5114-91e6-1cdc04cd6892,Mexican Chick Era Chicken,Chickenista
32ee467e-f84c-5039-87ae-2c0a93c6541e,296a316a-75f6-5114-91e6-1cdc04cd6892,Sheriff'S Teasure Chicken,Chickenista
f276ac07-758d-5595-91e5-561dc065f4c6,296a316a-75f6-5114-91e6-1cdc04cd6892,Texas Goldie,Chickenista
e8150455-8c91-5bf4-92ce-38d3eff8e68f,296a316a-75f6-5114-91e6-1cdc04cd6892,Tex Mex Stuffed Chicken,Chickenista
90769997-cd00-529e-a57d-32653b4c2a9c,296a316a-75f6-5114-91e6-1cdc04cd6892,Affogato,Dessert
aa909a30-9787-5858-aa4b-04596ef5ec23,296a316a-75f6-5114-91e6-1cdc04cd6892,Brownie With Ice Cream,Dessert
ce60fe94-44fc-5296-a992-10f8cb04e070,296a316a-75f6-5114-91e6-1cdc04cd6892,Cheese Denver,Econo Cuts
1648089e-b827-53e9-9c95-734ca4c5a9f5,296a316a-75f6-5114-91e6-1cdc04cd6892,Mushroom Hanger,Econo Cuts
9d1e04d5-caa7-56b0-acca-8dc681593cc4,296a316a-75f6-5114-91e6-1cdc04cd6892,Pepper Hanger,Econo Cuts
94b863c9-c513-592b-9e1c-73fa5cc4becc,296a316a-75f6-5114-91e6-1cdc04cd6892,Caramel Crusher,Frappuccino
beda9104-bf81-56d5-9b94-01a23a7cadd3,296a316a-75f6-5114-91e6-1cdc04cd6892,Wild Chocolate Chips Drizzle,Frappuccino
db859db3-5070-566b-b038-62fe93faad90,296a316a-75f6-5114-91e6-1cdc04cd6892,Americano,Hot Coffee
e3f435b1-60f6-5d47-8211-98d8dc8dbaa0,296a316a-75f6-5114-91e6-1cdc04cd6892,Cappuccino,Hot Coffee
6e2852a7-48ea-509a-8268-3abbd2e40f55,296a316a-75f6-5114-91e6-1cdc04cd6892,Espresso,Hot Coffee
b152c6a4-466a-51ad-8607-bcb481f75359,296a316a-75f6-5114-91e6-1cdc04cd6892,Latte,Hot Coffee
d72a2f09-0f83-5987-a817-9c02cbba09b7,296a316a-75f6-5114-91e6-1cdc04cd6892,Macchiato,Hot Coffee
780e635a-85ac-5591-af0b-a033e78c0d65,296a316a-75f6-5114-91e6-1cdc04cd6892,Mocha,Hot Coffee
8b60cbc7-4854-5a97-bae3-bcde933e6b3c,296a316a-75f6-5114-91e6-1cdc04cd6892,Blue Mojito,Mocktail
e71295dc-7dfe-599b-98f4-dfafa4bf973e,296a316a-75f6-5114-91e6-1cdc04cd6892,Classic Margarita,Mocktail
db149f86-5932-540a-bcff-ba6d7103cc2c,296a316a-75f6-5114-91e6-1cdc04cd6892,Granate Berry,Mocktail
d38accdc-e5b7-5906-a24e-093e7fd0590e,296a316a-75f6-5114-91e6-1cdc04cd6892,Kiwi Lamonade,Mocktail
92de2192-4c02-56f7-a29b-00963a3b740d,296a316a-75f6-5114-91e6-1cdc04cd6892,Maitai,Mocktail
e1641392-1e0a-5951-a3f3-b16e9bd3f7d6,296a316a-75f6-5114-91e6-1cdc04cd6892,Ocean Margarita,Mocktail
47d9d268-2f14-5bd9-b82a-1acf65bc209a,296a316a-75f6-5114-91e6-1cdc04cd6892,Shirly Temple,Mocktail
589845c0-2e04-5cc9-a191-0cf75a9bd01b,296a316a-75f6-5114-91e6-1cdc04cd6892,Sunset Bay,Mocktail
bab30ca0-eeb5-5f07-bb29-c8efb42857f6,296a316a-75f6-5114-91e6-1cdc04cd6892,Tropical Bliss,Mocktail
0e3b0e14-9278-531d-9950-ec58656c2827,296a316a-75f6-5114-91e6-1cdc04cd6892,Barnyard Bonanza,Platter
77025f6c-fe42-500e-b0fc-88c4523e7187,296a316a-75f6-5114-91e6-1cdc04cd6892,Double Trouble With Hanger,Platter
8e62fcfc-5eb0-5958-8946-c78f6566de29,296a316a-75f6-5114-91e6-1cdc04cd6892,Double Trouble With Shirlon,Platter
9dce182c-5532-5da3-a6f7-e67aad39a277,296a316a-75f6-5114-91e6-1cdc04cd6892,Grill Master'S Trio Platter,Platter
3fbf2422-402e-569d-a13e-c3005fb1a15f,296a316a-75f6-5114-91e6-1cdc04cd6892,Triple Grilled Platter,Platter
9734d40e-5ff3-56d0-ad8a-9ac4c3dfcf8f,296a316a-75f6-5114-91e6-1cdc04cd6892,Back Ribs (1000Gm),Prime Cuts
718d1272-dfa9-5f37-abfd-6bc7498fd0af,296a316a-75f6-5114-91e6-1cdc04cd6892,Back Ribs (500Gm),Prime Cuts
2fd5ee02-7b58-59cc-b27b-a515e356660c,296a316a-75f6-5114-91e6-1cdc04cd6892,Lambtastic Sizzle Steak,Prime Cuts
ed76358e-1061-553b-b4ec-d74eb8c24e4f,296a316a-75f6-5114-91e6-1cdc04cd6892,Premium Porthouse,Prime Cuts
f38b7149-7958-50ef-84a4-2e7b4700889f,296a316a-75f6-5114-91e6-1cdc04cd6892,Premium Rib Eye,Prime Cuts
f35e27eb-904a-532e-9937-1386fdb3c1bc,296a316a-75f6-5114-91e6-1cdc04cd6892,Ribeye,Prime Cuts
2af4c17c-a66c-5313-9275-72e8c1e8e847,296a316a-75f6-5114-91e6-1cdc04cd6892,Short Ribs,Prime Cuts
d3b69eca-b4cc-51de-9666-57ebdfdaec3b,296a316a-75f6-5114-91e6-1cdc04cd6892,Sirlon,Prime Cuts
d72b7709-aa52-5551-879e-4ba9a455ad7c,296a316a-75f6-5114-91e6-1cdc04cd6892,Spare Ribs,Prime Cuts
6407623e-1b44-5b3a-9ff0-2b9d7b184891,296a316a-75f6-5114-91e6-1cdc04cd6892,T-Bone,Prime Cuts
dca1a607-708b-52b8-9900-17dcde758030,296a316a-75f6-5114-91e6-1cdc04cd6892,Tenderlion,Prime Cuts
174027a9-ff6a-5683-8aad-f0137bd9f84c,296a316a-75f6-5114-91e6-1cdc04cd6892,Tomahawk (500Gm),Prime Cuts
ab24ae8b-a83c-59a5-a45b-57a28016c3e7,296a316a-75f6-5114-91e6-1cdc04cd6892,Blueberry Smoothie,Smoothie
662cb177-39c8-52e4-a22b-1483884da6cd,296a316a-75f6-5114-91e6-1cdc04cd6892,Mango Smoothie,Smoothie
da9d569e-dde3-51a6-ad9c-24c5d5f3091e,296a316a-75f6-5114-91e6-1cdc04cd6892,Nutty Butty,Smoothie
56268d2f-9eec-5b38-896a-241ce2000607,296a316a-75f6-5114-91e6-1cdc04cd6892,Strawberry Smoothie,Smoothie
63645eb0-9344-5815-983b-a592c5b3ee1e,296a316a-75f6-5114-91e6-1cdc04cd6892,Beef N Bacon Soup,Soup
be420ffe-1eeb-5781-90a8-dc4998815261,296a316a-75f6-5114-91e6-1cdc04cd6892,Cream N Mushroom Soup,Soup
0385dc44-702d-5db7-bf36-e9e05d3e2536,296a316a-75f6-5114-91e6-1cdc04cd6892,Earl Grey Tea,Tea
6806418c-0859-595f-b6c8-3e5aa81be110,296a316a-75f6-5114-91e6-1cdc04cd6892,Ginger Lemon Tea,Tea
27e7a6fb-ecc2-5016-8237-c2da0fd97332,296a316a-75f6-5114-91e6-1cdc04cd6892,Honey Lemon Tea,Tea
98dc9784-afbb-5837-b456-fbb4462e7730,296a316a-75f6-5114-91e6-1cdc04cd6892,Masala Tea,Tea
c6e091ce-62d6-5f6e-bd60-8e73b0c959f0,296a316a-75f6-5114-91e6-1cdc04cd6892,Lobster Thermidor,Tidal Taste
04106176-1b1a-5808-9698-b4afb19081f0,296a316a-75f6-5114-91e6-1cdc04cd6892,Surf & Turf,Tidal Taste
52e6fef2-641b-5345-bc32-fdb0eee354c8,5ded807f-b140-5022-ae50-181d2a403b47,Fries,Popular
8f19700d-dbfa-59fa-b1cb-5227c04d64e4,5ded807f-b140-5022-ae50-181d2a403b47,Smash Burger,Popular
fd848f96-e42f-5bb5-8474-37523c106ddc,5ded807f-b140-5022-ae50-181d2a403b47,Beef Burger,Popular
0d636a65-bcec-5259-8fee-690a01f10143,5ded807f-b140-5022-ae50-181d2a403b47,Chick Got Fried,The Favourites
8c1bbb0a-6513-543e-99d0-a666f67d9b34,5ded807f-b140-5022-ae50-181d2a403b47,MADOX,The Favourites
902745bb-fa0b-57c9-9255-da327dcaf16c,5ded807f-b140-5022-ae50-181d2a403b47,Twister,The Favourites
21ba8b07-d882-5ba1-8976-19101d8fd620,5ded807f-b140-5022-ae50-181d2a403b47,Chicken Cheese Delight,The Favourites
c2745892-5b11-5a50-b92e-e616ca0c90c1,5ded807f-b140-5022-ae50-181d2a403b47,Cheesy Bites,Sides
b53b1714-b106-5ed5-93e1-54c2036027b7,5ded807f-b140-5022-ae50-181d2a403b47,Thai Chili Wings,Sides
a4536008-91c1-51cd-b721-2c1d36509fdb,5ded807f-b140-5022-ae50-181d2a403b47,Sriracha Wings,Sides
5929d727-39e3-5b32-a01f-726366004818,5ded807f-b140-5022-ae50-181d2a403b47,Masala Wings,Sides
54be2563-bb14-5dd0-aaea-8ba4f7413877,5ded807f-b140-5022-ae50-181d2a403b47,BBQ Fries,Sides
9c672c73-39c1-5d96-9fcb-aae61ec67098,5ded807f-b140-5022-ae50-181d2a403b47,Cheese Fries,Sides
9d3d290f-62e9-55a6-b5d6-cce626594e76,5ded807f-b140-5022-ae50-181d2a403b47,Coleslaw,Sides
1b0c2b00-cbbd-5a5a-ab0b-368581b90f8e,5ded807f-b140-5022-ae50-181d2a403b47,Chocolate Cold Coffee,Cold Brews
8f9cea6a-e559-5ca7-bd23-0ad95345d8d3,5ded807f-b140-5022-ae50-181d2a403b47,Executive Meal - Beef,Single Combos
672e0601-81f0-5b9f-901d-0f1c2d84acdb,5ded807f-b140-5022-ae50-181d2a403b47,Executive Meal - Chicken,Single Combos
a21d55bb-df33-5203-b172-12ac136132f3,5ded807f-b140-5022-ae50-181d2a403b47,Garlic Sauce,Sauces
10b78219-ca90-596a-a8de-d89e8a104637,5ded807f-b140-5022-ae50-181d2a403b47,Honey Mustard Sauce,Sauces
03763c34-ff80-5b43-8bec-70ffb3ba7adb,5ded807f-b140-5022-ae50-181d2a403b47,OG Sauce,Sauces
37a95069-8093-53da-b319-d67949b2af19,5ded807f-b140-5022-ae50-181d2a403b47,Spicy OG Sauce,Sauces
19af5f9a-282c-54da-b1ae-bd3485af2f31,5ded807f-b140-5022-ae50-181d2a403b47,Sauce Trap Sauce,Sauces
40c8878d-1e04-51b0-b1ae-d0f89dc1eb44,59222380-ff8d-5777-8bf2-e2ec52c4386d,Crispy & Juicy Chicken Burger,Popular
2798d145-0150-5ed3-9f23-3f2b2bfde0ad,59222380-ff8d-5777-8bf2-e2ec52c4386d,Fried Chicken - 2 pcs,Popular
54a7b303-d3d6-5789-b81f-71648e9801e6,59222380-ff8d-5777-8bf2-e2ec52c4386d,Chicken Nuggets,Popular
d53bb173-9eb7-5ef9-85fd-2f27c44934a7,59222380-ff8d-5777-8bf2-e2ec52c4386d,Fried Chicken - 1 pc,Chicken
5e744c52-287d-5af6-a5f8-a5f9bb8df1bd,59222380-ff8d-5777-8bf2-e2ec52c4386d,Chicken Bucket - 8 pcs,Chicken
e8501d8a-36c8-5ce4-a8f6-d3f860689541,59222380-ff8d-5777-8bf2-e2ec52c4386d,Turkish Beef Burger,Signature Burger
3083a7ab-2008-5253-85f6-10ccfb605a90,59222380-ff8d-5777-8bf2-e2ec52c4386d,Beef Angus Burger,Signature Burger
44fa3f88-17d4-5f7f-801a-3940f2bc86e7,59222380-ff8d-5777-8bf2-e2ec52c4386d,Super Chicken Burger,Supreme Burger
a21c1c10-a142-54e7-bc8c-95c2e2b1dbe0,59222380-ff8d-5777-8bf2-e2ec52c4386d,Grilled Chicken Burger,Fan Favorite Burger
233e4a85-441e-59db-9c1e-d924a168236b,59222380-ff8d-5777-8bf2-e2ec52c4386d,Beef Big Herfy Burger,Fan Favorite Burger
93e7f20d-f95b-5208-ad1b-6afca9c80a01,59222380-ff8d-5777-8bf2-e2ec52c4386d,Chicken Cheese Combo,Burger Combo
a020e898-23ce-58f2-a984-6b9f04760cec,59222380-ff8d-5777-8bf2-e2ec52c4386d,Spicy Chicken Wrap,Wraps
c39a2652-be38-5ff4-841c-9c631ddcefc0,59222380-ff8d-5777-8bf2-e2ec52c4386d,Virgin Mojito,Mocktail
fc89eb4b-1aa5-593d-a4db-2ac45792846a,59222380-ff8d-5777-8bf2-e2ec52c4386d,Oreo Milkshake,Milkshake
f65c8586-a3db-594d-8065-901c15313099,59222380-ff8d-5777-8bf2-e2ec52c4386d,French Fries,Sides
8369d972-6d74-5802-8e81-ba33452d2fa1,0cc5a1f3-72e9-5948-892f-204ed9f7827e,Pasta Basta,Popular
110d2dbe-2fbc-561e-ac60-ba2401be680c,0cc5a1f3-72e9-5948-892f-204ed9f7827e,Chicken Thick Thai Soup,Popular
581df570-896a-57f3-a812-5227b736befd,0cc5a1f3-72e9-5948-892f-204ed9f7827e,Pasta Alfresco,Popular
a3407246-0f6f-5a9d-9934-f1aeb5bc63aa,0cc5a1f3-72e9-5948-892f-204ed9f7827e,Creamy Chicken,Popular
c5efb9c2-4dd4-58e1-8386-54064cf9da16,0cc5a1f3-72e9-5948-892f-204ed9f7827e,Chef's Special Alfresco Chowmein,Chowmein & Chopsuey
c67d7ac1-421e-56d5-acb4-3d3b04df9a3b,0cc5a1f3-72e9-5948-892f-204ed9f7827e,American Chop Suey,Chowmein & Chopsuey
790268de-fe46-5200-86f8-0b348f65d88b,0cc5a1f3-72e9-5948-892f-204ed9f7827e,Pasta Bolognese,Pan Pasta
c83c0d12-bedd-512e-b64f-cbad36f97bd1,0cc5a1f3-72e9-5948-892f-204ed9f7827e,Chef's Special Cashewnut Salad,Soup & Salad
41062c67-caf3-5a76-933a-19710d670410,0cc5a1f3-72e9-5948-892f-204ed9f7827e,Pizza Margherita,Pizza
37c9896b-7737-50fe-9103-ec09ac1da713,0cc5a1f3-72e9-5948-892f-204ed9f7827e,Pizza Four Season,Pizza
2fe2ac7c-deda-5afc-8cf8-a901036e60d9,0cc5a1f3-72e9-5948-892f-204ed9f7827e,Fish & Chips,Fish
d53c4e3f-df75-53d8-9c9d-08bcb979f2be,1eb7f63b-7b4b-5c11-892c-8a19c5a213ef,Wonton Nachos,Popular
e78aca67-4388-5023-8596-03f282626388,1eb7f63b-7b4b-5c11-892c-8a19c5a213ef,FISH & CHIPS WITH TARTAR SAUCE,Popular
332c31b2-c03c-52d8-9596-99cbe1a36332,1eb7f63b-7b4b-5c11-892c-8a19c5a213ef,Kimchi Alfredo,Popular
ed274f91-dc2e-5bd5-896e-3b06bf0e03f8,1eb7f63b-7b4b-5c11-892c-8a19c5a213ef,Smoked Chicken Egg Benedict,Brunch
6033ec0f-093f-5b23-89e1-88ac7949ce97,1eb7f63b-7b4b-5c11-892c-8a19c5a213ef,Salmon Egg Benedict,Brunch
1079ae84-db4d-5d61-855d-54a210bf5044,1eb7f63b-7b4b-5c11-892c-8a19c5a213ef,Granola Bowl,Brunch
0987cfda-5fc1-5da2-b597-80d4abfc921b,1eb7f63b-7b4b-5c11-892c-8a19c5a213ef,Spicy Chicken Dim Sum with Laksa Sauce,Dimsum
7ac4e223-0681-55d6-805a-379de5c4e295,1eb7f63b-7b4b-5c11-892c-8a19c5a213ef,Spicy Prawn Bao,Bao & Burger
1d6a0ccb-27dc-5197-aae3-a4a25700d2a1,1eb7f63b-7b4b-5c11-892c-8a19c5a213ef,Sri Lankan Beef Curry,Main
6884d9ad-7751-587c-ba8b-d6fafb5cb19f,1eb7f63b-7b4b-5c11-892c-8a19c5a213ef,Radiance,Detox
1c16a8a3-43b4-539d-bc9a-eae5603cec94,1eb7f63b-7b4b-5c11-892c-8a19c5a213ef,Espresso,Coffee
f079ee29-7ff6-5f1d-8256-e566f6329f23,8c9a104a-6133-59d6-b4ce-23adbcfd4637,Braised Moroccan Chicken,Popular
77877aaf-c532-5592-b472-0f9adfaac6b5,8c9a104a-6133-59d6-b4ce-23adbcfd4637,Chicken Domingo,Popular
9a3eb1e1-1b99-5636-8b9b-08e4eed1d77d,8c9a104a-6133-59d6-b4ce-23adbcfd4637,Mexican Chipotle Chicken,Popular
142c6553-67ac-58e7-88da-f52c47e0e8fc,8c9a104a-6133-59d6-b4ce-23adbcfd4637,Pepper Flank,Popular
cdd50746-c7be-532f-8d4b-2c8cfafc0273,8c9a104a-6133-59d6-b4ce-23adbcfd4637,Denver Steak,Premium Cut
cf1c3b61-5ca1-5377-8b41-a44f01b9f62e,8c9a104a-6133-59d6-b4ce-23adbcfd4637,T-Bone,Steakout Special
1c175b8e-eb76-52da-8f63-147a4abd63f9,8c9a104a-6133-59d6-b4ce-23adbcfd4637,Mushroom Flank,Steakout Special
d75655c9-1e92-57dd-a42f-330dbcca43f2,68f003bb-0365-5738-9243-bcc80a67a558,Chicken Satay,Appetizer
6e95ed67-f874-5f1b-8c04-736049596375,68f003bb-0365-5738-9243-bcc80a67a558,Fried Shrimp Dumpling With Tamarind Sauce,Appetizer
6a215152-1162-5b17-84a1-b74f4997c572,68f003bb-0365-5738-9243-bcc80a67a558,RB Fish Cake,Appetizer
5b9197fe-4723-5225-bfee-f274d5aca166,68f003bb-0365-5738-9243-bcc80a67a558,RB Tom Kha Gai,Soup
de8cc792-af5a-5da8-8fd4-c6ac9ebc3ee3,68f003bb-0365-5738-9243-bcc80a67a558,Tom Yum Goong,Soup
05d26c9c-5bde-538b-a9db-e7c9f00c541e,68f003bb-0365-5738-9243-bcc80a67a558,Mixed Seafood Salad,Salad
5fb2691e-01ca-51eb-9673-080eeda91ff3,68f003bb-0365-5738-9243-bcc80a67a558,Massaman Curry With Chicken,Currys
7945064b-2f1c-5d11-9d25-71cbde29f50e,68f003bb-0365-5738-9243-bcc80a67a558,RB Green Curry Beef,Currys
bc6aa64f-6696-51c3-ba68-610d660ab78d,68f003bb-0365-5738-9243-bcc80a67a558,Holy Basil With Chicken,Chicken
b8a9e546-2b8e-5abd-b090-b2129debb5a0,68f003bb-0365-5738-9243-bcc80a67a558,Steamed Shrimp With Lime,Sea Food
b224b456-110b-5388-a50f-6dee712e2290,68f003bb-0365-5738-9243-bcc80a67a558,RB Steamed Sea Bass With Lime Sauce,Fish
01d98451-19f2-5131-a05f-419ec4bb0c21,68f003bb-0365-5738-9243-bcc80a67a558,Stir Fried Beef With Black Pepper,Beef
9a9cd9db-a810-5ca5-9b45-1a72d367e55f,68f003bb-0365-5738-9243-bcc80a67a558,Chicken Fried Rice,Rice & Noodles
d2d9449d-6d97-516a-a999-4713a22d6301,68f003bb-0365-5738-9243-bcc80a67a558,RB Pad Thai,Rice & Noodles
7c83b488-cbed-5909-a47e-8e1e8a67d0c8,68f003bb-0365-5738-9243-bcc80a67a558,RB Mango Sticky Rice With Ice Cream,Dessert
84e6e81f-7ede-5ff3-b5d4-7e8ab5f3f781,417ac17b-e3c8-5357-90ea-2a9066ac049c,Honey Glazed Chicken Wings,Appetizer
53b30b26-997c-52d1-a9c1-19e48de740b4,417ac17b-e3c8-5357-90ea-2a9066ac049c,Garlic Mushroom,Appetizer
863e5b21-9d51-55da-ba8d-a8923b4f9a36,417ac17b-e3c8-5357-90ea-2a9066ac049c,Bolognese Fries,Appetizer
65feb3aa-df1c-5ed8-9409-658ef4f2edb5,417ac17b-e3c8-5357-90ea-2a9066ac049c,Beef Cheese Burger,Appetizer
520eb6ea-ae48-5587-b1fc-fb96a93f9045,417ac17b-e3c8-5357-90ea-2a9066ac049c,Prawn Toast,Appetizer
aeb2b8b1-3f6f-5708-a14c-127f9bf871d3,417ac17b-e3c8-5357-90ea-2a9066ac049c,Thai Soup,Soup
c7eb0d1f-057e-50a4-a714-35afe7de72fd,417ac17b-e3c8-5357-90ea-2a9066ac049c,Cream of Mushroom,Soup
17c2a2d2-865a-5389-83f8-233660386e34,417ac17b-e3c8-5357-90ea-2a9066ac049c,Club Sandwich,Sandwich
3fa6c732-1192-5c4b-b299-cbb77cb749cf,417ac17b-e3c8-5357-90ea-2a9066ac049c,Spaghetti Bolognese,Pasta & Noodles
a947fff5-68a9-500e-8b40-a73ec388fc53,417ac17b-e3c8-5357-90ea-2a9066ac049c,Grilled Chicken Spaghetti,Pasta & Noodles
b3ed48e5-ede5-5f3b-810e-9cf854ce14f2,417ac17b-e3c8-5357-90ea-2a9066ac049c,Beef Carbonara,Pasta & Noodles
70eadad8-b304-5855-8242-eb1713927b70,9c52a281-bbc6-5f00-b080-1b61d7a5e1b4,Chicken Cashewnut Salad,Popular
5f156be5-8100-5901-a55f-cd97d3f2ba94,9c52a281-bbc6-5f00-b080-1b61d7a5e1b4,English Roasted Chicken Meal,Popular
91c3f0da-b601-5e97-bc42-4dbac9b33625,9c52a281-bbc6-5f00-b080-1b61d7a5e1b4,Chicken Steak Meal,Popular
60ded6bf-eeaa-51f1-aabf-01e683d1c2eb,9c52a281-bbc6-5f00-b080-1b61d7a5e1b4,Oven Baked Chicken Breast Pasta,Popular
afd84725-f841-5651-b174-a7206b3bf674,9c52a281-bbc6-5f00-b080-1b61d7a5e1b4,Thai Soup,Popular
351f0686-e2dc-5a41-b77c-975ecb988ca4,9c52a281-bbc6-5f00-b080-1b61d7a5e1b4,French Fries,Side
79fb8d8c-2769-503f-8cbf-d09f7a13df9e,9c52a281-bbc6-5f00-b080-1b61d7a5e1b4,Mashed Potato,Side
6e2f38dc-dd12-517f-b3b5-b44fbaad4c80,9c52a281-bbc6-5f00-b080-1b61d7a5e1b4,Buffalo Chicken Wings,Starter
e801cd12-729a-53cf-adcf-918eddb40eac,9c52a281-bbc6-5f00-b080-1b61d7a5e1b4,Fish N Chips,Starter
7bd938d1-e777-564b-935d-0ba255966e4d,9c52a281-bbc6-5f00-b080-1b61d7a5e1b4,Chicken Nanban,Starter
c7caf084-65ee-579e-8217-12e5b6cfea8a,9c52a281-bbc6-5f00-b080-1b61d7a5e1b4,Fried Squid Calamari (Imported),Starter
577a66e6-d9e9-5e28-b6cf-12be280897e6,2cbf65dd-55df-5da5-a618-60d66119f3a0,French Fries,Popular
49d55ef0-003b-54dc-b382-7d89ec25fdb4,2cbf65dd-55df-5da5-a618-60d66119f3a0,Fish Tots,Popular
f8ea82af-d788-5368-81a2-c3e1ffec9a21,2cbf65dd-55df-5da5-a618-60d66119f3a0,Fried Chicken,Popular
42e118e3-c9a1-5166-beb5-29da9be161bc,2cbf65dd-55df-5da5-a618-60d66119f3a0,Pan Asian Mashup,Popular
78dc4d1d-213a-5c64-9a1b-b4c8c67c7f48,2cbf65dd-55df-5da5-a618-60d66119f3a0,Potato Wedges,Sides
6bdeb765-1a4a-58ba-b7d1-bd5c285176b3,2cbf65dd-55df-5da5-a618-60d66119f3a0,Naga Drums,Sides
32ae67c6-d3f7-599b-8ec3-fbe9a926aa6f,2cbf65dd-55df-5da5-a618-60d66119f3a0,Pankha Wings,Sides
10d4c564-2a4a-5093-b1fd-2f4e692196ba,2cbf65dd-55df-5da5-a618-60d66119f3a0,Combo 1: Chicken Burger With French Fries,Chill Combo
95a5917a-1ef8-508e-8c0f-e5f1f46eb61e,2cbf65dd-55df-5da5-a618-60d66119f3a0,Combo 2: Beef Burger With French Fries,Chill Combo
4a46768d-9738-5728-a27f-98c0792abf22,2cbf65dd-55df-5da5-a618-60d66119f3a0,Crispy Chicken Burger,Crisper Burger (New Arrivals)
e41166f9-2d8c-57e4-a595-d42ea9b934f9,2cbf65dd-55df-5da5-a618-60d66119f3a0,Chicken Cheese Burger,Chicken Burger
2657b75e-7846-5caf-ac5e-68cc5cc827e3,9b2bbc51-4946-5658-8469-2488ecf839c0,Spicy Potato Wedges,Quick Bite
dffc5005-9305-57ba-b4de-953d2972b547,9b2bbc51-4946-5658-8469-2488ecf839c0,Tuna Fish Sandwich,Quick Bite
185a268d-9e7a-546f-94a1-7ddfb013e032,9b2bbc51-4946-5658-8469-2488ecf839c0,Smoked Chicken Sandwich,Quick Bite
1002c474-77e9-579c-8e50-0e2030e1da8d,9b2bbc51-4946-5658-8469-2488ecf839c0,Platinum Club Sandwich,Quick Bite
3feab9de-b7f1-596d-8d00-1c55d56ea074,9b2bbc51-4946-5658-8469-2488ecf839c0,Fish & Chips,Quick Bite
b478f573-0224-5fe9-b7ad-f32683a287d6,9b2bbc51-4946-5658-8469-2488ecf839c0,Vegetable Tempura,Appetizer
5e08fe49-e2a5-59df-ba9a-9240dac917de,9b2bbc51-4946-5658-8469-2488ecf839c0,Prawn on Toast - 4 Pcs,Appetizer
b63da333-4b23-5bba-9272-f2f9bd6be6e6,9b2bbc51-4946-5658-8469-2488ecf839c0,Fried Calamari,Appetizer
cd3a453c-5d37-5d6d-8b1f-7d8b3c217d2e,9b2bbc51-4946-5658-8469-2488ecf839c0,Chicken Satay - 6 Pcs,Appetizer
431b35bf-da4d-5815-b8f9-9b7bcc46936a,9b2bbc51-4946-5658-8469-2488ecf839c0,Rib Eye Steak,Main - Continental
54935dea-122a-5218-b8e2-3b2247b23b14,9b2bbc51-4946-5658-8469-2488ecf839c0,T - Bone Steak,Main - Continental
d88da036-f531-515e-9d45-70aa50c3d8a4,9b2bbc51-4946-5658-8469-2488ecf839c0,Grilled Chicken with Cajun Spiced Sauce,Main - Continental
7aa71080-918f-58f2-bd7a-acc4a61951d1,9b2bbc51-4946-5658-8469-2488ecf839c0,Americano,Beverage
8f8c17ef-0610-5d68-9806-4d4a851d749a,bdff203e-dcad-5b2a-97ff-95dff1e5a448,Honey Mustard Doner,Popular
2309371e-1760-5180-b80e-529dee6afe15,bdff203e-dcad-5b2a-97ff-95dff1e5a448,Peri Peri Doner,Popular
83854b5b-da1c-5379-911e-1eeb351812cc,bdff203e-dcad-5b2a-97ff-95dff1e5a448,Mediterranean Doner,Popular
9c00be8a-715d-562c-b6b6-42af14b37d0b,bdff203e-dcad-5b2a-97ff-95dff1e5a448,Wasabi Mayo Doner,Popular
1654d708-e1e1-5612-94e5-936c5182d4ed,bdff203e-dcad-5b2a-97ff-95dff1e5a448,The Original Chicken Doner,Popular
62f70654-a776-5e71-8c80-de4c36b51837,bdff203e-dcad-5b2a-97ff-95dff1e5a448,Durum Loaded Fries,Loaded Meal Pack
e4d83ef7-ec32-5e03-9ba6-06a2a494f187,bdff203e-dcad-5b2a-97ff-95dff1e5a448,The Doner Meat Box,Loaded Meal Pack
ac26a939-074a-525c-a564-7c24e774b3d2,9b02f744-234f-5556-92ec-98605d361c40,Chicken Nanban,Popular
98703d0f-7ef9-5055-8f1b-e4479a8c5e4d,9b02f744-234f-5556-92ec-98605d361c40,Ebi temper sushi,Popular
f8c86491-56dc-5a05-9201-2853981f6974,9b02f744-234f-5556-92ec-98605d361c40,Ginza Special Seafood Fried Rice,Popular
fe5186d3-2786-5533-aece-13997bfc7ddc,9b02f744-234f-5556-92ec-98605d361c40,Shrimp Tempura,Appetizer
749a88b8-5889-5e18-ae6b-01fdb47cece7,9b02f744-234f-5556-92ec-98605d361c40,Yakitori Chicken,Appetizer
d0bc087e-b7df-5f21-a1b0-757e576eea7b,9b02f744-234f-5556-92ec-98605d361c40,Shrimp Shu Mai,Appetizer
458e390a-a677-5538-9035-aa62b5009f62,9b02f744-234f-5556-92ec-98605d361c40,Tuna Shushi Roll - Maki,Appetizer
a5b103c8-5a02-5ff2-9aed-d63343d1d498,9b02f744-234f-5556-92ec-98605d361c40,Fire crackers chicken,Chicken
a7dc6bcf-03b9-5638-8473-756431a237f6,9b02f744-234f-5556-92ec-98605d361c40,Jalapeno Chicken,Chicken
ed0ca676-2008-5ac1-b3d5-90ad0ec7cb06,9b02f744-234f-5556-92ec-98605d361c40,Chicken Teriyaki,Chicken
7d6227bf-b3ac-559d-9c49-99a93db651ff,9b02f744-234f-5556-92ec-98605d361c40,Chicken Katsu,Chicken
b18e92dc-6798-5570-ae0c-7cc48bfe89c3,9b02f744-234f-5556-92ec-98605d361c40,Beef Gyoza,Beef
72fa388b-aca8-539b-aefe-770fc9f4327c,130f3fa5-271a-5665-9188-03cbf6d38b3a,Mutton Hyderabadi Biryani,Biryani
09ac2552-8d53-56b4-b20a-4836ca116842,130f3fa5-271a-5665-9188-03cbf6d38b3a,Mutton Dum Biryani,Biryani
5b3ecda7-8e59-5e55-9c99-5c4c947c428f,130f3fa5-271a-5665-9188-03cbf6d38b3a,Prawn Zafrani Biryani,Biryani
9816bd27-9e57-588f-bc39-1c0e70af7430,130f3fa5-271a-5665-9188-03cbf6d38b3a,Chicken Lucknawi Biryani,Biryani
4d611191-30a4-5928-b402-3299e5e1345b,130f3fa5-271a-5665-9188-03cbf6d38b3a,Porota Burger,Burger
0d0ee136-4908-51cd-a845-c20c3951d6d2,130f3fa5-271a-5665-9188-03cbf6d38b3a,Chicken Lollipop,Starter
fa2a6a8f-e634-533d-a1ce-6ca23f4096c3,130f3fa5-271a-5665-9188-03cbf6d38b3a,Chicken Tandoori Wings,Starter
ab7562e1-0e09-5c9e-9d1a-5e23836e5993,130f3fa5-271a-5665-9188-03cbf6d38b3a,Chicken Pakora,Starter
8010603d-f281-56d4-bd59-2d5b40729c53,130f3fa5-271a-5665-9188-03cbf6d38b3a,Plain Dosa,Dosa
1de6a465-5d4d-5463-8881-ab2e65c82b17,130f3fa5-271a-5665-9188-03cbf6d38b3a,Pepper Masala Dosa,Dosa
ad65a03f-38ce-5c1a-819c-1b6303176f71,130f3fa5-271a-5665-9188-03cbf6d38b3a,Chicken Roll,Roll
07888a99-2935-524e-880d-3da8f1eb5cfd,130f3fa5-271a-5665-9188-03cbf6d38b3a,Beef Sheek Roll,Roll
0c2ed9c1-eb98-5d90-bb7d-1b8c4b1acb2e,130f3fa5-271a-5665-9188-03cbf6d38b3a,Plain Naan,Paratha & Naan
639580ac-c724-57e0-84ee-1a3b0f107207,130f3fa5-271a-5665-9188-03cbf6d38b3a,Garlic Naan,Paratha & Naan
ddfc2275-9411-5a34-a0de-02bdab6c8544,130f3fa5-271a-5665-9188-03cbf6d38b3a,Chicken Malai Kebab,Chicken Kebab
d8fafb1b-311f-51db-8ed0-45f8fe6bf95a,130f3fa5-271a-5665-9188-03cbf6d38b3a,Tandoori Chicken,Chicken Kebab
214f868f-65ba-5f39-aeaa-c5af682a9d23,130f3fa5-271a-5665-9188-03cbf6d38b3a,Beef Boti Kebab,Beef Kebab
772d9ff4-d711-579a-a196-233c9c05c2ee,130f3fa5-271a-5665-9188-03cbf6d38b3a,Beef Sheek Kebab,Beef Kebab
265916dc-4ff4-5ed1-b4f5-e8842548ee67,130f3fa5-271a-5665-9188-03cbf6d38b3a,Mutton Galoti Kebab,Mutton Kebab
7c3569c6-769e-50d3-9727-abcc3c233833,130f3fa5-271a-5665-9188-03cbf6d38b3a,Tandoori Prawn,Fish Kebab
83008fdf-53d0-5e3b-b030-3575476dcf3b,8d6f89c1-34c8-568e-8d09-f9675408658b,Choco Cold Coffee (Regular),Most Popular
738f97d0-3a40-5ebb-a918-1e77bec7a71a,8d6f89c1-34c8-568e-8d09-f9675408658b,Smoked Chicken Sandwich,Most Popular
2d6f096b-46b9-534b-b00f-cc4ce981b7d7,8d6f89c1-34c8-568e-8d09-f9675408658b,Hot Fries,Most Popular
6ffebf93-f57d-5119-8cea-0482ab3f994f,8d6f89c1-34c8-568e-8d09-f9675408658b,Chicken Sub Sandwich,Most Popular
920090de-d897-5d9f-a5c1-7e19433dc656,8d6f89c1-34c8-568e-8d09-f9675408658b,Masala Wedges,Most Popular
7f11d599-90da-5555-a156-bd71f248c3df,8d6f89c1-34c8-568e-8d09-f9675408658b,Iron Mike Burger (Double),Smashed Burgers
a001ffee-190a-56c6-b94c-101422d89214,8d6f89c1-34c8-568e-8d09-f9675408658b,Iron Mike Burger (Single),Smashed Burgers
3593ded2-4322-5f85-962a-e9cb92127a9d,8d6f89c1-34c8-568e-8d09-f9675408658b,Beef Cheddar Burger (Regular),Burgers
c3695cca-a3c8-5901-bb18-2f18b3f81ad6,8d6f89c1-34c8-568e-8d09-f9675408658b,Beef Cheddar Burst,Burgers
f617a8bc-4fef-53da-98f2-a963199d929e,8d6f89c1-34c8-568e-8d09-f9675408658b,Beef N Bacon Burger,Burgers
5ee4da32-21cd-5387-b69d-79944652622e,8d6f89c1-34c8-568e-8d09-f9675408658b,Bigfoot Bird Burger,Burgers
9d01489c-e30c-54f0-91f1-064f3e202ce4,8d6f89c1-34c8-568e-8d09-f9675408658b,Chicken Cheddar Burger (Regular),Burgers
94ed0350-9f2e-5aec-81e3-38081f3703ee,402ff743-af22-589c-877c-ed81fda6c06c,Chicken Adana Kebab,GrillI - Izgara
1934378f-dced-5e16-842f-055934500107,402ff743-af22-589c-877c-ed81fda6c06c,Mix Platter 1,Mix Platters
cb7ad405-88df-5ec3-a522-1b56c019ecee,402ff743-af22-589c-877c-ed81fda6c06c,Beef Adana Kebab,GrillI - Izgara
403a6fa8-9c15-5e14-87d7-6b99cae841d0,402ff743-af22-589c-877c-ed81fda6c06c,Tavuk Sis - Chicken Shish Kebap,GrillI - Izgara
8a97fe36-f72f-572b-b1df-a1193715c4f9,402ff743-af22-589c-877c-ed81fda6c06c,Turkish Rice,Bread & Rice
2eb3e911-aae1-5836-877a-deaa66630449,402ff743-af22-589c-877c-ed81fda6c06c,Beyti Kebab,GrillI - Izgara
df66bce1-a431-5d15-b068-8ef53c0c497e,402ff743-af22-589c-877c-ed81fda6c06c,Chicken Urfa Kebab,GrillI - Izgara
78be3edd-bd54-5bf8-a820-3bc03013cc6e,402ff743-af22-589c-877c-ed81fda6c06c,Turkish Kofte (BEEF) - Meatball,GrillI - Izgara
21d07b94-18ee-5aa1-905a-9e26e6f7e2b8,402ff743-af22-589c-877c-ed81fda6c06c,Beef Shaslık Kebab,GrillI - Izgara
0646bac1-ed4e-5569-845e-5e2d6de28b85,402ff743-af22-589c-877c-ed81fda6c06c,Al Nazik Kebab,GrillI - Izgara
4842e8ba-5d8e-5bbc-a533-1a003cf9ea09,402ff743-af22-589c-877c-ed81fda6c06c,Kuzu Pirzola - Lamb Chops,GrillI - Izgara
dccc8f1d-e2a2-5903-b504-83b9b4a27ad9,402ff743-af22-589c-877c-ed81fda6c06c,Topkapi,Anadolu - Gravy
177c30b9-6b9a-5901-bb78-59eb50fc4c29,402ff743-af22-589c-877c-ed81fda6c06c,Musakka,Anadolu - Gravy
86019f44-ed20-562e-be89-40d9592b658e,402ff743-af22-589c-877c-ed81fda6c06c,Kiymali Pide,Tandir Dishes
7f3bbd85-68a8-58c3-9f3c-100bbaf784a9,402ff743-af22-589c-877c-ed81fda6c06c,Lahmacun Chicken,Tandir Dishes
20cf8386-3b75-52d8-a557-3588c3b01967,402ff743-af22-589c-877c-ed81fda6c06c,Hummus,Meze - Cold Appetizers
ad60e1f5-8ff7-555b-84dd-d20a04cdf854,402ff743-af22-589c-877c-ed81fda6c06c,Cream of Chicken Soup,Soup
c9cb0843-0c48-56f4-9970-d3c18baae5f9,402ff743-af22-589c-877c-ed81fda6c06c,Rostow Soup,Soup
f35cb7fa-a3c1-557f-9d22-ac91c11480ab,402ff743-af22-589c-877c-ed81fda6c06c,Green Salad,Salad
61ae532f-5ec4-592e-90c4-5c3eacf22a86,402ff743-af22-589c-877c-ed81fda6c06c,Mediterranean Salad,Salad
5e37cedf-fc97-5497-ae55-3ebab9370689,25ac06c9-638e-5827-a78c-59f39400b7c9,Vegetable Spring Roll,Appetizer
bfdd6e9f-0152-5829-bdb8-8b3153f06e40,25ac06c9-638e-5827-a78c-59f39400b7c9,Sauteed Mushroom,Appetizer
84083d45-ee0c-590f-8ce6-2feae2d22666,25ac06c9-638e-5827-a78c-59f39400b7c9,Prawn on Toast,Appetizer
343a064d-762c-5825-9d55-fd6aecc1f3ce,25ac06c9-638e-5827-a78c-59f39400b7c9,Chicken & Cheese Wonton,Appetizer
134cb9f0-770f-5c1c-9aed-a63dd2b5d439,25ac06c9-638e-5827-a78c-59f39400b7c9,Hakka Chicken Wings,Appetizer
46094222-a8ad-5a65-aeec-ccdb28e7f6d7,25ac06c9-638e-5827-a78c-59f39400b7c9,Cashewnut Chicken Box with Stir Fried Veg & Rice/Noodles,Hakka x Panda Lunch Box
49ff7d31-6346-5d3a-b35f-4f4f6b3e2fa4,25ac06c9-638e-5827-a78c-59f39400b7c9,Mushroom Chicken Box with Stir Fried Veg & Rice/Noodles,Hakka x Panda Lunch Box
7132dbf6-1fd8-5c21-8605-ac1b878fd0c3,25ac06c9-638e-5827-a78c-59f39400b7c9,Szechuan Prawn Box with Stir Fried Veg & Rice/Noodles,Hakka x Panda Lunch Box
f7603d98-d608-5253-b471-6b8637a92db7,25ac06c9-638e-5827-a78c-59f39400b7c9,Mongolian Beef with Stir Fried Veg & Rice/Noodles,Hakka x Panda Lunch Box
3dd167bc-e53c-5582-89d7-c9bebdf7eee1,25ac06c9-638e-5827-a78c-59f39400b7c9,Vegetable Hakka Noodles Box with Your Choice of Curries,Lunch Box
f0bcf244-22b6-5817-99b7-b566bc67c803,25ac06c9-638e-5827-a78c-59f39400b7c9,Egg Fried Rice Box with Your Choice of Curries,Lunch Box
9a3eac80-d55a-545c-9232-525d365114f6,25ac06c9-638e-5827-a78c-59f39400b7c9,Platter A,Platter
0ee7bc6e-03e5-568d-ad20-a8f0cfa0c6ea,25ac06c9-638e-5827-a78c-59f39400b7c9,Platter B,Platter
5cda3277-7c4d-581b-b17e-f0853eff3b14,25ac06c9-638e-5827-a78c-59f39400b7c9,Classic Platter,Platter
0a8b7981-fafb-5d58-9bad-393d536d04c6,25ac06c9-638e-5827-a78c-59f39400b7c9,Mega Platter,Platter
9ff0880d-ec00-5776-a0c0-32706193883e,25ac06c9-638e-5827-a78c-59f39400b7c9,Couple Platter,Platter
abe8c835-9ac6-5a1e-868f-f89f19ff439b,25ac06c9-638e-5827-a78c-59f39400b7c9,Restaurant Week,Platter
1b36c044-1b9b-5937-bd33-9af3431c12de,25ac06c9-638e-5827-a78c-59f39400b7c9,Vegetable Clear Soup,Soup
92a19eb9-da7d-5edb-89e7-708b2481a2a8,25ac06c9-638e-5827-a78c-59f39400b7c9,Asian Beef Noodles Soup,Soup
660598a4-8840-5ad6-8788-32d66bdc5cd5,25ac06c9-638e-5827-a78c-59f39400b7c9,Hot & Sour Soup,Soup
853ea018-bd80-5902-9b16-648dc14969be,acad2ecc-9e11-515a-b318-193dd53f0394,Set Menu - 1,Chinese Cuisine - Set Menu
25e05778-522f-5d39-9ebb-30d75205d4ee,acad2ecc-9e11-515a-b318-193dd53f0394,Set Menu - 2,Chinese Cuisine - Set Menu
78bc5b47-996d-58c5-9d5c-7cb1942b2cd5,acad2ecc-9e11-515a-b318-193dd53f0394,Set Menu - 3,Chinese Cuisine - Set Menu
ef517cfe-85ee-53c4-a6fb-d2fe28287121,acad2ecc-9e11-515a-b318-193dd53f0394,Steamed Rice,Rice
cf8226df-9484-5d4c-9074-2203b514dc77,acad2ecc-9e11-515a-b318-193dd53f0394,Egg Fried Rice,Rice
376eb44d-8b89-513d-ae72-55b03bc17b73,acad2ecc-9e11-515a-b318-193dd53f0394,Mixed Fried Rice,Rice
8b058d81-84c7-5bd5-be65-fb242615ff69,acad2ecc-9e11-515a-b318-193dd53f0394,Chicken Fried Rice,Rice
8d407265-91ff-51e1-946b-08e2cc0affdd,acad2ecc-9e11-515a-b318-193dd53f0394,Prawn Fried Rice,Rice
8d463a80-800d-5741-853d-ade1d8b994f4,acad2ecc-9e11-515a-b318-193dd53f0394,American Chopsuey,Chowmein & Chopsuey
468fa5b0-aa61-55e7-9087-ca5c06b0ebb6,acad2ecc-9e11-515a-b318-193dd53f0394,Chicken Chowmein,Chowmein & Chopsuey
edbc474b-9d15-5941-9fae-a04143c4ba8c,acad2ecc-9e11-515a-b318-193dd53f0394,Mixed Chowmein,Chowmein & Chopsuey
e9f6df27-79e4-5281-9268-dad16a64c8ac,acad2ecc-9e11-515a-b318-193dd53f0394,Shredded Beef,Chinese Cuisine - Beef
9c3c1b37-06b9-5d29-8259-e7b98c64147a,acad2ecc-9e11-515a-b318-193dd53f0394,Beef Sizzling,Chinese Cuisine - Beef
55ea6baa-5f0a-5247-a0fe-70671ac42e43,acad2ecc-9e11-515a-b318-193dd53f0394,Beef Chili Onion,Chinese Cuisine - Beef
550f0f58-ada7-5d08-b3cf-0a3b33af38ea,acad2ecc-9e11-515a-b318-193dd53f0394,Stir Fried Beef,Chinese Cuisine - Beef
4fb64bce-2276-565c-9e85-682eb992e442,acad2ecc-9e11-515a-b318-193dd53f0394,Beef with Mushroom & Oyster Sauce,Chinese Cuisine - Beef
6c8407ff-c6cd-5896-90f1-8f1cdf133bfa,acad2ecc-9e11-515a-b318-193dd53f0394,Mongolian Chicken,Chinese Cuisine - Chicken
dfe820b1-eec4-5249-9b13-d448753a88e7,acad2ecc-9e11-515a-b318-193dd53f0394,Sweet & Sour Chicken,Chinese Cuisine - Chicken
cfcf12b8-c7dd-5314-bf27-c7806c824a30,acad2ecc-9e11-515a-b318-193dd53f0394,Peking Chicken,Chinese Cuisine - Chicken
58495934-bfdc-5a6d-8f62-c5482044258e,acad2ecc-9e11-515a-b318-193dd53f0394,Chicken Sizzling,Chinese Cuisine - Chicken
bad26e74-f867-504b-91a9-46bd634343fd,acad2ecc-9e11-515a-b318-193dd53f0394,Chicken Corn Soup,Chinese Cuisine - Soup
674382ee-4526-5997-8c01-7a03578d0039,acad2ecc-9e11-515a-b318-193dd53f0394,Chicken Wonton,Chinese Cuisine - Soup
5a470ace-a520-5621-a6b1-af326b11b08d,acad2ecc-9e11-515a-b318-193dd53f0394,Thai Thick Soup,Chinese Cuisine - Soup
87b4fa94-723f-579a-a74a-25eb3ef77875,e3d8448c-c311-5f37-8b56-431cfc5c960a,Creamy Chicken & Sausage,Cheezy Pasta
90122b61-45c3-5242-b19b-da78b1414fc7,e3d8448c-c311-5f37-8b56-431cfc5c960a,Spicy Sausage,Gourmet Pizza
e2359904-be02-51f0-a54a-d8ca830be9cb,e3d8448c-c311-5f37-8b56-431cfc5c960a,Classic Margherita,Classic Pizza
a3a82f70-c7d4-56b5-a92e-f2fadee81ac1,e3d8448c-c311-5f37-8b56-431cfc5c960a,Chicken Alfredo,Cheezy Pasta
8f139d40-cc9c-5805-8c56-b0f435c3e5d2,e3d8448c-c311-5f37-8b56-431cfc5c960a,The Pepperonia,Classic Pizza
c2f4f990-c30c-5c1c-9f5f-4344fae3c731,e3d8448c-c311-5f37-8b56-431cfc5c960a,Thai Pie,Gourmet Pizza
eea6598d-b246-5162-8dbd-7b0e442b1b25,e3d8448c-c311-5f37-8b56-431cfc5c960a,Fajitas Fiesta,Gourmet Pizza
4ac37e8d-2b74-58a6-bcb8-cb1a7c19e037,8c452d44-cccb-5cca-be8d-f6c779233a18,Chicken Meat Ball (1:1) (10 Pcs),Most Popular
e4309547-6370-506a-9e86-ca2706db055f,8c452d44-cccb-5cca-be8d-f6c779233a18,Chicken Leg With Mushroom Dumpling (1:1),Most Popular
7ad85d04-5d18-5e87-92e0-74d90aedc29f,8c452d44-cccb-5cca-be8d-f6c779233a18,Express Chowmein (1:1),Most Popular
ca704aa8-beb2-515a-aefc-869db6a25f60,8c452d44-cccb-5cca-be8d-f6c779233a18,Chicken Curry Onion Dumpling (1:1),Most Popular
08d01059-dd6b-51dc-b91a-f0c8b2c6e4e4,8c452d44-cccb-5cca-be8d-f6c779233a18,Beef Onion Dumpling (1:1),Most Popular
5609d2c8-0f06-5a22-83fa-a8f5ca8205f2,8c452d44-cccb-5cca-be8d-f6c779233a18,Vegetable Soup,Appetizers
5cb4f589-aa46-5100-9088-2af5db012447,8c452d44-cccb-5cca-be8d-f6c779233a18,Chicken Soup,Appetizers
c53fef37-8856-5fbd-85f1-66dcc0dda11a,8c452d44-cccb-5cca-be8d-f6c779233a18,Sea-Weed (1:1),Appetizers
794054b1-a37d-578a-b160-6402f6fc06cc,8c452d44-cccb-5cca-be8d-f6c779233a18,Cold Mushroom (1:1),Appetizers
3c18de83-87dd-5b0f-a766-15cc381f402f,8c452d44-cccb-5cca-be8d-f6c779233a18,Chicken Wonton (1:1),Appetizers
6f5b7c6e-b9a7-5ff5-ac4b-da02ac6afe31,8c452d44-cccb-5cca-be8d-f6c779233a18,Express Chilli Chicken (1:1),Appetizers
19828773-2872-5f7f-8141-e9fa5df95731,8c452d44-cccb-5cca-be8d-f6c779233a18,KFD Tofu Chowmein (1:1),Appetizers
fade7401-43ef-567d-8874-c487ac1daed4,8c452d44-cccb-5cca-be8d-f6c779233a18,Pan Fried Tofu (10 Pcs),Appetizers
7f088602-aced-5f89-8c97-71d97e22673f,8c452d44-cccb-5cca-be8d-f6c779233a18,Fish Onion Dumpling (1:1),Dumplings
314f31ec-9a37-5bfd-ab57-4a34353a00b9,8c452d44-cccb-5cca-be8d-f6c779233a18,Chicken Leg (1:1),Fried Foods
fbbde75c-8461-5cbf-8a00-4ee4c5960cbb,8c452d44-cccb-5cca-be8d-f6c779233a18,Chicken Wings,Fried Foods
aacaf57f-cac3-5ccd-ac18-16815673c119,8c452d44-cccb-5cca-be8d-f6c779233a18,Fried Wonton,Fried Foods
eb95bc13-98f9-533c-b7d9-bb7e79407327,8c452d44-cccb-5cca-be8d-f6c779233a18,Sweet & Sour Meatball,Fried Foods
31722021-40ff-593a-8566-51ab69ab1369,8c452d44-cccb-5cca-be8d-f6c779233a18,Chicken Breast (1:1),Fried Foods
51e65860-5bd4-526d-8e96-510dd142a61f,8c452d44-cccb-5cca-be8d-f6c779233a18,Chicken Lollypop (1:1),Fried Foods
a8b60797-68fd-55ac-bccb-77de3e70f51e,8c452d44-cccb-5cca-be8d-f6c779233a18,KFD Chinese Vegetable,Rice & Vegetable
39ac3338-cf2f-522c-a430-2a9bf56961c9,8c452d44-cccb-5cca-be8d-f6c779233a18,KFD Egg Fried Rice,Rice & Vegetable
47a520d6-db8c-5755-8b0a-098ddcb26e17,8c452d44-cccb-5cca-be8d-f6c779233a18,KFD Mixed Fried Rice,Rice & Vegetable
822c9331-944f-5469-a12f-5e507d34818b,8c452d44-cccb-5cca-be8d-f6c779233a18,Fried Rice (Sticky) (1:1),Rice & Vegetable
8890c364-b9d2-5728-b796-9ceeb64a7d97,8c452d44-cccb-5cca-be8d-f6c779233a18,Cheese Rice With Chicken Meat Ball (1:1),Rice & Vegetable
18f1d449-6b2a-5246-b1f2-e1686bc7ede7,0867c2fe-e5e9-5434-95fb-46b1ede8cf20,Cream of Mushroom Soup,Popular
1714c91b-b828-55de-bd86-2744742c58f5,0867c2fe-e5e9-5434-95fb-46b1ede8cf20,Peruvian Chicken,Popular
8bfed916-ae60-5b51-bf10-bfc7952d3df5,0867c2fe-e5e9-5434-95fb-46b1ede8cf20,Nachos,Popular
b2b5cefe-4191-5ac5-b96f-a8bf552f589c,0867c2fe-e5e9-5434-95fb-46b1ede8cf20,Smoked Chicken Quesadillas,Popular
1c559916-cc71-5d4d-8ae2-44830f1eebae,0867c2fe-e5e9-5434-95fb-46b1ede8cf20,Tacos with Prawns,Popular
e73367d4-a90e-519e-ae49-b2a671e08c15,0867c2fe-e5e9-5434-95fb-46b1ede8cf20,Beef Quesadillas,Popular
1a0df5f4-afb9-5e31-8d57-9beb20df5e72,0867c2fe-e5e9-5434-95fb-46b1ede8cf20,Rib Eye Steak,Gastronomy 202
e25d8700-17f5-5154-8312-bbf0293a0364,0867c2fe-e5e9-5434-95fb-46b1ede8cf20,T-bone Steak,Gastronomy 202
ec5c6a1d-d976-5553-a8ad-2e7ee30c9153,0867c2fe-e5e9-5434-95fb-46b1ede8cf20,Sirloin Steak,Gastronomy 202
1dd36a0f-e87c-5c6e-984e-1edaa367be38,0867c2fe-e5e9-5434-95fb-46b1ede8cf20,Beef,Business Lunch
fe76f582-a0f8-5fca-8edc-a77e00a7ba6e,0867c2fe-e5e9-5434-95fb-46b1ede8cf20,Prawn,Business Lunch
4dd5bddc-99c1-56cb-a7cd-d9edb82c41a1,0867c2fe-e5e9-5434-95fb-46b1ede8cf20,Fish,Business Lunch
7861b12f-a8fd-5131-a59c-a080894629f8,0867c2fe-e5e9-5434-95fb-46b1ede8cf20,Chicken,Business Lunch
6302c9c3-2e39-54fc-a53e-b81f6beeec11,0867c2fe-e5e9-5434-95fb-46b1ede8cf20,Pollo con Crema,Single Platters
619a1439-5a64-56bc-829b-a730a2b87385,0867c2fe-e5e9-5434-95fb-46b1ede8cf20,Crispy Chicken Parmigiana,Single Platters
dcaab222-0eea-5aa4-bd39-a2099852de4e,0867c2fe-e5e9-5434-95fb-46b1ede8cf20,Portuguese Beef Stroganoff,Single Platters
55d61a3b-7a23-50f4-99ba-6f7bfba764d3,0867c2fe-e5e9-5434-95fb-46b1ede8cf20,The Mexican,Single Platters
57a4606f-6a57-5692-a5c0-102d777217bd,0867c2fe-e5e9-5434-95fb-46b1ede8cf20,Seafood Chowder Soup,Soup & Spaghetti
7e5098eb-6afe-551c-b158-941ae6370809,0867c2fe-e5e9-5434-95fb-46b1ede8cf20,Spaghetti Bolognese,Soup & Spaghetti
464d0baf-a46c-52ef-b6b7-5d8ffdb22b02,0867c2fe-e5e9-5434-95fb-46b1ede8cf20,Spaghetti Carbonara,Soup & Spaghetti
23f5de0f-afd1-56d5-939f-2e905026911a,0867c2fe-e5e9-5434-95fb-46b1ede8cf20,Spicy Shrimp Pasta,Soup & Spaghetti
12880c8d-169c-517a-9eee-b2daf58c1041,87055e79-2520-53e9-b125-5216711eb0a9,Mozzarella Sticks,Appetizers
2d80d33b-b2a4-5960-b239-3d1da7a8a026,87055e79-2520-53e9-b125-5216711eb0a9,Spicy Potato Wedges,Appetizers
9fa6a316-4a38-5a52-bff5-621a8bcc3835,87055e79-2520-53e9-b125-5216711eb0a9,Spicy Sautéed Mushrooms,Appetizers
61da7d49-57b5-5c11-b38c-1a29991cc7c1,87055e79-2520-53e9-b125-5216711eb0a9,Battered Fried Prawns,Appetizers
36a0e8ec-f2cb-5511-8170-5a2859abef1a,87055e79-2520-53e9-b125-5216711eb0a9,Mini Crab Cakes,Appetizers
08b1153e-96b5-54bb-b718-9f63eea9f324,87055e79-2520-53e9-b125-5216711eb0a9,Fried Calamari,Appetizers
da338f14-9809-5eaa-8283-8df78bf55cec,9afd113f-c635-53cb-960b-5527f3d7960c,Luchi,Naan & Paratha
40b1cc8a-41c9-5fc3-b5c8-1fead99bd3af,9afd113f-c635-53cb-960b-5527f3d7960c,Plain Naan,Naan & Paratha
412914ee-8d8e-57d3-ac30-c33e54bcd110,9afd113f-c635-53cb-960b-5527f3d7960c,Hariyali Kebab,Kebab
a9139d91-2d79-529d-8386-fa94a8fa8e50,9afd113f-c635-53cb-960b-5527f3d7960c,Malai Kebab,Kebab
fa634556-8df8-5bcb-8ed2-d947c5a31d6a,9afd113f-c635-53cb-960b-5527f3d7960c,Beef Sheek Kebab,Kebab
b61baacf-e7e6-54df-bf0c-6c72f0557650,9afd113f-c635-53cb-960b-5527f3d7960c,Chicken Burger,Burger
c4cdbc9b-80d9-54d3-adeb-51bd30f33dcd,9afd113f-c635-53cb-960b-5527f3d7960c,Butter Chicken,Curry
3b7bf923-826e-50b0-aeb8-a1a5686d8e31,9afd113f-c635-53cb-960b-5527f3d7960c,Achari Beef,Curry
58996f44-7246-5b34-a222-3c7dacd38535,9afd113f-c635-53cb-960b-5527f3d7960c,Fried Rice,Rice
2bf90611-3272-584b-b83d-5b45b895e69b,9afd113f-c635-53cb-960b-5527f3d7960c,Kebab Platter 1 - for 2 Person,Kebab Platter
099eaff6-bb40-585f-ba99-9e808961d914,02915e6a-c0cc-5b11-ae21-9b0909307055,Fried Calamari,Appetizer
9eaee498-68fb-520c-a310-73939d6ce12e,02915e6a-c0cc-5b11-ae21-9b0909307055,Truffle Funghi,Pasta
c19131b2-0c63-5daa-b584-d9e7f7a90f71,02915e6a-c0cc-5b11-ae21-9b0909307055,Rigatoni Arrabbiata,Pasta
c0f0c916-60d6-52fb-a198-7d1b258e8831,02915e6a-c0cc-5b11-ae21-9b0909307055,Raggu Pappadella,Pasta
6fab289d-af7d-5d89-b85b-fa1c37a23eaf,02915e6a-c0cc-5b11-ae21-9b0909307055,Frutti Di Mare,Pasta
4920f327-fdf8-59eb-9708-c66eed0d4e2f,02915e6a-c0cc-5b11-ae21-9b0909307055,Fettuccine Alfredo,Pasta
4c1cf5ff-c732-560c-bbc9-eff88a4532ee,02915e6a-c0cc-5b11-ae21-9b0909307055,Marinara,Pizza
928f7c55-ad9a-589c-8dee-b5b4cb9bb937,02915e6a-c0cc-5b11-ae21-9b0909307055,Korean by 130,Pizza
7d231706-fa30-5dc4-a582-8a4c80d7d183,02915e6a-c0cc-5b11-ae21-9b0909307055,Funghi,Pizza
1a02a541-d9da-5a14-829e-36beab05da05,02915e6a-c0cc-5b11-ae21-9b0909307055,Margarita,Pizza
b3e19cb3-4b47-57b0-ba73-84f752c69eed,02915e6a-c0cc-5b11-ae21-9b0909307055,Diavola,Pizza
712d04fc-8a27-5917-9a27-5d985b684676,c438d279-8bec-54bd-95cc-735d8e3ab68b,Crispy King,Popular
27dbdf40-a8a5-507a-a2d3-e78624e8a5e8,c438d279-8bec-54bd-95cc-735d8e3ab68b,Chicken Tender,Popular
58e03c2e-90bb-5f61-b5ad-1ef28397406d,c438d279-8bec-54bd-95cc-735d8e3ab68b,Hot Chicken Burrito,Popular
94620507-1d76-5928-a6ae-d343ac503439,c438d279-8bec-54bd-95cc-735d8e3ab68b,Fried Chicken - 2 pcs,Popular
df531db5-df5b-5d90-a849-f6244cf594d9,c438d279-8bec-54bd-95cc-735d8e3ab68b,Grill Hot N Chili Chicken,Popular
7974cb5d-5d62-50a1-970d-c78e07f0d598,c438d279-8bec-54bd-95cc-735d8e3ab68b,Crispy Sausage King,Popular
286f7fe9-a1b1-50a7-bfa4-a0b869adfcac,c438d279-8bec-54bd-95cc-735d8e3ab68b,Hot & Chili Chicken Meal,Burger Meal - Small
819a61bd-87ea-5db5-be08-9ddbe65d8ed0,c438d279-8bec-54bd-95cc-735d8e3ab68b,Tandoori Chicken Meal,Burger Meal - Small
18f242f4-c81a-5f20-947b-7717db0b451c,c438d279-8bec-54bd-95cc-735d8e3ab68b,Crunchy Garden Salad,Garden Salad
7968ede4-87db-595c-961b-54d69855294d,c438d279-8bec-54bd-95cc-735d8e3ab68b,Crispy Chicken Salad,Garden Salad
87f69b62-bf3d-5333-804b-bbd2b96ced2d,c4e95d57-1f0e-5747-afa1-b5f076b18a95,Margherita,Popular
f390c1ec-47ab-53de-878c-af4122d2ef7c,c4e95d57-1f0e-5747-afa1-b5f076b18a95,Ultimate Beef Pepperoni,Popular
27a26f89-9f0d-5706-aa5b-fd1b92252088,c4e95d57-1f0e-5747-afa1-b5f076b18a95,Texas BBQ Chicken,Popular
ad590c44-3583-5a0c-bc4d-c1998c009576,c4e95d57-1f0e-5747-afa1-b5f076b18a95,Chicken Dominator,Popular
ef112c24-f2b8-5163-a52e-ba1a27828e2f,c4e95d57-1f0e-5747-afa1-b5f076b18a95,Spicy Chicken,Popular
b5a1655e-0b93-54f8-be8a-495a67832a5b,c4e95d57-1f0e-5747-afa1-b5f076b18a95,Beefy & The Beast 2.0,Popular
f8a2d973-2c21-52ab-802f-e411a952ce4f,c4e95d57-1f0e-5747-afa1-b5f076b18a95,Beefy Meatzza,Bestsellers
62bbe2ea-0194-5383-b11a-3dd5442e3fb6,c4e95d57-1f0e-5747-afa1-b5f076b18a95,Farmhouse,Bestsellers
7c58cdba-811f-5b98-9ada-af515641df08,c4e95d57-1f0e-5747-afa1-b5f076b18a95,African Peri Peri,Bestsellers
ae84515f-dcb6-5a61-a358-24e9c3c5154c,79c108e7-53be-5dfd-a59b-956c1258f4db,Margherita Pizza,Pizza
db6cae51-5bca-5139-84d9-85cebdae6c17,79c108e7-53be-5dfd-a59b-956c1258f4db,Four Cheese Pizza,Pizza
10dfb61a-2bdb-5d31-87bc-60c85c964f4b,79c108e7-53be-5dfd-a59b-956c1258f4db,Alfredo Chicken Pizza,Pizza
be354287-6ff2-512e-9d9f-1b22736aab96,79c108e7-53be-5dfd-a59b-956c1258f4db,Baked Chicken Pasta,Pasta & Chowmein
a52cfa30-d73e-5fdd-a7ac-cfc7ad0e2cae,79c108e7-53be-5dfd-a59b-956c1258f4db,Sausage Carnival,Pizza
e49c488d-f411-5d93-affd-965d99fd1485,79c108e7-53be-5dfd-a59b-956c1258f4db,Chicken & Bacon Fettucine Alfredo,Pasta & Chowmein
8fcf6cdc-db96-59f8-8b60-ef902bcd3d00,79c108e7-53be-5dfd-a59b-956c1258f4db,Lunch Box - 1,Rice Meal
e062611f-cfc4-5c42-9bbb-feac9cb27e76,79c108e7-53be-5dfd-a59b-956c1258f4db,Tiramisu,Dessert
a4f366eb-bd66-5e88-8c54-4534c08f37fc,79c108e7-53be-5dfd-a59b-956c1258f4db,Chocolate Brownie,Dessert
0f361006-a0e4-5e13-9b78-e6d5b2dd5053,79c108e7-53be-5dfd-a59b-956c1258f4db,Cheese Garlic Bread,Sides
7786183c-8cbd-5a5b-9f3c-691491980a73,79c108e7-53be-5dfd-a59b-956c1258f4db,Mushroom Lover Pizza,Pizza
68b1a81f-2c8e-5e79-9036-a066deafd61e,6aad938f-b1e7-53da-b092-57848c23abe0,Vegetable Letka Khichuri,Popular
598c4ac4-004e-5073-b42b-9afc0ee96266,6aad938f-b1e7-53da-b092-57848c23abe0,Plain Rice,Popular
7ef9f04c-8919-532e-85a8-83bf0fd0962b,6aad938f-b1e7-53da-b092-57848c23abe0,Mixed Vegetable Curry,Popular
5d917c1f-52ad-56aa-9395-b1abd3067e4a,6aad938f-b1e7-53da-b092-57848c23abe0,Loitta Shutki Bhorta,Popular
8f081122-3ea8-599e-8b29-9bab364e8c17,6aad938f-b1e7-53da-b092-57848c23abe0,Bhuna khichuri,Popular
40c9181e-41d4-5eff-94e7-d05848ab5335,6aad938f-b1e7-53da-b092-57848c23abe0,Beef Alu Jhol Curry,Popular
fed3a0eb-c1ac-5422-9ff8-d84b6d8d18b9,6aad938f-b1e7-53da-b092-57848c23abe0,korola Bhaji,Bhorta & Bhaji
347d370c-fb19-517a-a709-300d79ffb407,6aad938f-b1e7-53da-b092-57848c23abe0,Begun Bhaji,Bhorta & Bhaji
47b36c1b-52a4-500d-bb0a-43c2bcf0f314,6aad938f-b1e7-53da-b092-57848c23abe0,Alu Bhorta,Bhorta & Bhaji
82a31aae-4e73-50e6-b59c-a8915e4c9ffd,6aad938f-b1e7-53da-b092-57848c23abe0,Chicken Boti Kebab,Kebab
9c7cf7b2-c603-5307-8a85-51520612f505,6aad938f-b1e7-53da-b092-57848c23abe0,Beef Sheek,Kebab
ae545182-b50b-5208-bc82-14815c128676,6aad938f-b1e7-53da-b092-57848c23abe0,Tandoori King Prawn,Kebab
31ce4da6-ab2a-5df2-8707-c478c45aee19,6aad938f-b1e7-53da-b092-57848c23abe0,Rui Fish Curry,Fish & Prawn
d75a7b9e-8a1c-5d2f-92da-c2cf0bff2033,6aad938f-b1e7-53da-b092-57848c23abe0,Set Menu 2,Set Menu
41a20e45-4577-5293-a90d-8225a6be32db,6aad938f-b1e7-53da-b092-57848c23abe0,Doi,Dessert
206622e9-e8fd-5d3b-9ec1-c223a2320283,cefa0578-f25e-5314-bad3-6348be4a3f36,Xia Sanwen,Popular
73f0254d-4100-5de2-92dd-fc91f1ee02bc,cefa0578-f25e-5314-bad3-6348be4a3f36,Chicken Tom Yum Rice Bowl,Popular
6655b864-1655-5cef-99f2-0b4f931e7897,cefa0578-f25e-5314-bad3-6348be4a3f36,Haixian Rice Bowl,Popular
6cb34fae-2def-571f-a57c-5b7f5eda2f15,cefa0578-f25e-5314-bad3-6348be4a3f36,Seafood Fried Rice,Popular
f5978264-84f6-5fce-80e7-87dd128f2c01,cefa0578-f25e-5314-bad3-6348be4a3f36,Naga Fried Rice,Popular
76ada542-d7a7-5862-a096-587023dba5a5,cefa0578-f25e-5314-bad3-6348be4a3f36,Corn & Cream Cheese Jiaozi,Popular
1b60f755-ecbc-5904-b1a1-a3609e3e24e6,cefa0578-f25e-5314-bad3-6348be4a3f36,Fried Crab Stick,Starter
d1d58cdc-7bc0-50f6-b810-9d72bf7004aa,cefa0578-f25e-5314-bad3-6348be4a3f36,Prawn Tempura,Starter
62675d8e-8b68-5234-9ca4-af78cfbfe357,cefa0578-f25e-5314-bad3-6348be4a3f36,Prawn & Cream Cheese Golden Bags,Starter
0dc8ddbd-878f-507a-9f9d-fb719a85f10d,cefa0578-f25e-5314-bad3-6348be4a3f36,Spicy Salmon Sashimi Salad,Salad
72cade38-eb02-553a-9ca1-0a2a9ec104cf,cefa0578-f25e-5314-bad3-6348be4a3f36,Prawn Nigiri,Sushi
2b864788-a9aa-5f95-a9ed-03f58d2ccce7,cefa0578-f25e-5314-bad3-6348be4a3f36,Nigiri Combo,Sushi
12ebe4d5-734b-5a3c-bc1a-0ec26fce90d3,cefa0578-f25e-5314-bad3-6348be4a3f36,Chizu Kani,Sushi
7aa6ae3f-3b2f-5b95-8c58-17ad90d860db,cefa0578-f25e-5314-bad3-6348be4a3f36,Crab Fusion,Sushi
a6b98a6d-e460-58ef-8859-3285cfc1ef6f,cefa0578-f25e-5314-bad3-6348be4a3f36,Mango Sticky Rice,Dessert
dfa56922-53e0-5b0f-869b-0f9c98a754c8,65127aec-6144-5e98-a1b5-f08a20a43301,535 - Chicken Katsu Don,Rice Dish
ed1075b9-e54d-53fa-b9d9-a50115273708,65127aec-6144-5e98-a1b5-f08a20a43301,300 - Yakitori Moriawase,Popular
eb1cf5e6-e66e-5382-81fc-dce89ddd3d6d,65127aec-6144-5e98-a1b5-f08a20a43301,540 - Chicken Curry Rice,Rice Dish
fd8eba3c-89d4-5ecc-8360-e0dce35ca0bb,65127aec-6144-5e98-a1b5-f08a20a43301,203 - Caesar Salad,Salad
2c799abb-3b9f-57a7-9c3e-676940c72e4c,65127aec-6144-5e98-a1b5-f08a20a43301,315 - Goya Champuru,Sauteed Items
718d6d72-bd47-5cc4-a115-0a6adef41ce9,65127aec-6144-5e98-a1b5-f08a20a43301,339 - Harasu Yaki,Grilled Items
b2d21dff-73d6-59ed-accd-384087c5279c,65127aec-6144-5e98-a1b5-f08a20a43301,322 - Saba Shioyaki,Grilled Items
802a1a4b-db04-524c-b1d4-8fae51751850,65127aec-6144-5e98-a1b5-f08a20a43301,340 - Eihire Yaki,Grilled Items
f8398518-5b3e-5976-8d9b-f2fca303425f,65127aec-6144-5e98-a1b5-f08a20a43301,305 - Tebasaki,Fried Items
2472f196-f543-524f-bc1a-118661d35d9d,65127aec-6144-5e98-a1b5-f08a20a43301,532 - Yakitori Don,Rice Dish
5dda5efa-77e5-53b6-b4f7-6b6595e7e8ac,65127aec-6144-5e98-a1b5-f08a20a43301,538 - Yaki Chahan,Rice Dish
52f4e583-312a-589d-9dfe-1c05fdfb38b7,65127aec-6144-5e98-a1b5-f08a20a43301,Gohan Set,Set Menu
eaf6c484-c1ea-54ab-8317-538fb18b8e70,0c9a50c0-20fe-5237-a184-aa06b0b5f638,Tamago Egg Maki,Sushi Rolls
c44319cd-0cc2-5e1b-bb56-20ed97034a86,0c9a50c0-20fe-5237-a184-aa06b0b5f638,Jalapeno/Cucumber Maki,Sushi Rolls
f0706f46-e8af-5772-9103-84851806501d,0c9a50c0-20fe-5237-a184-aa06b0b5f638,Avocado Tomago Egg Maki,Sushi Rolls
e841aeb0-2078-5089-aa9f-cee588a6bf68,0c9a50c0-20fe-5237-a184-aa06b0b5f638,California Roll,Sushi Rolls
40c3577b-9d26-51d8-a28e-a5d67fcb9ddb,0c9a50c0-20fe-5237-a184-aa06b0b5f638,Spicy California roll,Sushi Rolls
a7a6ff96-0281-5230-a31b-a4f326e9e40e,0c9a50c0-20fe-5237-a184-aa06b0b5f638,California Nori outside roll,Sushi Rolls
9665cd9e-56f5-5f6c-959e-2f3b13c9b436,0c9a50c0-20fe-5237-a184-aa06b0b5f638,Tuna Mayo Roll,Sushi Rolls
0ec8a438-3a5c-5f8d-b294-bb897e3c428c,0c9a50c0-20fe-5237-a184-aa06b0b5f638,Shrimp Tempura Roll,Sushi Rolls
3588ab8e-df68-551e-a784-f14e7bccf76b,0c9a50c0-20fe-5237-a184-aa06b0b5f638,Rainbow Roll,Sushi Rolls
cf5012b1-0565-5013-add3-3cad427950c2,0c9a50c0-20fe-5237-a184-aa06b0b5f638,Quatro Nigiri Combo,Mixed Sushi Combo Boxes
1ac29bbe-7f70-5924-a5e9-3632e98cd8a1,0c9a50c0-20fe-5237-a184-aa06b0b5f638,Katsu Curry Bento,Bento boxes
fbbb7fdb-20c1-52cb-a7b3-61fe09e340dc,0c9a50c0-20fe-5237-a184-aa06b0b5f638,Tamago Egg Nigiri,Nigiri & Sashimi
1e86f984-8686-59cd-a884-4d011854a7ca,0c9a50c0-20fe-5237-a184-aa06b0b5f638,Shrimp Nigiri,Nigiri & Sashimi
2004f99e-580d-5a1d-ae20-8d29f39f3178,0c9a50c0-20fe-5237-a184-aa06b0b5f638,Salmon nigiri,Nigiri & Sashimi
fc2df120-07bf-5e40-b2c9-282e0d75f431,0c9a50c0-20fe-5237-a184-aa06b0b5f638,Tuna Sashimi Slices,Nigiri & Sashimi
ae076512-41d4-5664-bfdd-1f022aa48c8a,0c9a50c0-20fe-5237-a184-aa06b0b5f638,Shrimp tempura,Batter Fried Tempura
3595d12e-780c-5060-9b30-0dd7fb783ff4,b8f2c4bf-8271-5b74-9af3-c028caa5b092,Spicy Crispy Fried Chicken,Popular
3ba402b9-bb2b-516d-8290-904708ab619a,b8f2c4bf-8271-5b74-9af3-c028caa5b092,Best Burger,Popular
87c17c96-f7e3-5082-83c1-281123eb8830,b8f2c4bf-8271-5b74-9af3-c028caa5b092,Regular Crispy Fried Chicken,Popular
bc968feb-b7b5-5605-b01f-615c1a39d906,b8f2c4bf-8271-5b74-9af3-c028caa5b092,Regular Crispy Fried Chicken Bucket,Bucket
754addaa-4c01-5bb8-a87b-d26bdcfb9b8a,b8f2c4bf-8271-5b74-9af3-c028caa5b092,Hot Wings - 8 pcs,Wings
10028cc6-cdb2-58bb-be68-a7baf68065a9,b8f2c4bf-8271-5b74-9af3-c028caa5b092,Naga Fried Chicken,Chicken
14a67940-24f2-5b25-aacf-b626bf484e69,b8f2c4bf-8271-5b74-9af3-c028caa5b092,Combo 15,Combo Meal
043ce3bd-1e99-507d-96b2-8f910cc6307e,b8f2c4bf-8271-5b74-9af3-c028caa5b092,Combo 16,Combo Meal
e9b693b3-0c54-510b-aa19-c2c3b24a46ba,b8f2c4bf-8271-5b74-9af3-c028caa5b092,Combo 17,Combo Meal
ce475ded-d045-5116-a07f-5d1a30c4dad2,b8f2c4bf-8271-5b74-9af3-c028caa5b092,Supreme Cheese Burger,Burger
d0ca6a17-bf88-5794-b8c0-955931eb477d,b8f2c4bf-8271-5b74-9af3-c028caa5b092,Supreme Burger,Burger
634e6a98-edf1-55c0-9c6e-e4b15f3b0845,b8f2c4bf-8271-5b74-9af3-c028caa5b092,Grilled Cheese Burger,Burger
7fc5ecbf-d1d7-58ab-90ff-c16e435cf25a,b8f2c4bf-8271-5b74-9af3-c028caa5b092,Juicy Burger,Burger
23dd7e14-3e60-5fd9-96ec-b58c2d1925a7,b8f2c4bf-8271-5b74-9af3-c028caa5b092,Spicy Burger with Cheese,Burger
eed12e0d-d49e-5345-81db-8b4fe45ac8f1,d5ea0be1-d6d3-57b2-b759-e89aafc47421,Achari Khichuri,Most Popular
04c55e3d-a01f-570e-a4b7-a3a59ec6afa6,d5ea0be1-d6d3-57b2-b759-e89aafc47421,Shahi Mutton Kacchi Biriyani With Chutney,Most Popular
66cf4f57-dcc1-5c3e-8b31-5f6712b9f167,d5ea0be1-d6d3-57b2-b759-e89aafc47421,Zafrani Polao With Roast,Most Popular
189706bf-9abc-5319-a2fe-a53af1c1b0fb,d5ea0be1-d6d3-57b2-b759-e89aafc47421,Cream Yogurt Borhani Glass,Wedding Specials
1b82fb91-282a-5859-9d04-c29302d5ed26,d5ea0be1-d6d3-57b2-b759-e89aafc47421,Wedding Chicken Roast,Wedding Specials
2f3261fd-4e62-55a0-bfee-cc56b44eb8d1,d5ea0be1-d6d3-57b2-b759-e89aafc47421,Jali Kebab,Wedding Specials
34a88c6f-1ebd-5a8e-addc-302c167a486d,d5ea0be1-d6d3-57b2-b759-e89aafc47421,Mutton White Bhuna,Wedding Specials
30209583-348c-54cf-ad53-8ce1aff3a7e2,d5ea0be1-d6d3-57b2-b759-e89aafc47421,Shahi Saffron Firni,Wedding Specials
6a4ed707-88e4-5b09-9353-1aafd131ea35,d5ea0be1-d6d3-57b2-b759-e89aafc47421,Shahi Zorda,Wedding Specials
997b03a8-f0a0-54aa-91d2-7deb55b911b0,d5ea0be1-d6d3-57b2-b759-e89aafc47421,Wedding Beef Rezala,Wedding Specials
51accf96-6392-5c65-aa81-6449e38d35cf,d5ea0be1-d6d3-57b2-b759-e89aafc47421,Kebab Platter,Platter
db8da9e5-b8ad-52f0-8e40-7d388bd50be8,d5ea0be1-d6d3-57b2-b759-e89aafc47421,Set Menu - 1,Set Menu
9ac47779-d92b-5a26-b6c8-9dc3b75640ed,d5ea0be1-d6d3-57b2-b759-e89aafc47421,Butter Naan,Naan & Paratha
14bc7892-7d38-554b-88ca-f12c93be9998,d5ea0be1-d6d3-57b2-b759-e89aafc47421,Chicken Tikka,Tandoori N Kebab
8754cc50-1692-54c1-b1ff-9eaf7fc250b6,d5ea0be1-d6d3-57b2-b759-e89aafc47421,Tandoori Chicken,Tandoori N Kebab
23fa25ff-0dc6-573b-af0f-9f5c0ad66723,effb1400-4cab-536b-8e1e-8c96e624d78c,Plain Khichuri,Khichuri
28a6e183-fcac-5325-8ade-d640aee7330d,effb1400-4cab-536b-8e1e-8c96e624d78c,Beef Bhuna Khichuri,Khichuri
1aa65941-a8a5-5c43-b036-a5136c9f5779,effb1400-4cab-536b-8e1e-8c96e624d78c,Chicken Bhuna Khichuri,Khichuri
ee0d7d78-1b02-52b2-8f45-6e799ed7059a,effb1400-4cab-536b-8e1e-8c96e624d78c,Mutton Bhuna Khichuri,Khichuri
cc49da67-c74d-5994-bd18-114311be5eb1,effb1400-4cab-536b-8e1e-8c96e624d78c,Ilish with Beef Bhuna Khichuri,Khichuri
1826e24b-2606-5433-b8d1-eeff9476df7c,effb1400-4cab-536b-8e1e-8c96e624d78c,Ilish with Chicken Bhuna Khichuri,Khichuri
c6b3b000-d63d-5673-870a-2b7a7e11c440,effb1400-4cab-536b-8e1e-8c96e624d78c,Rupchanda with Beef Bhuna Khichuri,Khichuri
8e8ed0fc-c344-53ad-a1d3-f2d4784668c5,effb1400-4cab-536b-8e1e-8c96e624d78c,Vegetable Khichuri,Khichuri
54f9110c-c30e-5f0f-9588-ff66ee50d945,effb1400-4cab-536b-8e1e-8c96e624d78c,Hojoborolo Khichuri,Khichuri
f3589565-916d-5cca-ba20-c096e7c42dd0,effb1400-4cab-536b-8e1e-8c96e624d78c,Beef Lal Bhuna,Curry
bcb5ab20-40e2-5a58-b342-f5dd86dcecea,effb1400-4cab-536b-8e1e-8c96e624d78c,Beef Kala Bhuna,Curry
6c5f0a81-b943-5fae-b15d-22caef3da23a,effb1400-4cab-536b-8e1e-8c96e624d78c,Fried Rui Fish,Curry
e4f1eadf-35df-5dd2-b59b-ef48302688d0,effb1400-4cab-536b-8e1e-8c96e624d78c,Shak Bhaji,Bhaji
2ac44e6f-a31d-5441-9a43-eaca87f79836,effb1400-4cab-536b-8e1e-8c96e624d78c,Plain Rice,Rice
fb6acf77-953c-5c7a-808c-fbd2158a45e1,effb1400-4cab-536b-8e1e-8c96e624d78c,Set Menu - 01,Set Menu
aca635ec-b99f-52d4-8e8c-db6912355493,effb1400-4cab-536b-8e1e-8c96e624d78c,Set Menu - 02,Set Menu
f5178724-60c7-5455-bce0-9e91599365e4,3273f8ec-825f-59f5-81d8-339d72b880af,Sandwich,Sandwich
1f039394-911f-58bd-b368-5975266e2172,3273f8ec-825f-59f5-81d8-339d72b880af,XXL Fried Chicken - Five Spice,Fried Chicken
350a8b0b-4545-5b05-97fe-ccf18c9cdeca,3273f8ec-825f-59f5-81d8-339d72b880af,French Fries,Sides
8f651c0c-a3e5-5d79-bcbc-b2695820536d,3273f8ec-825f-59f5-81d8-339d72b880af,XXL Fried Chicken - Smokey Lime,Fried Chicken
358baa4b-86bd-56cf-8b3a-a612d8022f30,3273f8ec-825f-59f5-81d8-339d72b880af,XXL Fried Chicken - Herb & Spices,Fried Chicken
1f9b7de7-71c9-5005-b48d-33cc2c7868df,3273f8ec-825f-59f5-81d8-339d72b880af,Chicken Wings,Fried Chicken
9798bec6-7a44-584e-8bd0-4aceebe16305,3273f8ec-825f-59f5-81d8-339d72b880af,XXL Fried Chicken - Chili,Fried Chicken
cbe7b3c2-9406-5c47-ad79-1cb7e3cb446c,3273f8ec-825f-59f5-81d8-339d72b880af,Garlic Mayo,Dips
370cdf57-99d3-5b1f-af7d-9e49424a8d1c,3273f8ec-825f-59f5-81d8-339d72b880af,Naga Mayo,Dips
647bf8db-b219-5e58-8dab-f26e70e2b342,32ea1c96-8acb-597c-b423-7d73397cdc75,Fried Spring Chicken,Popular
122e71a7-426d-5c16-8ef6-61693c1e4a88,32ea1c96-8acb-597c-b423-7d73397cdc75,American Chopsuey,Popular
fbf97e2a-5884-5a7d-b124-79d993dce5d3,32ea1c96-8acb-597c-b423-7d73397cdc75,New Cathay Special Szechuan Soup (Hot),Soup
49afb9b5-b213-5779-9755-addc236abda5,32ea1c96-8acb-597c-b423-7d73397cdc75,Special Chowmein,Chowmein
df54f331-ec75-54c7-8c69-96c06f418b74,32ea1c96-8acb-597c-b423-7d73397cdc75,Chicken Chowmein,Chowmein
8fd10aaa-bae7-5824-b54c-b9b9a5b76479,32ea1c96-8acb-597c-b423-7d73397cdc75,Prawn Corn Soup,Soup
d829fdb4-0942-5ffb-9f84-4b2825e1adb6,32ea1c96-8acb-597c-b423-7d73397cdc75,Special Chicken Ball,Starters
841dd0d0-4f4f-5332-b12e-c51c0c3a19d8,32ea1c96-8acb-597c-b423-7d73397cdc75,Chicken Cashewnut Salad,Starters
3a46c6a6-2875-5831-9021-66eb7da2d174,32ea1c96-8acb-597c-b423-7d73397cdc75,Prawn On Toast,Starters
f1833a2d-715c-5a93-842e-381de4a82224,32ea1c96-8acb-597c-b423-7d73397cdc75,Fried Wonton,Starters
65d7a688-76ab-5ead-9639-248d6296f1f9,32ea1c96-8acb-597c-b423-7d73397cdc75,Steamed or Fried Siu Mai,Starters
76268786-994d-5b1e-91ad-bb79ed7e3448,32ea1c96-8acb-597c-b423-7d73397cdc75,Butterfly Shrimp,Starters
afb74576-65ef-5bd5-a82b-b8f7dc4bcea8,32ea1c96-8acb-597c-b423-7d73397cdc75,Snow Crispy Prawn Ball,Starters
8083d42a-be94-53e5-bf53-1a4c3d39dbde,32ea1c96-8acb-597c-b423-7d73397cdc75,Prawn Ball Pallet,Starters
7e7505f6-f37f-5d26-9e2e-91c178a5b651,32ea1c96-8acb-597c-b423-7d73397cdc75,Cashew Crispy Chicken,Starters
e45a3e43-47df-53a4-955e-83d97165db3f,32ea1c96-8acb-597c-b423-7d73397cdc75,Prawn Dim Sum,Starters
db85a13d-1c59-539f-b32a-4356cefb314b,32ea1c96-8acb-597c-b423-7d73397cdc75,Chicken Dim Sum,Starters
68102d37-b4a0-53c9-be71-90da491ebbe7,32ea1c96-8acb-597c-b423-7d73397cdc75,Hunan Hot & Sour Soup (Hot),Soup
93ee5e9a-0248-5065-9569-491cf7a75d21,32ea1c96-8acb-597c-b423-7d73397cdc75,Hot & Sour Soup (Hot),Soup
b77934ec-0e20-57d2-805c-7e3a1e54e1ed,32ea1c96-8acb-597c-b423-7d73397cdc75,Lemon Soup,Soup
4f44a0fe-0100-58c8-af7e-f43c59175ecf,32ea1c96-8acb-597c-b423-7d73397cdc75,Seafood Soup,Soup
2c29d407-8161-5c26-a616-113d680b52e2,32ea1c96-8acb-597c-b423-7d73397cdc75,Chicken Corn Soup,Soup
1ebfcebc-0fb2-54a1-9aa5-52008c94125c,32ea1c96-8acb-597c-b423-7d73397cdc75,Chicken Vegetable Soup,Soup
0dbc7d93-b450-5407-a5a1-3b62be6edd6e,32ea1c96-8acb-597c-b423-7d73397cdc75,Prawn Vegetable Soup,Soup
1f2c46d0-aa42-597c-a230-5fa26fd65cd1,32ea1c96-8acb-597c-b423-7d73397cdc75,Mixed Vegetable Soup,Soup
c6805cf6-b20a-5a17-a052-c19d81c18379,32ea1c96-8acb-597c-b423-7d73397cdc75,Wonton Soup,Soup
8d6625da-a775-5931-be65-f6591e6780ed,32ea1c96-8acb-597c-b423-7d73397cdc75,Wonton Noodle Soup,Soup
be1d9f60-ce13-503e-9d80-1c79ad015cb5,32ea1c96-8acb-597c-b423-7d73397cdc75,Chicken Noodle Soup,Soup
1017c394-49c0-5b0c-aac9-c603d6549d51,32ea1c96-8acb-597c-b423-7d73397cdc75,Special Noodle Soup,Soup
a5b9c029-a175-536f-84df-e78af4ea97a5,32ea1c96-8acb-597c-b423-7d73397cdc75,Stuffed Mushroom,Special Order
2d4d0c5d-cece-5cea-8be0-2bc44497ad65,32ea1c96-8acb-597c-b423-7d73397cdc75,Szechuan Chicken (Hot),Chicken
d8605842-c0fe-5bcf-8dc8-f4c5e44720e4,32ea1c96-8acb-597c-b423-7d73397cdc75,Hunan Chicken (Hot),Chicken
464da63b-0e00-59f6-9e74-b650cb82b8a9,32ea1c96-8acb-597c-b423-7d73397cdc75,Lemon Chicken,Chicken
48ba27e5-04b1-547b-b581-ec91f585f48d,32ea1c96-8acb-597c-b423-7d73397cdc75,Peking Chicken,Chicken
ec6acd7b-acaf-5542-aa47-51b5c1ad9c69,32ea1c96-8acb-597c-b423-7d73397cdc75,Sesame Dry Chicken,Chicken
1faf06da-5769-5ebb-9839-9e57b3b79db9,32ea1c96-8acb-597c-b423-7d73397cdc75,Orange Chicken,Chicken
8afd8223-6900-50ad-afb1-6bed6a0b5b37,32ea1c96-8acb-597c-b423-7d73397cdc75,Kung Pao Chicken (Hot),Chicken
b4e10b9a-3e8c-57ed-9dcb-43f38663c356,32ea1c96-8acb-597c-b423-7d73397cdc75,Szechuan Fried Chicken,Chicken
8238d4ac-43f5-5a48-a0db-545f4b684d73,32ea1c96-8acb-597c-b423-7d73397cdc75,Steam Chicken,Chicken
1dcf2a41-0c85-5189-a30d-91474442cc11,32ea1c96-8acb-597c-b423-7d73397cdc75,Soya Steam Chicken,Chicken
4dc53652-7bdf-5623-a6f9-1f1319e49a89,32ea1c96-8acb-597c-b423-7d73397cdc75,Chicken with Mushrooms & Vegetables,Chicken
366c2723-de49-5d33-90a4-55c96af7b06b,32ea1c96-8acb-597c-b423-7d73397cdc75,Chicken with Cashewnut,Chicken
42e377c7-a3c5-5bab-8296-db493db1b3fc,32ea1c96-8acb-597c-b423-7d73397cdc75,Sizzling Chicken (Hot),Chicken
4e7b1be4-e4b9-529f-a23b-9877fdf80ab8,32ea1c96-8acb-597c-b423-7d73397cdc75,Chicken with Pineapple,Chicken
646d4059-1b34-591c-af6a-68f9fec52554,32ea1c96-8acb-597c-b423-7d73397cdc75,Chicken Mushroom & Bamboo Shoot,Chicken
f56a4455-72b3-5bdc-b52b-b1771d070161,32ea1c96-8acb-597c-b423-7d73397cdc75,Chicken Chili Onion,Chicken
51a2712e-d881-5395-804a-9d5a940fd89d,32ea1c96-8acb-597c-b423-7d73397cdc75,Soya Special Chicken with Bone,Chicken
c79ed594-b95d-592f-92fa-229f1f9c58fa,32ea1c96-8acb-597c-b423-7d73397cdc75,Soya Special Chicken without Bone,Chicken
e514b563-02ea-578c-a66d-e37b2d9fa76b,32ea1c96-8acb-597c-b423-7d73397cdc75,Garlic White Chicken,Chicken
09d73d68-4672-5e9a-af2a-0ad1deafc57d,32ea1c96-8acb-597c-b423-7d73397cdc75,Canton Chicken,Chicken
34de903f-8803-5b79-9355-61b95a5033be,32ea1c96-8acb-597c-b423-7d73397cdc75,Sweet & Sour Chicken,Chicken
461e1a43-0df8-5074-9b8b-d21db7bb35a0,32ea1c96-8acb-597c-b423-7d73397cdc75,Szechuan Chowmein (Hot),Chowmein
bf88287e-1fd9-5e79-b681-fd523d9ca781,32ea1c96-8acb-597c-b423-7d73397cdc75,Prawn Chowmein,Chowmein
7bdc0431-c496-5c0c-83d6-5ff5f25d66f1,32ea1c96-8acb-597c-b423-7d73397cdc75,Beef Chowmein,Chowmein
d0d4d14f-3f0c-524e-94e5-dd000966963c,32ea1c96-8acb-597c-b423-7d73397cdc75,Mandarin Style Chowmein (Sesame Flavored),Chowmein
7aa72fa5-7634-53d6-acd9-335ffcb8a6f0,32ea1c96-8acb-597c-b423-7d73397cdc75,Efu Chowmein,Chowmein
f9a9986d-2387-5b97-9110-809cf58e5b9b,32ea1c96-8acb-597c-b423-7d73397cdc75,Cantonese Chopsuey (Hot),Chopsuey
2dc83436-85f4-5eed-b79d-69e48e013b58,32ea1c96-8acb-597c-b423-7d73397cdc75,Hunan Chopsuey (Hot),Chopsuey
b2468c6d-c0da-59d4-9b9d-70684ace9fa0,32ea1c96-8acb-597c-b423-7d73397cdc75,Chicken Chopsuey,Chopsuey
3a0ecb96-d68f-5209-8323-560194c08268,32ea1c96-8acb-597c-b423-7d73397cdc75,Chinese Chopsuey,Chopsuey
8b26c20e-0641-5381-882a-0f3b002596c5,32ea1c96-8acb-597c-b423-7d73397cdc75,American Chopsuey,Chopsuey
ea4f4bed-00fa-5eee-adbb-829da850fe99,32ea1c96-8acb-597c-b423-7d73397cdc75,Prawn Chopsuey,Chopsuey
6da1669a-e113-5f0c-9c11-49f30123b798,32ea1c96-8acb-597c-b423-7d73397cdc75,Garlic Prawn White,Prawn
5d17aa7f-61f9-5cae-aab4-54e27a8bedca,32ea1c96-8acb-597c-b423-7d73397cdc75,Home Style Bean Curd,Vegetables
69397fc1-e129-54d5-bf11-0295a4e139fc,32ea1c96-8acb-597c-b423-7d73397cdc75,Szechuan Style Vegetables,Vegetables
d17f4d32-88d2-59d6-98e1-45d0cdb26746,32ea1c96-8acb-597c-b423-7d73397cdc75,Hunan Spicy Vegetables,Vegetables
b7240486-b29d-56a8-966d-7090efe41e42,32ea1c96-8acb-597c-b423-7d73397cdc75,Mixed Green Wok,Vegetables
1710ec99-d667-5e74-a722-c0b131154cef,32ea1c96-8acb-597c-b423-7d73397cdc75,Special Fried Rice,Rice
3e4360be-9712-5554-a616-d1cf24aa020e,32ea1c96-8acb-597c-b423-7d73397cdc75,Egg Fried Rice,Rice
74b877e7-b308-5d02-a180-fe6ce18911a1,32ea1c96-8acb-597c-b423-7d73397cdc75,Chicken Fried Rice,Rice
581a7eda-2f30-5fac-bd48-efdbaee8e71d,32ea1c96-8acb-597c-b423-7d73397cdc75,Prawn Fried Rice,Rice
9a9ae13b-643e-5116-b733-bf2ac270c092,32ea1c96-8acb-597c-b423-7d73397cdc75,Steam Rice with Chicken M.B. Shoot,Rice
20079266-6808-53c1-b67d-1160f988329a,32ea1c96-8acb-597c-b423-7d73397cdc75,Beef Fried Rice,Rice
b346dc66-a1e8-5ec3-b6dd-1cc96a117ae1,32ea1c96-8acb-597c-b423-7d73397cdc75,Steamed Rice,Rice
869569d5-5f2a-5642-8804-6ba2679a898e,32ea1c96-8acb-597c-b423-7d73397cdc75,Lunch Box 1,Set Menu
552d00aa-5851-5bc8-8e19-7d509af43c00,32ea1c96-8acb-597c-b423-7d73397cdc75,Lunch Box 2,Set Menu
0988d2bd-6d6a-56d6-8302-717280664175,32ea1c96-8acb-597c-b423-7d73397cdc75,Lunch Box 3,Set Menu
fc3e6a40-2eee-57db-aacb-6657ba3d26cf,a173a3ff-3340-503e-95f6-514d5c1f713e,Garlic Butter Rice Bowl With Chicken Wings (2 Pcs),Most Popular
5611fc58-920e-5dba-abac-d29b66ec4cdc,a173a3ff-3340-503e-95f6-514d5c1f713e,Seafood Fries Rice Bowl With Juicy Fish Fillet With Crispy Batter,Most Popular
7555f485-9012-50c6-a085-3826582f74e1,a173a3ff-3340-503e-95f6-514d5c1f713e,Traditional Fish N Chips (Fish 2 Pcs),Most Popular
bb69ea05-af62-5b91-a893-61f1b9e227b1,a173a3ff-3340-503e-95f6-514d5c1f713e,Fried Fish Box (All Items 3 Pcs),Most Popular
5c6d8bd4-2752-5411-8d1c-6945247a7ceb,a173a3ff-3340-503e-95f6-514d5c1f713e,Seafood Fried Rice,Most Popular
5e69c44c-e7ad-5d66-aec8-d35b2dbb8cdd,a173a3ff-3340-503e-95f6-514d5c1f713e,Fish Fillet Burger With Cheese,Burger
8730849c-1dad-577d-9533-9fd859f9d31d,a173a3ff-3340-503e-95f6-514d5c1f713e,Prawn Burger With Cheese,Burger
b2feab8f-4cfd-55de-a293-719e8463370e,a173a3ff-3340-503e-95f6-514d5c1f713e,Loitta Fish Fry With Butter Chips,Fries Items
58d4fa3c-94ba-51e5-aefd-5a06ed916446,a173a3ff-3340-503e-95f6-514d5c1f713e,Chicken Wings (5 Pcs),Fries Items
49232a53-7e0a-5eb5-8b7c-22d340bd8a3f,a173a3ff-3340-503e-95f6-514d5c1f713e,Chicken Strips (5 Pcs),Fries Items
5b57adf7-46b7-5391-ae47-65639c95980f,a173a3ff-3340-503e-95f6-514d5c1f713e,Prawn Tempura (5 Pcs),Fries Items
ad7abf04-0dff-5d4d-8408-d9205f1d7a89,a173a3ff-3340-503e-95f6-514d5c1f713e,Squid Fry Box,Fries Items
4841e591-8f35-5fd8-8cc1-f6795190805a,a173a3ff-3340-503e-95f6-514d5c1f713e,Fish,Sides
d5f05138-28db-5fb8-8582-db0987e30fdb,a173a3ff-3340-503e-95f6-514d5c1f713e,Garlic Batter Rice With Chicken Strips (2 Pcs),Rice Items
d00f27a4-37a2-53ce-b5f6-266bc77aee1d,a173a3ff-3340-503e-95f6-514d5c1f713e,Combo Meal,Combo
c17933b4-5b22-5355-adbf-8ddfc3498871,74fe8054-8632-52d3-9bc4-c696d94f1517,Milk Tea,Milk Tea
7a904558-02df-59a8-ba02-9ade840ab90e,74fe8054-8632-52d3-9bc4-c696d94f1517,Kadak Masala,Milk Tea
37a8ce77-7685-5cc4-9f8c-b24eb26d56d6,74fe8054-8632-52d3-9bc4-c696d94f1517,Badam Cha,Milk Tea
4addf485-36fd-5a46-b8d8-facb6b7e88f1,74fe8054-8632-52d3-9bc4-c696d94f1517,Ponir Cha,Milk Tea
5e9d610c-1901-5720-a0e7-15b5be335e04,74fe8054-8632-52d3-9bc4-c696d94f1517,Masala Tea,Tea
734551f4-a95c-5bcd-ac32-de05d075b156,74fe8054-8632-52d3-9bc4-c696d94f1517,Lemon Tea,Tea
5aa568ed-0b2e-553b-8729-40f121ab55aa,74fe8054-8632-52d3-9bc4-c696d94f1517,Ginger Tea,Tea
4cd5c2c7-0f12-55f1-836f-82798135f228,74fe8054-8632-52d3-9bc4-c696d94f1517,Iced Tea,Tea
60be5744-8517-530a-b467-b15acd273895,74fe8054-8632-52d3-9bc4-c696d94f1517,Rong Cha,Tea
b4d782fb-c30d-583f-ba42-18363f7fcb9d,74fe8054-8632-52d3-9bc4-c696d94f1517,Sweet Lassi,Lassi
0453fd1d-e4a9-599b-876f-6ec289bbae49,74fe8054-8632-52d3-9bc4-c696d94f1517,Mango Lassi,Lassi
1cc6c396-8059-52c2-b5ad-3ceadcc08059,74fe8054-8632-52d3-9bc4-c696d94f1517,Vanilla Milkshake,Lassi
d48e17b6-f623-5fc3-af97-40e054e62071,74fe8054-8632-52d3-9bc4-c696d94f1517,Lemon Mint Soda,Lassi
8b7e4a42-0216-5c93-bce4-30ba5141f3d0,30805b0a-3617-5bbf-af4f-6aad31b6cb13,Double Cheese Pan,Popular
37cbac1e-6032-581c-b635-63b467e13a65,30805b0a-3617-5bbf-af4f-6aad31b6cb13,My Meal - 2,Popular
aac61bb1-e532-5c04-ac25-738efc367df3,30805b0a-3617-5bbf-af4f-6aad31b6cb13,Beef Supremo Pan,Popular
53d606b0-19c1-58df-88e9-d55f4257acdd,30805b0a-3617-5bbf-af4f-6aad31b6cb13,Chicken Classic Pan,Popular
56940497-a93b-5f02-aa82-8a6e1f33ab22,30805b0a-3617-5bbf-af4f-6aad31b6cb13,BBQ Temptation Pan,Popular
3022840b-8853-5a9b-93ce-564561f5d322,30805b0a-3617-5bbf-af4f-6aad31b6cb13,(Buy 1 Get 1) Medium Beef Supremo Pan Pizza FREE: Personal BBQ Chicken Pan Pizza,Pizza Hut BOGO
9cd942e4-d66f-5d65-8bfc-acc77e93d7c9,30805b0a-3617-5bbf-af4f-6aad31b6cb13,(Buy 1 Get 1) Medium The Works Pan Pizza FREE: Personal BBQ Chicken Pan Pizza,Pizza Hut BOGO
e7cafc0d-95b7-581d-856a-52c6a2ed0b6a,30805b0a-3617-5bbf-af4f-6aad31b6cb13,(Buy 1 Get 1) Medium BBQ Blast Pan Pizza FREE: Personal Pan BBQ Chicken Pizza,Pizza Hut BOGO
bf527a69-b4e2-5985-8a66-2f57340324c8,30805b0a-3617-5bbf-af4f-6aad31b6cb13,(Buy 1 Get 1) Family Size BBQ Blast Pan Pizza FREE: Medium Ultimate Hot Chicken Pan Pizza,Pizza Hut BOGO
95bceafc-9aa7-58ce-ae08-4b0086d10ab3,30805b0a-3617-5bbf-af4f-6aad31b6cb13,Double Delight,Hut Meal Combo
91d158a1-0daf-5473-87cb-8086eac479b4,30805b0a-3617-5bbf-af4f-6aad31b6cb13,Duo Meal,Hut Meal Combo
ca103433-4ff9-5980-9135-9da7ff1d1e63,30805b0a-3617-5bbf-af4f-6aad31b6cb13,Fun For All,Hut Meal Combo
5e0bfc1f-c0be-5b0e-8b60-70dc8e06aba9,30805b0a-3617-5bbf-af4f-6aad31b6cb13,Family Feast,Hut Meal Combo
9b890b1a-1bbb-595c-ad93-782a40ae765c,30805b0a-3617-5bbf-af4f-6aad31b6cb13,Pepperoni Tomato Pop,New in Hut
6bd4ef87-1a32-5300-adfd-bff45fd587fd,30805b0a-3617-5bbf-af4f-6aad31b6cb13,Hot Nashville Beef,New in Hut
f1008b8a-f00e-5283-8a94-afff859c7c26,30805b0a-3617-5bbf-af4f-6aad31b6cb13,Chipotle Arabiatta Blaze,New in Hut
abf20101-16d1-5053-b2ff-dae73db7fdf7,30805b0a-3617-5bbf-af4f-6aad31b6cb13,Texas BBQ Smokehouse,New in Hut
109d2f60-9052-53d1-ba8d-cb35fa492067,30805b0a-3617-5bbf-af4f-6aad31b6cb13,Szechuan Shrimp Sizzle,New in Hut
3898da1b-9d62-5dbb-93ac-0dbdbb6bca2d,30805b0a-3617-5bbf-af4f-6aad31b6cb13,Tandoori Chicken Burst,New in Hut
a8ec18c8-f72f-5e73-bc4f-e52ea72cd0a4,30805b0a-3617-5bbf-af4f-6aad31b6cb13,Tandoori Pepper Delight Pizza,New in Hut
9f5f9377-9f4e-5cab-9a6b-0ce3804d1f72,30805b0a-3617-5bbf-af4f-6aad31b6cb13,Masala Chicken Tikka Pizza,New in Hut
cda26c2b-d6fa-522c-ada5-9da8ec7ed080,30805b0a-3617-5bbf-af4f-6aad31b6cb13,Spiced Tandoori Chicken Pizza,New in Hut
478d936c-cd3f-554d-8d77-c4f34caf2b0b,30805b0a-3617-5bbf-af4f-6aad31b6cb13,Tandoori Chicken Pizza,New in Hut
5ff2243f-dab7-5707-82b9-440ff3c4d53a,30805b0a-3617-5bbf-af4f-6aad31b6cb13,Chicken Tikka Pizza,New in Hut
71d6b32b-ed2d-5b90-a3e7-c5b21b56e883,30805b0a-3617-5bbf-af4f-6aad31b6cb13,Tandoori Tikka Supreme Pizza,New in Hut
f2ac14fd-00de-5b01-ad50-b9878914b7ce,30805b0a-3617-5bbf-af4f-6aad31b6cb13,Delight Chicken Momo,New in Hut
570449e3-9f1d-5e73-aa0b-7c021ceef94c,30805b0a-3617-5bbf-af4f-6aad31b6cb13,Classic Chicken Momo,New in Hut
78483d74-4fba-57ff-8d97-19d5aea09b3e,30805b0a-3617-5bbf-af4f-6aad31b6cb13,Premium Chicken Momo,New in Hut
bb96301b-62cf-5006-b221-511ac77b1eaa,30805b0a-3617-5bbf-af4f-6aad31b6cb13,Chicken Momo Buzz,New in Hut
bf7537ee-a82f-5366-b7c2-267848e280cd,30805b0a-3617-5bbf-af4f-6aad31b6cb13,Momo Feast,New in Hut
42b9da91-226e-581b-b429-a4e5da0789a1,30805b0a-3617-5bbf-af4f-6aad31b6cb13,Cheese Baked Momo,New in Hut
962137bb-3e6a-51e5-8802-856bca51ecd0,30805b0a-3617-5bbf-af4f-6aad31b6cb13,Schezwan Chicken,New in Hut
3a9db958-efb9-5772-8ce0-c134a3d3513f,ee66264c-000b-5c4b-92b3-2cabcb387709,Classic Zinger Burger,Popular
a9065da2-35c4-5161-9551-bd3bf1557005,ee66264c-000b-5c4b-92b3-2cabcb387709,Popcorn - Large,Popular
445a0d8d-02ff-5bda-ada9-8bff4293235e,ee66264c-000b-5c4b-92b3-2cabcb387709,2 pcs Hot & Crispy Chicken,Popular
325077bf-2c3b-5e74-9c3f-c8835f4e036c,ee66264c-000b-5c4b-92b3-2cabcb387709,6 pcs Hot Wings,Popular
7040a073-c423-554f-96d5-e5a211c499cf,ee66264c-000b-5c4b-92b3-2cabcb387709,Tangy Fries - Large,Popular
425e2702-1cb1-5ed5-bca5-fc5cb4548a01,ee66264c-000b-5c4b-92b3-2cabcb387709,4 pcs Hot & Crispy Chicken,Popular
4be761f6-27b2-5b5d-ac75-2cf1e297c194,ee66264c-000b-5c4b-92b3-2cabcb387709,Curry Crunch - 2 pcs,What's New
bb0da904-c263-5af0-b7e9-49dbea06eb62,ee66264c-000b-5c4b-92b3-2cabcb387709,Curry Crunch - 4 pcs,What's New
f442eeff-8946-505a-a96a-48fc183e44a0,ee66264c-000b-5c4b-92b3-2cabcb387709,Curry Crunch - 8 pcs,What's New
32e27de2-e3c8-5cfe-bd9f-c854f441a66b,ee66264c-000b-5c4b-92b3-2cabcb387709,Curry Crunch - 12 pcs,What's New
dd134e3f-4a5f-52a3-beac-d5f87c399f85,ee66264c-000b-5c4b-92b3-2cabcb387709,BoxMaster,What's New
f2b01a07-a260-56fe-9827-93794cf15b2d,ee66264c-000b-5c4b-92b3-2cabcb387709,Toasted Twister,What's New
7f304c41-b301-514c-a958-4962e9bf0651,ee66264c-000b-5c4b-92b3-2cabcb387709,Curry Crunch Combo,KFC Exclusive
a689b08f-619e-53f5-a6c7-14ef83170342,ee66264c-000b-5c4b-92b3-2cabcb387709,Chicken & Wings Combo,KFC Exclusive
fb71e106-e231-50f5-917f-1ddce0fadb0e,ee66264c-000b-5c4b-92b3-2cabcb387709,Classic Zinger & Chicken Meal,KFC Exclusive
b53b9d80-724e-51f4-a763-4c5577ad2a6c,ee66264c-000b-5c4b-92b3-2cabcb387709,Spicy Zinger & Chicken Meal,KFC Exclusive
18638d28-d077-5660-90e0-305a71ef743c,ee66264c-000b-5c4b-92b3-2cabcb387709,2 pcs Chicken & Fries Meal,KFC Exclusive
c6bcd520-3f1d-5b03-bce1-d8fe7b985800,ee66264c-000b-5c4b-92b3-2cabcb387709,4 pcs Chicken & Fries Meal,KFC Exclusive
59c00e39-424f-5a50-863d-f820af45c260,ee66264c-000b-5c4b-92b3-2cabcb387709,House Party Combo - 1:2,Recommended
6deb9ed7-e30a-5a3f-904b-7b29b8442c8c,ee66264c-000b-5c4b-92b3-2cabcb387709,6 pcs Chicken & Wings Meal,Recommended
3b3b616b-8d5e-5d5e-8c83-90e365ed591d,ee66264c-000b-5c4b-92b3-2cabcb387709,Big Deal,Recommended
046bb329-520a-5dc8-a72f-1947f223bb34,ee66264c-000b-5c4b-92b3-2cabcb387709,2 Classic Zinger Meal,Recommended
b69bcc97-4129-5ac3-af7b-d39b4bdd012c,ee66264c-000b-5c4b-92b3-2cabcb387709,1 pc Hot & Crispy Chicken,Snacks
0364e06b-4794-5987-90b0-f45c498bc07b,ee66264c-000b-5c4b-92b3-2cabcb387709,2 pcs Hot & Crispy Chicken,Snacks
1e3b44d1-e515-56d0-a871-7dfd2ed30c0a,ee66264c-000b-5c4b-92b3-2cabcb387709,4 pcs Hot & Crispy Chicken,Snacks
faeaed34-a4ed-55b9-8336-7866fd3247d6,ee66264c-000b-5c4b-92b3-2cabcb387709,2 pcs Smoky Red Chicken,Snacks
4bbc0c03-0d69-5259-b76a-471328495ebf,ee66264c-000b-5c4b-92b3-2cabcb387709,4 pcs Smoky Red Chicken,Snacks
587fd911-1db7-57e6-8913-09b0d89aa827,ee66264c-000b-5c4b-92b3-2cabcb387709,3 pcs Hot Wings,Snacks
b447dd10-3f39-5139-8a82-00c93bf623c8,ee66264c-000b-5c4b-92b3-2cabcb387709,6 pcs Hot Wings,Snacks
62425a86-b941-5b2c-8ed5-6fb22800ef28,ee66264c-000b-5c4b-92b3-2cabcb387709,3 pcs Boneless Strips,Snacks
de12185b-a226-5b68-820e-94f089405e33,ee66264c-000b-5c4b-92b3-2cabcb387709,6 pcs Boneless Strips,Snacks
852c0377-c7b6-520f-8954-89f91a05b87a,ee66264c-000b-5c4b-92b3-2cabcb387709,Fries - Medium,Snacks
0d3a8ca3-97e3-505c-8e0f-fc319d701e17,ee66264c-000b-5c4b-92b3-2cabcb387709,Fries - Large,Snacks
687daaf9-1969-592f-82b2-7c7a20c30a67,ee66264c-000b-5c4b-92b3-2cabcb387709,Tangy Fries - Medium,Snacks
35c4a840-8a3c-5b85-8330-59bd9810485b,ee66264c-000b-5c4b-92b3-2cabcb387709,Tangy Fries - Large,Snacks
e7ba631f-cb58-536f-9a96-d3fa32ebbd11,ee66264c-000b-5c4b-92b3-2cabcb387709,Potato Wedges,Snacks
54d899a5-c59c-5d31-a452-55e3b36a8963,ee66264c-000b-5c4b-92b3-2cabcb387709,Popcorn - Medium,Snacks
3af27749-d0a4-57ad-99a5-38a3ef5c5e09,ee66264c-000b-5c4b-92b3-2cabcb387709,Popcorn - Large,Snacks
9399d60d-1772-5799-bf82-ed46afecf3be,ee66264c-000b-5c4b-92b3-2cabcb387709,Rizo Rice,Snacks
ee00b709-2f4c-5ab1-b652-e363ccdaab77,a0f8547f-158d-5cef-b63a-f2774f0fefa3,Cheese Omelette,Popular
84c3ff7f-adee-5aaf-8e9f-1ded4dc2c77c,a0f8547f-158d-5cef-b63a-f2774f0fefa3,The Breakfast,Popular
9f732f3a-6af6-503d-9aaf-14255939ca06,a0f8547f-158d-5cef-b63a-f2774f0fefa3,Roasted Beef Sandwich,Popular
4ad28a24-dbe8-54ba-a8bf-cd8ad37a0203,a0f8547f-158d-5cef-b63a-f2774f0fefa3,Protein Breakfast,Popular
201f999e-a567-5b13-ac1e-c0a710242cd6,a0f8547f-158d-5cef-b63a-f2774f0fefa3,Chicken Ham & Cheese Cold Sandwich,Popular
62efff17-f59b-5408-8df7-8fa84e51af1b,a0f8547f-158d-5cef-b63a-f2774f0fefa3,Orange Juice,Popular
a926dc5b-5b09-5b61-9436-1e8f13deb349,a0f8547f-158d-5cef-b63a-f2774f0fefa3,Pesto Chicken Salad,Salad
065c551f-1f5b-52be-92f2-9ab6da62cdeb,a0f8547f-158d-5cef-b63a-f2774f0fefa3,Original Chicken Slider,Snacks
1e2aa00e-311a-545a-b0bc-631462e4d269,a0f8547f-158d-5cef-b63a-f2774f0fefa3,Original Beef Slider,Snacks
621af33e-bb08-555c-a971-59b4af8cd53c,a0f8547f-158d-5cef-b63a-f2774f0fefa3,Club Sandwich,Sandwich
c2727fab-aa21-5bfc-9ec6-d551c1018534,a0f8547f-158d-5cef-b63a-f2774f0fefa3,Tuna Cold Sandwich,Sandwich
9b1601c9-e64d-519e-9875-0bff3301be67,a0f8547f-158d-5cef-b63a-f2774f0fefa3,Chicken Ham & Cheese Cold Sandwich,Sandwich
945a8cd9-5763-5360-83c4-b34bf868393e,a0f8547f-158d-5cef-b63a-f2774f0fefa3,Spicy Chicken Cold Sandwich,Sandwich
9fba1115-8833-55d8-b74d-bfa767ba4fcb,a0f8547f-158d-5cef-b63a-f2774f0fefa3,Pesto Chicken Sandwich,Sandwich
6677944b-63bf-5e83-8775-cc5a6a9ec1f2,a0f8547f-158d-5cef-b63a-f2774f0fefa3,Smoke Chicken Sandwich,Sandwich
12942f77-0e3d-54ca-ae9c-66c3409fdf0b,a0f8547f-158d-5cef-b63a-f2774f0fefa3,Grilled Chicken Sandwich,Sandwich
f9aafedd-eb6b-5fba-b0c0-2332e97a62de,a0f8547f-158d-5cef-b63a-f2774f0fefa3,Hunter Beef Sandwich,Sandwich
c39e8743-6063-5f41-a244-910e3c013106,a0f8547f-158d-5cef-b63a-f2774f0fefa3,Beef Salami Cold Sandwich,Sandwich
c05ae66f-7f0c-5e92-af3d-80248221d34b,a0f8547f-158d-5cef-b63a-f2774f0fefa3,Fresh Mushroom Omelette,Omelette
0f2794ea-da07-58d1-8696-4a4cb2283541,a0f8547f-158d-5cef-b63a-f2774f0fefa3,Grilled Chicken Omelette,Omelette
4117333a-502a-5827-93cc-db934f1848fe,a0f8547f-158d-5cef-b63a-f2774f0fefa3,Beef Salami Omelette,Omelette
5cb824b8-3e64-58f0-b8c5-d62324ad1d41,a0f8547f-158d-5cef-b63a-f2774f0fefa3,Protein Breakfast,Platter
0620fc11-fcd2-5e05-94db-4e6f317c74c8,a0f8547f-158d-5cef-b63a-f2774f0fefa3,The Breakfast,Platter
573ac6ac-f8c0-5903-b375-48861bfbb6f8,a0f8547f-158d-5cef-b63a-f2774f0fefa3,Chocolate Brownie,Dessert
014371f2-1bc8-5c63-a1f5-1f446ba0a269,a0f8547f-158d-5cef-b63a-f2774f0fefa3,Chocolate Lava,Dessert
a9d5b325-92e1-57e2-8032-2c16e2cfdf24,a0f8547f-158d-5cef-b63a-f2774f0fefa3,Cappuccino,Coffee
3e27c3d7-1fc7-55d8-82c0-4edc7d869d98,a0f8547f-158d-5cef-b63a-f2774f0fefa3,Cafe Latte,Coffee
df25ebc2-6284-5b03-91d8-de45ba14786e,a0f8547f-158d-5cef-b63a-f2774f0fefa3,Premium Latte,Coffee
5a919b16-31d6-578a-85ee-22eeab1269b5,a0f8547f-158d-5cef-b63a-f2774f0fefa3,Iced Spanish Latte,Coffee
e1e407b0-59a6-5712-81e5-7ee8a63d6313,a0f8547f-158d-5cef-b63a-f2774f0fefa3,Macchiato,Coffee
49530383-56b9-516a-833c-0fb1dd1e92e1,a0f8547f-158d-5cef-b63a-f2774f0fefa3,Mocha,Coffee
d7eac0af-46a9-5406-8720-160cbaebc9f5,a0f8547f-158d-5cef-b63a-f2774f0fefa3,Vanilla Latte,Coffee
e5b707a8-bb83-50f8-95d5-03aa0d2fc815,a0f8547f-158d-5cef-b63a-f2774f0fefa3,Caramel Latte,Coffee
be4c4dcd-08c5-54e6-af0c-a5878f48e355,a0f8547f-158d-5cef-b63a-f2774f0fefa3,Dry Cappuccino,Coffee
e53f00fc-e1f8-5ae6-adec-460de36d40fa,a0f8547f-158d-5cef-b63a-f2774f0fefa3,Hot Chocolate,Coffee
40f4cf4b-aaaa-5bfd-884a-66d73bf4c1ad,fc552b48-fc82-5b9f-be72-dc310d8948d9,Dal Multani Soup,Soup
fe8834cd-7cca-5c68-ba2d-a9210c0e84e4,fc552b48-fc82-5b9f-be72-dc310d8948d9,Kashmiri Gost Yakni Soup,Soup
59fbed49-4331-5547-bf9c-3b9f3406d5f6,fc552b48-fc82-5b9f-be72-dc310d8948d9,Badam Soup,Soup
7694fcff-d3bc-58e3-9004-f11f1b0e066a,fc552b48-fc82-5b9f-be72-dc310d8948d9,Bakorkhani,Snacks
4021ac07-efc9-5768-8034-b1d3daa85c68,fc552b48-fc82-5b9f-be72-dc310d8948d9,Beef Nalli Nihari,Snacks
b82c2eba-2c80-5a87-ab6b-852e6d004ad7,fc552b48-fc82-5b9f-be72-dc310d8948d9,Beef Gosht Nihari,Snacks
a0b207fc-27b2-5092-899e-2d06b0e09cf0,fc552b48-fc82-5b9f-be72-dc310d8948d9,Butter Naan,Naan & Paratha
1937f66d-1908-5628-91c1-608d8b9868d1,fc552b48-fc82-5b9f-be72-dc310d8948d9,Garlic Naan,Naan & Paratha
6d31c72c-6062-54d8-b6ef-5c9af5f8e172,fc552b48-fc82-5b9f-be72-dc310d8948d9,Staffed Naan,Naan & Paratha
abbfbea4-2eff-5a15-b29c-f9f76b89ecfe,fc552b48-fc82-5b9f-be72-dc310d8948d9,Cheese Naan,Naan & Paratha
078071f5-e110-58a0-ad8a-ab11593e9936,fc552b48-fc82-5b9f-be72-dc310d8948d9,Alu Paratha,Naan & Paratha
d298fb3f-bdfc-5e0e-8ccc-e89bc71ccf14,fc552b48-fc82-5b9f-be72-dc310d8948d9,Laccha Paratha,Naan & Paratha
c37f013c-b7f8-51f9-8482-54ce37b6392d,fc552b48-fc82-5b9f-be72-dc310d8948d9,Safron Sesami Naan,Naan & Paratha
9898a9d5-9bfc-5d67-9987-64b087bda5ae,fc552b48-fc82-5b9f-be72-dc310d8948d9,Staffing Dry Fruit Naan,Naan & Paratha
00869b76-e882-5c35-b9a3-6fd14bcb6968,fc552b48-fc82-5b9f-be72-dc310d8948d9,Staffed Kulcha,Naan & Paratha
b2790903-2b91-578a-aa2f-f6723f81228e,fc552b48-fc82-5b9f-be72-dc310d8948d9,Mutton Gosht Sheek,Kashmiri Kebab
feb26fcc-92a2-575d-8274-ace83f681df1,fc552b48-fc82-5b9f-be72-dc310d8948d9,Tandori Pomfret,Kashmiri Kebab
b0470900-37a1-5f83-ba40-14ff7e1ada5a,fc552b48-fc82-5b9f-be72-dc310d8948d9,Tabak Maaz,Kashmiri Kebab
99a5cc31-0e19-5804-87d1-44fe632cc6c0,fc552b48-fc82-5b9f-be72-dc310d8948d9,Chicken Dudhia,Kashmiri Kebab
99821aec-d701-5ef3-8453-4f6841b2a379,fc552b48-fc82-5b9f-be72-dc310d8948d9,Chicken Kanti,Kashmiri Kebab
f27901ea-6581-57ae-b126-05870b9de2b0,fc552b48-fc82-5b9f-be72-dc310d8948d9,Beef Kanti,Kashmiri Kebab
20c31ad5-c77f-552f-b243-76a225e763be,fc552b48-fc82-5b9f-be72-dc310d8948d9,Fish Frahi,Kashmiri Kebab
ca61f92c-0d72-5015-a71a-1d7a621500af,fc552b48-fc82-5b9f-be72-dc310d8948d9,Paneer Zafrani Tikka,Kashmiri Kebab
51ef89ba-c2f1-5019-917d-6de97227b9e4,fc552b48-fc82-5b9f-be72-dc310d8948d9,Mutton Galawati Kebab,Lucknow Kebab
d4c8b992-08ef-54a0-900a-0cb97f0a11ef,fc552b48-fc82-5b9f-be72-dc310d8948d9,Chicken Tikka Angara Kebab,Lucknow Kebab
e2287028-80c0-5059-9ec0-6c45ec6d0c1c,fc552b48-fc82-5b9f-be72-dc310d8948d9,Chicken Chandni Kebab,Lucknow Kebab
c6ea4d43-2d85-57bc-b16b-5e6545be5b21,fc552b48-fc82-5b9f-be72-dc310d8948d9,Chicken Karawali Tikka,Lucknow Kebab
3d7efb88-541f-5786-90a9-fba8ae2a2723,fc552b48-fc82-5b9f-be72-dc310d8948d9,Nawabi Chicken Sheek Kebab,Lucknow Kebab
4635a32e-6ece-58ce-9065-67f67241e985,fc552b48-fc82-5b9f-be72-dc310d8948d9,Beef Chapli Kebab,Lucknow Kebab
78d840cb-b13e-5ae8-a2d2-aea445c07734,fc552b48-fc82-5b9f-be72-dc310d8948d9,Chicken Rasuni Kebab,Lucknow Kebab
fe3f00f6-fc79-54a3-b024-12f1d5546991,fc552b48-fc82-5b9f-be72-dc310d8948d9,Chicken Barrha,Lucknow Kebab
5525c8c8-b432-525a-921d-2ebe084deb34,fc552b48-fc82-5b9f-be72-dc310d8948d9,Zafrani Prawn,Lucknow Kebab
5c8ff2da-d261-5147-aa97-432f0dd842e8,fc552b48-fc82-5b9f-be72-dc310d8948d9,Tandori Fish Tikka,Lucknow Kebab
9d93740e-5fc9-5d66-81ee-b808336b8f17,fc552b48-fc82-5b9f-be72-dc310d8948d9,Paneer Tikka Angara,Lucknow Kebab
74549d95-1368-5e85-84f7-7cafb5ae4b4a,fc552b48-fc82-5b9f-be72-dc310d8948d9,Chicken Sada Korma,Kashmiri Curry
15738144-4ccb-5445-b2d6-425b348453fc,fc552b48-fc82-5b9f-be72-dc310d8948d9,Chicken Daniwal Korma,Kashmiri Curry
6d52a80f-a9c6-5648-b118-e9c1be74331e,fc552b48-fc82-5b9f-be72-dc310d8948d9,Dum Chicken,Kashmiri Curry
9c279426-07a6-5b86-bc3a-9f33327d1226,fc552b48-fc82-5b9f-be72-dc310d8948d9,Chicken Mirch Korma,Kashmiri Curry
b924533c-7ac1-5392-9b03-79114e54b53d,fc552b48-fc82-5b9f-be72-dc310d8948d9,Chicken Badami Korma,Kashmiri Curry
760c4a44-19c8-5cb1-a9d6-96aabddf2020,fc552b48-fc82-5b9f-be72-dc310d8948d9,Mutton Marchewagan Korma,Kashmiri Curry
85f13f4f-4dd6-5cf9-b273-fb261a7828cc,fc552b48-fc82-5b9f-be72-dc310d8948d9,Mutton Daniwal Korma,Kashmiri Curry
5e36e325-af5e-54fa-b51c-d939074264ca,fc552b48-fc82-5b9f-be72-dc310d8948d9,Mutton Aaab Gost,Kashmiri Curry
c62c5f4a-e7da-595b-99c6-2c2120391b36,fc552b48-fc82-5b9f-be72-dc310d8948d9,Beef Korma,Kashmiri Curry
8096fc97-69b6-54f6-b625-42f4014a8bee,fc552b48-fc82-5b9f-be72-dc310d8948d9,Prawn Masala,Kashmiri Curry
ed34206a-abe1-5306-814a-af8ab450f970,fc552b48-fc82-5b9f-be72-dc310d8948d9,Dal Makhani,Kashmiri Curry
9a3dbb90-4893-5c73-8df8-23caed044b75,fc552b48-fc82-5b9f-be72-dc310d8948d9,Alur Dum,Kashmiri Curry
0c295365-a5e7-5659-967d-d477d9b3a314,fc552b48-fc82-5b9f-be72-dc310d8948d9,Mutton Rara Gosht,Kashmiri Curry
3ea17bbc-e43e-504d-9d6a-482ea8e403d4,fc552b48-fc82-5b9f-be72-dc310d8948d9,Mutton Haak Wala,Kashmiri Curry
874ba1ba-3463-592d-af4c-1012bf758c7a,fc552b48-fc82-5b9f-be72-dc310d8948d9,Beef Keema Muttar,Kashmiri Curry
50384ab1-067e-5bc1-84d2-5c866255cc33,fc552b48-fc82-5b9f-be72-dc310d8948d9,Beef Rogani,Kashmiri Curry
806f6696-343f-51fd-910b-c530ab22fa63,fc552b48-fc82-5b9f-be72-dc310d8948d9,Tomato Fish,Kashmiri Curry
6d01d663-b72f-537b-9749-a20bf5627ece,fc552b48-fc82-5b9f-be72-dc310d8948d9,Pomfret Curry,Kashmiri Curry
421145ff-8b30-57fd-abd5-4741066f9a05,fc552b48-fc82-5b9f-be72-dc310d8948d9,Fish Haak Gaad,Kashmiri Curry
565f90d1-edf0-5242-991f-89a24e4f71eb,fc552b48-fc82-5b9f-be72-dc310d8948d9,Paneer Zafrani,Kashmiri Curry
52e24592-46be-5089-9521-05d789de0503,fc552b48-fc82-5b9f-be72-dc310d8948d9,Mutter Paneer,Kashmiri Curry
78c75f42-efe4-5fbd-bf49-d6e9b1d0f5dd,fc552b48-fc82-5b9f-be72-dc310d8948d9,Mushroom Korma,Kashmiri Curry
ffdab156-c5c6-5875-8217-3562eb9304d1,fc552b48-fc82-5b9f-be72-dc310d8948d9,Zafrani Gucchi,Kashmiri Curry
8b42067b-c8c4-54a4-a77a-f76260d7a0dc,fc552b48-fc82-5b9f-be72-dc310d8948d9,Haak,Kashmiri Curry
12812ae0-c7dc-5afd-8726-daac9c2ef4ae,fc552b48-fc82-5b9f-be72-dc310d8948d9,Butter Chicken,Lucknow Curry
f4e0e0e2-76fd-54ea-8b06-8124daeeafad,fc552b48-fc82-5b9f-be72-dc310d8948d9,Chicken Karahi,Lucknow Curry
c405264a-007f-5b7c-b295-8c3de3fd3f36,fc552b48-fc82-5b9f-be72-dc310d8948d9,Mutton Dopiaza,Lucknow Curry
b41e60f4-fcc9-55d8-af28-2da925b039a6,fc552b48-fc82-5b9f-be72-dc310d8948d9,Mutton Daal Gosht,Lucknow Curry
89de4753-c86d-57bf-a902-e77afa6b4354,fc552b48-fc82-5b9f-be72-dc310d8948d9,Kadai Paneer,Lucknow Curry
4082bb2a-8e93-5614-8e47-9281983667b5,fc552b48-fc82-5b9f-be72-dc310d8948d9,Paneer Makhani,Lucknow Curry
40eff63e-030f-5dec-8a52-406410347714,fc552b48-fc82-5b9f-be72-dc310d8948d9,Paneer Butter Masala,Lucknow Curry
640cca5f-52e2-5c4a-b2df-128bf86cb17a,fc552b48-fc82-5b9f-be72-dc310d8948d9,Chicken Labadar,Lucknow Curry
18be6a2e-e31b-50bd-8c00-cdb273f654bf,fc552b48-fc82-5b9f-be72-dc310d8948d9,Afgani Murg,Lucknow Curry
46d379b3-94a5-5669-ad96-f5cba65912db,fc552b48-fc82-5b9f-be72-dc310d8948d9,Awadi Murg Masala,Lucknow Curry
92f58f2a-e7d8-5992-8136-b7f192502276,fc552b48-fc82-5b9f-be72-dc310d8948d9,Murg Awdhi Korma,Lucknow Curry
02b8d431-e3c0-5c85-9650-2ce5c983865f,fc552b48-fc82-5b9f-be72-dc310d8948d9,Mutton Dum Ka Gosth,Lucknow Curry
8e2eb5b3-9174-5698-b3a2-92dcc324fa82,fc552b48-fc82-5b9f-be72-dc310d8948d9,Daal Sultani,Lucknow Curry
2dc6e24b-bad6-5837-9c04-188b22989ace,fc552b48-fc82-5b9f-be72-dc310d8948d9,Mutton Rogan Josh,Curry
5f10c705-3f7f-5684-b112-d4516b790322,fc552b48-fc82-5b9f-be72-dc310d8948d9,Beef Namkeem Gosht,Curry
62fcb0f4-8bbc-5fa2-8bcf-8f24e15367b5,fc552b48-fc82-5b9f-be72-dc310d8948d9,Beef Yakhni,Curry
32786a39-39e5-5215-ba5a-8ef731d760b2,fc552b48-fc82-5b9f-be72-dc310d8948d9,Chicken Yakhni,Curry
acd944c0-63a9-5a13-b53d-fee183c85e3e,fc552b48-fc82-5b9f-be72-dc310d8948d9,Mutton Rishta,Curry
05794470-a06f-51bd-bbbb-7044bbbd532b,fc552b48-fc82-5b9f-be72-dc310d8948d9,Mutton Gushtaba,Curry
25f8706c-07e1-5196-8b0e-b9fbdd9e6a10,fc552b48-fc82-5b9f-be72-dc310d8948d9,Mutton Harisa,Curry
e0bd9f48-94f6-574c-b826-2cc061d6c399,fc552b48-fc82-5b9f-be72-dc310d8948d9,Chicken Dum Masala Biryani,Rice
2b9abd91-2b94-539c-adfe-c5d8fc00fcb0,fc552b48-fc82-5b9f-be72-dc310d8948d9,Kabuli Beef Polao,Rice
efd3f8f4-3362-5209-ad52-898dda939b00,fc552b48-fc82-5b9f-be72-dc310d8948d9,Jeera Rice,Rice
48dda81d-294e-5a06-b36f-1e8bb88af5e7,fc552b48-fc82-5b9f-be72-dc310d8948d9,Plain Rice,Rice
6c0fa407-25b5-5020-85fb-aeb91ae5b9fa,fc552b48-fc82-5b9f-be72-dc310d8948d9,Chicken Jahangiri Biryani,Rice
07953609-2fd8-5d8e-af37-93f04bc13bfd,fc552b48-fc82-5b9f-be72-dc310d8948d9,Kashmiri Polao,Rice
dd0b1f9e-4fdb-5cf4-8deb-cf6ffaefaa31,fc552b48-fc82-5b9f-be72-dc310d8948d9,Mutton Yakhni Polao,Rice
8005a002-1903-571e-a343-fe74f9ee626e,fc552b48-fc82-5b9f-be72-dc310d8948d9,Guechi Ki Polao,Rice
0e747096-f84e-5362-9192-c39a03eb9a07,fc552b48-fc82-5b9f-be72-dc310d8948d9,Kashmiri Mutter Polao,Rice
b99cfbbb-c0d1-5ddf-b048-9bacd31aa93f,fc552b48-fc82-5b9f-be72-dc310d8948d9,Waza Celebration Thali,Platter
c9b00780-2666-590f-b63b-e11a29750b4a,fc552b48-fc82-5b9f-be72-dc310d8948d9,Kashmiri Kebab Platter,Platter
0e60e7a2-ceaa-51f5-9bfb-1596304e6e93,fc552b48-fc82-5b9f-be72-dc310d8948d9,Lucknow Kebab Platter,Platter
276d1617-550a-5a5d-a6ae-fa2a631b42ff,fc552b48-fc82-5b9f-be72-dc310d8948d9,Shahi Tukra,Dessert
f2e6ca50-530c-58e5-8d64-20402256cc82,fc552b48-fc82-5b9f-be72-dc310d8948d9,Gajorer Halwa,Dessert
9fdc31cb-960b-5bf1-9d39-e8a6c38284a1,fc552b48-fc82-5b9f-be72-dc310d8948d9,Sheer Korma,Dessert
0be231d4-e9e4-5a1a-8af8-b1954a57b357,fc552b48-fc82-5b9f-be72-dc310d8948d9,Supta,Dessert
b2ce51be-4146-5a3f-a39d-3e61ab89a79b,2f953cc5-fd17-5fbc-a3b5-098a7395265b,C- 02 Special Corn Soup,Popular
115222c2-f454-5bbc-989c-8750fc1404c2,2f953cc5-fd17-5fbc-a3b5-098a7395265b,C- 69 Mixed Chowmein,Popular
0e72ace3-c53f-5627-b1f3-43d2811e84d9,2f953cc5-fd17-5fbc-a3b5-098a7395265b,C- 30 Chicken Chilli Onion,Popular
356ba74c-3c8d-51fc-9e7f-d52014748017,2f953cc5-fd17-5fbc-a3b5-098a7395265b,T-24 Thai Fried Chicken,Popular
6f06e13f-1d9f-5e35-9101-5fbedff09697,2f953cc5-fd17-5fbc-a3b5-098a7395265b,S-02 Chicken Prawn Cashew- Nut Salad,Popular
7d1e49ea-9d83-508d-816f-002bb2c1b2e9,2f953cc5-fd17-5fbc-a3b5-098a7395265b,C- 48 Sizzling Chicken,Popular
97645cfa-6a02-56f4-bc13-c341fdba615a,2f953cc5-fd17-5fbc-a3b5-098a7395265b,A-01 Fish Cake,Appetizers
e2a5104b-485e-5f6f-af2b-4b8481081d42,2f953cc5-fd17-5fbc-a3b5-098a7395265b,A-02 Prawn Cake,Appetizers
ffde08ac-b270-5e9b-a790-30494e7382cb,2f953cc5-fd17-5fbc-a3b5-098a7395265b,A-03 Fish Finger,Appetizers
507d9d01-440b-5bf8-88c7-5c4306db770b,2f953cc5-fd17-5fbc-a3b5-098a7395265b,A-04 Fried Chicken Wings,Appetizers
eb973c50-c13e-5c7a-9810-7d856e9d7ff8,2f953cc5-fd17-5fbc-a3b5-098a7395265b,A-05 Prawn On Toast,Appetizers
6c4d22df-8577-5bcd-89a8-765587328672,2f953cc5-fd17-5fbc-a3b5-098a7395265b,A-06 Fried Wonton,Appetizers
7b8212ed-622e-5948-a4f6-2944bf822eca,2f953cc5-fd17-5fbc-a3b5-098a7395265b,A-07 Spring Roll,Appetizers
01cb33fe-eb83-5202-b9f2-b87bf5ba872d,2f953cc5-fd17-5fbc-a3b5-098a7395265b,A-10Thai Chicken Satay,Appetizers
b9892170-86b4-5b23-a246-5cd490bade24,2f953cc5-fd17-5fbc-a3b5-098a7395265b,A-11 Prawn Tempura,Appetizers
95ce99ec-a99e-5dde-8596-6d34320fb94f,2f953cc5-fd17-5fbc-a3b5-098a7395265b,A-08 Mixed Appetizers,Appetizers
78ca6688-89e1-54ea-8d64-e7c86a3878a9,2f953cc5-fd17-5fbc-a3b5-098a7395265b,A-09 Shrimp Roll,Appetizers
3dc4536f-224e-596e-84dc-e29d6d99ed8d,2f953cc5-fd17-5fbc-a3b5-098a7395265b,A-12 Chilli Special Wonthon,Appetizers
67f9123e-96e3-528e-b550-e27d4a4075a4,2f953cc5-fd17-5fbc-a3b5-098a7395265b,C- 02 Special Corn Soup,Chinese Soup
ff3194e3-f210-572a-8013-675281e393fb,2f953cc5-fd17-5fbc-a3b5-098a7395265b,C- 03 Thai Thick Soup,Chinese Soup
07e53d6c-2b20-5c8f-92ad-4d8c3665f2be,2f953cc5-fd17-5fbc-a3b5-098a7395265b,C- 04 Sze-chuan Soup,Chinese Soup
493549f8-5ede-5833-87e2-bf2a7fe5a097,2f953cc5-fd17-5fbc-a3b5-098a7395265b,C- 05 Hot And Sour Soup,Chinese Soup
32c1acdc-81bd-50db-ba86-98354dc9b9fe,2f953cc5-fd17-5fbc-a3b5-098a7395265b,C- 06 Chicken Vegetable Soup,Chinese Soup
bd2c1b18-6d7d-5683-beba-4ee677f39807,2f953cc5-fd17-5fbc-a3b5-098a7395265b,C- 07 Wonthon Soup,Chinese Soup
ce4d6aa5-a6d0-5f84-ac4b-f122a44fac95,2f953cc5-fd17-5fbc-a3b5-098a7395265b,C- 08 Chicken Corn Soup,Chinese Soup
bbec2d23-5a02-5f2d-a948-4af016404c1c,2f953cc5-fd17-5fbc-a3b5-098a7395265b,C- 09 Special Thai Soup With Mushroom,Chinese Soup
aaa48cd7-fd79-519b-953b-81802216c7ef,2f953cc5-fd17-5fbc-a3b5-098a7395265b,T-02 Cream of Mashroom Soup,Thai Soup
25477f49-95a1-522c-872d-cc65e80b1dcf,2f953cc5-fd17-5fbc-a3b5-098a7395265b,T-06 Sea Food Clear Soup,Thai Soup
c89e6461-5177-5dd3-ae16-fbeb6b4aab61,2f953cc5-fd17-5fbc-a3b5-098a7395265b,T-07 Steam Chicken Soup,Thai Soup
21310358-ac71-5e84-8145-f0a7df5b47df,2f953cc5-fd17-5fbc-a3b5-098a7395265b,"T-01 Tom Yam-gai, Goong",Thai Soup
155fe247-3445-5391-a9cd-3c382f8c807c,2f953cc5-fd17-5fbc-a3b5-098a7395265b,T-03 Tom Kha Thale,Thai Soup
1a80bcc5-0e9d-599c-94ab-89b88f3004bf,2f953cc5-fd17-5fbc-a3b5-098a7395265b,T-04 Tom Yam Goong Yai,Thai Soup
89717f1a-3a28-5615-835e-8793a71e03cf,2f953cc5-fd17-5fbc-a3b5-098a7395265b,S-01 Sze-chuan Salad With Cashew - Nut,Salad
ba77850a-fa06-5fe6-a079-95225d4bf693,2f953cc5-fd17-5fbc-a3b5-098a7395265b,S-02 Chicken Prawn Cashew- Nut Salad,Salad
479c5dc6-4d72-51ee-b69c-f6005860e2ab,2f953cc5-fd17-5fbc-a3b5-098a7395265b,S-03 Prawn Papaya Salad,Salad
d039360b-b250-5df5-a5ed-2b390096ddc6,2f953cc5-fd17-5fbc-a3b5-098a7395265b,S-04 Larb Gai,Salad
9757257d-6657-58e1-bc25-9b24d7940f2d,2f953cc5-fd17-5fbc-a3b5-098a7395265b,S-06 Chicken & Prawn Salad,Salad
40a8a4ca-82d3-5cb8-94e9-6943b8568a47,2f953cc5-fd17-5fbc-a3b5-098a7395265b,S-07 Mixed Sea Food Salad,Salad
948de5ad-91b7-5f65-bb3c-3babffd9b13b,2f953cc5-fd17-5fbc-a3b5-098a7395265b,S-08 Honey Mustard Chicken Salad,Salad
8d8a8648-448f-5e1d-8c72-44bf526bc580,2f953cc5-fd17-5fbc-a3b5-098a7395265b,S-09 Crab Salad,Salad
3decf68f-1613-5705-8c6f-960f28c09f12,2f953cc5-fd17-5fbc-a3b5-098a7395265b,S-10 Green Salad,Salad
75ddaf75-36ca-5388-8367-f77b71729420,2f953cc5-fd17-5fbc-a3b5-098a7395265b,S-12 Thai Mixed Mushroom Salad,Salad
573dff39-ae45-5232-b625-58eeae0ea1e3,2f953cc5-fd17-5fbc-a3b5-098a7395265b,S-05 Yan Neau Yang,Salad
51d7163f-e2c5-5f14-8f74-be32c422c9a1,2f953cc5-fd17-5fbc-a3b5-098a7395265b,S-11 Yan Gai Yang,Salad
d3ba6355-b223-5a6a-96b7-2313262fcc23,2f953cc5-fd17-5fbc-a3b5-098a7395265b,T-38 Chilis Special Vegetable,Vegetable
629313b5-b5fc-51d0-b9e5-4f54025a70da,2f953cc5-fd17-5fbc-a3b5-098a7395265b,C-42 Chicken Vegetable,Vegetable
ffc53635-95e9-58b7-8f1e-ded6ff85ac58,2f953cc5-fd17-5fbc-a3b5-098a7395265b,SP - 21 Pla Neung Pad Prik Manad,Seafood
b63f3c4d-7fc5-58d1-b8b0-8e7f9135e70a,2f953cc5-fd17-5fbc-a3b5-098a7395265b,SP - 23 Grilled Fish,Seafood
bc230542-083f-509e-a4bb-5154ab30bd9a,2f953cc5-fd17-5fbc-a3b5-098a7395265b,SP - 28 Squid Chilli Onion,Seafood
fa04c9b4-5985-51c1-bb75-a7e13d3213cc,2f953cc5-fd17-5fbc-a3b5-098a7395265b,SP - 05 Chicken Dumpling,Dumpling
a0e7269e-0358-5fbe-bd7f-99553c4abee4,2f953cc5-fd17-5fbc-a3b5-098a7395265b,SP - 01 Har Gow Prawn Dumpling,Dumpling
154c08a0-a22e-5097-8f7b-5279fd6d9221,2f953cc5-fd17-5fbc-a3b5-098a7395265b,SP - 02 Chicken Siu Mai Dumpling,Dumpling
3e302bd1-2cda-5e6b-a7ae-c4ead0a34173,2f953cc5-fd17-5fbc-a3b5-098a7395265b,SP - 03 Prawn Siu Mai Dumpling,Dumpling
9a5a3ccc-c7be-5441-b5ae-8e0ca21d413b,2f953cc5-fd17-5fbc-a3b5-098a7395265b,SP - 04 Beef Siu Mai Dumpling,Dumpling
0093df7d-fa8c-5d8d-8aac-cdbdb5acc376,2f953cc5-fd17-5fbc-a3b5-098a7395265b,SP - 06 Chilis Special Dim Sum Dumpling,Dumpling
0d92fff1-7809-52c8-9bac-386d3f193e10,2f953cc5-fd17-5fbc-a3b5-098a7395265b,SP - 07 Beef Basil Dumpling,Dumpling
03fc6010-db8d-56dd-a7a8-b4a7e93f9bfd,2f953cc5-fd17-5fbc-a3b5-098a7395265b,SP - 08 Crab & Sweet Corn Dumpling,Dumpling
7f8b9833-1683-5c91-b5d0-86ac17e16dea,2f953cc5-fd17-5fbc-a3b5-098a7395265b,C- 63 Sze-chuan Chowmein,Chowmein
3322059d-7767-5dac-8718-3164c76c12fe,2f953cc5-fd17-5fbc-a3b5-098a7395265b,C- 64 Chicken Chowmein,Chowmein
1fa02741-58ed-5e9d-83b5-b760e01ad7c7,2f953cc5-fd17-5fbc-a3b5-098a7395265b,C- 65 Beef Chowmein,Chowmein
569bb76d-1765-582c-bb01-fc3ddffbfd89,2f953cc5-fd17-5fbc-a3b5-098a7395265b,C- 66 Prawn Chowmein,Chowmein
2504b08a-734e-5941-b5e5-3e6225c6d587,2f953cc5-fd17-5fbc-a3b5-098a7395265b,C- 67 Chinese Chop-suey,Chowmein
63e6503b-d446-5b97-a300-9f6be567056b,2f953cc5-fd17-5fbc-a3b5-098a7395265b,C- 68 American Chop-suey,Chowmein
9be6da09-ab54-5480-a617-f8fe14034881,2f953cc5-fd17-5fbc-a3b5-098a7395265b,C- 69 Mixed Chowmein,Chowmein
210d08a3-c5f0-5cda-ae4e-bbe8adf7da40,2f953cc5-fd17-5fbc-a3b5-098a7395265b,C- 70 Chilis Special Chowmein,Chowmein
dc34b781-8e07-5195-91d1-bc58a8069978,2f953cc5-fd17-5fbc-a3b5-098a7395265b,C- 62 Efu-chowmein,Chowmein
12aa53ab-fcec-57cc-a610-e43b508550d9,2f953cc5-fd17-5fbc-a3b5-098a7395265b,C-19 Fried Pomfret With Bar-B-Q Sauce,Fish
8b5a600d-465d-5ab4-a3e7-ae85118c6f19,2f953cc5-fd17-5fbc-a3b5-098a7395265b,C-22 Fish Masala,Fish
2e59d2ef-2b65-57de-9c5a-b998d63ba666,2f953cc5-fd17-5fbc-a3b5-098a7395265b,C-18 Mandarin Fish,Fish
1ba0120b-d198-5730-8aa9-532000c170f4,2f953cc5-fd17-5fbc-a3b5-098a7395265b,C-20 Burnt Garlic Fish With Seasonal Vegetable's,Fish
d1516c0b-118d-5db4-bfb4-f4a826bab6cc,2f953cc5-fd17-5fbc-a3b5-098a7395265b,C-21 Pan Fried Chilli Fish,Fish
38c6573a-a8c4-5042-af49-380d99b445c9,2f953cc5-fd17-5fbc-a3b5-098a7395265b,T-34 Neau Pad King,Beef
fa010793-2707-50ff-ad63-97827e98bbdc,2f953cc5-fd17-5fbc-a3b5-098a7395265b,T-35 Neau Kiew Waan,Beef
0131cd99-c3ff-51af-8a1f-97d45412e8f3,2f953cc5-fd17-5fbc-a3b5-098a7395265b,C- 36 Hunan Beef,Beef
afa6088e-6bb4-5dea-8e4a-496099302c21,2f953cc5-fd17-5fbc-a3b5-098a7395265b,C- 39 Beef Cumin,Beef
c011a769-6de9-575c-b0dd-c2fb95d72478,2f953cc5-fd17-5fbc-a3b5-098a7395265b,C- 48 Sizzling Chicken,Sizzling
edf87058-7671-55d0-9003-aaad7fc031c2,2f953cc5-fd17-5fbc-a3b5-098a7395265b,C- 49 Sizzling Beef,Sizzling
3da3b2c4-2edd-53c9-b2df-22e9e43e0a5f,2f953cc5-fd17-5fbc-a3b5-098a7395265b,C- 50 Sizzling Prawn,Sizzling
b59b493a-ef9b-56f0-977a-5667ecb90691,2f953cc5-fd17-5fbc-a3b5-098a7395265b,C- 51 Sizzling Fish,Sizzling
aa972cf8-6cc8-5385-ae73-abe1d29013c9,2f953cc5-fd17-5fbc-a3b5-098a7395265b,T-24 Thai Fried Chicken,Chicken Curry
18e497ca-e66c-5978-8fc2-dde02c081f94,2f953cc5-fd17-5fbc-a3b5-098a7395265b,T-25 Dry Red Chilli Chicken,Chicken Curry
442e2cd9-a320-5916-a1b9-2e076baea91c,2f953cc5-fd17-5fbc-a3b5-098a7395265b,T-26 Honey Grilled Lemon Chicken,Chicken Curry
6b9da7e7-ba83-57ee-8ede-4f8fd112c201,2f953cc5-fd17-5fbc-a3b5-098a7395265b,C-24 Chicken with Garlic Sauce,Chicken Curry
582a7c0c-e9f5-5c4d-bcc4-346e75ddc944,2f953cc5-fd17-5fbc-a3b5-098a7395265b,C-26 Chicken Chilli Dry,Chicken Curry
b7b6578f-caff-5fa5-93aa-26e31a822277,2f953cc5-fd17-5fbc-a3b5-098a7395265b,C-27 Fried Spring Chicken,Chicken Curry
18d4655c-6679-5d32-910d-1327b923b07a,2f953cc5-fd17-5fbc-a3b5-098a7395265b,T-20 Gai Pad King,Chicken Curry
06e01c98-7f22-5427-8341-7d26b37b33f7,2f953cc5-fd17-5fbc-a3b5-098a7395265b,T-21 Gai Pad Prew Waan,Chicken Curry
0cf9cac3-0df6-544f-bff2-243f8ece3b2b,2f953cc5-fd17-5fbc-a3b5-098a7395265b,T-22 Panang Gai,Chicken Curry
01cb3de2-d880-566f-8f48-6758db48d4b8,2f953cc5-fd17-5fbc-a3b5-098a7395265b,T-23 Chicken Green Curry,Chicken Curry
b66f4587-e64d-57c9-9772-9eafa22628ea,2f953cc5-fd17-5fbc-a3b5-098a7395265b,C-23 Peking Chicken Boneless,Chicken Curry
fa723d33-83a9-529e-8d98-23ad4a5e72d2,2f953cc5-fd17-5fbc-a3b5-098a7395265b,C-25 Bar-b-q Chicken Cury with Bone,Chicken Curry
d37ade0f-6a8f-5a4d-86a7-da476685c794,2f953cc5-fd17-5fbc-a3b5-098a7395265b,C-32 Orange Chicken,Chicken Curry
c59b68cf-5522-5b15-9bfe-ac889cbcd3d9,2f953cc5-fd17-5fbc-a3b5-098a7395265b,C-33 Mongolian Chicken,Chicken Curry
31079c33-39c2-5c94-a64f-e2b8a517a385,2f953cc5-fd17-5fbc-a3b5-098a7395265b,T- 28 Duck Chilli Paste,Duck Curry
d3e13134-c290-5e92-b174-313e7fed4842,e3a6e63c-5def-5a73-9892-b4cc671d7e55,Chicken Durum,Popular
3c6dc9ab-6d3b-54d7-b8b2-aa08bcf1b980,e3a6e63c-5def-5a73-9892-b4cc671d7e55,German Doner - Chicken,Popular
5b186f3c-a219-5638-807e-d782b59369be,e3a6e63c-5def-5a73-9892-b4cc671d7e55,Chicken Adana,Popular
fea1e631-dac9-53a8-abfb-c4640619ddd1,e3a6e63c-5def-5a73-9892-b4cc671d7e55,Chicken Wings,Popular
bd094db0-91ec-5356-8553-9ba7ef0b238e,e3a6e63c-5def-5a73-9892-b4cc671d7e55,German Doner - Beef,Popular
62b6c8f7-bda4-5e93-a1b0-21ae6293298e,e3a6e63c-5def-5a73-9892-b4cc671d7e55,Beef Burger,Popular
cc52129d-883a-5e10-8f8d-3f0f895d24ef,e3a6e63c-5def-5a73-9892-b4cc671d7e55,Hummus,Starter
eae56a25-c774-5be2-8cff-50f44eb5fb0e,e3a6e63c-5def-5a73-9892-b4cc671d7e55,Hummus Pink,Starter
5810ef58-7efe-5b2a-851c-7862869f8fe1,e3a6e63c-5def-5a73-9892-b4cc671d7e55,Baba Ganoush,Starter
b885896d-1aa9-574b-a91d-0d990a1671b1,e3a6e63c-5def-5a73-9892-b4cc671d7e55,Ezme,Starter
4dc5946e-b751-5f59-a2e4-f4d71b22acb8,e3a6e63c-5def-5a73-9892-b4cc671d7e55,Mixed Meze,Starter
cb207e11-b4b8-5ad1-a742-3d1221bb8daa,e3a6e63c-5def-5a73-9892-b4cc671d7e55,Chicken Wings,Starter
4c5dfee9-2483-52d5-b119-8cf9a920c0ab,e3a6e63c-5def-5a73-9892-b4cc671d7e55,Hydari,Starter
34b4deac-f26a-5df8-a67f-0e0713cbea52,e3a6e63c-5def-5a73-9892-b4cc671d7e55,Chicken Pide,Pide
c5784f74-d9a2-512c-a547-6c9ae0286f3e,e3a6e63c-5def-5a73-9892-b4cc671d7e55,Beef Pide,Pide
6bc9a135-aba3-5d12-8309-4697c5a1c474,e3a6e63c-5def-5a73-9892-b4cc671d7e55,Cheese Pide,Pide
03420f93-8a06-59ce-bb35-39829e41d7cd,e3a6e63c-5def-5a73-9892-b4cc671d7e55,Lahmacun,Pide
dc4cfcda-1796-5503-8203-8d3d7f81327f,e3a6e63c-5def-5a73-9892-b4cc671d7e55,Pepperoni Pide,Pide
53473ac8-0c03-5203-81e8-8d7cb0477dd7,e3a6e63c-5def-5a73-9892-b4cc671d7e55,Mixed Pide,Pide
9ce4accf-53a2-57d4-b54f-140f7a59ee63,e3a6e63c-5def-5a73-9892-b4cc671d7e55,Chicken Adana,Kebab
a71c2fee-4a83-5eaf-92ba-1761316a84bf,e3a6e63c-5def-5a73-9892-b4cc671d7e55,Beef Adana,Kebab
e6221a6f-7f5b-5314-973c-6c632eddf6a0,e3a6e63c-5def-5a73-9892-b4cc671d7e55,Chicken Sheesh,Kebab
b2f98c22-95f9-51ae-8f2f-7a760597efee,e3a6e63c-5def-5a73-9892-b4cc671d7e55,Beef Sheesh,Kebab
e2a83de8-c420-55df-83bb-88f937854622,e3a6e63c-5def-5a73-9892-b4cc671d7e55,Platter For Four,Kebab
51c6ee6f-4e1d-506d-be7f-29b0ec2f692c,e3a6e63c-5def-5a73-9892-b4cc671d7e55,Platter For Two,Kebab
599a68c2-8902-5e4a-a53f-d1d0b7c20403,e3a6e63c-5def-5a73-9892-b4cc671d7e55,Quarter Chicken,Kebab
510d6a32-a3c5-550a-bda0-d7af36c79ae4,e3a6e63c-5def-5a73-9892-b4cc671d7e55,Lentil Soup,Soup
031ef1e0-9984-594c-8a39-60b854662ee3,e3a6e63c-5def-5a73-9892-b4cc671d7e55,Tomato Soup,Soup
f2bebf5e-a478-5562-bf69-252f46807a7a,e3a6e63c-5def-5a73-9892-b4cc671d7e55,Chicken Burger,The Burger
40e2aad9-17b2-5acb-b746-86f5822cda82,e3a6e63c-5def-5a73-9892-b4cc671d7e55,Beef Burger,The Burger
cf5a6014-2443-52c8-9db2-f13d04d1bd7b,e3a6e63c-5def-5a73-9892-b4cc671d7e55,German Doner - Chicken,Doner
398aace4-42fe-54d7-8365-ce265b04dc39,e3a6e63c-5def-5a73-9892-b4cc671d7e55,German Doner - Beef,Doner
517a4c71-53af-559c-8009-92a239b286e1,e3a6e63c-5def-5a73-9892-b4cc671d7e55,Chicken Durum,Doner
d483eb60-9344-546e-a801-586bf0b74137,e3a6e63c-5def-5a73-9892-b4cc671d7e55,Beef Durum,Doner