id,menu_item_id,price,currency,raw_price,source_id,observed_at,verification_status
e4cf2027-9c00-5e0a-ab5a-eeab7e44f6b1,d9c36e56-c53b-547c-959c-39c6340aabd3,540,BDT,from Tk 540,,,UNVERIFIED
7339d807-c9b4-57c2-bf3c-681f07191ab5,18a92986-7cd6-57da-b746-812bf3849c0d,405,BDT,from Tk 405,,,UNVERIFIED
4100f651-2e0c-5b6f-9161-b477663ceef4,6fcba6ae-a4cd-58fa-80e5-cb09b861afea,432,BDT,Tk 432,,,UNVERIFIED
7041a001-95ab-579d-9fdc-f6dc0f9d63b8,f0423c2b-1ce6-5384-921a-7f1c32ff48e3,540,BDT,from Tk 540,,,UNVERIFIED
b8666d05-1ca7-5a68-a899-b4e47b9cbf34,3ae2c292-86d7-5cb8-a509-ffb642ae771d,540,BDT,from Tk 540,,,UNVERIFIED
03a2af97-b2ab-589f-b1b3-8a40e34c6147,a05b593d-75cb-5246-a7f3-118367bd00a2,540,BDT,from Tk 540,,,UNVERIFIED
eb878698-2575-5d05-8959-f2ed248beebe,a948ca76-2f71-5890-8f17-d60493ab9a89,540,BDT,from Tk 540,,,UNVERIFIED
5fef0bfe-a000-55dc-9a90-aa3e33c96f52,c7978b0c-7bbd-505e-af6d-b856ac268a4b,540,BDT,from Tk 540,,,UNVERIFIED
5432a678-6b17-555a-be16-d54ce3ff1376,db71bcce-bb58-5f05-b56a-71e40e86790f,540,BDT,from Tk 540,,,UNVERIFIED
1e2da16f-4c5e-55d3-81e6-be60454cf661,4d55f04e-7345-5a2c-98cd-5d3fdecb0de7,315,BDT,Tk 315,,,UNVERIFIED
42bfeb90-ec6e-584f-a260-e9220b965000,b73ca910-d722-5c5b-a513-8dcf8a78a5ae,250,BDT,৳250.00,,,UNVERIFIED
690dd3f0-0eee-506c-a663-fe61509dbf20,4d307477-ec57-5bab-aeb6-081802bc1a53,250,BDT,৳250.00,,,UNVERIFIED
b9ac54c1-33f3-59c0-a664-e7a15258c66b,bb72cebf-7fff-5efa-a9c6-14ebe21b4ea3,140,BDT,৳140.00,,,UNVERIFIED
577b6d13-4bd0-5326-aa80-667896db67dc,2d5480fe-89b3-5bb5-b3a3-7e4138504e2a,80,BDT,৳80.00,,,UNVERIFIED
fd78f2fa-2ef3-5bb8-8436-f3e5316ad2ea,0e71883b-8fac-5835-a3b1-ea12e02c62be,80,BDT,৳80.00,,,UNVERIFIED
96b51fba-23fa-580b-87a8-94c14fdaed0b,d928ccfa-fcc6-5e7f-bf57-ab41ebea0045,220,BDT,৳220.00,,,UNVERIFIED
ffbebf26-9eb4-5e6c-9b78-3924a3b92a21,fb14ae73-048c-5772-beb0-e135d206317b,230,BDT,৳230.00,,,UNVERIFIED
da69aafb-5b33-56d0-998b-e8045f194bab,874a361f-6f35-5fa7-91a9-0e333b2f0f00,250,BDT,৳250.00,,,UNVERIFIED
6bfc60cb-f381-5b52-8317-254b3ed36361,8c4495a1-faec-5cfb-bae6-b8b68a09f9e9,720,BDT,Tk 720,,,UNVERIFIED
f2c4a19f-379b-5293-806c-a3cd850b096b,7c079d5a-3ec3-5126-a940-05e900ca31fb,625,BDT,Tk 625,,,UNVERIFIED
a50e08fb-a3c3-586f-8333-cc8f61d8e90b,783d13ac-d8db-5883-aae5-84563ab9ddee,240,BDT,Tk 240,,,UNVERIFIED
b7bfe514-cbd2-522d-b361-5b5387122e06,07927ca4-e340-507a-8ae3-b76ea40bc905,240,BDT,Tk 240,,,UNVERIFIED
c39342c4-0d61-5476-91cc-af8fc1cba0f2,7dccff19-8ea9-5da8-aaf5-b9ac804da257,295,BDT,Tk 295,,,UNVERIFIED
55a5b980-40fb-5404-900a-54106f3a145a,b0ce2977-5d81-5faf-b5c8-82d48d2096ac,265,BDT,Tk 265,,,UNVERIFIED
d36adeb7-2b0a-500d-bf5e-0e1bb864e137,901305fd-ab92-50ba-8e81-243139080033,295,BDT,Tk 295,,,UNVERIFIED
2015658c-c4f6-5abd-b4b6-ee5e34440a7b,49842a3f-5abd-57e0-a061-b02a3cdb1d9c,370,BDT,Tk 370,,,UNVERIFIED
ec1f764d-0191-5059-9dff-cd0b05e032a3,a43f493a-7439-5854-8d90-41f73cb8a820,299,BDT,Tk 299,,,UNVERIFIED
adbf7b6c-df3a-5ecc-984b-f2e3bb5ef2d2,2d2f5bc8-a94d-5c6a-85cb-3dbc41004830,299,BDT,Tk 299,,,UNVERIFIED
9c5c6849-301c-521a-8d6d-c4168198afcf,d0293c53-a12d-53af-a10e-72969e3eb879,299,BDT,Tk 299,,,UNVERIFIED
d625a5c0-8560-550c-8a54-7ecc3f5e7921,bb3d0e16-606b-5286-b2af-f89dc551e8b2,685,BDT,Tk 685,,,UNVERIFIED
7bbe3ad2-5185-55e4-a27b-3100136402dc,c0743100-8dda-56b6-9ade-74000c3d5d1d,730,BDT,Tk 730,,,UNVERIFIED
a8c9e842-e4ee-52f7-8ad0-f40a7677dbcd,9cdae354-280a-5598-bdda-8fb7d33598ec,120,BDT,Tk 120,,,UNVERIFIED
b9f8614a-76d9-5231-b609-a74ee76a17ce,4b6c16c5-4513-5ac9-ae90-f8bac1843513,140,BDT,Tk 140,,,UNVERIFIED
6fe30483-ed4a-5a1c-8054-47c604e736ed,9d4d1273-97ad-57cb-a26d-8c1580aa7c69,140,BDT,Tk 140,,,UNVERIFIED
1051a256-7698-57e4-a98b-a1a1cd2a7387,6878dcb1-de5b-5af9-bb64-97f0c6d983a0,140,BDT,Tk 140,,,UNVERIFIED
dc26ad58-2e4d-572f-87ea-87ac39395145,7238e79a-ee9d-5e77-91a5-85180d634985,1499,BDT,"Tk 1,499",,,UNVERIFIED
76991aa9-9840-5f4b-8699-955f397168b4,e0db9eb0-7012-557d-8e7c-7cec24316f63,835,BDT,Tk 835,,,UNVERIFIED
8a579d6b-2c7a-5042-9ab3-e4f8f5244fac,31bfef81-2741-55f6-86f0-b4130018a671,320,BDT,Tk 320,,,UNVERIFIED
0c0e5846-7ba4-59cd-b145-b3c362cb4f5c,b819901f-aa9b-51c5-819b-b1385e33b521,730,BDT,Tk 730,,,UNVERIFIED
de2324c9-bc5f-596b-92fd-9bfdc357c2de,61b88f72-73ab-5ed8-a1e0-bc2f124f3fec,899,BDT,Tk 899,,,UNVERIFIED
98a714a2-7bd6-587d-9ee7-bab5307bd67e,35c3eb6c-34fd-594c-bcb7-518bd2a913ed,650,BDT,Tk 650,,,UNVERIFIED
13134286-1331-59cb-b9d2-b40220cd6480,3eabf182-13e5-5384-9637-4cfd4b64e749,660,BDT,Tk 660,,,UNVERIFIED
54009e4e-e2d1-5a8e-b136-970fcb52d7d6,51e196b1-353f-5cbc-88b7-af338b623e4d,795,BDT,Tk 795,,,UNVERIFIED
f6c78d8a-19c1-520d-9068-c7b92a721fa4,2e2776fe-2eaa-5ad7-a4b3-679b5dab8040,445,BDT,Tk 445,,,UNVERIFIED
5b03b390-f62f-54ee-949e-b4ba5c280237,cf6c216f-e6dc-5793-900b-08c7c2e36adb,695,BDT,Tk 695,,,UNVERIFIED
2fa8d399-8076-5d8c-bbce-5bd15cdf5ff6,6c4fb182-2fcc-5ff1-ab38-349b21d996de,845,BDT,Tk 845,,,UNVERIFIED
2465327d-614e-570f-81c7-3d94a703ed94,b4a2d7a4-e632-5a2b-aceb-e530271a28cc,925,BDT,Tk 925,,,UNVERIFIED
90b24927-6500-5106-94db-1250b9fecf5c,8bcb5fb9-33da-51a2-9e50-fc66093f6aa2,1295,BDT,"Tk 1,295",,,UNVERIFIED
5616036a-368d-5626-857e-5022a2d8f3ab,2e6380d8-73be-5f0a-9a9f-4872a1c480bb,995,BDT,Tk 995,,,UNVERIFIED
ecbb7f8e-849b-568a-a098-ce4c5aeceb07,4cba1031-0c1e-5513-b7ab-1193dc2c7c2e,645,BDT,Tk 645,,,UNVERIFIED
599643cc-7065-5ec9-b3eb-5affc2689bff,25bca29f-aff6-50c2-9306-a04d1a1ab603,895,BDT,Tk 895,,,UNVERIFIED
6e4cce5f-1322-53a4-80f2-5d8ae536a730,0966aec4-c586-5d60-9a86-c27b4a0a106c,1195,BDT,"Tk 1,195",,,UNVERIFIED
be0d4d13-b67d-5f39-a06d-da60749acf43,43acc6bd-f9e4-53a2-b8b5-100b19342668,645,BDT,Tk 645,,,UNVERIFIED
986117e1-7df0-5c69-a140-20e23a114fca,141f53e6-f38c-5aa1-a188-5894b2225736,995,BDT,Tk 995,,,UNVERIFIED
d6284513-8911-5e0e-b70e-52b6b71a98e7,0ddfa2b0-0972-59f8-8fda-f2aa73985cff,995,BDT,Tk 995,,,UNVERIFIED
b8a69f04-dd0f-51cf-b40d-e9a1e2976c18,7e619106-02d1-5c7b-890d-cee3fb4eeb76,945,BDT,Tk 945,,,UNVERIFIED
416967ac-7a4c-5062-b4ac-616e8c1e2444,3e3d08e8-825c-5117-bd29-78587992444f,1795,BDT,"Tk 1,795",,,UNVERIFIED
dec8bf81-81bf-577b-adb9-075c7ebdc393,c2296db2-9aa9-5b48-a0aa-7a78386b8643,395,BDT,from Tk 395,,,UNVERIFIED
0d740c53-345d-546b-928c-9ce76ae20fb6,e075c001-470a-5d19-adaa-f526cede06cc,625,BDT,from Tk 625,,,UNVERIFIED
411cfa09-d653-5ad5-93e9-7941c53672ee,0567e168-ab96-5d63-833e-a40c420b2991,495,BDT,from Tk 495,,,UNVERIFIED
9e02a6e4-604c-58ae-86bc-71eef9cb40c5,cec87369-5a20-5544-a906-b4d803520e31,745,BDT,from Tk 745,,,UNVERIFIED
d1766833-3f1c-5c27-9764-aa39879c5189,64b6b37f-f11d-5964-95a6-44000e534217,595,BDT,from Tk 595,,,UNVERIFIED
e76f8d48-cc12-5d88-9052-eac55b33c8f8,97693dad-9fa4-549c-b6b9-d89a48f177d9,545,BDT,from Tk 545,,,UNVERIFIED
45c24f6b-7a00-5445-8357-149c271a1a8d,48f0edd0-a33b-562c-a814-9c335981ba86,255,BDT,from Tk 255,,,UNVERIFIED
37eed1c8-0b36-5363-b690-6865eeb97b7e,9fabb90d-848e-541b-9c2d-8b25a9388996,385,BDT,from Tk 385,,,UNVERIFIED
3a5c5340-b0d0-552e-8d4c-981cec21c7e2,ddaf48f7-c095-5565-ada5-7efa370e2021,445,BDT,from Tk 445,,,UNVERIFIED
97dab2ed-bb13-574e-9212-63bfc2ad63b3,bfbd1ac8-88bd-5bf8-9a50-fe6579d8ef9e,365,BDT,from Tk 365,,,UNVERIFIED
d1321cfb-7508-5927-af28-77f6aee7b326,eb292cd0-75dd-5f2d-b830-65d8d18f24e9,345,BDT,from Tk 345,,,UNVERIFIED
e6e9f76a-23bc-592b-9c16-ab42ede738b2,7c71d61f-f151-531c-8775-35e8d5d91ea2,595,BDT,from Tk 595,,,UNVERIFIED
56ef571c-8ee9-5652-8175-eb439a4f0377,4c6b79f6-dd23-51c7-a4b7-44ea099b88ed,495,BDT,from Tk 495,,,UNVERIFIED
c0de3585-163d-5bee-835f-dfff5ea954d3,0cf5a34f-02ed-5b8b-8920-2c27eae0b73e,325,BDT,from Tk 325,,,UNVERIFIED
97a104e9-c369-5e8d-9c4c-6c43a83b0bb3,760fae57-08d9-521a-9803-adb35b3da658,325,BDT,Tk 325,,,UNVERIFIED
9ead9c83-60b6-5031-8f7a-ccf6925f53d3,9daceb37-359a-561b-ab5d-e1bbdbe1a406,495,BDT,Tk 495,,,UNVERIFIED
89fd9d4b-614b-50e2-a694-033eb8b4d08f,275e4cfc-4f86-5fae-a2d6-26799b6fd7da,365,BDT,from Tk 365,,,UNVERIFIED
0e93575b-d979-52e6-b37a-a78dd431f7e1,0b4ed47e-b748-5692-bcbb-048aa94bdf93,425,BDT,from Tk 425,,,UNVERIFIED
9bbe541e-44e0-5a98-b3a3-77a4f610849f,411f7700-9f37-552c-acca-c1e07d97d9cb,525,BDT,from Tk 525,,,UNVERIFIED
6a480424-17dd-5a4e-a461-b3389d18b170,c4e33538-d294-5cb3-843e-0268801ff7ff,625,BDT,Tk 625,,,UNVERIFIED
04d4965a-dce2-5fce-a50b-b43f9229afd1,ed7f0ab8-2bc3-52d4-afc1-2a0a0bc62fac,745,BDT,Tk 745,,,UNVERIFIED
ef406405-8ef5-58ef-9b4e-b7b065e4f0be,f312aa58-6380-53a6-bd8a-a201802e0ce9,875,BDT,Tk 875,,,UNVERIFIED
e8018812-d2ea-5daa-8b61-5ff07374dfe2,145877a1-cf6d-5443-9aa2-b2b74cc25063,395,BDT,from Tk 395,,,UNVERIFIED
7a2f5463-6358-5e28-bae5-ab6af3aa8ff6,6ddc9baa-caf5-5414-a484-7cf09a494f8b,425,BDT,from Tk 425,,,UNVERIFIED
48a73df6-e942-559a-a69c-423913a17811,049168cd-354f-5526-b3d9-593b5c81e700,545,BDT,from Tk 545,,,UNVERIFIED
c4b6f556-6384-507a-988c-389fffb81148,8e981155-abfc-57e6-b3ff-e6001db5cf7a,545,BDT,from Tk 545,,,UNVERIFIED
8be8ec97-0638-5c99-a694-6128e05e4d12,bc8e9e52-6044-5165-9842-7a1d160da573,645,BDT,Tk 645,,,UNVERIFIED
c56041c8-8c7e-5203-8193-316eb35c697f,0705dbb5-81fc-5406-94ae-7b621f265257,545,BDT,from Tk 545,,,UNVERIFIED
c21d8e2e-ceb3-5c51-84ae-530727bcf57e,7c2b3477-ca3c-54c3-8de6-0f7e3ddcc0dd,415,BDT,from Tk 415,,,UNVERIFIED
138ad174-637f-5c4d-b8d8-498f048cbaf6,a9a3f738-8179-517a-8ae9-1cf655860402,2295,BDT,"Tk 2,295",,,UNVERIFIED
5d7f10eb-6a79-5dfb-ae46-8bba914a69de,d3d76414-6500-5743-a4ef-e81ff65944f6,2595,BDT,"Tk 2,595",,,UNVERIFIED
079addb0-4d01-53b6-b32b-2ae99ba4a468,4fdf18b2-5159-51a3-94cb-fd6f3183aad2,4695,BDT,"Tk 4,695",,,UNVERIFIED
735f78e6-6619-5ae0-8f43-8f1951928dae,7a51c6a3-4e3b-565f-95d2-a9153542d984,2045,BDT,"Tk 2,045",,,UNVERIFIED
4ce625d4-e566-5d90-a4ca-5212ab5bdfe5,f0424a8d-954a-51cc-b54c-53ad50843604,345,BDT,Tk 345,,,UNVERIFIED
35ac3233-7523-5a40-854d-f1b347a39930,7adce46a-0a85-52c9-9810-8c1b14408eea,695,BDT,Tk 695,,,UNVERIFIED
db4959d6-2b0d-59b2-86c5-8ada99834a91,fa6d0fc9-3d58-5052-965f-b43ca398ab76,685,BDT,Tk 685,,,UNVERIFIED
117f9b6b-f98d-5871-805a-e776c4ca3224,44a102ab-6b38-5f15-8723-1aa64bea444b,695,BDT,Tk 695,,,UNVERIFIED
3067ee3c-a003-5a82-adfa-8e16b51150ff,5baf55e5-2a58-5e35-8de1-35c6480c5531,775,BDT,Tk 775,,,UNVERIFIED
ef873092-e3c6-56f6-9b28-52a130307b9b,ce5b48d4-b8b3-5df0-a82a-2f41aceb5873,695,BDT,Tk 695,,,UNVERIFIED
bbb9d3cf-a081-538e-be6e-e513ed5f640c,0c702f44-1df4-5e21-9dc5-4ac39ad0f8ad,645,BDT,Tk 645,,,UNVERIFIED
0cfd37a5-c1ea-5e05-98d6-854a3461e9bb,daa7a737-5926-5ce3-b9cb-5a6cab66c3c1,595,BDT,Tk 595,,,UNVERIFIED
ef1b4e3b-0520-5af5-bd11-476cb24a42af,2b3f741f-c2fd-5895-8e39-f925ae8a35a8,645,BDT,Tk 645,,,UNVERIFIED
c0a253e1-9e1a-54ae-83cb-455c3059c632,bf1572cf-e127-5443-b96a-5482835afdfe,595,BDT,Tk 595,,,UNVERIFIED
ce75b4a2-ae8f-581a-b0e0-b6f5ed8bbb21,60cf84a8-8b9b-507d-bc92-131de5052ae8,695,BDT,Tk 695,,,UNVERIFIED
9118abb7-9f63-5941-abd8-b07e8cfcc520,74d1ae34-3d3c-5763-84d7-4c5588ff1c51,695,BDT,Tk 695,,,UNVERIFIED
610d5e5a-18e6-5c8a-9781-2ef6ac076bbe,c4adf725-504b-5ee6-ad4a-aed5f3a2a3d7,595,BDT,Tk 595,,,UNVERIFIED
1497382a-32ee-5296-9000-c851c7a1c00f,d914957e-38d5-550a-9e7f-451b6ef025f3,475,BDT,from Tk 475,,,UNVERIFIED
d2fd1ca8-0b43-5971-a092-81ee560c38de,2826ab7f-93e5-52e0-9786-39a90c9f4441,695,BDT,Tk 695,,,UNVERIFIED
d762672a-961a-5a3e-85a1-73ad88ab2248,264ac7d4-c1d4-5f2b-bc59-3295a27918a7,475,BDT,Tk 475,,,UNVERIFIED
85111ca2-dcf4-5b51-ae0b-aab1a1b7df6a,1ac36937-af96-53fe-a124-c2818b558714,535,BDT,from Tk 535,,,UNVERIFIED
52acfe04-e083-5cc3-ac89-ee8d91838fd3,cc4ce29b-f309-5c06-b8d7-d358850b253b,415,BDT,from Tk 415,,,UNVERIFIED
6eebb14e-5f53-5848-9f20-7b32c8a0d8fb,4df7ed64-9201-554e-8884-8eb12f80b04f,795,BDT,Tk 795,,,UNVERIFIED
f3e0c8e7-dc06-5565-9209-268e46c14d8b,6df326d6-c2b1-57c3-a9a8-df70cf6f2327,565,BDT,Tk 565,,,UNVERIFIED
786d164a-c6bc-576a-a5d5-c3ee706d4ec6,61923d69-138d-5627-b4fc-d4056fc09a61,565,BDT,Tk 565,,,UNVERIFIED
a8b0e453-4192-5dff-8db5-d650b08be6ca,075baa57-4b15-5fa9-8593-d5b12682c72b,595,BDT,Tk 595,,,UNVERIFIED
a4f2e9a9-1f62-56bb-a380-27a8ae46844f,872f204c-f862-5862-a766-c31f494a042c,565,BDT,Tk 565,,,UNVERIFIED
538ed534-2acf-5af4-9df4-73ff27463c53,a0177e7d-008a-5cfd-a17f-4a33b284fac3,475,BDT,Tk 475,,,UNVERIFIED
77020bb0-9cc3-5188-9bba-523de4a51f49,c488057b-4281-5e8c-a8c9-3a2e69ce6005,475,BDT,Tk 475,,,UNVERIFIED
18656273-a9a0-5dfe-8493-50624598d998,8d9eddd0-4b39-5c1e-bc03-a6090d6abeec,415,BDT,BDT 415,,,UNVERIFIED
470dea7f-f32d-5e6f-9181-e7f8b8262c5e,c011c2f5-d6ae-54f1-89c8-25f648f44aa5,410,BDT,BDT 410,,,UNVERIFIED
5f738485-4dd1-561c-a1c5-b9bc53da10cd,19b7fc6c-49d7-5d2a-87a1-784febd0307d,470,BDT,BDT 470,,,UNVERIFIED
e5c61fb0-149b-5083-bd1f-10f197db6d0c,df60d404-f582-5aad-bece-b74d8b6931ed,470,BDT,BDT 470,,,UNVERIFIED
f379de73-957f-534a-890e-afb09ea5acae,1982a2a1-b29c-51c2-896c-d702b4afa2fa,450,BDT,BDT 450,,,UNVERIFIED
0cc64df8-b57c-59f4-a299-087ceaf391a1,8a9fa8a5-352d-5254-831f-ea5c20dfe121,410,BDT,BDT 410,,,UNVERIFIED
fc3e0f04-aa96-558b-9268-662f2b673103,7ab07868-6cb9-5b17-a86d-68e8cbf8daae,415,BDT,BDT 415,,,UNVERIFIED
ce2dae9d-56e1-5127-9bbe-9af268118c85,beab4ca9-9a7c-50e2-b41f-971df4b7323a,410,BDT,BDT 410,,,UNVERIFIED
55ef7840-d083-5a23-a7d2-9d79be6e5465,e348c448-388c-5eda-80ed-089573af9141,455,BDT,BDT 455,,,UNVERIFIED
714b9890-da54-5d49-9d41-4414a32ef36a,3f7b1ce5-788e-5346-aeb2-43d12be13a37,410,BDT,BDT 410,,,UNVERIFIED
78b713ad-97b0-5e99-848a-399353e6935a,59899215-9782-5907-9009-af2871d74c57,370,BDT,BDT 370,,,UNVERIFIED
2d43bfd7-0fc1-5046-b2c5-e03a66a1e1e3,bd728f42-af15-567c-9805-cc89405c4edb,410,BDT,BDT 410,,,UNVERIFIED
e1909630-1daf-5aa4-bef8-f98be3b8f7f8,c7e7fab9-57b0-5c9a-9b60-e96d49806916,470,BDT,BDT 470,,,UNVERIFIED
b3fda67c-b830-5d90-b637-1c60fb0438fe,8dc22910-faae-5b59-8026-88abaa0cf797,470,BDT,BDT 470,,,UNVERIFIED
81550df4-921e-5e94-9a6f-6f44db9ad0bc,8bc3746b-064a-57a9-9f61-5f9053b8a662,730,BDT,BDT 730,,,UNVERIFIED
c410cc5f-afa9-5fee-a87a-b93a2f1749df,b518c0a5-a200-5d3f-98e1-ac1512bfa8c3,445,BDT,BDT 445,,,UNVERIFIED
eb6485f1-9115-547e-acc4-fd5197a9539c,79d3a2f6-dcf7-58c6-a3b7-8f5e72197838,375,BDT,BDT 375,,,UNVERIFIED
bc760662-beba-5f0e-90a0-f5c0a0a1daae,af2c0f5e-962b-5bb2-b38d-529048ba2a72,470,BDT,BDT 470,,,UNVERIFIED
66ada472-8003-5f45-a750-4296d41a6f13,706c2895-5dbd-5a7e-aeb4-ac27cd0bd6b5,450,BDT,BDT 450,,,UNVERIFIED
d5f7ef48-2adf-5d5e-b71e-dd9ca1253903,4693b314-b0d3-5270-b8a0-3195dce8a66a,430,BDT,BDT 430,,,UNVERIFIED
b54d3a86-5302-5a3e-813a-4442b6d5dc9c,2803dc2d-08ce-5b3c-9649-c0e2c5a4c924,450,BDT,BDT 450,,,UNVERIFIED
c0e23864-ea65-524e-a63c-6427a1e856ce,224c032f-008c-5c89-b428-646e601d5846,180,BDT,BDT 180,,,UNVERIFIED
bf3d7a74-574a-5f31-8179-e556a39a7f0a,7f08728c-7700-51ce-a6d1-dfa2c399b2ef,245,BDT,BDT 245,,,UNVERIFIED
f1e7c69c-78e3-5d2d-a4e8-77af74e79d89,863531df-ea74-5a88-bef5-38601303e17d,500,BDT,BDT 500,,,UNVERIFIED
19255778-d09c-5b8f-b345-2b84742d8450,91ab3602-07c0-5e43-8841-e3e7ad9a0c87,470,BDT,BDT 470,,,UNVERIFIED
c13dc5a3-4cf0-549d-90c3-212d31940296,ae73aaad-4957-52cc-b969-ff1080556b53,515,BDT,BDT 515,,,UNVERIFIED
a9026345-3fb7-5cfb-94b9-dae5ccb938ab,4ab687b7-e591-5d26-95fd-310555feda07,510,BDT,BDT 510,,,UNVERIFIED
61f4c06b-525a-59f5-bf88-6064d838ce96,8bd7acfc-51ac-5ff0-a60c-60cc382c8d3c,620,BDT,BDT 620,,,UNVERIFIED
3aeb5cc7-0dad-5264-82b0-c33ae3cbe4fc,20277b87-3667-533e-9542-1ce4c4a2c6d7,585,BDT,BDT 585,,,UNVERIFIED
c1df846d-f5b2-5718-b305-46c955742894,d12260f9-2262-57e5-9c99-28177e827475,625,BDT,BDT 625,,,UNVERIFIED
46920960-2c2d-54b8-8ab8-c6425c6640c5,0f339ac2-f358-5ad7-9ac8-2f18a634a79a,495,BDT,BDT 495,,,UNVERIFIED
e9bd982c-d671-5406-be13-2a24d75c837b,9c45b8e1-9c58-56bc-979c-cdb678cb4de9,470,BDT,BDT 470,,,UNVERIFIED
2fb618d1-b3cd-5dec-85b6-df7fd4f29b55,86f042b3-ef83-5003-897d-333e541c2252,480,BDT,BDT 480,,,UNVERIFIED
c2a2452d-c891-55cd-9408-7982bc5bc3b2,69c13203-671d-57ca-bf9f-2d25f0a29b13,480,BDT,BDT 480,,,UNVERIFIED
3eaef714-630d-57f5-957b-1d0ad9403ac1,b2c96944-3ebb-5ef7-a70e-640a994ee8e9,495,BDT,BDT 495,,,UNVERIFIED
0405710b-2d21-53f0-8ba9-37fdc26e1228,73df20f2-eca7-5e56-b382-177267aef697,480,BDT,BDT 480,,,UNVERIFIED
4b5393ea-147b-5c23-8d70-3b6349147f2a,bdc8aa6e-11e2-5a00-a12c-ca74a4ff0bfb,670,BDT,BDT 670,,,UNVERIFIED
b1ae4ef9-06c0-57ca-9716-577a0406e825,5b49126a-cfff-5775-b71f-927055781595,650,BDT,BDT 650,,,UNVERIFIED
11b590aa-f458-53f5-afbe-b93f522b0562,84f3a6a3-390e-5305-ba4d-4c12d1a5735d,675,BDT,BDT 675,,,UNVERIFIED
87a5f354-2da8-55b3-a8b0-52275e27aa5d,074fcb5d-d8d7-56ee-a270-f019a6a7d539,610,BDT,BDT 610,,,UNVERIFIED
630f529b-d5d1-560b-806a-886ff3161b84,38c4d158-f7bf-5ed4-abcc-fc493ea5f637,500,BDT,BDT 500,,,UNVERIFIED
48e58d7f-1fce-51ee-98b9-971f9bf47964,b4fecfd1-24ec-57fa-88d6-06a2cdf775c3,495,BDT,BDT 495,,,UNVERIFIED
6856e6ea-a7c1-5dff-b655-ec5a13f5f7f3,64a61735-938f-59b0-b361-eb9734a0ac6c,590,BDT,BDT 590,,,UNVERIFIED
29d8ce4f-8d0b-586b-b46c-c7eec904965a,03d64c98-7319-506d-984a-eb15c406d14d,590,BDT,BDT 590,,,UNVERIFIED
25d38242-b80f-5595-b32b-e815b29c443d,d6c2951a-05d1-57e4-a3d1-8d5c08d35e94,575,BDT,BDT 575,,,UNVERIFIED
bbe841fb-a547-5e8f-832e-1b19a8e8c5a9,4cbf3da5-6bf0-514e-8639-9ee976ef94b4,600,BDT,BDT 600,,,UNVERIFIED
5783e94e-4229-5e10-9b0e-02160e69caba,39258544-5b44-5c7f-b05e-b8fc37bdf568,600,BDT,BDT 600,,,UNVERIFIED
7a8058cd-e3bb-5fa0-9269-1f3446df2144,f2ea6127-4d4a-5b37-bc7e-e13b95a5665a,410,BDT,BDT 410,,,UNVERIFIED
797079f9-699d-5706-a036-f51d6fde784d,29ece7e3-2322-555e-bc7e-f702c64c1ade,415,BDT,BDT 415,,,UNVERIFIED
821f1c2a-9cfa-5c7c-b658-41384dac104d,631ed66e-54ba-5033-a39a-892d68d49193,355,BDT,BDT 355,,,UNVERIFIED
d4cde6ab-d582-558b-a803-d5f72e2fb061,894f132c-168d-5832-9c9f-4867e62abe23,350,BDT,BDT 350,,,UNVERIFIED
3defdc0c-2d0c-50cb-9fc5-7d75fc71ca4a,18322505-4174-573f-9e99-42a4374442eb,415,BDT,BDT 415,,,UNVERIFIED
43218500-433f-5fb8-bbce-cc259a2bc1f5,1da7c8c7-b521-5631-9895-7bf306dde870,265,BDT,BDT 265,,,UNVERIFIED
47247b24-6ed7-5c9f-a1e4-a63a4f66e77d,9e38e613-7c6f-55f4-8946-f023391efc6e,285,BDT,BDT 285,,,UNVERIFIED
a35cf9c9-717e-5dea-9ce0-1fb3dd802682,d5f7c674-5cc8-50a5-b34d-60e868a5ef47,,BDT,MRP,,,NEEDS_REVIEW
60e84d88-2177-544a-96b8-96b8dd8a2e33,8aaa1502-f12c-5808-949f-1d83ca001185,,BDT,MRP,,,NEEDS_REVIEW
ccec08d8-8c62-5bf4-ae74-1e879ce50da1,aa03221e-5d79-5eaa-8e00-469b5d8ae67f,170,BDT,BDT 170,,,UNVERIFIED
aa39f6bc-67f1-5e3f-abd8-3e6ecfe1cc2d,d3706203-e1cc-5de7-9268-f26c38889b90,280,BDT,BDT 280,,,UNVERIFIED
d0c8538f-1b32-5ab9-96fa-a804e30c69ce,4817b26d-53b8-54df-a6c6-089471a2f129,250,BDT,BDT 250,,,UNVERIFIED
b6666eaf-119d-5203-a3a6-0831b850fef0,e225684a-dd0d-5be9-8191-755c0150d2d5,650,BDT,BDT 650,,,UNVERIFIED
b3596cac-ee9e-5402-a14a-72b3fdac674c,8a0c6865-185d-513b-8603-6a731c898d60,490,BDT,BDT 490,,,UNVERIFIED
0cd925c7-0c12-5cf3-948e-c415480716e4,0f63ec11-5de1-513a-816e-7e08ac4bd2a4,390,BDT,BDT 390,,,UNVERIFIED
89718997-90e6-5a70-8550-95f3f9d4e47d,222c121b-5b71-56d9-ba61-d67730f99036,550,BDT,BDT 550,,,UNVERIFIED
936f76bc-019c-5241-a94e-727584129058,8b535e0e-00d4-5e95-aaee-5b60c8e2e7e9,390,BDT,BDT 390,,,UNVERIFIED
718d695d-0fa1-52bc-8c2f-0793546febe1,84e736f3-c150-5953-881a-8a2efc00d336,350,BDT,BDT 350,,,UNVERIFIED
8bde0d6c-03ed-532f-87a8-11483c5777f7,8118ae7d-44f4-53ba-a17c-84fd8febbd7c,490,BDT,BDT 490,,,UNVERIFIED
30a6a42d-2162-53f6-b757-b71e8baea242,d566e3b0-6625-5cb1-9004-460061020ff9,890,BDT,BDT 890,,,UNVERIFIED
7ac51964-2a4e-5e79-8f09-3d24e305838d,8cac9110-cb40-5cd1-83d8-08736a7a17de,250,BDT,BDT 250,,,UNVERIFIED
fb946987-dffb-5963-b649-ec4180579786,48abc6d0-2d54-5b81-a445-b4f006910233,350,BDT,BDT 350,,,UNVERIFIED
b0cb6751-31b0-5bd1-af7f-fc67187916ec,d1e54109-f667-5f50-99e8-79e2afe61d8d,389,BDT,from Tk 389,,,UNVERIFIED
d243480c-bbc2-592d-aa79-8f8cf2f7e337,083684f0-e901-56fb-ab3f-69bef20533dd,319,BDT,Tk 319,,,UNVERIFIED
923c45e3-9f56-509e-86b7-dfce6cb81eea,09f34f73-f9f1-56f8-81cf-d4835b874737,229,BDT,from Tk 229,,,UNVERIFIED
88eb2154-c52f-58d7-ae02-1f5a10878425,db83dc9f-e18a-511f-bf14-635dc41adb24,319,BDT,from Tk 319,,,UNVERIFIED
b2ce2480-0f99-5a03-95e0-c93608fd46a2,6d08775e-dbf3-5ea0-955c-3fd6a277fc68,599,BDT,Tk 599,,,UNVERIFIED
3a4c4fc8-642c-56e2-bf7a-32b539548145,f78aeea6-cbc8-5f1e-ac9a-decac67a17bf,369,BDT,from Tk 369,,,UNVERIFIED
350c0d7b-a2f0-5c0c-81ff-e7729432a9b8,5c090e16-317f-560c-b8de-3c6b87067927,1259,BDT,"from Tk 1,259",,,UNVERIFIED
463087e5-c980-5714-8f4e-5008ee6ead0b,dc2829bc-8745-54a7-8a45-a04390cbe1c1,1259,BDT,"Tk 1,259",,,UNVERIFIED
16e719ed-9db2-5c36-8d63-80ca628bd8db,fa3c3df3-d7d0-5cd9-9086-85d7e671049b,169,BDT,Tk 169,,,UNVERIFIED
1ef50810-78eb-5e7f-a13d-2c6c6bc5cea1,b913e159-d729-585a-8d52-2b2fcf1dca89,1179,BDT,"Tk 1,179",,,UNVERIFIED
fd9b326a-60a0-5b67-a38b-4ffc52854549,28b8101c-7805-5193-a018-4d1f5381d368,1399,BDT,"Tk 1,399",,,UNVERIFIED
341a637e-2ecb-57c1-a1a0-6ab48e70bde4,630d3a8b-d778-5072-b4d6-932aa681fec2,1659,BDT,"Tk 1,659",,,UNVERIFIED
9d14b379-585e-552a-b81a-6021fe8baa71,168ef1d4-e66e-5b7e-9d3b-569fa94c9ad1,489,BDT,from Tk 489,,,UNVERIFIED
4707a401-cab6-57bf-a256-9d61d7e42cf0,e8f90f8e-9c90-55e7-91f4-223c148144f2,669,BDT,from Tk 669,,,UNVERIFIED
41244de4-136b-55b9-8b70-533fc3672ec4,9e9376ff-a5ae-5272-bab4-2427507f602e,459,BDT,from Tk 459,,,UNVERIFIED
f8e3f347-1b41-5e15-a757-1605cb4eddb9,90bd2767-e9c5-5eb3-8384-6d6787dd8dee,479,BDT,from Tk 479,,,UNVERIFIED
cd873950-1061-5efa-909b-70ad41504ebd,cc46ea4c-59fc-53a1-af57-3af8de557ebf,249,BDT,from Tk 249,,,UNVERIFIED
40e9cc90-5c89-5328-a7e2-9d61fc4dff9c,58cc5085-a07a-5dbf-a2bc-153484c4c2f1,249,BDT,from Tk 249,,,UNVERIFIED
6e489503-a6cc-5d55-87cb-3ad023e0f143,f81c8cad-705c-507f-b1a5-02468e661853,588,BDT,Tk 588,,,UNVERIFIED
57efd0bb-4d04-5b61-94bc-59ba88bf5c88,ffa5a206-d865-5008-bb40-b22a323bbc2a,568,BDT,Tk 568,,,UNVERIFIED
b9cae8af-b0fe-5488-ae0d-46ba71ee9621,998d53f2-9601-508b-8866-90b0f1e5f180,578,BDT,Tk 578,,,UNVERIFIED
6de088b8-7270-546d-ac15-8e3e9014842a,1ecf89d3-5382-5228-a280-712b03fdae85,568,BDT,Tk 568,,,UNVERIFIED
62af6cc9-57ab-56a7-805d-bb2e3ccef90d,8f9c76e0-c4f5-516c-a48a-85de0ba68a8f,448,BDT,Tk 448,,,UNVERIFIED
e3e35d1a-3352-5278-af79-736347f9af7f,8c55d4b7-42c9-5cc6-99ca-325a4e27b379,448,BDT,Tk 448,,,UNVERIFIED
0aff3418-5793-53c9-8516-632467996aa6,250a7b79-84b0-5efb-bfd5-eeae4b391bf3,678,BDT,Tk 678,,,UNVERIFIED
9ef0c0be-4365-56ec-aadb-e2c5994fe253,77d2597a-98e9-5eac-92ff-40500070e195,658,BDT,Tk 658,,,UNVERIFIED
16c798bd-1b7d-59e9-8974-638efee120c4,0e5f980e-f73b-5d3f-a6c2-b5218a0c9681,868,BDT,Tk 868,,,UNVERIFIED
f49f14fc-eaeb-5e8f-aaaa-3af59aaa6832,46f9aa51-a5f9-574a-b016-19bebea893c3,688,BDT,Tk 688,,,UNVERIFIED
8e35aeda-c6a1-5184-8cea-a0be9ee980aa,700e798d-917d-5126-a889-b1d97b720aa4,588,BDT,Tk 588,,,UNVERIFIED
a45d7cf9-8870-5a23-99ec-2d6d9a099ef7,4fbf0564-1b1b-595a-91b2-4be46e5f33a1,818,BDT,Tk 818,,,UNVERIFIED
67b61cb0-248f-5901-a66c-d7397d6bbe36,a5db8b69-b1b7-51f3-ba81-1181f19d9374,578,BDT,Tk 578,,,UNVERIFIED
cb8a09d1-f79f-5c3d-9805-40952df45bdc,bedaa15d-75e1-5e9d-92a4-96cd5dc37b95,129,BDT,Tk 129,,,UNVERIFIED
23d95ee4-40dd-580d-bfd0-4c05c36fb221,a1da9d76-c095-5d5c-96b9-c5633cce4e96,399,BDT,from Tk 399,,,UNVERIFIED
4fbc1086-aa31-5a5f-9ceb-9c61e4e2c248,a7d6cc5c-1657-5b0b-9572-6a91c4e5622a,449,BDT,from Tk 449,,,UNVERIFIED
e01941ce-8aa4-56d2-9b62-3fa957cbf3ae,62ca9a4f-240f-5ee8-b5b9-88c8a97ed97c,159,BDT,from Tk 159,,,UNVERIFIED
b6bb17ec-b3fd-5056-9b2d-a344f8fbd044,6ecdbf2f-8599-5496-8a88-d47253fac72b,39,BDT,Tk 39,,,UNVERIFIED
a0496b37-66a5-5741-b418-287d3ab87016,2fddead8-45c4-5c2e-884c-b2dd818d90f0,69,BDT,Tk 69,,,UNVERIFIED
a77aaee5-dc31-5fb0-8c7a-9b4831d200ad,0442c4c8-0042-546e-b283-07e25d4a6df7,99,BDT,Tk 99,,,UNVERIFIED
49d96262-b80f-5275-b6d3-dfa952488edb,25472e84-1afc-5be1-a5bc-87b4003e1ed9,299,BDT,from Tk 299,,,UNVERIFIED
e8a324e3-239e-56c7-996c-0be1760e6949,5cc74109-a19e-5217-b480-e374dcdcb217,740,BDT,৳740.00,,,UNVERIFIED
ef545cd6-3bf8-5306-872c-984273c7a435,6a33f225-e967-5012-9832-d036c244dc29,125,BDT,৳125.00,,,UNVERIFIED
1dad4da4-1729-5969-8c5b-59245bf25a78,6ae4c86a-c1a4-58cf-b5ec-0bec8be48f6b,500,BDT,৳500.00,,,UNVERIFIED
4c67c4b2-7a8f-5f6a-ab8c-3cb22fbbbc54,2f456ab4-e3f0-54f1-b1e8-3cd16700f1cf,1382,BDT,৳1382.00,,,UNVERIFIED
4e1ab6d9-aca3-566d-8626-8b48459e4f8e,6d565d02-97e1-5f3f-8e62-e7f824df2930,175,BDT,৳175.00,,,UNVERIFIED
87fa6fb3-fcd8-5b5e-af1c-775b4f813dc8,8208709f-2e8b-5901-9e15-b64eab13f044,775,BDT,৳775.00,,,UNVERIFIED
2db1fc4b-a0aa-5aed-a7c8-ec766b58c714,2677bc6d-2aef-5fb1-9d34-940077aacac9,1566,BDT,৳1566.00,,,UNVERIFIED
485d1a08-4086-5680-be47-d8d27aead0cc,8d91b64f-680e-5828-a843-cab8158f0eed,1864,BDT,৳1864.00,,,UNVERIFIED
e8696a5f-0a56-5a24-a15d-bb1e61f67009,8822bea5-52e6-5f43-82ad-5d8166c3753c,2364,BDT,৳2364.00,,,UNVERIFIED
633ef8ae-9512-5b0e-a83c-7562fe830351,776b635e-db78-5cd7-85cc-b22470dfa63d,2441,BDT,৳2441.00,,,UNVERIFIED
fd3cfb75-6689-5c25-91f9-21c92f2297d9,f16363d0-dfbc-56ad-a563-e0bdd6f800cd,2864,BDT,৳2864.00,,,UNVERIFIED
93f1188f-b77c-5ad0-b78d-9b9aedc478a3,4beab418-fa90-5e28-aa8c-56b0c9e874c7,682,BDT,৳682.00,,,UNVERIFIED
533b5031-d910-5b06-a08c-fba247141ad1,52e72ff7-e759-542f-a52d-83ee261017ed,886,BDT,৳886.00,,,UNVERIFIED
462a203c-f08c-57c7-bd98-eb8d77373f64,b9de3361-4f41-5e7e-9975-8cbfc9287ff7,1109,BDT,৳1109.00,,,UNVERIFIED
f3f417d1-3c52-5ef9-a47d-ea4f71de7baa,935d7ee8-19f4-5a65-b78a-d2341547d40e,1136,BDT,৳1136.00,,,UNVERIFIED
01cad925-71c7-5e82-bb5c-19b3b4cb6f3d,52e7a9d1-83f0-5fcc-b9cd-ff85faff9192,1291,BDT,৳1291.00,,,UNVERIFIED
1fb4eb3b-0c83-5f57-96d2-3ed96ef58937,c3964002-0855-522b-bd84-d32195a2658a,1364,BDT,৳1364.00,,,UNVERIFIED
a6916a44-d472-578e-8c34-5076fbc9f256,50fb5e8e-5ab0-5492-908a-a6454d1e7e8e,1382,BDT,৳1382.00,,,UNVERIFIED
fc64cca8-7892-50f6-b789-5c79634c21ee,e8c31fd1-278e-5065-b750-ad6b5e087ffe,1409,BDT,৳1409.00,,,UNVERIFIED
3355b749-d9da-5e85-b7fd-2b860e66e3ca,7835ccab-c45a-58bb-a2ed-326036bed28a,1473,BDT,৳1473.00,,,UNVERIFIED
696b2625-26ac-5d02-8a94-8b40c0cc52b4,57b60223-a30c-54ad-93b0-21a4f1f42924,1500,BDT,৳1500.00,,,UNVERIFIED
eb6064b4-6a48-5e89-88e7-2430d9806cf4,c34c2aaf-5084-54c1-a16a-9a96c42810d8,1818,BDT,৳1818.00,,,UNVERIFIED
d1ee17ae-21d9-562c-b76d-37a4fa386d4d,d53b84e3-fc40-5863-8f66-0de5dbd71fce,2215,BDT,৳2215.00,,,UNVERIFIED
2fcf9f39-df6c-5763-84b8-9b08aafe2a9d,9d467537-60f1-53d2-ba63-ef23f8858e5c,2523,BDT,৳2523.00,,,UNVERIFIED
a2eb1c16-1c2a-54ad-9cf6-897527c976c9,54a1b076-cdc7-5c6e-b014-9552b6a5f198,3200,BDT,৳3200.00,,,UNVERIFIED
49f4acd1-bead-538c-aec2-1a79a5949718,f385cff9-5dd7-50fa-b207-f2c83825dcf6,175,BDT,৳175.00,,,UNVERIFIED
558d3a27-4518-54ec-8edc-f90c1d218bf3,9221828c-0a7a-5d48-b6a5-500234f1ba8d,195,BDT,৳195.00,,,UNVERIFIED
7eb615a3-bc1b-544d-8a1c-526c9a183dd7,92bfdcd1-eb8a-54e9-a35a-dda51d017e70,170,BDT,৳170.00,,,UNVERIFIED
81fbfe2d-cba6-557d-94ad-7b632ceb34b7,4dbc0044-b52c-523b-9779-efdf936bf6ea,195,BDT,৳195.00,,,UNVERIFIED
d32af977-df0c-5210-88f2-77053ebdfb31,39ffda20-e929-544c-96b1-d477f78ad0d9,1195,BDT,৳1195.00,,,UNVERIFIED
009dc9b5-d36a-5e91-927e-4043f3f2ad4d,8f5c02a7-5c3e-5431-bcda-4c562b3a1600,2195,BDT,৳2195.00,,,UNVERIFIED
cebe7235-eb64-594b-bc90-b417e0409404,441bdff0-d3ea-5bae-83c3-d17438caeb52,736,BDT,৳736.00,,,UNVERIFIED
e62cde08-d939-5a0f-9cde-df4c36fde46d,1d98ff42-db85-5954-9db0-c757f4346740,773,BDT,৳773.00,,,UNVERIFIED
4a8db11a-5b37-5cac-ba3d-37963010b25c,c19fbc33-b95a-542c-bc61-55aa4b1e6343,855,BDT,৳855.00,,,UNVERIFIED
77c18106-7e8f-58eb-a7eb-cd289e6d65b8,ce557616-12d3-5f82-abc0-29f1781b6f8f,982,BDT,৳982.00,,,UNVERIFIED
a262f140-d94b-5870-bc47-8e3c0ba5df0f,f940531f-e14a-5b3d-a15c-585258f26552,982,BDT,৳982.00,,,UNVERIFIED
76a77b57-4217-5026-b1c1-08ae3bbed6e8,a9ce7b13-f3a2-573f-9307-ce91ffa62dad,1068,BDT,৳1068.00,,,UNVERIFIED
ad52c6e9-f630-576f-9391-7cc7d91f98f9,91df1f4c-f587-583c-bd92-5825c41326f7,1091,BDT,৳1091.00,,,UNVERIFIED
9856c19a-1c7f-5c81-8122-26671dcae6bc,d76b0496-d90f-53a6-b7e1-481d9703370c,1155,BDT,৳1155.00,,,UNVERIFIED
05c13ac5-1fef-58cf-ba99-2858fffcf34e,8135433f-3b73-5680-b3bd-9888e7abd669,1273,BDT,৳1273.00,,,UNVERIFIED
2d98a45f-318d-5c0b-8615-f60d46221964,57ee8930-2891-511a-a65a-66b36a0e6f4c,1291,BDT,৳1291.00,,,UNVERIFIED
03057354-7fdd-577a-955a-417391d9024f,fdacecb5-9afe-57ec-85d4-30aa35d2945a,1318,BDT,৳1318.00,,,UNVERIFIED
197d04b6-35e9-5729-8894-1a9aa9ffd197,75fe7c52-dae3-531e-8663-efaf7d1e647a,1382,BDT,৳1382.00,,,UNVERIFIED
a1276489-f482-5f7b-a15a-685f0e526de5,4346c202-a3a1-5d11-bda5-9029a9db954b,2000,BDT,৳2000.00,,,UNVERIFIED
55bd2114-f721-5100-8b29-d540dc83a3b3,747ff041-233f-5104-88cb-df8c63ab5a60,2227,BDT,৳2227.00,,,UNVERIFIED
bb07116b-3abe-5be8-9343-94aae0c2bfc1,99da79e0-f34b-586b-8648-116392303448,2382,BDT,৳2382.00,,,UNVERIFIED
48e1a0af-23c7-5739-a9d0-7fb96d4a701e,0ffcb1a6-7089-5235-ac2d-e665ae83cc5e,2409,BDT,৳2409.00,,,UNVERIFIED
eda81261-61ee-5688-9f10-4a4ad11e5350,4c9acdca-2758-5744-a4c1-1aa4cb68ca7e,2591,BDT,৳2591.00,,,UNVERIFIED
d7d04c50-1271-5526-9b2c-b72a9b7397c0,7ca51ca0-c11c-50bd-9bca-e54884b11435,441,BDT,৳441.00,,,UNVERIFIED
0bfec42a-ca4e-5a11-95e2-34f67029b315,d02179c5-6a2f-5b03-a189-15ef84ce84e5,255,BDT,৳255.00,,,UNVERIFIED
035dfb59-2aff-52e2-9e34-055a7899e07a,9896bf0a-0b63-5882-bb50-2015a99d76b2,336,BDT,৳336.00,,,UNVERIFIED
3c9b568a-ae07-5de2-95a0-68d3c64e7c21,fb22a502-36ed-5fea-8b01-672bc7abcd0f,159,BDT,৳159.00,,,UNVERIFIED
b6aafc99-1b9c-504c-953a-b546898affe7,092cd950-7a28-5684-b3e9-3b29ae7fe66b,450,BDT,৳450.00,,,UNVERIFIED
a7301f99-bb8f-57fa-9e5a-696fea2774a2,5aad4851-6e1f-5d09-8aad-28bc7b63c5cf,64,BDT,৳64.00,,,UNVERIFIED
84617380-eb5b-5805-a4b4-6199d0ddbdb8,5c51751e-6482-55b5-ba37-161980c84490,173,BDT,৳173.00,,,UNVERIFIED
a07341a2-e95c-5ffa-bbfa-7a3d364597b0,6d18dc18-ded4-5e84-8579-dcd22a0c6d8a,182,BDT,৳182.00,,,UNVERIFIED
337ec24e-dfdd-51bb-b443-006ddc965496,9d81db73-70a2-5513-a53b-4e61aa77cbe0,195,BDT,৳195.00,,,UNVERIFIED
c7cfc49c-7f76-5af1-b796-cbd716c56f8e,41af617a-32c0-533e-b2d0-b3d532b60224,241,BDT,৳241.00,,,UNVERIFIED
acb7a4c2-9794-5986-8cb1-6f0caca20575,d51bb897-6d3e-5950-bdde-238770eb786e,273,BDT,৳273.00,,,UNVERIFIED
12c67752-5ae9-5e6b-8a92-43d149771b05,579b9d0c-80d8-5d8c-ba1d-9d53f73148c3,300,BDT,৳300.00,,,UNVERIFIED
6f19953a-763d-5b88-986c-a67c7fd9b165,1806463d-9754-5801-b8f4-977877ab92fd,350,BDT,৳350.00,,,UNVERIFIED
b4b8edfe-9997-57fc-9ecf-8392167e653d,bb38ec90-8450-593c-91da-28496de3b9a2,591,BDT,৳591.00,,,UNVERIFIED
5dbaca26-34d4-5e96-9f0b-28ac94aa741c,00eb100e-4090-5e68-9a1b-9f2a6889bb54,450,BDT,BDT 450,,,UNVERIFIED
e86e9acf-1b5a-52ad-aa21-9e732f4b1ee1,40445617-a37f-5a5d-ae92-8c987e06b313,450,BDT,BDT 450,,,UNVERIFIED
290d4f68-9448-5c71-ba2b-50290848096e,a9e430c0-a01b-5b2f-9a59-9a16dfb97bab,500,BDT,BDT 500,,,UNVERIFIED
927495c0-c22a-5a61-ae77-96dd7c8a400a,ad19e102-5bf8-5ae0-928d-4d2b7af49403,1050,BDT,"BDT 1,050",,,UNVERIFIED
3f96c6ff-c78b-5ba1-a7b2-8b0166cf68f8,42849338-3826-538c-a0d9-dfd3ab8b2cd8,700,BDT,BDT 700,,,UNVERIFIED
979b5a2b-46dd-5edf-a605-0dfc6598341c,8f82ad4c-1720-5310-9124-77f03b7b311b,650,BDT,BDT 650,,,UNVERIFIED
bf2a2f6b-3b22-5f59-a1ad-3ccb0dedad96,f23fb794-91b1-5f39-8d56-b4f5285a136c,500,BDT,BDT 500,,,UNVERIFIED
195c9e87-176b-5338-aeac-e766ebf1abf7,fd3d3c3f-f7cb-558f-919f-813ce6c85472,750,BDT,BDT 750,,,UNVERIFIED
b977867a-c584-503b-a910-015904667952,0d0493d6-b203-51a0-8726-e3db2f8b1641,950,BDT,BDT 950,,,UNVERIFIED
8851d78b-cc53-5e4a-a7ef-08b7372d55a5,da6073dd-f8bd-58f5-badb-5fc26c8e2684,900,BDT,BDT 900,,,UNVERIFIED
7627daab-2393-58c0-b7e1-06ebbfe7d2a5,cdcd44c1-820c-536d-a95f-4bed8aca19e7,1350,BDT,"BDT 1,350",,,UNVERIFIED
fa5693d8-e9bf-5e51-83f7-35d87ad65d76,3880c03f-acce-5317-a4bd-1f479387cc6e,850,BDT,BDT 850,,,UNVERIFIED
d171c6a3-45e4-5d38-9de2-e789a28e58dd,62ef185d-0522-54fd-a7fb-57ede5cbe396,1150,BDT,"BDT 1,150",,,UNVERIFIED
cbd12cc8-b833-577a-b484-3980dd442f01,da64c4be-f536-5648-b4d0-57a5b4acfd77,1250,BDT,"BDT 1,250",,,UNVERIFIED
c23d9ce7-cd4a-5d5e-94f5-593bcad69418,19d59c6f-4197-51d2-86d5-22b4bedfcc88,650,BDT,BDT 650,,,UNVERIFIED
c942c2b2-9cea-5934-99f3-0924134965a6,bb425880-dcbf-5ec9-a438-71585e7c47e9,650,BDT,BDT 650,,,UNVERIFIED
0cdbff37-bac7-54ab-874d-4e92bb29160f,7b2edb52-355d-5024-bb45-b7cf6a4a1be2,500,BDT,BDT 500,,,UNVERIFIED
598897d5-35ae-5187-b591-dcbd03670915,f099f7fb-109d-5373-b319-095afff873c0,800,BDT,BDT 800,,,UNVERIFIED
3850361b-4c46-545b-9755-3594dacba4c8,35850d75-4890-5920-b1e5-ac1f5c323331,750,BDT,BDT 750,,,UNVERIFIED
bcb534e0-6570-54b3-b486-2d6b0ee664d9,7d719aa7-55db-5d8b-b779-1dc3af9ba880,700,BDT,BDT 700,,,UNVERIFIED
1c5d3021-1aaf-58d3-b3e9-27571541e19e,4eecd87d-9b31-5d11-b82d-05b81a4cb6c9,550,BDT,BDT 550,,,UNVERIFIED
a53d7d2f-9b62-5559-b567-a6fca91ca42b,ea98040a-c09d-563d-a967-9445a775e4be,650,BDT,BDT 650,,,UNVERIFIED
9a8cb6b9-78f9-5f8c-b879-4eaf160820f0,75806c0e-b396-51f3-8400-d68385d5b01e,550,BDT,BDT 550,,,UNVERIFIED
96a3e75b-7e92-53dc-8ffd-d2d04e691931,c2d6170d-e785-55d9-a215-2b62e9545377,1550,BDT,"BDT 1,550",,,UNVERIFIED
a7c241b0-cde3-5d11-9cee-6fdb80cd9d44,a66e477c-c393-56fc-9fe0-493b04dc4111,950,BDT,BDT 950,,,UNVERIFIED
3f2a19c2-18e4-5bc3-a324-b969fc6d7f4b,2472bb00-f591-5fbc-8099-1a2fffd32e8d,950,BDT,BDT 950,,,UNVERIFIED
21eb4c01-61b3-5a6d-bf53-b8462ab9a66e,3481af74-daaf-506f-a0a7-940c07fa1418,850,BDT,BDT 850,,,UNVERIFIED
5e06c800-31e0-560a-8775-f6804201ef53,97536615-a4ee-58c8-a374-b13e134ab224,1050,BDT,"BDT 1,050",,,UNVERIFIED
3c4fcb23-bdb3-5576-97dd-7bb283481f52,d71ea6bf-5ea3-5261-9b26-3ac4641d14ce,1050,BDT,"BDT 1,050",,,UNVERIFIED
117c95df-8ed3-5200-9146-53d580ced3d3,7eae12ae-5266-5b40-8d59-80320fbfb9c4,1650,BDT,"BDT 1,650",,,UNVERIFIED
60d61c42-9564-59e7-89d4-794bd32e1c29,dfb1ba3a-666a-552d-80f5-44797ef60e04,1050,BDT,"BDT 1,050",,,UNVERIFIED
6d4b3506-57a1-588a-8353-353b65362bed,2401f59a-76c7-598d-8ab3-b3db4a73757a,1050,BDT,"BDT 1,050",,,UNVERIFIED
14769736-6488-5ecf-9ba4-9a41083e547d,1faa4424-77cf-55da-9f70-a95e73b4ca09,1750,BDT,"BDT 1,750",,,UNVERIFIED
dcc5d66e-e95f-59d3-94e5-b2599495dc6b,411f5f25-5195-523e-8c65-cda413e92b66,1050,BDT,"BDT 1,050",,,UNVERIFIED
98f56db3-7f02-5350-ad74-0b6722997a66,d7c7ef9d-c296-5466-be98-2625331886c3,2950,BDT,"BDT 2,950",,,UNVERIFIED
c490b9a5-1b24-541a-8b8b-fb50bb48af57,2152bbc1-215f-52a0-b2db-c1508db92943,1050,BDT,"BDT 1,050",,,UNVERIFIED
1405e478-761e-5403-9c38-9edcbcb4d999,f8c77c14-711a-5403-a260-30079c46f137,1150,BDT,"BDT 1,150",,,UNVERIFIED
ed6b14bc-70b0-5c14-b58a-787a380ce154,ec7c0cd2-2abb-5fbd-8b40-c9081fb027bb,1050,BDT,"BDT 1,050",,,UNVERIFIED
e70b9275-492d-5eb0-9427-cfb8bb9546a2,fd67d0c7-e83b-525b-8849-78f79a2d79bc,850,BDT,BDT 850,,,UNVERIFIED
eb62e596-b915-5261-8388-cbc49b51162c,a34e0ca7-82d9-5ae2-bc57-b92a4128570f,1650,BDT,"BDT 1,650",,,UNVERIFIED
2b22e5b1-2c32-5be7-9a0e-8dfe4bc0c4a9,c4488d92-d060-5cb2-b652-1ac1bb950151,1650,BDT,"BDT 1,650",,,UNVERIFIED
b845fd96-2779-5140-833e-ead9e4621549,ea7f132c-c170-5b92-8b23-1e112aa347b6,850,BDT,BDT 850,,,UNVERIFIED
03a2e84e-5fdb-59c4-8bdc-6f4442e53c5d,4fcc5dbb-417b-56c2-810d-0cb6f93313bc,2950,BDT,"BDT 2,950",,,UNVERIFIED
c28c3fc9-a9e5-5f5f-b2b6-365812c71447,315c2de8-401a-5a44-a7c0-c3086b8d165f,2950,BDT,"BDT 2,950",,,UNVERIFIED
5f59d1fb-65e3-5d9a-b84e-6db380c73f7c,8074f6c2-766b-52ed-864b-26650f47b505,2950,BDT,"BDT 2,950",,,UNVERIFIED
0458a68b-07c3-5851-9405-17c0df59aef1,df1d9102-f2e4-56bb-8344-bf86504340fb,1350,BDT,"BDT 1,350",,,UNVERIFIED
677ac6c5-9b34-5bdf-8850-3fe7340f9bdd,cdacc21a-4387-51b9-9f02-95898bd8c078,1050,BDT,"BDT 1,050",,,UNVERIFIED
f6a94e59-c788-5828-bda0-15921140c230,d96ee1bd-6703-52f9-860b-fc2ba04b97ef,2950,BDT,"BDT 2,950",,,UNVERIFIED
2999bfb6-73de-5fa1-828e-0c3066199806,8100a57d-b39d-5322-8c1c-0be8497ade13,1050,BDT,"BDT 1,050",,,UNVERIFIED
9b24a584-bd3d-51db-b57f-7fe21d89e7ef,1c60d804-1496-5055-b765-358a509835ec,1150,BDT,"BDT 1,150",,,UNVERIFIED
1ea75e13-d78f-5b3c-bd38-85ebc4219455,ad6cde01-99a0-5bdd-8399-74b32eeb454a,850,BDT,BDT 850,,,UNVERIFIED
a1b790de-03cb-513e-b7ee-2737339defcb,ff07fcd0-b44e-5c8f-8716-cdca965db910,1150,BDT,"BDT 1,150",,,UNVERIFIED
160463aa-cb98-595f-9d3b-cbfde8b7b021,340690d4-bdc3-59a0-be9f-5db05c2c2d91,1050,BDT,"BDT 1,050",,,UNVERIFIED
5d670759-591f-51bb-b34f-f794729d7af8,7dd4def9-7ceb-580b-b86e-70d521f0aa18,1350,BDT,"BDT 1,350",,,UNVERIFIED
696b64e9-b895-59e0-b60f-23a13b09899c,a664ed90-273a-508a-8f20-ff8b32015d78,1450,BDT,"BDT 1,450",,,UNVERIFIED
e3019e6f-b62b-5ebd-a81e-dc14810b9aa3,09d88540-c704-59b9-9764-fc2d5d606d55,1350,BDT,"BDT 1,350",,,UNVERIFIED
0b1ed6f2-37e0-5086-9d1d-385f738d831f,eaac90f0-1d30-5617-9a10-bca3d3334a3d,1350,BDT,"BDT 1,350",,,UNVERIFIED
37abcbb9-fa72-552a-8203-dd8e7665d8d0,5463687a-04ef-5ef6-aaea-bd56c4a40cc6,950,BDT,BDT 950,,,UNVERIFIED
1ad387b3-3a88-503c-8db1-af9bbc18e02b,f21548f5-bc0f-5ece-87aa-06c57a207622,950,BDT,BDT 950,,,UNVERIFIED
bfeb0ab8-bf5d-5cfd-a12e-54d3a6fdb730,260b8e76-baad-508a-8611-4ca41dd07042,950,BDT,BDT 950,,,UNVERIFIED
b011add8-560b-5cf9-931d-30c60f006ee1,71d1d5a0-3974-51bf-891f-dac7a2625a8a,950,BDT,BDT 950,,,UNVERIFIED
300450c8-e328-568a-adf9-74e4214f7d7d,c6b75127-a695-5997-bb7e-8e789e2f68ff,950,BDT,BDT 950,,,UNVERIFIED
7c526a93-9c48-57f5-b10d-fc502b8c524a,7bfe6a63-1586-56f6-8163-125329a0d386,950,BDT,BDT 950,,,UNVERIFIED
f0663eed-ef36-53e0-b9f8-b79b5750fcef,c16f083f-6251-53c3-9400-43ffd80d7e1e,850,BDT,BDT 850,,,UNVERIFIED
797c0c88-9999-5e75-9b9e-b89639c2f3a8,6033b925-e216-5a82-bcc3-4a4794df5c72,850,BDT,BDT 850,,,UNVERIFIED
f17ce62a-7ad4-500c-b5b5-cdc4dfac16fe,b0633132-699d-5dad-900a-bf6f820baffb,750,BDT,BDT 750,,,UNVERIFIED
11464ad1-070e-5cf7-a49b-efe366463570,68cbb49d-4ce4-5e2a-904e-7abb5919cdcd,650,BDT,BDT 650,,,UNVERIFIED
e913bde6-7ddb-5cfa-9dcb-9e28818552c8,2f6384f7-1313-51fa-96c0-13a4e28c76f8,1550,BDT,"BDT 1,550",,,UNVERIFIED
1d744535-229e-5c4b-8fc3-83aec01af2fb,9a4e2bca-ae7e-550e-b8bc-069c42a522d5,750,BDT,BDT 750,,,UNVERIFIED
f1c6d17b-6df5-5c1d-bab6-d524a440d383,cb72d57f-99fa-523c-b8cf-886ccacc930f,1250,BDT,"BDT 1,250",,,UNVERIFIED
10d30539-ac2b-530a-baf4-5009cc02d231,350c029c-813f-5e17-9d34-4dd2ecac3c0c,650,BDT,BDT 650,,,UNVERIFIED
a9a03fb9-7141-543f-8b5b-e717fb814aff,ad171c99-0cb9-536e-9eca-9de2fc302411,650,BDT,BDT 650,,,UNVERIFIED
c9395c22-a79c-51a4-8ec4-9622b12f258d,1f795390-0c19-5b6c-aa9f-b8c620e4c2be,1250,BDT,"BDT 1,250",,,UNVERIFIED
6bc71326-a044-5122-b66b-ac1451dd6f1b,57cc1d41-8f1a-5ce9-9f89-1e9720f5de16,1050,BDT,"BDT 1,050",,,UNVERIFIED
a99f4df6-fc40-5c32-9897-e0f18d9733ec,4a42eebb-d88d-5daf-a463-02721bf10775,950,BDT,BDT 950,,,UNVERIFIED
3470b44a-9f07-57ca-9e5d-c93df3517e12,9913252b-bcd2-5cc4-b8b2-4c1ecbcd1122,850,BDT,BDT 850,,,UNVERIFIED
f6ca32de-5da2-54af-8568-262c7156d49e,a960c8d4-a891-5015-af16-c6f656462376,850,BDT,BDT 850,,,UNVERIFIED
45f0acc3-f02a-50ff-a5fe-ce61617a46f7,87e9d2e9-0de7-55b5-bb02-bebe3f74ad1f,750,BDT,BDT 750,,,UNVERIFIED
7920964c-fff4-517f-b5b1-c2081bb9b51d,6f8d232c-d1c6-5e32-aca8-20ef2c241524,750,BDT,BDT 750,,,UNVERIFIED
3faa0f54-ee7d-51e0-838e-88d7ebf16ce6,c196f189-3ad5-51b1-ab89-72a45617d446,650,BDT,BDT 650,,,UNVERIFIED
27e0fbf3-753e-56ee-babc-e439892149bb,adee0d99-e5bf-5020-90f9-2f518d4e54bb,850,BDT,BDT 850,,,UNVERIFIED
57c1cead-7343-5c1f-8acd-dac9210f1893,cdc33142-f2ef-52ae-846c-a84e9b618f7f,1450,BDT,"BDT 1,450",,,UNVERIFIED
b759baee-3590-5f22-9914-8e405b683e5c,c68a9a33-7ee9-57a7-b57c-c181f3e6f19e,850,BDT,BDT 850,,,UNVERIFIED
8e58dd28-2bac-5e58-8b1b-c3b831c18562,a3c561f3-2b9f-5ace-b535-4d12a29c4e74,650,BDT,BDT 650,,,UNVERIFIED
92da6df8-0859-5c0a-a6fd-2e8892e59144,c9a9e898-6e34-57ea-b02f-f467b637be1a,1050,BDT,"BDT 1,050",,,UNVERIFIED
10252533-fd68-58cc-be68-5a928162a7a0,8f15a9fc-5e3e-58d7-bf17-af79192dfeee,1450,BDT,"BDT 1,450",,,UNVERIFIED
ed97a2f2-1cf4-5edf-9836-08bdb96015f6,c62534d5-bd85-58ae-9118-5c98006a7e37,650,BDT,BDT 650,,,UNVERIFIED
43f50492-a164-5c46-a3e9-660ed565d739,91d93972-e703-5bb1-9e85-a1189dc8d1bd,200,BDT,BDT 200,,,UNVERIFIED
30cf24bd-6ed6-5677-a3ec-a5f807ac6509,970d2af1-5f37-5c02-8229-f073c88f1ff0,250,BDT,BDT 250,,,UNVERIFIED
0098895d-3f4b-55db-9232-c427e16b977f,2f34f96b-9166-5b99-a07a-2b966bae762d,300,BDT,BDT 300,,,UNVERIFIED
326fa8cb-1f7a-5682-84b9-e3f0d3d13ded,e6870bdd-b832-5c23-b973-f1f3f2f8b679,350,BDT,BDT 350,,,UNVERIFIED
de0bd231-4cc8-5645-9b2f-a6c8361378e8,df019a30-3909-5325-924b-be4589c53f58,350,BDT,BDT 350,,,UNVERIFIED
a7b57e8e-6035-5082-a63a-31da350bb995,583555a6-978c-5303-a814-f6b1a8e16998,400,BDT,BDT 400,,,UNVERIFIED
e345c505-e111-5dbe-8fca-15941faf7ee7,9bd455ba-a2a2-55a8-848d-aba05d3ddbfc,400,BDT,BDT 400,,,UNVERIFIED
4fa71447-790e-51b2-adc9-031907b2f237,a3c18e57-0710-5ac4-86f8-d71969878d65,350,BDT,BDT 350,,,UNVERIFIED
f247c515-452a-5f10-90dd-aa1991eea050,cfae2b32-d964-5c44-8194-79a828046abe,300,BDT,BDT 300,,,UNVERIFIED
80dee32a-861b-5855-abdc-28f5d75a4845,fad035f8-1856-585c-943b-feedaa3c70d8,400,BDT,BDT 400,,,UNVERIFIED
c8d74f56-0a6e-53e5-b53d-498418fb806b,5832c65e-f4e5-5fd5-bd10-305143b21e85,520,BDT,৳520,,,UNVERIFIED
d9eddc9b-ca83-5a6d-ac0c-c5be9699720d,1149082f-0ead-503d-abe9-8a3be2cb4b27,780,BDT,৳780,,,UNVERIFIED
477cc92e-b1b4-596e-b947-90e55a2cd80e,a475200b-c7eb-54c8-bcba-37ad569dea29,680,BDT,৳680,,,UNVERIFIED
c3a98549-035f-5be0-ac59-25f9bed59cc4,de5c0362-cfff-54ee-8e51-76de790fe9f2,830,BDT,৳830,,,UNVERIFIED
dff4f614-dfb2-5be0-a624-74650dfbcc0a,91aa418b-d5d9-5a3e-b4d0-a3afb21a9111,1190,BDT,৳1190,,,UNVERIFIED
c935ff82-fb57-517f-8c30-24b6494b34df,bcadeaf8-ebf4-5bbc-8f3c-bb485407eeb0,890,BDT,৳890,,,UNVERIFIED
284ae2db-3e42-57fc-86a2-4071afd35c72,e8b149f2-2c64-571d-8e40-e061ae586471,400,BDT,৳400,,,UNVERIFIED
087fe690-6a93-53c8-98d2-c9d50ef35daa,fc54ad8a-5591-542a-aa1d-31385f7e2c07,690,BDT,৳690,,,UNVERIFIED
09639bb4-bf97-5c9e-b8b7-b0e693fc8ec9,7b3b0f1f-9da4-552e-8565-9be93a51e2e3,1250,BDT,৳1250,,,UNVERIFIED
b24b6a89-7507-53d4-9b83-10b077681e22,8091a907-c2be-55c6-999c-2c2721c4e8cc,620,BDT,৳620,,,UNVERIFIED
04351914-4807-51b0-b345-5b678c7cfff1,bec711f0-14f1-502a-b42d-359545d87b99,510,BDT,৳510,,,UNVERIFIED
2ec60a39-b86d-53df-959d-e53c34960674,d104c56d-f75c-55bb-9614-773a764a5ced,7340,BDT,৳7340,,,UNVERIFIED
18c5fc50-92c8-5682-aec2-e6b178979b28,edefad63-aa5a-562e-823c-029bdfebc428,1990,BDT,৳1990,,,UNVERIFIED
0fc844d9-6c06-5b3b-b62a-001f466b9eeb,a1dfdb2a-99e6-5d62-a242-bf8d1d489ec9,890,BDT,৳890,,,UNVERIFIED
e8c38a79-0bb7-5567-99d8-e68bc85bbf3a,7ee196c3-d18a-5b26-9a81-fea95bf33e0c,870,BDT,৳870,,,UNVERIFIED
f06ebd29-15a4-5b1d-a45b-0668a9460eb1,67bbcbfd-8eae-56f3-b3d2-d1fddffe007c,420,BDT,৳420,,,UNVERIFIED
055812c2-b401-5dd1-8641-911b8582887f,4c6ccc21-dcf2-5184-b65b-8a89ef3101ff,590,BDT,৳590,,,UNVERIFIED
01767c79-1aff-531a-b185-c1623c50abdc,6d813c21-e796-59f5-a4c7-0f95ce74cf0f,650,BDT,৳650,,,UNVERIFIED
167370c3-d85e-5b87-977e-9b95df646a3e,bec94f67-ed33-5a5b-9d54-43fd3b9169d1,90,BDT,৳90,,,UNVERIFIED
cced2332-5cbc-5151-8b81-e0a5d49b820e,c4f89fd4-6fb6-5ad5-b838-3ced5b699899,1310,BDT,৳1310,,,UNVERIFIED
c9405489-6b48-5220-ae08-87f32e8d5954,701f48d6-ba33-5ba5-827c-b5eb8c8cef4b,1890,BDT,৳1890,,,UNVERIFIED
5acfa8fe-246a-5482-a5f6-4b77c9410160,7993d039-0e1f-5ec0-94d7-09be949c62a2,1310,BDT,৳1310,,,UNVERIFIED
cdc0c4bb-0778-5e3c-a895-514f8259af54,271ab66d-caaf-5415-81e3-aff70eb31646,1050,BDT,৳1050,,,UNVERIFIED
02578bab-1210-58b4-b0dc-862ba83553d1,711797ae-e391-526f-ad57-6cd4c54945fd,590,BDT,৳590,,,UNVERIFIED
77fbf793-714c-587d-aa77-2402aa0d27c9,260925d9-b0dc-52b4-9dee-8eed053cfbc4,600,BDT,৳600,,,UNVERIFIED
09fac502-d36c-5272-820e-517ef67a626b,4687ed26-3eba-5038-b938-142829004846,410,BDT,৳410,,,UNVERIFIED
0f8f3c5a-d476-5dab-895f-23b982dbebe7,37bcd0a8-0737-5b91-8102-b9049c49383a,245,BDT,from Tk 245,,,UNVERIFIED
f8a639af-9e75-51d3-9347-e741d86dab38,cc23771c-3476-58b0-863f-d35a475cdd7b,365,BDT,Tk 365,,,UNVERIFIED
d5b8515f-aa9d-51ae-be25-458ae7d4e867,73105f71-355f-5dc8-8a29-56d032061036,415,BDT,Tk 415,,,UNVERIFIED
a537b3ca-09fc-5116-a9cf-3c90652fe7fb,e4fe9ec3-4947-56b0-8f07-4ac0f81d8e53,445,BDT,Tk 445,,,UNVERIFIED
a6c138d7-626c-51ef-bad9-c4d576850064,68c28100-b00f-5c67-aad5-590bb139734d,285,BDT,Tk 285,,,UNVERIFIED
7b7ef3f7-05d3-5fe0-b9ab-8a87446f9136,087a523f-752e-54ee-8336-f2b67aa7c4e5,296,BDT,Tk 296,,,UNVERIFIED
a27d2c69-c853-540a-82c3-a2b7a607b27a,e7817995-1fcd-5631-8172-6c70f8fb4ec4,295,BDT,Tk 295,,,UNVERIFIED
d87b2ea9-653f-5837-adc8-b1aaa219ca6f,e173743d-bfcf-58a9-b910-f60fcf79adcc,295,BDT,Tk 295,,,UNVERIFIED
777eb378-01dd-5eac-813a-e1ebb3dfdfff,addaeabf-f5c5-5202-b3bf-ad0416719ea1,380,BDT,Tk 380,,,UNVERIFIED
0c0bb56f-f8eb-5fff-a484-f1bfe0994af2,03e31dd4-0538-5d44-ac3d-3d76f06f38ae,495,BDT,Tk 495,,,UNVERIFIED
3b3fa809-9e7d-5f5e-ba67-be888854856c,31be17aa-d319-5f54-bcc9-bce4a7a6c9ca,290,BDT,from Tk 290,,,UNVERIFIED
5c854391-0401-5905-900a-e735b9ade001,69e017c0-e199-575e-90b1-63b375f4ac3b,340,BDT,Tk 340,,,UNVERIFIED
867d11a5-518f-5066-996d-abcf211d371e,e15df89b-4940-5b24-bcb6-3e9278db9363,,BDT,Tk 494 / Tk 549,,,NEEDS_REVIEW
45c3f0e5-6771-599b-87ee-9dddca4450e5,1d48ec92-a67e-5fb8-90a0-7cc565819e8b,420,BDT,Tk 420,,,UNVERIFIED
3d2e42ea-c4f1-5e1c-b4b1-73ac078c5d13,9cd005d2-7403-5045-9a0d-6f15cfdd3550,265,BDT,Tk 265,,,UNVERIFIED
e9765139-a5bc-5479-ae63-458806419a78,c98f2234-0abe-5163-a0e0-d6ccaaf3e9d4,450,BDT,Tk 450,,,UNVERIFIED
cf1ce807-71e6-5541-83cf-455b158ec110,ae7a9da4-77c5-57b4-873d-c8eddc129f2f,580,BDT,Tk 580,,,UNVERIFIED
bafedd95-c94c-54f6-a3f7-d83280bfac7d,d0506f61-d137-5080-beb8-dc54f0c422cd,450,BDT,Tk 450,,,UNVERIFIED
88aa80a0-9d72-52c6-af10-cd081af62687,6ad9d3f2-582c-560c-b3d1-3e9d7cddb33e,540,BDT,Tk 540,,,UNVERIFIED
14e375a7-5dc7-5c1c-aaa3-17c15e2b2e48,318ac036-ff9d-5978-bc98-d55c8c9930f4,550,BDT,Tk 550,,,UNVERIFIED
cd26158e-61e5-5327-8577-098bdc0cc75c,63ac2693-03c8-5571-aa6e-1cd5ea05a0d8,500,BDT,Tk 500,,,UNVERIFIED
32e7fe09-593f-5ec1-a136-939955cefae6,7d709f1e-130b-53c6-b1ba-ec88b72a2579,590,BDT,Tk 590,,,UNVERIFIED
a5e2af19-5a09-5a13-a9f9-a351e92f1875,a74063ba-d0a1-5d3e-bda9-d33b6c2a500c,680,BDT,Tk 680,,,UNVERIFIED
8067be42-2385-56f0-8f1e-f72e8cc9f6aa,465c96a7-7f3d-5774-9103-863e8a386e72,650,BDT,Tk 650,,,UNVERIFIED
82548eb8-e5f8-58be-a66c-263a47f2bbae,d8e949a9-26fb-5686-9aac-19c08b89bcfc,140,BDT,Tk 140,,,UNVERIFIED
693d768b-32da-581d-8812-20f4e8c7356b,9ed47fc7-0133-5c96-bdba-cc0e96362b9c,160,BDT,Tk 160,,,UNVERIFIED
61b40c97-4eea-5131-93c2-073674c5784a,05ddca54-59db-5dfa-8748-f90aea2fb1f6,320,BDT,Tk 320,,,UNVERIFIED
84881e80-88af-502e-bdfa-0514515f9470,c2e7cf8d-d0c5-51eb-ace4-cee7c18ab260,300,BDT,Tk 300,,,UNVERIFIED
b498cd89-537d-5f5c-910d-4e33fd6af79e,8d0d2292-b15a-5ddd-a4dc-ead57b96012d,575,BDT,Tk 575,,,UNVERIFIED
392b63ec-1586-5080-b737-904a259d7484,f0dfd486-738a-5bce-a1e5-bf9c47434ca6,575,BDT,Tk 575,,,UNVERIFIED
056be17e-3110-5d0d-b950-f6c02dec453d,04a2d2d4-4990-5172-83ed-80d120965566,320,BDT,Tk 320,,,UNVERIFIED
fb0a496b-fd1e-58ba-b8f5-a70f27bbf53d,592830ab-15f0-5bac-85e2-42525a1b6ae9,240,BDT,Tk 240,,,UNVERIFIED
f87501fc-107d-5065-b82b-ca794c98a305,d78f37de-fa10-5b45-8271-fbf64d87a40e,280,BDT,Tk 280,,,UNVERIFIED
54421fd2-3b75-5fb7-98ab-5dab7480c5e2,0acb1563-ffed-54c4-a0e2-5b4027f67456,240,BDT,Tk 240,,,UNVERIFIED
e4006721-d9c1-5f0a-9405-1952cdf8c2d8,ddebe966-e055-5353-b77d-5bc422b7bfcf,80,BDT,Tk 80,,,UNVERIFIED
3dd857b8-033e-5618-8466-2a086456b6e3,9e40608b-a91f-5d45-a56f-670e84ea7554,70,BDT,Tk 70,,,UNVERIFIED
8cadc60c-4ef5-5537-922d-57ad39aa0c60,2e0449b7-d7e9-5b83-a8fb-5fb6387203e0,100,BDT,Tk 100,,,UNVERIFIED
d90f7550-1884-5e7e-90de-451221bfb232,30fbcaf5-d17e-5161-85d2-9f7bcd27ee3d,120,BDT,Tk 120,,,UNVERIFIED
a70c9870-344f-5417-b1bc-a9710cae5c1f,de742599-c644-516d-b584-682aef196bd1,160,BDT,Tk 160,,,UNVERIFIED
8d043c97-4dbd-55d2-8c47-99e9feb1e108,1df3047f-4eab-5da2-8e4a-a1b92d8989af,90,BDT,Tk 90,,,UNVERIFIED
01a1eaf3-2368-507f-adce-eafc8e6749bd,bdad8a5b-48e2-53e7-be06-573d70fa0a9a,120,BDT,Tk 120,,,UNVERIFIED
6097ba87-4a74-5394-b7ab-5363a71a8024,790ed739-2b10-5dfe-98e6-6b05f4b3b3bd,120,BDT,Tk 120,,,UNVERIFIED
ec314d4f-023e-527f-afa3-1fdd95cc48a2,ad1a1500-7b4b-5394-b3ad-dd1232952e98,70,BDT,Tk 70,,,UNVERIFIED
c89c04ad-ca13-5ede-9bd6-96be0b9b3938,3ac6f5d8-57d6-550b-9257-7ab184132d23,150,BDT,Tk 150,,,UNVERIFIED
ca440abe-40b2-5b7a-9200-370ba47cb793,f7e1927f-0698-5201-9db4-95ed82e85bb6,295,BDT,Tk 295,,,UNVERIFIED
14a5e13d-a42e-5b78-8039-6f815091d1c2,9773591d-69d4-54c4-ac06-86b3395846ab,275,BDT,Tk 275,,,UNVERIFIED
d37142d1-31de-5c9d-8e48-6e346739693f,047631d9-bf64-56b8-a057-ac65e0b949f4,260,BDT,Tk 260,,,UNVERIFIED
5b9f0b69-21b5-55c2-b600-c30487b71ca2,1996a67b-46db-5174-b941-24e60edf1134,260,BDT,Tk 260,,,UNVERIFIED
81d6a345-294b-5547-a5df-23a96085de90,72e6d308-f85e-5f69-b39a-e8fd7ef157d8,240,BDT,Tk 240,,,UNVERIFIED
b0757432-12f1-5b3f-9f3b-e642ad84a655,535f3019-b8e4-5723-97a0-f9ad988eff25,270,BDT,Tk 270,,,UNVERIFIED
ecb906d8-0efe-5b2b-8dc8-bba404879d86,9d407431-fbda-592b-89a4-32f36dab002b,280,BDT,Tk 280,,,UNVERIFIED
0dafadaf-1977-52db-be5c-cf3784ca3d5b,f4eeaee0-7a30-587f-b02d-24053587099d,290,BDT,Tk 290,,,UNVERIFIED
da0f5b0f-b2b6-5746-836e-be4011c0184c,dfc0b665-3ca8-5e25-b6ec-b5f7ed934ea7,495,BDT,Tk 495,,,UNVERIFIED
f603da6a-398f-55b0-8ff0-4e8dee46b1a6,d11dd924-2e2d-5d1d-a9cc-50f430a68271,395,BDT,Tk 395,,,UNVERIFIED
3053fb7e-d14a-5adf-97e1-727024e3c7d7,b0cba8a9-e894-5874-8603-236487832434,420,BDT,Tk 420,,,UNVERIFIED
ad40cf41-0753-5261-bd25-ef5f00386565,37e6d88f-edfb-5bf5-9f9b-eaa807108ea6,395,BDT,Tk 395,,,UNVERIFIED
41e7dfa6-cc70-5c51-b23c-78a300d48279,88965a04-3709-5b4c-a557-1a44c93de459,570,BDT,Tk 570,,,UNVERIFIED
ce14646b-a265-592e-bf2b-ed7524a7e19e,85940953-ef1f-526b-bdf6-67b5006b723c,575,BDT,Tk 575,,,UNVERIFIED
a8d55731-2a62-5e20-a95e-0f1e2e2a4f95,6eb408d6-c5f6-5862-a349-4cde041e8ae6,520,BDT,Tk 520,,,UNVERIFIED
0da4146a-674a-56f9-87c9-2deb99f37530,a1736ded-34ee-56ef-94fe-d87fabbe2a16,570,BDT,Tk 570,,,UNVERIFIED
fc509d25-c34f-53b3-a5d3-2189cb2e5099,37fdca66-eeeb-50cb-a39a-eb253ebb4d36,575,BDT,Tk 575,,,UNVERIFIED
e39860cd-69e1-5cb1-9169-4dcdb6b4dfef,8ad5253f-d7fe-5eab-8c85-e04ac32835d1,395,BDT,Tk 395,,,UNVERIFIED
5b42945d-9623-5cdb-b2a1-27f6c691e980,ad7be6f3-96a2-5e29-9852-7bd2fe64c1c9,575,BDT,Tk 575,,,UNVERIFIED
e5f1d653-3bc9-5f67-979b-849027709802,6a7c3e8c-7a4d-553b-a91a-c9d80d9332cf,395,BDT,Tk 395,,,UNVERIFIED
a443d6c1-ef8c-5b8b-90df-d49768028cb5,f6fed1b9-5502-5700-b3b6-52a634608b70,550,BDT,Tk 550,,,UNVERIFIED
7235bd3e-9f86-5426-8142-45636810cf28,92a850bd-1350-5eee-ae07-82f3c532b6d9,480,BDT,Tk 480,,,UNVERIFIED
0f71d506-2f5c-59fb-a8ca-d2d9722acb5b,1fd795ca-a380-5c41-a8d9-549cea5bdda3,570,BDT,Tk 570,,,UNVERIFIED
7b54e43c-65d3-5781-9463-2bb6a5ef5ba2,b5196888-c6aa-5102-b985-c12466e3d943,620,BDT,Tk 620,,,UNVERIFIED
afc93591-8965-5362-9458-43f8c5ae06fe,674b0ddd-5bd3-5618-947e-e9bec47b8fe0,680,BDT,Tk 680,,,UNVERIFIED
5d259144-9a83-561d-8c15-5757d6a0139b,cc80bed0-ff64-5e85-ad2a-2e1d9dda9234,595,BDT,Tk 595,,,UNVERIFIED
fbadbc8f-c403-5ed3-aa62-26d5ac7e56ce,3a22dcbf-4680-54a2-8421-a051c06035e2,560,BDT,Tk 560,,,UNVERIFIED
5ae3e723-97ea-5bd3-9868-da06b96b9fa2,a4beff12-6bff-552a-a35e-e4bf8c560512,560,BDT,Tk 560,,,UNVERIFIED
bf06ea3b-85aa-5776-b7a5-c1b4e75be2cc,b16d7e7c-194f-54db-a701-295089d2c0f5,740,BDT,Tk 740,,,UNVERIFIED
f21df733-bf55-58bb-a727-568fe00594a8,5b2b8a79-535d-581c-8f25-f0f3e9fcdc8d,740,BDT,Tk 740,,,UNVERIFIED
fd8b588b-765b-512c-8f83-fb75c1e95be6,3c5cee77-ae24-5368-bc29-f153f534f7e7,740,BDT,Tk 740,,,UNVERIFIED
7f1a1cee-de6c-5c5c-81ae-babc33754760,647993dd-dfa9-5993-af86-e7d7e4f2dad3,740,BDT,Tk 740,,,UNVERIFIED
d483fc47-7082-5aad-9bf0-c2e1801ba883,99e0ea75-2e97-5d5d-a579-fb684ae97219,565,BDT,Tk 565,,,UNVERIFIED
ab734d43-9887-51cd-b1d7-87a7147a9443,66dfff34-95ae-5cd0-960d-fe63181fb782,565,BDT,Tk 565,,,UNVERIFIED
d737477e-1f8b-5aba-a688-40c5f3fafc01,5845f28b-897a-579e-8248-6dd38eafbe12,430,BDT,Tk 430,,,UNVERIFIED
4bfa9182-de04-56a3-8865-e6205d0a6258,5925dde1-1968-57f1-8aff-d3fa7dbc5f5c,420,BDT,Tk 420,,,UNVERIFIED
985ad15b-9261-57f8-b0f9-5b24fe8259f8,99e43a6d-f39f-50b8-bf19-152a7d66427a,460,BDT,Tk 460,,,UNVERIFIED
24f45850-9534-5ea9-aa12-e646efaec325,313c102a-d186-535f-a77c-a3305091de4a,380,BDT,Tk 380,,,UNVERIFIED
7b27d8e9-aae9-56b8-97f9-d6462da2e8d2,20aa2e65-213c-5ee1-8bd3-c5e25fc5661e,675,BDT,Tk 675,,,UNVERIFIED
bda9953a-ed8e-5069-a4ee-966cea54efd6,f6ad0adc-7446-5268-b60d-273851628f2e,550,BDT,Tk 550,,,UNVERIFIED
24b6bb25-c791-5466-855e-7e2680b9873d,7d9cf861-9ad2-5773-9913-e9874ba5a0f6,1250,BDT,Tk 1250,,,UNVERIFIED
5f8dc589-3118-514d-b658-994034a3eb85,9d1d5ebe-9f7d-573d-a963-8fbebe98795f,560,BDT,Tk 560,,,UNVERIFIED
3279be6d-897f-5cc8-86ba-065a19f09763,4611c4ba-0ba9-54d9-8da5-e1eed820d96f,575,BDT,Tk 575,,,UNVERIFIED
f9a3a133-d9d2-5a33-a42c-4d65eabd2b52,7328de42-2963-5601-8b46-085492aca140,550,BDT,Tk 550,,,UNVERIFIED
2f4a773d-bd10-53af-a857-6cbda3ca20c0,51c0553f-40ad-5409-89ed-372f72224462,575,BDT,Tk 575,,,UNVERIFIED
487e0a51-831c-5779-853a-97b5e5e1b411,aac9a2ba-db78-5e00-9887-0f3d0cdac3b0,320,BDT,Tk 320,,,UNVERIFIED
0199a493-abce-53bf-8773-6b66c4367bb8,98c6ccb7-f4d8-5d93-9a10-a695573cf79a,575,BDT,Tk 575,,,UNVERIFIED
bdd6e68a-8933-5fd8-9627-f92f2ae22c72,af423ef3-b544-5353-a75c-10912a3d7b51,550,BDT,Tk 550,,,UNVERIFIED
e1812de9-0af1-5c72-bddd-b0a1c7fa5b96,cdb0725d-fc21-5dd6-bb15-91d6455fdb09,595,BDT,Tk 595,,,UNVERIFIED
e983993a-ac24-5e79-8fa1-4977de499c61,bc189e03-ce16-5d70-8d8d-9c921c186b33,500,BDT,Tk 500,,,UNVERIFIED
569797d8-12bc-5119-8521-dac9dd77db15,d36008e7-ce4d-58c2-a15b-7a239a34e792,180,BDT,Tk 180,,,UNVERIFIED
df6ff6ef-629b-5085-8669-f0f09ecc48cf,979b2e0c-57df-567e-b3ab-e85890e2a749,260,BDT,Tk 260,,,UNVERIFIED
127d30d6-b4cf-5e03-a05f-e60550d7171a,29ca8d34-e733-57aa-9eeb-53c469b3d088,80,BDT,Tk 80,,,UNVERIFIED
5a48d792-b327-5e9e-9c7a-7fa446ff49cc,06693206-ea0b-5a94-9b46-d1f3a216e3e7,320,BDT,Tk 320,,,UNVERIFIED
492eb246-2022-58d9-bbb8-364653c01821,7a4ad105-7a41-5f35-a18c-e6b537842678,320,BDT,Tk 320,,,UNVERIFIED
56666391-ef5f-5459-a652-3b8d324a2d51,871dc287-65bd-5b1e-8bc4-b05bda52e967,400,BDT,Tk 400,,,UNVERIFIED
5afa4fa2-e4ef-5b82-8ec7-25a817d1f818,475a54b0-1e91-5da7-9416-f2fe7505ca0c,240,BDT,Tk 240,,,UNVERIFIED
2df372eb-6817-55e3-baeb-1409906e9dad,24a12661-1102-588b-b9f3-7da129bee66f,280,BDT,Tk 280,,,UNVERIFIED
6ecb2572-4212-5454-82f5-1f2611e5610a,9c9d4863-f389-5ba3-966b-2474236042a8,295,BDT,Tk 295,,,UNVERIFIED
c90614aa-a056-5dc2-9df4-69825efbae73,484a457f-3b8a-51a2-bcfe-62f264642aa9,350,BDT,Tk 350,,,UNVERIFIED
2c6a9da7-f2b3-5288-a7fe-9161a76218bb,6de9b2b9-fedc-5776-8e24-c8612fedfabb,1250,BDT,"Tk 1,250",,,UNVERIFIED
a21df119-c662-5e42-b13a-bcbc14690dd2,d66b1bd7-4955-597c-98eb-abc2d7447b0b,1770,BDT,"Tk 1,770",,,UNVERIFIED
afa3d337-e1f4-5cfd-8cf9-ec2aff6a1175,2dc7a83f-bc52-5f0f-94d0-3d2603328334,1250,BDT,"Tk 1,250",,,UNVERIFIED
9071f67d-09a4-5f7d-83c0-5fc1fc8beaa6,d2ed58ab-64ce-508d-9ecf-630487dacda2,1299,BDT,"Tk 1,299",,,UNVERIFIED
9dd35ed3-182a-5cc1-a5f5-2495edcffc07,e233e249-05a0-5a47-8f74-a4c0688bf870,1150,BDT,"Tk 1,150",,,UNVERIFIED
cf237f56-af07-553b-9621-29d87ac17fda,ba36e860-c492-5ab6-b989-def185af03c4,1750,BDT,"Tk 1,750",,,UNVERIFIED
ab4490ff-0fc0-53b0-8484-3259353032bc,ed62d4d6-89d0-5203-a3c1-83a4e53759e6,1120,BDT,"Tk 1,120",,,UNVERIFIED
ab78ffc6-db2b-5062-a74b-0a1aee545943,42842866-6fcb-5c21-80d0-2abdb9e1b9dd,1150,BDT,"Tk 1,150",,,UNVERIFIED
4a3083b8-8cd7-5409-80d2-f24158103d5e,0c58d7c8-8d8b-5bf6-ae9e-5eca36eec007,1150,BDT,"Tk 1,150",,,UNVERIFIED
27ab1254-fe71-5cd1-975a-9cff98532739,f47ddd36-0ba4-58e2-9842-a091c095b334,1150,BDT,"Tk 1,150",,,UNVERIFIED
457d4b65-f16b-5c76-a29a-1bff169a041b,22697133-6b44-584b-80d0-234fb8d3fb45,1130,BDT,"Tk 1,130",,,UNVERIFIED
d8788b08-2c8a-5fe6-88f2-f7173814b2ec,9cd02aad-2578-547e-a928-716aa00cbd0a,410,BDT,Tk 410,,,UNVERIFIED
a0fdf9db-e55d-5d9b-8d0f-b90ff2001523,3a63eb0b-2167-5a81-ab08-f23a8161d69f,410,BDT,Tk 410,,,UNVERIFIED
7f5b9ad3-cf8b-503b-b010-d992fcea7082,121e4db4-3b95-5e25-a107-395ddf3097f0,676,BDT,from Tk 676,,,UNVERIFIED
d0d16921-3220-5f90-a585-d5b7bcfc8d3f,7aff5b78-042f-5cef-90c6-4a3d01040338,780,BDT,Tk 780,,,UNVERIFIED
49e4fd5a-969e-5ea4-bb94-ead65fd0476c,63084ce2-9e63-52dc-9f54-d212863021ff,632,BDT,Tk 632,,,UNVERIFIED
f0f70837-c610-5377-b5a9-68f57ec85329,8590b3cd-fe4b-5059-bfaa-513b4cbd06ee,1272,BDT,"Tk 1,272",,,UNVERIFIED
bed2fcf4-47cf-567b-af4e-b7e682859336,2af16ec9-36bf-5652-9ed6-1c76331b892c,952,BDT,Tk 952,,,UNVERIFIED
be6d905f-1af4-588e-96d5-57711c7b5cec,51391193-2661-5c60-aeec-9566d9643752,780,BDT,Tk 780,,,UNVERIFIED
64088c1c-6041-55ce-99c7-0a4718a09fa2,64d20637-76da-5b5a-b037-6572046588ba,572,BDT,Tk 572,,,UNVERIFIED
bf3999d6-751d-50ee-a30f-d1ab6fae1fe2,3f179166-2490-57d3-b5e1-da67bf129353,520,BDT,Tk 520,,,UNVERIFIED
015a89ac-4e0b-5385-a713-689678580918,b370fe67-78cb-5a4c-ac4c-0ef0e12fd091,1112,BDT,"Tk 1,112",,,UNVERIFIED
1344b8fb-6a6e-5b62-b2ac-9cb6f8b03a6e,71389cd0-7f38-52e9-886a-6b2d75f81905,2080,BDT,"Tk 2,080",,,UNVERIFIED
cdd77064-9c42-5184-8bc4-c7b0d303d606,4e3a913b-2132-59c1-8ef9-a3519f0b5b71,712,BDT,Tk 712,,,UNVERIFIED
c1ef0cf0-725d-51d2-a1b2-8b02b1c76f95,b8646208-d73a-52df-8499-2c2d13c6fb4a,780,BDT,Tk 780,,,UNVERIFIED
a93ae517-091e-5a75-896b-bb126f1c4772,e2515cc8-628a-5ccb-b8a6-b0bd14641873,792,BDT,Tk 792,,,UNVERIFIED
4b9c7cce-db86-5955-8d2e-e2007d5d06e0,3ae9a4b1-72fe-5dd4-a6b0-8451186a551a,920,BDT,Tk 920,,,UNVERIFIED
38d2bbf8-13e0-549c-81e1-f315c3aa8b78,537b7469-5932-5ac9-b1cb-559dee7bb2b7,1112,BDT,"Tk 1,112",,,UNVERIFIED
2f2dc521-9981-5c8a-8d35-4b907169f9d8,838f7829-c33a-5ab4-98e2-8f1b2ebe2e8f,920,BDT,Tk 920,,,UNVERIFIED
a9701294-9af6-5227-b048-4dc7f0e725ff,e39943f9-0af7-5d4c-9ea6-bf0edd5757c5,952,BDT,Tk 952,,,UNVERIFIED
3a1a97ba-0514-5ffb-8e0a-2a345f2471df,0eca7d59-92d6-5806-bb09-298161855cfa,936,BDT,Tk 936,,,UNVERIFIED
deaf8d97-6d20-54ce-93f4-0e76dd8692da,0e3b868d-8e8f-5231-b388-a9aa3d5615da,936,BDT,Tk 936,,,UNVERIFIED
7d6287d7-420d-5883-8073-9d25df14218f,37529e8a-0ab0-5436-8c06-e701eb608d8a,936,BDT,Tk 936,,,UNVERIFIED
bf1f292c-1cfa-5f0f-b25f-8a913e735b62,c4d6e120-e51a-5e9d-9df0-5305c819b5c9,680,BDT,৳680.00,,,UNVERIFIED
099706de-28be-5e0e-ae09-492f612f2a66,0e2f0aea-88d4-55db-af2e-53f217dc3bf5,,BDT,৳650 / ৳450 (Half),,,NEEDS_REVIEW
6af948a6-71a8-58a4-b8f8-b2950685bf0d,da540434-6bd3-5814-b6ec-f4016c5499b6,800,BDT,৳800,,,UNVERIFIED
c9b5531d-1a7f-5b32-a1ab-6363de19ce1a,330a68ca-c900-5a48-88f7-1ad8fa7bb442,750,BDT,৳750,,,UNVERIFIED
36a9b7ef-a469-5fdc-b3d7-5d41816574a7,53386fdf-0da7-5c9e-a3a1-43fdbf9aa273,750,BDT,৳750,,,UNVERIFIED
19460819-499a-5cbf-bef2-b479d5e02d9d,2a7fb5cc-9ab2-5cf2-999d-4f8b70c4ebae,750,BDT,৳750,,,UNVERIFIED
6fa242a1-b616-5b12-abe5-45855ce12b37,61eb2532-e84b-5c42-8b1c-1a8ee269fa55,900,BDT,৳900,,,UNVERIFIED
80598f6d-6e71-5500-bfb4-a1104702d2d7,0ae2982e-bfe9-5da0-93df-1df408b426d4,900,BDT,৳900,,,UNVERIFIED
afb7bd0a-4d02-57a6-ab38-558454ca240b,a3978a86-7a2f-5040-bea5-941f60173dd4,900,BDT,৳900,,,UNVERIFIED
58aa2841-4024-5f87-872c-8c7ca0b0d479,881b680f-2f47-53b3-84ad-931818eb61c6,950,BDT,৳950,,,UNVERIFIED
8a29d2e8-e3f6-525d-a222-8998324ec02d,6a2c3666-dcd6-58ea-92e5-dacb614dfceb,850,BDT,৳850,,,UNVERIFIED
f3ff814c-fc5a-5fd0-a8bf-46589ab972a7,11c009bc-cad0-512d-9f74-618a47babeb2,900,BDT,৳900,,,UNVERIFIED
e47dd207-dd47-5655-8784-17bc13ada65d,78db2076-29e6-53bb-802a-c4d70d76aa31,213,BDT,from Tk 213,,,UNVERIFIED
dbab0d0b-7aa9-57fc-8c29-0b0317a68dc2,ecf6a914-0425-59a8-81be-fe7918eafd94,251,BDT,from Tk 251,,,UNVERIFIED
43d109a3-637a-59f7-8671-3c57dc5eb062,38d74e0f-7300-5e4a-866d-40d64efb05a6,421,BDT,Tk 421,,,UNVERIFIED
22fe2fba-cb9c-5468-ac66-91ed8790ed91,6dbfffc9-cfe8-55ec-9ef6-47b69421ab52,276,BDT,Tk 276,,,UNVERIFIED
f0243590-726e-532c-8501-3dec25ed5527,18c17f23-f49d-5b1f-97cc-aebb25a3ee27,276,BDT,Tk 276,,,UNVERIFIED
f24bbe26-d168-5141-877e-614426358f15,71e32069-da88-505e-876d-7aae8127cb6b,276,BDT,Tk 276,,,UNVERIFIED
32eaa7f0-435b-526a-9ab0-6adbc0fe09a4,f4dd202f-eb3d-5b7b-a5af-e88dea7dc195,298,BDT,Tk 298,,,UNVERIFIED
800444b3-a5cf-5135-90eb-c34d5b368628,66a75b10-0f0f-540f-94ec-f3fb94b48d26,298,BDT,Tk 298,,,UNVERIFIED
c1271059-e7f7-5005-a0b8-4bbaeaf9bdcd,50f4d926-c34c-53ac-96cf-a2df7712eaba,196,BDT,from Tk 196,,,UNVERIFIED
1ba4381d-7c97-5b06-9c5f-2c8bc68fb08a,d4f10911-fd36-54a2-9b7e-8e1d74873ab1,340,BDT,Tk 340,,,UNVERIFIED
5135663f-0a33-5625-930a-a07af78214a5,e3b1829e-c047-5190-93e9-60e996ce66b7,298,BDT,Tk 298,,,UNVERIFIED
ebbef211-5818-5f56-a78e-20e9039bdc1e,02ceb9bc-88d3-5993-889c-b5e2c74eb010,60,BDT,Tk 60,,,UNVERIFIED
ad7aa3d7-cf45-502c-8478-6ab41bc85efa,63a331f3-eafa-55d5-9675-972dbf64ef72,68,BDT,Tk 68,,,UNVERIFIED
1d1f9bd7-ea3c-5331-8784-3abf0a8f66c1,84237ca2-145e-51cd-bcd9-5d78363ffd8b,77,BDT,Tk 77,,,UNVERIFIED
0620c62e-7ebd-50f4-b0fa-692e3c1a3efc,9179ddae-d659-5406-82d3-d912cb925c14,153,BDT,from Tk 153,,,UNVERIFIED
17f00397-59f3-51a3-95b8-c633871ade6c,34744871-74af-5e67-b1b1-deb23201023d,276,BDT,from Tk 276,,,UNVERIFIED
d5e90b36-63c2-5950-8c37-784859525b3a,e825a70d-1a3b-5953-8abd-6d6b8622e606,166,BDT,from Tk 166,,,UNVERIFIED
72314ef5-b63c-507c-8c2f-7c653cfcf60f,efd9b177-7522-591c-bc63-20fb4dd107d9,166,BDT,from Tk 166,,,UNVERIFIED
7dccb484-a270-5523-9f0a-4a74d7d67885,f54d8609-fe57-5f3d-87be-3747b601e547,264,BDT,from Tk 264,,,UNVERIFIED
58312111-81e6-513c-8d05-2d914cf22e92,f236a3e5-d0de-54de-993c-1751086373f3,383,BDT,Tk 383,,,UNVERIFIED
9d6e6518-eae7-515f-8e6d-f19cdbfa9ea8,284707db-2f72-51fe-a5c2-9a39b4ef181e,234,BDT,Tk 234,,,UNVERIFIED
a7fc4f29-440b-5807-83b3-f3515f97f4d8,616a5b88-4e21-52d7-a20b-653da0ba974f,434,BDT,Tk 434,,,UNVERIFIED
2840339c-b22d-504c-88e4-4a0d07c80e9f,f51bfb5b-65ef-5fc2-a150-3d748877bdbc,162,BDT,Tk 162,,,UNVERIFIED
ae7b7f79-6fb7-5971-b77f-61ba44e69000,f224177d-958b-5a31-b64b-2cbf10cccb31,85,BDT,Tk 85,,,UNVERIFIED
03446e6d-cd15-5908-83e6-f5794da49366,14d79d5d-6f59-5736-b211-a9c68a8ae0d1,255,BDT,from Tk 255,,,UNVERIFIED
de9e0ac9-2026-59b6-905c-24e9dbecf217,c9e0eff1-531f-5857-a375-24415145dde3,196,BDT,from Tk 196,,,UNVERIFIED
a53dd361-a56e-55cc-9bd1-2e1f468bd06e,dcdda882-256e-5fc4-a3a8-2a003e4a76ac,298,BDT,Tk 298,,,UNVERIFIED
7b96f2b0-9658-5f9d-a8e9-4a1eca24bf07,05546919-5ca8-5b51-9cb1-1f9db7d5ae6c,425,BDT,Tk 425,,,UNVERIFIED
c83b6d56-135c-5db0-bcb9-b248d9fee425,4b34c2be-d074-5147-bec4-355002de6176,425,BDT,Tk 425,,,UNVERIFIED
b8cd6451-fc06-58cf-92f2-94942533cd7c,19904002-db00-55d1-88fb-ee4b0882e2fa,553,BDT,Tk 553,,,UNVERIFIED
5fc36e5f-2bcd-5bd1-b930-c3aa7f98af94,a4ae930c-9f65-5d34-a9c3-2bb4e283134b,553,BDT,Tk 553,,,UNVERIFIED
a2f7523f-6801-5c63-ac23-fae026b6efb9,3536c53c-4ab7-5424-aa0c-d2165b1b506f,330,BDT,from Tk 330,,,UNVERIFIED
40a9b405-798c-5c74-bc26-5db9845d94ca,4c39c96f-f6b9-5ef8-a4d3-40e5c31c3d45,535,BDT,from Tk 535,,,UNVERIFIED
a17fb0b5-05eb-5dca-b1d4-0ec9272f8e5f,3caadf23-ef9b-5e14-8eef-fcdaa0c37d99,220,BDT,Tk 220,,,UNVERIFIED
78d044ee-db32-5e96-ab32-67bd3a1b41a5,4fdb054e-5d32-584f-a547-b90d052ae8be,899,BDT,from Tk 899,,,UNVERIFIED
ed62f818-4899-5689-aacf-55d13c79357e,e8a76f06-39c4-5cd7-8dae-048a661dc448,1459,BDT,"from Tk 1,459",,,UNVERIFIED
68da15b2-df39-5f2b-87e8-1eab9a26cc01,577ebc5c-4570-55d4-9203-6b7d089b465f,459,BDT,from Tk 459,,,UNVERIFIED
e9990859-5979-5eee-85b3-359a6fa1679d,708d1e28-89e6-59ce-b292-76c80265d6a4,275,BDT,from Tk 275,,,UNVERIFIED
8ca6231e-1c6c-5736-b42b-0e285d13592b,afed2bd6-8447-52cb-8092-bd5a5aa63030,1070,BDT,"Tk 1,070",,,UNVERIFIED
ff0be6c3-44b0-5bb1-b3b2-bc331caf056c,023f5f06-7c72-519a-986d-80ae519edd78,950,BDT,Tk 950,,,UNVERIFIED
ece326c3-943a-50d1-a7b0-639ee87f621f,986b8c73-9eb0-5546-9a6c-7f5551c110bf,1150,BDT,"Tk 1,150",,,UNVERIFIED
b8d75a83-bb44-50a0-bc98-0e6533839d00,2ba1d93e-f2ec-57a5-bdb2-244bb669bdb6,1070,BDT,"Tk 1,070",,,UNVERIFIED
4927aed1-1866-51d0-b34b-2ff98e048df0,b347357d-7ddb-50ff-b87a-97cfde03a159,820,BDT,Tk 820,,,UNVERIFIED
0c3de464-e8f5-5282-86d4-bd621749369b,9eb13256-3ba6-5ec4-b098-81f667650dba,870,BDT,Tk 870,,,UNVERIFIED
eea9e327-d8d9-5512-919a-065d042fb296,95afe887-975b-5fa6-9b78-8dfaa34e4347,860,BDT,Tk 860,,,UNVERIFIED
11612157-b5dd-5c10-81c6-25ecbc5fc194,a8b56f8f-a7e3-542b-ae3f-9f2289179976,1050,BDT,"Tk 1,050",,,UNVERIFIED
5de06e97-1d41-59f1-acb5-8f54b4e03f15,8b71ec79-5b34-528a-9472-9df3dad01fa9,620,BDT,Tk 620,,,UNVERIFIED
1d8a7c7d-c6f3-5d73-8dc6-9c17b8648f24,ef9a5bae-0ec2-548c-a73a-f241a87b616e,820,BDT,Tk 820,,,UNVERIFIED
05bd07fa-d2ee-5ef4-a336-1a385ddfd992,eab36962-e3ab-56c4-b220-ede720cff530,600,BDT,Tk 600,,,UNVERIFIED
bed087be-6597-565e-8be0-a5bbd0bc237e,417364b4-7916-5da7-94ca-c9436aceceff,690,BDT,Tk 690,,,UNVERIFIED
9e76ea9e-3ca0-5cc1-bed1-1bb240c9f633,c7de3a04-87f5-5e8f-96d7-21e16856fbae,450,BDT,Tk 450,,,UNVERIFIED
75c0c098-2d14-5a07-8d5a-1f739ec75e5c,3747e3a1-236c-5a21-a04f-049c0d5ec8d2,590,BDT,Tk 590,,,UNVERIFIED
4c4ff115-7cd1-558b-8242-7eae7e17a2e2,3e0cf334-c53d-582e-a276-7d959aef8efe,450,BDT,Tk 450,,,UNVERIFIED
3e86e64e-2b46-563c-bde5-ebed20bbd69b,7510e2b9-9b69-537f-83e6-b8832538aa5e,490,BDT,Tk 490,,,UNVERIFIED
1132b24d-594b-5dee-8200-8176c200385d,19042004-a402-573b-a28c-e259e16f6291,490,BDT,Tk 490,,,UNVERIFIED
4df8b892-ca59-516b-aefc-bdbf9d8bdb80,641310f3-038c-5810-b55f-763d1633c9ff,950,BDT,Tk 950,,,UNVERIFIED
31aa77e8-1980-5b71-90cb-eded45830efe,400ad600-b448-5d72-b933-d91d60e8d79a,890,BDT,Tk 890,,,UNVERIFIED
654e2bf5-5f15-5c23-80cb-c98c6e2ebdc5,2c55e9d5-034f-5857-8f01-223dc8e50017,920,BDT,Tk 920,,,UNVERIFIED
89719593-9713-5d80-81ef-bcac21afc134,acfe5027-39b2-5203-a698-5e25f8c4fd73,650,BDT,Tk 650,,,UNVERIFIED
3c72c861-2786-5713-addc-1b59dd47baa2,ad73e9a7-bc21-55a8-9d24-b561c5e47cf5,750,BDT,Tk 750,,,UNVERIFIED
cd37bd50-80a2-58e5-92d4-6b67fa1da7d9,1c2c1777-baeb-5984-b5c1-3af67f3bf9f8,750,BDT,Tk 750,,,UNVERIFIED
90147a95-7f6c-5676-9e42-fabbab281050,bdb42f5e-f75d-5da9-bd27-120055d9d552,890,BDT,Tk 890,,,UNVERIFIED
d1477442-46dc-50e1-bd35-607a10d4b565,46c812ae-c20b-51b3-9a60-5273f4cc3403,850,BDT,Tk 850,,,UNVERIFIED
8d7dc718-4025-55e3-823b-97edcd9d40d8,1633250b-753a-52b4-a37c-df1aeb66bb56,470,BDT,Tk 470,,,UNVERIFIED
0f614e10-53d3-5551-8126-dd2b21fe3c02,9e96b89b-b571-518d-8fc7-985f05fac2ee,1390,BDT,"Tk 1,390",,,UNVERIFIED
8bcfd84d-22b6-501d-a79d-2ece4f3fe2eb,ce123af4-d709-56fd-a6bb-fd5bfc04a24e,1390,BDT,"Tk 1,390",,,UNVERIFIED
152cc2f2-0313-58a4-965c-3274b561cba6,a5f1f6fe-d47b-551c-b6cb-9742b6f2c2f0,900,BDT,Tk 900,,,UNVERIFIED
2072a70b-f456-563e-8c10-0c4bca019ed8,3dbdc799-eb83-5c52-a8e2-66559a7585ab,900,BDT,Tk 900,,,UNVERIFIED
77708b9e-7e4d-5c58-904a-459342bc9037,ce0a284d-1e84-5144-8c7a-5a9fe164372f,970,BDT,Tk 970,,,UNVERIFIED
9c604b68-ab08-57c1-84cc-9970004d6e98,93630091-201f-5c7d-bd45-d875913923e5,870,BDT,Tk 870,,,UNVERIFIED
6443cc5b-da52-50b7-ae33-2b997f07998e,9f55c1e5-0159-5bac-aa35-e64799362b5c,970,BDT,Tk 970,,,UNVERIFIED
eb2eb72a-e700-589b-97b7-d2f9491ba4bd,26ae7a5e-eb34-5bc6-ad4f-e9ac99bf8872,920,BDT,Tk 920,,,UNVERIFIED
23cc4c5a-7dcf-5efd-9163-a8a175a6fd1c,709a2a03-07a4-5682-bae2-5815c4d22940,1150,BDT,"Tk 1,150",,,UNVERIFIED
c31f79f8-19d0-5ab2-9c64-58f428835528,00a78310-6f7b-53d8-a0b2-c94200009f3f,420,BDT,Tk 420,,,UNVERIFIED
df5709e3-d959-5e8f-be3e-363921a58650,0d61fb98-873d-5579-85cd-e6c6ad417107,700,BDT,Tk 700,,,UNVERIFIED
8300c435-af5f-56ab-a493-b10b5222ecf3,3c5fa7eb-d1bc-5066-b787-031f1498730b,1060,BDT,"Tk 1,060",,,UNVERIFIED
5a0b1dff-616f-59f2-8e8f-7f3ded94cc18,210f5d8f-2d69-5e07-a1f6-f7fef4b8ec8a,370,BDT,Tk 370,,,UNVERIFIED
2eb45fd5-b5a6-5166-b420-d903f062812c,86d482ae-e91a-5386-a810-dd68aa38fa0f,970,BDT,Tk 970,,,UNVERIFIED
0b6080ab-fcf6-5cde-8185-4c9045bc2cad,1c3648d2-c8e6-5b53-9652-1225c72c312f,980,BDT,Tk 980,,,UNVERIFIED
27765997-4860-5ce5-9508-b6b5f1562524,de81ee26-9282-58be-919b-6ff51b1e01d4,1150,BDT,"Tk 1,150",,,UNVERIFIED
3a1b278b-d664-5cab-8268-0e6fcae58de8,67412dfd-9435-50bc-87c8-822104f7b188,980,BDT,Tk 980,,,UNVERIFIED
433de83b-1ae0-53db-a423-f0492a5f7c70,7633fb45-1780-5cb4-bf07-704d170b663f,1350,BDT,"Tk 1,350",,,UNVERIFIED
f3cb92ec-96db-53d6-af9e-6d70ece658fd,153a7738-3183-586e-b2d3-e857f22066d4,1350,BDT,"Tk 1,350",,,UNVERIFIED
4c55fba3-078e-5057-a857-25518db1cbaf,882132f8-962f-5660-b8e2-a1d5c3641a7c,1250,BDT,"Tk 1,250",,,UNVERIFIED
cc375a67-88c2-5fb5-930a-b26e3dbbc7c4,035a70b4-ec78-5e2a-8960-60e71a089055,1060,BDT,"Tk 1,060",,,UNVERIFIED
3328bc87-7030-54d4-9577-ab074dfb3760,297cacfa-7251-5f7e-a697-7bfa14c8d73b,950,BDT,Tk 950,,,UNVERIFIED
0d075462-2a40-5821-8f68-e8756b52133d,0019d245-5bfe-556b-a464-e0ece38aabbb,1290,BDT,"Tk 1,290",,,UNVERIFIED
943db95e-2fb5-5e12-b37f-5922076c2fe4,65ca29af-daf3-543f-b5f0-8725c8977b2a,1390,BDT,"Tk 1,390",,,UNVERIFIED
5459f613-43eb-5af9-b341-8851bcb2b856,71e6a78d-cfda-5d7f-8b25-d50152414de5,950,BDT,Tk 950,,,UNVERIFIED
5922259e-1cc8-5cad-8e02-a0924dfd3a53,892e3460-c71a-517a-a44b-a5275a4fba69,1150,BDT,"Tk 1,150",,,UNVERIFIED
0fdffb02-757d-59e0-9226-3fb4d0b81336,83772d20-41ba-57fb-97fe-89c4dda0a7a9,900,BDT,Tk 900,,,UNVERIFIED
534bbe0d-8bea-5814-a42a-e48875c04155,c576042c-d5aa-5562-8bac-e9e970e02024,1050,BDT,"Tk 1,050",,,UNVERIFIED
9953bbe3-2978-5a05-a09c-c8a224eecf9a,5b6395a8-3c21-5d6a-a8e2-3d894f260488,490,BDT,Tk 490,,,UNVERIFIED
9980d9b1-f6c3-57eb-bbf3-6b0beb99d892,9c2e4d63-7a7f-53db-b5d8-bd587f667be1,1600,BDT,"Tk 1,600",,,UNVERIFIED
fd5a77c8-ca1d-54a0-849f-8c25bbb5621b,46c771d0-e672-56d1-a5f1-5ed670e828d3,360,BDT,360,,,UNVERIFIED
72a80470-9cb9-5b11-8b2f-119f78ec72e9,2bd0ecfa-7a27-5ecc-a433-5641bb073e20,340,BDT,340,,,UNVERIFIED
3932d24e-e876-57e6-a1fd-38561a2932a3,30a7e88d-68f8-5a30-a271-b01ce0eb5919,330,BDT,330,,,UNVERIFIED
c25df6f2-09db-5228-845d-15a233f35c3a,784393a7-3347-50c4-a20f-81f79a07ec96,330,BDT,330,,,UNVERIFIED
7c0919d0-0058-5f69-a400-e6de0bbc08ee,34c17852-55e1-5ab5-90ac-4c422f27ebeb,900,BDT,900,,,UNVERIFIED
e8492294-98e1-59e6-a456-3e872bff161c,70c41a1a-4b76-542f-aa79-77b709a09463,360,BDT,360,,,UNVERIFIED
f431eadd-9087-5a5e-80d5-cc3b1dbdfb23,7b84091e-6038-5137-b6c3-6a027919be0f,140,BDT,140,,,UNVERIFIED
f34066c9-fd6d-56f2-b833-c5c6cead59a7,3ef2c948-fc86-5dce-bc5d-fac1c7a5e277,140,BDT,140,,,UNVERIFIED
8bed7d53-cf39-5463-b2f1-1e88a1ed7619,494d6f14-9b0d-541a-9885-27774dc9609d,90,BDT,90,,,UNVERIFIED
48fd76f2-4313-5e14-aa83-ded310288915,96ff37c8-0164-5fed-ac18-34dc9be36439,450,BDT,450,,,UNVERIFIED
b997c588-16a6-5862-9ccd-35fc902597fa,6c89e7b0-25f4-59a2-987a-f598f38467c0,400,BDT,400,,,UNVERIFIED
112ae3f5-5686-501b-85ee-2537ff2e06ba,51f58c11-4ebb-5fc8-a80d-ccca47b67082,380,BDT,380,,,UNVERIFIED
b475ffaf-639d-5a03-858e-c0d35e9303de,2221df6a-cc6b-5eb2-b73a-2ea768a6ca9b,500,BDT,500,,,UNVERIFIED
19defe26-7c81-5549-acbf-920ffd663d45,3bd2619e-f219-5450-bb8c-46275697e4c7,500,BDT,500,,,UNVERIFIED
37b125f8-bd04-5007-99b9-7575a13b7236,915c4a7d-7129-5d0e-805c-c610da705fc3,500,BDT,500,,,UNVERIFIED
764f818f-2e23-56b2-a751-f0de4fd13a44,13bd7d9b-849a-52d0-9375-e57b9907933b,500,BDT,500,,,UNVERIFIED
29e73636-9731-573a-9d6e-2597cf4a7426,e1fc6ed8-d54b-5a0f-bd28-2362d8d44b0e,300,BDT,from 300,,,UNVERIFIED
807019a2-3d70-538e-b423-1ca757179430,f0eda64e-af33-538d-8a1c-d71676f093b5,200,BDT,from 200,,,UNVERIFIED
9176be3f-56b4-5a0a-978d-4d97dc1ca156,9c3885b9-27be-5eea-9a6a-ea97d0a591a0,400,BDT,from 400,,,UNVERIFIED
9fb6dcce-67a4-598e-8d7c-2f93eb660cd5,8627c1ac-c85f-5f29-a0df-a6b0c2f3fdbd,200,BDT,from 200,,,UNVERIFIED
3c072bcf-7210-5bd1-a826-45d9d8a4c372,1fdd39ec-5216-5fec-bff1-5de26e3be221,280,BDT,280,,,UNVERIFIED
8b37c3a5-bb41-507d-9003-27580f5c5504,b37f2b31-de58-5d17-ae1e-012549912102,340,BDT,from 340,,,UNVERIFIED
253fb4fb-c367-59cb-b99f-52073e8b2492,7d66e959-8718-5a17-b7fd-8c3c51e5defb,600,BDT,600,,,UNVERIFIED
9709452d-97dd-5431-b176-3b63eedc0aef,acd44deb-43a1-5d3a-878a-f484e6386f6a,550,BDT,550,,,UNVERIFIED
080670f4-5814-51ca-9a72-50ec357ed32d,ef0a7c93-2900-5d5a-9afd-f84ca873161b,500,BDT,500,,,UNVERIFIED
ee3a53de-7522-5cf4-bf90-fcce291fcbfb,6a935f76-8240-59a9-9165-3b18a320af53,600,BDT,600,,,UNVERIFIED
a4e7fe5e-0f07-5d70-9e6f-2baaf6645975,d857d669-14d3-5364-a3a8-82a12932ff87,75,BDT,75,,,UNVERIFIED
b4933579-ac8c-5ca3-a8eb-7b3df70430dd,2ada72f7-907d-5d4b-8502-a5e364f44422,100,BDT,100,,,UNVERIFIED
413b2671-7c75-519a-9c3d-1477cd1738d2,4282f5c1-513d-5155-8496-0d716877ddb2,120,BDT,120,,,UNVERIFIED
5f549e95-7d79-5fbf-95f8-32ccc9d67129,244ea12a-2893-5d44-b0ce-1f21179ca908,120,BDT,120,,,UNVERIFIED
e0815018-e27d-5a54-abb3-6d6bd4f35644,8121c718-1fcf-54b1-9af4-4beda74e9bf7,900,BDT,900,,,UNVERIFIED
e45af864-e07a-5bd2-be5f-0ff452d6e6ca,3e62533a-bd9c-51a7-bc9b-e1a73c5f6f6f,900,BDT,900,,,UNVERIFIED
e2cf323a-100b-5661-978e-058b8ac4ea1a,986f865c-534d-51e8-9c24-5d82444b6d31,900,BDT,900,,,UNVERIFIED
a5fd7b49-3440-526e-bc7e-4070b9ef1256,bfe87fe5-dbd8-577a-a979-34b1b706277d,1000,BDT,1000,,,UNVERIFIED
c17735a2-9e21-51a6-a184-9d3438789eb3,359903d6-64a4-5bfa-9b0d-81f1f638a74d,1000,BDT,1000,,,UNVERIFIED
4111b626-a083-5869-b2d5-fe11d4d478fa,ade78c64-27b7-51ae-a293-79d97959888d,900,BDT,900,,,UNVERIFIED
b7829bcb-ba15-588a-8ff4-d886460b9317,23d16a1a-a000-57f3-a824-fe8ee20eda45,900,BDT,900,,,UNVERIFIED
b8f6ec75-a56c-5291-bbdf-68bb9f92dfcd,4d029f28-01db-5693-a799-dae972f88bc6,900,BDT,900,,,UNVERIFIED
0f18e3ad-6829-5be8-ba34-7eb1634d654c,e7d7a636-e48d-5fb6-8b9f-3a55f494f23d,900,BDT,900,,,UNVERIFIED
104fadec-4812-5d1c-b689-16da9f8188ef,467072e2-d58f-5998-ba3a-388a616ab494,1700,BDT,1700,,,UNVERIFIED
b0c46122-7d4d-5b29-9e22-19d34f0f56f1,09938aee-2ef6-54fd-9cec-aabace042384,950,BDT,950,,,UNVERIFIED
a0182452-2975-5636-9581-4d5c2f3a1851,98fb36e7-0c99-548d-933f-322ac0e8cf0f,1000,BDT,1000,,,UNVERIFIED
74af051e-f221-5108-a4b2-cb086d60dd5e,d157b18b-a473-55d9-a2e3-3baa744503ee,1200,BDT,1200,,,UNVERIFIED
5fa10b66-7ce1-5c26-ac4d-92f6f7430d29,747bb162-98bd-5632-b6ad-01af637f4d05,700,BDT,700,,,UNVERIFIED
fc962244-b596-54cc-916e-50389451693a,06ebd3e0-7ac8-5004-8eca-3fd410ed06b2,700,BDT,700,,,UNVERIFIED
c06f9846-f298-5bbd-9ad6-dafa30103b87,bc155b70-168f-5dba-b779-c538f0140cb6,950,BDT,950,,,UNVERIFIED
f35c1fa8-54d7-5074-b06c-20b5eba9edc7,f17476a7-da76-5a53-b080-916821f9a0cc,1100,BDT,1100,,,UNVERIFIED
dcb421ac-03b0-56f2-bf6d-73cd24df2689,1025509f-0aaa-5208-b973-2ad2faa20604,2000,BDT,2000,,,UNVERIFIED
189d3c3c-31e7-5f7a-ba71-58ba6ffd55cd,558ceaa4-5405-587d-a2c9-327cacf0194a,750,BDT,750,,,UNVERIFIED
2a7f5dce-99dc-582c-a1fe-6083148aa0e7,2b57f310-aa49-5262-ba7a-6d087a45930b,595,BDT,595,,,UNVERIFIED
8e7991c0-7ece-5fbf-9bf0-c38ee2a373f3,74a4353b-faf8-5a60-84c5-28ce98ea7557,300,BDT,300,,,UNVERIFIED
32bfd6bf-ed6f-506a-94c5-2006d7f4a3b3,584bb61a-9e25-5b79-9d32-1156cdab6c44,1150,BDT,1150,,,UNVERIFIED
0edfd2a5-d8b8-5c99-ae7e-7cd3b5930b57,a8566276-cc5e-5d06-90be-86caab73d285,695,BDT,695,,,UNVERIFIED
2c6ead2f-fd5c-5982-8500-f70bb56fff17,02d7c500-8d41-5f55-9aeb-6324fa19a5d5,695,BDT,695,,,UNVERIFIED
17a3a841-4bf7-538c-89d1-a288e085ccc1,4119bb81-4446-5189-a7cc-ae56c65d7d1a,1150,BDT,1150,,,UNVERIFIED
ce02fe41-7859-5d0d-b281-efe11b55760f,4865959e-0d08-58c1-ba0e-15c094e53cdd,1150,BDT,1150,,,UNVERIFIED
4b08a1d2-8281-5bc0-beaa-f13830da3e25,dc9cbe8b-30e7-540d-811c-2ce2db6f4a8f,1150,BDT,1150,,,UNVERIFIED
dda1e09f-86b7-5161-b837-ff693f2ae585,bc12de39-ba39-59d2-8191-8d804a2c736c,1150,BDT,1150,,,UNVERIFIED
19110b8c-1076-5a87-9cf6-04ce7809dba8,6f60c424-b50f-513f-a047-580e4518899c,2600,BDT,2600,,,UNVERIFIED
400d1156-862d-53e5-9ad2-0064dabd50a6,2893b07e-051a-5372-8ecd-601714836ca2,695,BDT,695,,,UNVERIFIED
b49647fe-c9e1-5593-8262-bce1dd9f6e43,52e96e02-cfed-58e3-9b83-3dc3649b576e,50,BDT,50,,,UNVERIFIED
020694d5-3993-58e4-b630-caeda8235184,5f3bf659-73d0-51bd-96d5-93eaeddddad9,460,BDT,from 460,,,UNVERIFIED
f375c5be-1952-5d3c-bbad-5297d66f27ae,a241cd27-b6f1-5275-93b1-f9ebec3632c9,515,BDT,from 515,,,UNVERIFIED
7b418db1-f5ec-572b-82de-5bed66e5d103,c6e1564e-da2d-55d7-9d87-25470b200c3e,460,BDT,from 460,,,UNVERIFIED
78f9c20e-6804-53d4-a86c-497c48ee5dba,066a0422-4e0e-5d94-8cf5-65d8da813eb4,460,BDT,from 460,,,UNVERIFIED
84eefdbc-9b46-5b79-ae30-75ee4a13d02a,b1568d07-cb7f-5d14-98eb-4dce0119af3d,599,BDT,599,,,UNVERIFIED
62e50891-1dc3-5731-b6e6-84442d047f26,eb3612f2-94a8-56eb-90e5-45c8ecb1fe00,365,BDT,from 365,,,UNVERIFIED
47208be6-a455-5cad-9e37-41bf42662654,bc058f20-6dfb-5d00-a3b2-7d860f7c8460,460,BDT,from 460,,,UNVERIFIED
bcf15dd9-cefb-5c17-973f-0d86a6bccfec,5beadfdc-9ed8-5fd8-b977-b92cdbdc73cb,810,BDT,from 810,,,UNVERIFIED
2b6e6393-155c-5fce-8148-1148dafc7674,d39887dc-7fe3-516c-9aae-6160110f53a2,460,BDT,from 460,,,UNVERIFIED
c5994e3c-2301-5297-afcb-72f84f870054,0ffab890-911b-5a5e-b8e3-4dd398dc17fa,890,BDT,from 890,,,UNVERIFIED
e4847bd1-0e62-5454-95ef-bf4fcfa56657,db8b920d-daa0-59ff-ba72-696090a80c54,460,BDT,from 460,,,UNVERIFIED
8395628c-ebbe-56b7-9538-bbe3b044ff4b,7ebe24c7-1d85-513f-b648-0cdc0b2ea859,460,BDT,from 460,,,UNVERIFIED
fe1677bc-7c78-55b6-9ee4-b6179b83a19e,09fc6b58-4e7c-53e3-af72-158f8996287b,665,BDT,from 665,,,UNVERIFIED
09381815-d22a-5681-84cf-28f6d33d64ba,e2bc9993-706f-5315-9a94-62e56cb8368a,460,BDT,from 460,,,UNVERIFIED
9f1343bd-7594-5efb-a656-2d57906382bd,d001316d-3c3f-5307-87ca-909c4573b0be,425,BDT,from 425,,,UNVERIFIED
8ed64a03-6ff3-5590-b381-d5af31dda039,ac67af92-4385-5219-8fd7-682580d36b58,460,BDT,from 460,,,UNVERIFIED
e16c4d35-8a8f-5baf-a93f-d00cfd532cc7,9bcf733c-8af8-5d07-b374-c3d5f27342d1,510,BDT,510,,,UNVERIFIED
18b87285-a133-57c6-884b-afb7a4f55456,227a5423-a619-5c53-b0fa-460518226c28,510,BDT,510,,,UNVERIFIED
3dd8dbf2-ee8d-51de-b569-f5f724f10f7d,eb5a9696-2060-59ee-b7bb-a069c9a076ab,1060,BDT,1060,,,UNVERIFIED
013a9670-1161-5dbd-8b58-8642d4e59ad6,394a0b5f-39d2-59e4-bb2d-cc58ff25762a,760,BDT,from 760,,,UNVERIFIED
8defde15-9a66-5015-8942-2215ca281c8c,e3f6cf6c-aee7-566d-9505-d17a8a794317,760,BDT,760,,,UNVERIFIED
4049cef9-c02d-5258-b7bd-292c6671df71,dee0609d-4560-5169-ad1b-f0d3f74af202,960,BDT,960,,,UNVERIFIED
6dfaed02-bdf1-5bf1-8eb0-a94eac580437,daafb52c-4b3a-5790-b790-b57137057461,960,BDT,960,,,UNVERIFIED
9c4b0fcd-9588-5ca5-af3e-7d5f6c432c02,ec526d7f-cb4f-542d-946a-d36744ea65dc,120,BDT,120,,,UNVERIFIED
dac86d68-66cd-50a6-844f-f3d888235c84,999e62a8-f4f6-558b-a5a3-0ca73d8dae4c,130,BDT,130,,,UNVERIFIED
82918647-437e-5e57-b77d-01cb8d9c646b,ca5534da-a09a-5536-aa59-731636579b56,750,BDT,750,,,UNVERIFIED
900fac99-34d7-57fa-9a4f-f7ca3716f04a,ecce7c02-7fad-5fdb-a3ee-7943cb0a79ec,890,BDT,890,,,UNVERIFIED
40ccc9f0-dcc9-5edf-b3f1-0eb5fc5664fb,b6edcf52-e57d-55c6-9ac1-4438530ab1c9,1020,BDT,1020,,,UNVERIFIED
c92431eb-b2b8-5081-9099-5ec30d95e393,4c4a173f-7d82-5b2a-9e62-06ada693cf74,1090,BDT,1090,,,UNVERIFIED
77a26120-2612-5bdd-ae84-91125e9722d6,f9ab7dff-438b-5c67-8d07-cefa9ee853d7,1090,BDT,1090,,,UNVERIFIED
b56a455f-bc5d-54e9-a9ba-5e53aa77a97f,749323a1-9e26-5a16-b2c9-4d7ca775d712,1090,BDT,1090,,,UNVERIFIED
da84aeae-be89-5390-a2f2-a004a3625486,8ecf568e-306e-5471-8d22-21d6cfbccc3a,1090,BDT,1090,,,UNVERIFIED
618c9359-c45e-5fb0-bea7-a35173097535,905e676f-6458-5947-9e2a-2784c1c4bfa0,1000,BDT,1000,,,UNVERIFIED
0b474aba-3378-597b-8b87-fd461ec51c8f,7d9ad301-8add-5d89-b2bf-964ab0969c81,1000,BDT,1000,,,UNVERIFIED
8cfbd89c-35b7-596a-ad1f-ba32453a7ad0,8ed6a7dc-de48-53b1-a016-66afb96e4831,1450,BDT,1450,,,UNVERIFIED
f8c249c9-ae1c-578c-8259-87ce0b67bd17,fabe21ca-0eb3-5f67-95a8-5e3529d7b0de,1090,BDT,1090,,,UNVERIFIED
6c51bd25-fa05-58bb-b2ec-545bd6618676,54dd6612-a678-5f89-bae6-a1b3ffd08e64,680,BDT,680,,,UNVERIFIED
687c055e-fc57-59d3-ac06-600913b0ff5a,68ab74d4-2339-5083-a491-225edddf52bf,510,BDT,510,,,UNVERIFIED
54fbdbdf-2c36-5886-91dc-8a2f21078bfb,bc8455bc-029f-5a68-9a08-5da705e766bc,300,BDT,from 300,,,UNVERIFIED
92c00133-f318-543c-aeeb-0814eeb91a08,810b8168-78d4-53a7-bdb4-f12c8d02fffd,1800,BDT,1800,,,UNVERIFIED
9d296cc2-d56f-570a-9c3e-2f29809fe3f0,b13b9086-0701-5dd2-8f53-af9c0100ef41,1050,BDT,1050,,,UNVERIFIED
6f78bb23-019f-54c2-a8fa-413975af8e40,b02c2490-4130-54ad-ad1f-2dde5ff43792,850,BDT,850,,,UNVERIFIED
465145fe-a965-5434-9306-75e452a34bcd,b105928f-cd6e-5cd9-9a7b-b7da76b48220,1050,BDT,1050,,,UNVERIFIED
db4ad3be-ffcf-558c-bb9e-3bb1f2768539,e7117877-acaf-5f11-843b-0bd8701660d4,950,BDT,950,,,UNVERIFIED
ac478103-4f40-5fb8-9ae5-cdd959053811,39d34cb9-273c-596a-9814-da734d30f20a,890,BDT,890,,,UNVERIFIED
cc364110-d037-5f47-8f62-ace4efd34724,c2c3e26b-76a8-5a53-b45b-3d24a67b63bb,890,BDT,890,,,UNVERIFIED
4f7d043c-5778-517a-937e-f5f9093f6c84,6282c4ca-d1e2-51ef-aeaa-c9a587d8291c,890,BDT,890,,,UNVERIFIED
9e84067c-c8f2-5dd4-b5e8-759e47a54925,134b3c73-3d52-5d2a-a455-9c1041575963,980,BDT,980,,,UNVERIFIED
9334cd59-b6a2-552f-afad-b811aacf0e3b,7a866c55-3ae8-56b3-9efd-849c015197d7,750,BDT,750,,,UNVERIFIED
da85e698-e868-5feb-84b3-ee849ff06f7d,1ca284a2-7b35-5958-9d72-73d73a270252,950,BDT,950,,,UNVERIFIED
ca32135a-8c32-592d-839f-fe3ded8f4728,c1812e20-3ae8-5519-8245-7d24829621d3,1050,BDT,1050,,,UNVERIFIED
e1612c89-57e1-5bda-8721-170d7e208ace,29262fc7-a425-51df-bf09-3b179bfa596b,950,BDT,950,,,UNVERIFIED
e334f4ff-3015-5d6d-ad92-5e8e7b042e58,ba846146-105b-54bd-9319-6b87b28bb627,950,BDT,950,,,UNVERIFIED
91ef6147-3f73-5b8d-8d94-d6d8958ee947,ac574920-3970-5d24-9a19-a2f1b13fa0b9,380,BDT,380,,,UNVERIFIED
fa5e4b76-69f8-527f-89f0-c16391cf6bf8,f96cb0c3-124a-5989-8914-57bc4f219425,490,BDT,490,,,UNVERIFIED
1a0ff369-a426-5dd6-b01e-55e49f348c39,74435cf6-c050-5452-9abe-d97bc3b241cf,490,BDT,490,,,UNVERIFIED
c90b693b-5a47-58f0-8a16-7f4be89408fa,721b3c90-de7b-5bc8-82ed-bb6ff06d01a6,490,BDT,490,,,UNVERIFIED
238979bf-4e77-50ae-bb4f-235b15a42b84,fca4dedb-6b13-5026-837d-90418934609c,310,BDT,310,,,UNVERIFIED
ee7c3f73-a0ed-589d-907d-01ffa1fa7e4b,42b79b85-9622-5859-a559-20639b12edda,850,BDT,850,,,UNVERIFIED
619b84b8-b729-540c-a53b-5f75b491a4bc,91411b2b-c249-5ff7-8863-4d937da9815e,850,BDT,850,,,UNVERIFIED
9d9e23f2-b14a-5f0b-9e12-c8fc90b0ad63,f093e497-cc4e-5f76-ac2c-333170cc5b8c,850,BDT,850,,,UNVERIFIED
689f13d9-83b1-5a73-92bd-fcb822aa7426,132aae11-223c-57dc-9b7e-5ac0232b2702,850,BDT,850,,,UNVERIFIED
57c80140-e98e-5c83-8256-7746c05a0569,c94a9421-b263-510b-8645-217eb242f7bf,750,BDT,750,,,UNVERIFIED
dee6f8b3-4e38-5ac2-b1f2-dbea67feea3e,43dc4948-3943-51f9-a61a-729d75344cac,360,BDT,from 360,,,UNVERIFIED
cfc5db13-d505-575f-9e4e-8887e56ff68b,1c06dbfc-ff61-538f-919f-0a94cf49bced,450,BDT,from 450,,,UNVERIFIED
71173449-ec3b-57c4-917f-e999a1d7afe3,e972e35d-ceca-5554-9cab-1e33e45cc3bb,600,BDT,from 600,,,UNVERIFIED
571eff72-2a4a-57f1-bc7e-bda36fa359cf,9aa8e7df-c74d-53c7-b872-ef15db96ae4d,360,BDT,from 360,,,UNVERIFIED
556bf317-9aee-5dd3-a10f-a6c52486b5fe,804462d1-6ee6-52e1-a07e-ab468caaaa6a,270,BDT,from 270,,,UNVERIFIED
74ed0102-3997-54ec-a41c-e4848e60ae7c,f8c139ab-c409-52d4-9cd6-8c2863b3e2c8,360,BDT,from 360,,,UNVERIFIED
3d6f3fcf-9e20-59a3-a3a1-a6ef38612de9,9b0aee12-c751-569b-8c88-d27c61edb109,720,BDT,from 720,,,UNVERIFIED
ea367db5-0b5d-5c4f-ac90-5885d937d8b6,e31cb356-606c-5446-9433-445629a0226c,450,BDT,from 450,,,UNVERIFIED
ea62acf5-dcbd-5c31-a715-9f340e41625f,5d264a61-4ece-5af3-aa63-84470ac6275e,1680,BDT,1680,,,UNVERIFIED
6b44c57c-8783-505f-9f76-0bfaebfcad3e,c408bd75-63a4-5b12-ae33-6c13a1600f14,980,BDT,980,,,UNVERIFIED
23b38092-0816-5658-94e6-a873d2c67ad3,5d2aa6be-49f0-5f06-b527-489bfef6ecc1,450,BDT,450,,,UNVERIFIED
f207b57e-c2ed-5516-9230-1a9f20736244,ba24869e-7320-514a-b975-bfa74fe87aaa,450,BDT,450,,,UNVERIFIED
25e9e5e4-299e-570b-bb26-c03171ec6e6f,f7d65137-5c1b-595d-8dae-368749aaad48,880,BDT,880,,,UNVERIFIED
faea7545-d6c7-5ffc-8310-da71b110d69d,6e58f4ae-45d0-5b8a-b2e7-65b969a57caa,2200,BDT,2200,,,UNVERIFIED
fba179bf-ac38-5ec5-94c0-ede9c84a6d7a,5e8a4937-6170-5a1e-8e83-a9731b62dc0f,300,BDT,300,,,UNVERIFIED
5fb7eb4d-0171-51b6-8ee6-85168a0bc1d6,9633c4b8-a8f0-5776-99d5-d58a9949fc9e,525,BDT,525,,,UNVERIFIED
c6b27624-c302-5cdf-8ed6-7d939169ac95,33433ac2-5d93-51ad-a236-77c734be79e6,590,BDT,590,,,UNVERIFIED
d9024c24-5821-52e0-aa91-d1013b38222f,4519d8d1-b05b-5245-a1dd-eb9e1bb1ae86,725,BDT,725,,,UNVERIFIED
1dd42a4f-0d53-59bd-b355-b9b99f2ebbac,0babb369-5e91-5de3-a1ed-4f98feab4194,745,BDT,745,,,UNVERIFIED
999b7de3-91fb-54ac-b99f-ad1f02a4fb7e,f53e39c9-52c0-580f-b412-6da2edb33d7c,925,BDT,925,,,UNVERIFIED
9acd0829-8648-5047-968b-6e0235ca60e4,daafbeae-4c98-5bc5-978f-4599c6b7df54,790,BDT,790,,,UNVERIFIED
7a0f4171-d610-57eb-90f7-cff30bf29049,105b8ed3-c3d3-51d6-8334-ccfe72c2b32e,850,BDT,850,,,UNVERIFIED
7b3317b6-2e4b-5dff-bf51-52cf6ff926c2,f8509da0-7bc8-559a-a0dc-a98a29cc1fe3,675,BDT,675,,,UNVERIFIED
cc818230-7ed4-5953-bf48-bb0de8dd1d0c,7f311c27-28af-56f2-a62b-f36bb8f77301,1690,BDT,1690,,,UNVERIFIED
8ba21192-8780-55e9-9a9c-32df84d1b943,e37add32-d9b4-5efc-b943-4bc5afb5a3e7,790,BDT,790,,,UNVERIFIED
b5d96707-7a7a-5a98-8b47-1f1926e4f6fe,3c7fd4cf-c61e-5f4e-ac37-a392eb19e7a6,440,BDT,440,,,UNVERIFIED
d8c391c4-8e73-52db-a14e-15e9e8acf4c4,8183afbd-6e2b-5978-bf61-b8ae59c74571,725,BDT,725,,,UNVERIFIED
9e5c7352-38f8-52d2-b60c-32bdcb8f964a,5e653c6e-6f26-5078-b648-5fef5030a4fe,1825,BDT,1825,,,UNVERIFIED
f0bec567-8e6c-5afd-9f34-da07777b2bf8,fa6aeee3-f194-55d2-a880-ff46741ad655,775,BDT,775,,,UNVERIFIED
e518b3c2-f56a-569c-ab6c-56a126828295,ce5c7f04-fedb-5897-bab9-af013f5bf6dd,990,BDT,990,,,UNVERIFIED
fd6af9ca-304d-524d-9a54-432c87645f20,4104b12a-0f2e-5a0c-8074-6e23dff2e645,990,BDT,990,,,UNVERIFIED
478b153e-5d23-56c8-87e7-187480868483,46118103-85e0-53a0-a3f8-79d1b435fc33,1025,BDT,1025,,,UNVERIFIED
701fc71f-4917-5572-86ff-38aaa938590b,11b84125-5a56-5505-b030-c6e12fcda5dc,125,BDT,125,,,UNVERIFIED
daba750e-5cff-5406-9d0d-27902a0e83f8,b9fe54d9-368c-529b-a7c5-bc18be344355,90,BDT,90,,,UNVERIFIED
a1a847af-576b-5d8e-8f96-501ff305633c,c1c3cbdb-fcb9-5c75-9070-3ec62ce86c63,125,BDT,125,,,UNVERIFIED
2584e5d9-69b3-59e0-89b6-ca57c6c130fe,0a6bc9bb-99fc-5762-813e-56a399800b5d,750,BDT,750,,,UNVERIFIED
41d29192-5118-54c7-8e3b-e50652d589ff,b3ffb4a5-371d-54dc-acfa-bdb77025c54f,425,BDT,425,,,UNVERIFIED
39f7b4bb-6031-5f5f-b4d6-97a41a7e3f55,f8ae0956-2dc9-5b80-89de-ea87ff056026,425,BDT,425,,,UNVERIFIED
c2cb4008-ccca-5e58-b093-0072e96c7dee,b19befb0-b5a6-5639-97b3-56f7185b7c64,325,BDT,325,,,UNVERIFIED
6d662589-b866-5825-a693-90fa6f040519,774e4d9c-f87c-59ae-be52-181815bd9bc7,604,BDT,604,,,UNVERIFIED
8d934587-3773-5282-b26d-82a83e11081f,8f5cc345-04bb-5b71-a778-840dd0e5106c,525,BDT,525,,,UNVERIFIED
a9bbf194-db30-5d04-bef9-71bec6cfb714,22880ba7-6b26-5223-827b-259f0d8379dd,1155,BDT,1155,,,UNVERIFIED
57c0521b-8cf9-59aa-b71d-193e76dc8e0c,fb8051be-1ba3-5670-9845-3a1a7bd79031,541,BDT,541,,,UNVERIFIED
864dc115-c61f-5d82-9acc-8892330789d6,937c36a9-6d1e-5335-9ad4-276c5fb0d2fb,2100,BDT,2100,,,UNVERIFIED
6cd2c169-ee37-5dd0-a729-bea03855e6ad,32f67217-9f78-5e53-8b3a-59cbdafb21b3,1486,BDT,1486,,,UNVERIFIED
26ab2ed0-9840-5eb9-b4dd-768d622b24fa,54eebe36-c4d3-5ede-839d-7845fd0a0465,160,BDT,160,,,UNVERIFIED
59d533e3-015f-5ec4-9598-1c8c86e84f6a,d78444cf-c04a-5c4b-8e0d-a8cb14b9d1dd,395,BDT,395,,,UNVERIFIED
4227851c-9270-5dfa-9d11-58f3459c886a,ecebad3a-1886-5c52-95a6-cf23ec58ff4d,320,BDT,320,,,UNVERIFIED
64db0ff3-019f-50df-b190-f6588068b418,e52e3062-3be3-58a9-ab6f-5df2ec9f5179,390,BDT,390,,,UNVERIFIED
c18d8285-19e9-5580-830a-8ca96bb69995,dda9fa0f-52cc-50c7-8a0c-f48d413dece3,160,BDT,160,,,UNVERIFIED
c6602130-8b34-5c30-b8a1-7debf7900004,8b4550ab-bc72-5812-b91e-3e1b27568714,395,BDT,395,,,UNVERIFIED
b31c443a-937e-5fa4-8003-087d4055f9c8,79818ea2-532a-5ee9-bf77-d4574a43e018,490,BDT,490,,,UNVERIFIED
c3a9ac8f-fa6f-58bf-a316-b640622fe410,a2afc658-2387-504f-b840-55fbb175af93,370,BDT,370,,,UNVERIFIED
be0cb558-b0fd-5a8c-ae1c-cb9c6739919e,e61350a3-9115-574a-a319-b6a28d438fcc,420,BDT,420,,,UNVERIFIED
6e476dab-ed6c-5aec-8c23-96cf31dd30db,cb397d0e-77cb-5e6f-b76e-376258c9d055,190,BDT,190,,,UNVERIFIED
d9a03ecd-0fd3-5652-86ba-a2443a28475a,44ae1f5f-f6d6-5fd5-9d52-3457280d15ce,310,BDT,310,,,UNVERIFIED
368df0f7-7de1-5017-bcfd-9a74bb38529c,befaafb6-a77f-596b-9036-5667d63babd5,350,BDT,350,,,UNVERIFIED
5b1462ea-0ae7-5d74-ae97-f05dc4904bfe,c35faaf3-3d67-55d4-a2d8-eb31781c7cc5,390,BDT,390,,,UNVERIFIED
b5cf301d-6341-5858-b39a-88688108d153,9aefec57-ebc9-56b3-9858-0fb626d65b0a,430,BDT,430,,,UNVERIFIED
3dab148f-f2d5-58df-ab44-5f78d8aca7ce,04998a64-6615-5899-9b7a-7c5fec7dda14,460,BDT,460,,,UNVERIFIED
5f716fa4-3c2e-5d94-8141-ecd6f85c86a3,e4e8a306-a89f-55d5-a2dd-9b5f77baf3ba,950,BDT,950,,,UNVERIFIED
87dc7668-8eb4-594e-9111-ccba9dc3ff80,33e5463f-8d40-5009-a6d7-f55b276accab,250,BDT,250,,,UNVERIFIED
9e2b75dc-1e04-518e-ae90-21c6963576d5,0441b6d2-c634-57d6-af15-29ebe4a23b0e,380,BDT,380,,,UNVERIFIED
8490f0c3-83ff-5f72-a153-84eab6b001ce,1ce824a2-5ed9-5471-9ab2-e0cd498ffd18,2800,BDT,2800,,,UNVERIFIED
cf6475d8-8340-52ae-b32a-55f99dc3631d,2eb66883-cba7-5254-ba56-b9ed2188a6b2,1400,BDT,1400,,,UNVERIFIED
01127b41-8303-5144-bcea-214b98733e12,92977284-176c-5eb7-bb33-a41fb2e7feb3,1000,BDT,1000,,,UNVERIFIED
918c14d8-743f-55c3-94ec-32638708607c,14366b36-e454-509f-a7fd-daddc4f6fa79,1050,BDT,1050,,,UNVERIFIED
bdb7e15f-d6bb-5c41-b7ae-e19b03f784a3,cbb09c59-e0d8-5403-8990-a2b07afc47c2,1100,BDT,1100,,,UNVERIFIED
ee573bf8-f4b8-58c1-a3c7-0acc98ecfb13,81308bed-492f-58bc-bd9f-143f68bd17e1,3500,BDT,3500,,,UNVERIFIED
dae5fd0d-ad62-5bd6-8dbf-5fb1332a6a6d,c2319175-5afa-57a4-9e81-3bb768b3c377,8000,BDT,8000,,,UNVERIFIED
ee706759-aa2a-53af-af32-44ad7d8c812c,3df0ce18-2446-58a9-8509-d667c425b31b,6750,BDT,6750,,,UNVERIFIED
5fd83e1a-ecad-500f-8580-08da0f9cb91c,5542d59d-2ac4-5479-bea6-ba8db42f10aa,400,BDT,400,,,UNVERIFIED
f948720f-d234-5dff-93e0-4dde0e0901da,71506091-df58-59c7-821b-df888e92addd,400,BDT,400,,,UNVERIFIED
6e2b2647-5f60-5464-9118-4aace835a839,3712cc9b-9ad7-5dc3-8bd0-22ddb25d841f,400,BDT,400,,,UNVERIFIED
e6c9e7fe-30d4-5130-bf0b-46583cdf3ed9,ea152219-43ec-58e4-9d84-b6f8e7f4e577,400,BDT,400,,,UNVERIFIED
66e73051-56a1-5b93-9b7a-58e3e5ee0e35,3f6d6017-1d8c-5200-9f8b-364bd2d7d4c4,600,BDT,600,,,UNVERIFIED
cb134538-27d5-5fde-8d2c-4e573a0f56be,3e5bed70-5720-50bb-984c-737f07003bfe,1200,BDT,1200,,,UNVERIFIED
ff4b3e50-ff3b-59c4-9209-21d3228592d8,3122a955-f488-56bc-aabc-ecdc2b3623ce,875,BDT,875,,,UNVERIFIED
3acb5e25-b27b-582c-a258-a96e5cd00706,a03685a6-357c-5b92-90de-9cdf4be6cdf4,460,BDT,460,,,UNVERIFIED
57a1448c-2cc4-54fd-ac24-faca9a8f1736,4a379c5e-cb2a-530d-8e72-988528f8c1b5,350,BDT,350,,,UNVERIFIED
a911d1c4-e4f9-554c-bb24-c2e0dc239793,7fa39d91-ed41-513f-94e5-52294313e3ac,350,BDT,350,,,UNVERIFIED
ce2c63a3-34e8-59b7-a151-dd058f63f0ff,cd36317c-5e18-53cc-b781-03cbf63751b0,400,BDT,400,,,UNVERIFIED
aafab0b2-a776-55da-bff7-e9301e5d9eb3,812756e6-57ff-5645-89ef-eb029e9f8c96,420,BDT,420,,,UNVERIFIED
745068df-9e7c-5202-a6d7-e9039cc3be6a,57657f21-7bfd-5bbd-9b81-1430a02f2723,400,BDT,400,,,UNVERIFIED
42fa8f80-bcfd-5f84-9062-77a70a1e0364,19b567e0-01eb-544d-9092-23ef44cd40d7,420,BDT,420,,,UNVERIFIED
7aba7e3a-58d9-58b6-a81a-12d81efa54e6,e06ceecd-12ab-5e68-8708-491e7377f539,590,BDT,590,,,UNVERIFIED
ed084d9b-4bf9-5738-94aa-fdf06ddcee80,b39f888e-84b7-53b2-8582-2b67e8c2fa86,1290,BDT,1290,,,UNVERIFIED
07aa459f-3bba-528c-8826-2f15bef849cf,c3c06bdd-dcb1-5c7a-9bc8-5d7e85631757,1350,BDT,1350,,,UNVERIFIED
fd332a4c-7ec6-583a-8bcf-ceb8e5bfc493,90ea62cb-766b-5bdf-8e58-9f07010d2614,1290,BDT,1290,,,UNVERIFIED
2155888f-20fd-512b-acd9-f4e767ec44d4,c8661b75-4a9b-52e1-9d54-f83ce7a49c32,3490,BDT,3490,,,UNVERIFIED
b4b34011-6c48-5586-99b6-a6a5c0c0969e,82cff614-44ef-5908-8d57-03a78cac1d05,1545,BDT,1545,,,UNVERIFIED
a15cf820-353b-5232-8400-6ffcbc94ca55,3a34300e-8d14-57ea-9b2d-10876825c75f,1190,BDT,1190,,,UNVERIFIED
eb4d0b4c-e670-5b09-9c5d-66c0278207ff,c4ac9735-07d4-5ea8-a392-4fc0f7a9a241,1990,BDT,1990,,,UNVERIFIED
6eceafac-f5c2-5d48-882a-51accca66047,ba780907-7926-59f9-9381-d32a38a528ec,1590,BDT,1590,,,UNVERIFIED
4080fa6c-c635-50bb-b358-5ea4a4780970,d1abbb3d-c37e-5c34-ae0e-207e0d379659,1400,BDT,1400,,,UNVERIFIED
0d859870-b3b1-535d-b740-d44da5aeeefd,36f52bbd-8f6b-5808-ab50-01a671e3a1d0,890,BDT,890,,,UNVERIFIED
26f30654-464f-508c-80cf-444fb63323ae,8a325eb3-5996-56bc-a393-3ab7d94c27b1,1690,BDT,1690,,,UNVERIFIED
5e9191e1-0ced-5706-a821-ea4da22ec17a,72415072-e5ea-5113-ad48-17f973492598,1590,BDT,1590,,,UNVERIFIED
99f23dfc-2b9f-5d46-b558-ce5e2676dba2,f8a828d5-40de-5144-94b1-3e1756901ae2,1690,BDT,1690,,,UNVERIFIED
792bd319-2b2d-51ba-9e72-5ad582a5cd1c,706717b8-c93f-5ba4-9c07-d81041648595,1590,BDT,1590,,,UNVERIFIED
7eab3533-026f-54f9-9adf-8b8baf9786f0,4c857c12-f69f-5f8d-993b-e491c0c350e5,1490,BDT,1490,,,UNVERIFIED
31b108f7-ae70-52f3-8c22-8b9279039b4f,3e49cafa-70cc-5927-b2b6-0875e42ad5e5,790,BDT,790,,,UNVERIFIED
1d42a698-9ae8-56e9-b24d-7dcb11091459,f7a0a278-f2b6-5a5c-b536-1d6bff4fa6a4,750,BDT,750,,,UNVERIFIED
252c405b-1cfc-5fe5-848a-d361c212203a,941bb494-dc6d-5d8c-990d-5df7305ad87f,590,BDT,590,,,UNVERIFIED
926b7a36-94c7-54d7-98e2-68893fd34b77,06aeea4c-55b4-5792-86ff-5eed604da567,790,BDT,790,,,UNVERIFIED
beab5382-e780-579a-8ade-d5fa3d80f1fb,53d9561f-f466-582a-8b0a-f270911164c7,1290,BDT,1290,,,UNVERIFIED
11cdca37-6d9b-5f48-8584-2c52f632e296,3a207fbe-f79f-54bc-b2ca-a6c8450b1d2b,695,BDT,695,,,UNVERIFIED
53eabe77-49c1-5f5e-b4b3-2b7cef1b0b50,d45b11a0-5231-5da9-b891-3ada96f18878,395,BDT,395,,,UNVERIFIED
5f75814b-33bc-591f-a300-ef4d3bc711a1,05f994fa-7182-5661-8db9-10ae97765111,425,BDT,425,,,UNVERIFIED
570b9dda-6869-51c0-bb0a-b30b1c0ad6f4,bec92a46-9300-52a3-bb34-342db16bb89c,265,BDT,265,,,UNVERIFIED
5c7cb242-1682-5c4e-b62c-7429151959c0,ceb3f8cb-1eb4-50fa-a5ed-46247b66de65,595,BDT,595,,,UNVERIFIED
79f5ba00-8242-5dc4-8fdf-096c7f6ec04a,e2805a5a-9f96-50a1-abc5-8982f1d6c162,845,BDT,845,,,UNVERIFIED
7fc299a2-bdb8-5dc2-bb9f-201bc99d17ca,f68a522d-9657-5be4-b68d-a6f94f48b3d6,645,BDT,645,,,UNVERIFIED
20aaf977-3236-5d45-a14c-27f7c28c6b5a,76d2face-7a9f-5876-83af-65805d0833d8,845,BDT,845,,,UNVERIFIED
d9cb73a7-0cdb-511f-886e-bde9115a91a5,44f3fd08-810c-5a62-93f3-ff4ae7bbbb7c,60,BDT,60,,,UNVERIFIED
9fefc95b-1081-5aac-bf4c-112b7215edb5,f3413679-ae18-5db3-a502-bf243435a83f,420,BDT,420,,,UNVERIFIED
f06ea9d6-9ad7-56f0-ad29-bb5814d743cb,72ff1fed-09ae-59ef-912a-74f1519ad44b,350,BDT,350,,,UNVERIFIED
107f6ee4-2ff5-5231-a7d5-8e17ce6f28db,69211013-424d-5886-8bc7-6cd98bd55985,980,BDT,980,,,UNVERIFIED
506d8e1d-4834-5fa4-8fbe-b487d93fc573,860b9f3c-fe4e-5253-b50d-3021ee6421c2,580,BDT,580,,,UNVERIFIED
c3ee8413-d76c-5f10-8328-3b0ba84b0eec,98cb29ec-51c5-5cab-861e-0683c3f5f6ab,680,BDT,680,,,UNVERIFIED
7f618212-ade2-5ab3-a3b4-cdc3473f08f1,caf7d292-36f5-5af9-bf4e-3b59d7e5f75a,980,BDT,980,,,UNVERIFIED
cfd85098-e55b-5818-b882-64a4c446ef08,d0f25872-7b55-5649-b16c-6ba2b7bd31e1,620,BDT,620,,,UNVERIFIED
f837590a-45c7-58b4-a250-07709aacab73,8b35c6f5-4c69-55d6-95b5-b2d302763c47,2180,BDT,2180,,,UNVERIFIED
a8174231-5ae9-5304-ac8f-6a3b38d476cd,44796fe2-d108-5323-8c65-2059d4980ea6,1680,BDT,1680,,,UNVERIFIED
43312077-5b6e-5c77-969d-72ed0be7a8a3,8a3d799b-2b24-51c0-b8d1-38490561ac11,2280,BDT,2280,,,UNVERIFIED
3c9d70ea-1eba-5950-be29-c1dea93889d1,cc1d2755-993a-5e7f-a659-5b22fd195adb,1280,BDT,1280,,,UNVERIFIED
fcb38f64-a8d0-5c6b-bd33-aabe16c208d0,3e852385-2bfe-5508-a800-97134e772c56,620,BDT,620,,,UNVERIFIED
6eea8ddb-d044-5992-87e5-956845e340d0,7806122c-4ec0-51db-ab3a-aa6851da0a17,680,BDT,680,,,UNVERIFIED
14a625e2-f3a0-5620-a395-c34403ea2ad0,81d1ba44-e9ec-515e-8656-44b8a54d1e20,580,BDT,580,,,UNVERIFIED
0dc3d9ee-9aac-5563-8659-948cb542d73e,40f36fb7-1706-5ebb-b8c7-eb76ccf9523e,,BDT,780–860,,,NEEDS_REVIEW
a9832c6f-f08a-5a43-931d-69bd91ef0571,6c0d4972-3172-50d0-84b2-d8270a6d34a6,780,BDT,780,,,UNVERIFIED
62105277-3856-5bf0-83d9-bfdea766a4fa,d5d898c8-c181-5a9e-af4f-97fd64003322,480,BDT,480,,,UNVERIFIED
e24ad54a-f5a0-53ec-82dd-e61fb059181d,8b7cb294-7796-5a77-af46-5908495f219f,360,BDT,360,,,UNVERIFIED
c4cd2056-a346-5471-8544-43d0b53d7028,22b86072-d5e1-5cbc-845f-f926cc0cea4e,780,BDT,780,,,UNVERIFIED
a5fe7d29-9728-52fe-80b2-313b274421ad,af13daf6-3c3b-5106-9534-b5dec5d95c46,,BDT,780–980,,,NEEDS_REVIEW
1f9d8e42-488d-5550-a1f7-2b8eff683342,ddc4bd30-a56a-5f9b-9e52-364c635c8745,,BDT,780–1080,,,NEEDS_REVIEW
a4d567fc-383b-534d-8c8a-2db667d0fdd7,9a28af81-8507-5914-b052-b1aaa6cf7d24,860,BDT,860,,,UNVERIFIED
9b0c21d4-f361-57a2-aba8-aec43ab046bb,1f5d9578-56ba-5800-8fb3-7fb2d570ca63,680,BDT,680,,,UNVERIFIED
e669dd57-bde3-5ff7-9b1a-83081da29dbe,da05ad28-41ae-5940-bf6b-f6f4c966c75d,680,BDT,680,,,UNVERIFIED
c8cb6a7f-f65f-5806-b3d2-e723eae02993,1470907a-d493-5821-9c8d-4374c00bdd8d,620,BDT,620,,,UNVERIFIED
aded8666-ba1d-5b8c-9131-ea2fbf79147e,586d047b-3592-5aa3-a8a0-0377e873b0c8,580,BDT,580,,,UNVERIFIED
12dcf1fc-6738-53b8-84e5-a3061d10ee43,9d8efc85-b971-51ee-bd0a-cc476149fa52,780,BDT,780,,,UNVERIFIED
961eff90-f5b5-59ba-8411-492b99ad50ad,4332c299-6e9f-5282-8629-49ff184e9563,780,BDT,780,,,UNVERIFIED
a5273c79-2e50-5d90-8db4-640624ced5a7,04dcfa3c-3162-5c6d-877c-92cfad593419,580,BDT,580,,,UNVERIFIED
ae91a6bb-ecb9-59ad-866a-bb4c9baa6c1c,562364f1-1240-5393-bfc4-a0968084b55b,860,BDT,860,,,UNVERIFIED
19089812-04eb-5877-817c-4d20f5447737,0d5188a1-ec6c-5d85-ad3a-92a4ec23db35,1080,BDT,1080,,,UNVERIFIED
0050fbf9-6818-5d43-8807-c4bf62735d35,8cb5d7b3-ace0-5023-b2b0-272dfd46abd3,1280,BDT,1280,,,UNVERIFIED
bc8882cb-f9b0-570b-af5e-6ec0e3c2edd3,f5a12684-b5a7-5b8a-9e23-50c15662d560,1180,BDT,1180,,,UNVERIFIED
e1177285-62a1-5bbc-9c97-151de8b1a84d,f8b3d01e-58c1-5e07-a94f-c1e6fe2c7f4f,1280,BDT,1280,,,UNVERIFIED
7b7a51ba-26c5-5b02-88f1-70505602c1cf,795568f0-22c0-5cf1-a8a3-e31ff23ae593,1080,BDT,1080,,,UNVERIFIED
4c04c6fe-d31f-5015-b1de-9ccdee652fbc,39b2b0f6-1070-58ba-979f-86008a9a7648,1380,BDT,1380,,,UNVERIFIED
1dc2baa5-0cf9-5cbb-adf7-e905d5824abd,59bd00b9-9ef5-5c48-893e-4c6cf2dbdd4c,1280,BDT,1280,,,UNVERIFIED
21f3b5f4-8295-5214-bfd0-1393eea83689,9bf75182-5a35-55c6-9af6-31968fef69c3,1280,BDT,1280,,,UNVERIFIED
adc22704-53b1-5ffb-ac18-1c98f0b81fd5,c8948407-ae85-52f6-b711-25ac98126a79,393,BDT,৳393,,,UNVERIFIED
fb0844a6-81f4-56de-8522-a842406b21f2,b5acb163-e2ff-516d-9d73-befb7d9c9dc8,169,BDT,৳169,,,UNVERIFIED
fb37eee5-1ba9-50d1-af4f-9505a6cc83f1,db234110-9f92-50ab-a74b-49c00ed98c68,213,BDT,৳213,,,UNVERIFIED
1b733316-036f-5410-8ed8-3f5fae37f9fa,fee31c70-de8c-526b-813c-ebfff4f785d9,359,BDT,৳359,,,UNVERIFIED
03c683ba-919d-53d3-b025-65136c86263f,6fc7caa0-2953-58ba-9329-99f103e633c6,283,BDT,৳283,,,UNVERIFIED
9d6c3397-64f5-529a-821c-2655aedc6f1b,09fd69af-fde9-543f-b145-ffda84f491e8,196,BDT,৳196,,,UNVERIFIED
96305ccb-bac7-53c4-9ff7-c393f085fe1d,ce88b34a-f820-5453-b808-c5143e678186,239,BDT,৳239,,,UNVERIFIED
22ca6348-fff1-54c1-8aa9-a67c91ed7fcb,5675fe26-a63d-52e7-8667-a228c37d6116,219,BDT,৳219,,,UNVERIFIED
b4170e21-2252-516d-bbb5-e45f67249afd,babaaa33-6a91-5ccb-b0b4-be00b7bec246,219,BDT,৳219,,,UNVERIFIED
47df4a27-145d-5b88-92a8-48335b0fabeb,943df577-5257-520b-829b-761b75419dc3,163,BDT,৳163,,,UNVERIFIED
ef509009-d6df-56c2-9176-527b2ca60d06,1a2bb246-6539-565a-9ac9-dfeebfb35972,213,BDT,৳213,,,UNVERIFIED
40338157-e8b5-509d-8590-3cb64cf6ade2,436af737-5b28-5179-b1ee-65aef523a131,239,BDT,৳239,,,UNVERIFIED
872606cb-9bd8-55df-9280-538f000332ae,72454df9-b33e-507e-adf5-dbe950435aa6,229,BDT,৳229,,,UNVERIFIED
bd15eebb-9e4a-5a35-b027-8304aa63a4e7,b039ef2a-b31c-5064-be0b-0aa828226d8a,213,BDT,৳213,,,UNVERIFIED
9f8d899d-ee12-5351-b498-a61d60a10b30,f893110b-411d-5acc-aaab-d15252f0e1aa,239,BDT,৳239,,,UNVERIFIED
ac2a143d-9547-5efe-80fe-7e80a90127da,64baa829-c1c9-5d61-8047-ac5ae537dd8b,513,BDT,৳513,,,UNVERIFIED
a0579d84-2cdc-56a0-9717-609e786bd202,00cd3e41-b08e-53e7-ac73-2fcb6a2b4546,283,BDT,৳283,,,UNVERIFIED
63f4a912-5a13-5201-a8a6-8ea2345fa854,5240b9a2-fa4c-5501-a76d-b4b6a043af69,497,BDT,৳497,,,UNVERIFIED
5ff20e3c-0fcc-52a6-b8e6-239a85d4e689,169eaa20-6eda-5706-b39c-590d88d9442a,249,BDT,৳249,,,UNVERIFIED
24bcaa55-b117-5c8b-858e-5cee8205fa06,5e191cb5-edf8-59bc-a394-22514bb0c160,189,BDT,৳189,,,UNVERIFIED
63f2e1c0-40f7-546d-883f-9fafd43edccb,d4c3eba0-c958-53fa-b04a-4ed114363968,213,BDT,৳213,,,UNVERIFIED
3e347936-a333-56af-a079-256145ca2322,10b613e3-641c-5985-94f7-1c4f00c27637,213,BDT,৳213,,,UNVERIFIED
cff1f9b8-9048-5cb1-a9cd-21c14c939620,5466a4f4-fd50-59e1-87a2-fc30fa6508dc,243,BDT,৳243,,,UNVERIFIED
b2703430-626f-5b9d-ac1d-579309856960,9621dfd3-fe55-57a7-bddc-b32e9785c9e2,83,BDT,৳83,,,UNVERIFIED
3715ed8e-7bbb-5eef-ab78-049b3d8d2895,d28b1f3c-91bd-5902-a96d-361c594b95d3,169,BDT,৳169,,,UNVERIFIED
2cd71d7c-095f-589e-beda-7ff64b26725d,14d8dc5e-7280-5f24-a801-363ca41ca1ee,93,BDT,৳93,,,UNVERIFIED
ed97b042-8cc2-5ddb-b702-8e57bf3d01df,f9038ed9-271c-52dc-bf63-73ec4972c1ea,83,BDT,৳83,,,UNVERIFIED
c9d41a73-91e1-5dff-8482-b9c9ec991254,45999864-07b7-53a9-a067-8ab10da13b04,823,BDT,৳823,,,UNVERIFIED
9a65829f-e0b8-5e1c-9cc3-6f1c1ce5fc74,af7b6913-1be2-5961-a7d2-30625896080c,823,BDT,৳823,,,UNVERIFIED
737a21ac-4916-5097-afa7-b84a8e1362d9,f0ac5fea-3b2f-53d4-9341-54bfc1975aef,823,BDT,৳823,,,UNVERIFIED
65c4cf20-3532-5351-a9c2-08324fd31509,8420e1a2-b37c-5098-83b3-5f217721d7b7,873,BDT,৳873,,,UNVERIFIED
7f9fe40e-9cdc-5b49-9876-7b71faed030a,1186220a-7984-52d0-9af6-53262a2c2c24,889,BDT,৳889,,,UNVERIFIED
2faaa9a5-800c-5ef0-8409-f27a11023730,2b62f33e-0ce6-5875-8e16-5b6386cc24fb,273,BDT,৳273,,,UNVERIFIED
da59f455-c718-5a95-a5f8-2705a4744f99,12aaaac9-7315-5768-9899-78af6df3e1e2,243,BDT,৳243,,,UNVERIFIED
e9d5f33b-aa89-5049-9f0b-a76b75df507e,82c36154-24f1-53ab-a36c-26c8de411342,229,BDT,৳229,,,UNVERIFIED
a5337a4d-2a98-566f-9d59-51110a485fc0,8d1de541-a5eb-5d16-8c5c-ed6cf65f73b7,359,BDT,৳359,,,UNVERIFIED
2378aad4-1128-5b5a-a463-f05750f4741c,264bb42b-2a98-50db-aaf3-39614aa22dbf,569,BDT,৳569,,,UNVERIFIED
da52a463-ac30-5afc-8f2f-0ff9be1bc384,f1b7e634-5bb6-56e2-ad72-51f8c1f2bf34,283,BDT,৳283,,,UNVERIFIED
351eb73a-7ee3-579a-9cb4-cf359cf87851,39ceec11-93a9-546c-8455-e7f19b206ed1,233,BDT,৳233,,,UNVERIFIED
a0511eb1-7660-506d-a0c1-edcb6d8a9d02,a29a70b1-6099-5b14-9a83-063396316c12,243,BDT,৳243,,,UNVERIFIED
f66b67b7-4312-55df-a2c3-2ea91b65ee8d,e363367f-148f-5cf7-9d04-68ba821637be,189,BDT,৳189,,,UNVERIFIED
830080f5-6b99-5f48-95e9-35f57759564e,6e6db8d9-e83e-5407-89c1-d0b11ecb9ef9,189,BDT,৳189,,,UNVERIFIED
a7dfa70b-f6f4-5512-aef4-d03e79831a8d,ae86dfb2-1bc8-515b-a345-9526b0a13e4f,243,BDT,৳243,,,UNVERIFIED
4aca39f3-8aa5-5a14-9b36-e63c232ac767,209f6e8d-83a3-566a-8c3b-694d4c09b9d5,189,BDT,৳189,,,UNVERIFIED
fcc5d4fb-8fae-5151-8d43-d69ce12a56da,43cc98ab-38b3-5e59-8669-7286fb768c34,329,BDT,৳329,,,UNVERIFIED
49a58412-8aba-5852-a4b2-827243e7c826,9ee844bf-7975-590e-ac7c-8d3102ce982b,433,BDT,৳433,,,UNVERIFIED
feceecd3-67d9-522d-aea0-5ec3d0a99607,f4bb4767-2301-5a88-8539-f125633e8e57,297,BDT,৳297,,,UNVERIFIED
04f8d2c0-8471-5d49-a0b5-c0c21cc85ee9,5306a9d3-d4e7-50f0-b145-0ff25e4cf212,289,BDT,৳289,,,UNVERIFIED
5ccfa52b-9a4a-54a9-a294-f64f2b03f17f,b7097a61-2dc6-51c2-8479-1fa3c592badb,393,BDT,৳393,,,UNVERIFIED
7d326bb0-16db-56cf-bad5-6e8b83c23387,963e8e12-6d77-5d75-8ead-07a967366787,303,BDT,৳303,,,UNVERIFIED
f429584d-e6b7-5971-a3f5-190a15d414d4,f3108b99-d682-5769-a5da-869f6f1d2f8a,479,BDT,৳479,,,UNVERIFIED
6e47a80d-7e38-5d65-aa30-cf6857675789,ff6c6a17-1bfc-5242-ab50-38a908a65c89,433,BDT,৳433,,,UNVERIFIED
29081923-9a78-53c8-956e-5d022d355f83,eb59078e-b765-5b62-b927-122c9e982ddf,399,BDT,৳399,,,UNVERIFIED
5f680259-047c-5e3b-9230-f07e8f4042f0,0e0d9906-9f95-5b54-b421-95d9c3326f79,233,BDT,৳233,,,UNVERIFIED
ce27593f-68ba-5332-8db8-b1b32624768c,9033a2b0-1cd9-5ebd-a0fd-602a7a870fdf,113,BDT,৳113,,,UNVERIFIED
b3e6b35f-795c-5680-8be0-b5e71747579a,39aaae59-ede5-58ac-bff4-e9808b60a5c2,529,BDT,৳529,,,UNVERIFIED
c9d6a85c-03fc-5965-9676-2921aa5354f7,31b4aec2-5f2a-5aa1-8986-5ee567d792ed,310,BDT,৳310,,,UNVERIFIED
63fda2d6-0b93-5b85-9b67-a392043bdac1,69d58666-b1ed-5dde-afca-66de1796d530,649,BDT,৳649,,,UNVERIFIED
93f3af88-2739-571f-b6ac-755bd00f98d6,2372859d-63d0-5e18-8c89-02cf32287476,233,BDT,৳233,,,UNVERIFIED
7bdef40b-4e5d-5165-868b-bdeff6c49f7e,596fa8d8-dbc9-5280-9cd6-18822606a0ec,649,BDT,৳649,,,UNVERIFIED
c185616a-78c0-5c74-bdf2-0855ca2efbd9,87b77dbc-41b0-5aa8-bdb6-a5486074bdb4,303,BDT,৳303,,,UNVERIFIED
6129a226-10c6-574d-9222-4b356ad83373,a81158c5-1b1e-5374-8a9b-aa55c5d16930,289,BDT,৳289,,,UNVERIFIED
bb2e0dca-baee-5e23-80c7-1f6f00e6f1df,c387188e-e852-5b4a-ae3f-db447efac9d8,369,BDT,৳369,,,UNVERIFIED
0c6b11d7-f5ab-506c-bc06-bdda5e53496c,9a29e041-ff68-506b-9aeb-d40aad48037e,389,BDT,৳389,,,UNVERIFIED
f92a6e7e-b4bb-528f-a820-c175a74e9d21,c3770be3-5740-5031-b392-6fd726a21701,289,BDT,৳289,,,UNVERIFIED
da0a853d-ca22-5c0f-afd1-fc34313018f6,a2c83c94-ed57-501c-9e75-b7bc4987374a,489,BDT,৳489,,,UNVERIFIED
0f11f31f-29b0-574f-b456-174c0ef806f2,a539f218-ffe9-5d5a-b51a-00603b86cb45,369,BDT,৳369,,,UNVERIFIED
9af061af-d1b2-5f3d-9062-ed9c4241f07c,94ba16c1-6109-588d-9b20-903a0e9bcdf8,63,BDT,৳63,,,UNVERIFIED
6678dfc5-39ac-57bf-9e35-5e1fa715b7e7,f350f4a7-31d5-599e-b74e-6e29c6c9c5fd,53,BDT,৳53,,,UNVERIFIED
0eb1d1a3-1b2b-5073-9c76-c96bb2191af7,5b60c22b-42e9-502b-90b9-c06edab02299,39,BDT,৳39,,,UNVERIFIED
776de5f4-5937-560e-9c93-dd36e6fecdb3,491c06f4-454f-5fca-93be-3f120b7a01d1,99,BDT,৳99,,,UNVERIFIED
042c715c-dac2-525e-a26d-775fe571f9bd,bc1300b2-2cb3-5236-b407-4045a905a9af,69,BDT,৳69,,,UNVERIFIED
5102fa78-c410-5a93-8249-1887d70cffe5,a853b2b1-cc2e-50ee-899e-6aa2d7ef15ca,69,BDT,৳69,,,UNVERIFIED
268e8656-d096-5f96-9d33-825b26f3a2b7,351133dc-8c09-5fa2-bd2e-7fc330fff098,86,BDT,৳86,,,UNVERIFIED
65117abf-19af-50b2-8b3c-7a0d5b01b716,dcb4dd1d-c770-5440-b571-8aa8dc400524,748,BDT,from Tk 748,,,UNVERIFIED
827d6d37-d777-546b-a97c-9266c8c9b624,fc2743fa-02b3-55b1-890c-91c0ce562686,3095,BDT,"from Tk 3,095",,,UNVERIFIED
9da74098-316a-558f-91de-2dd70c271c3e,e16d0185-ca4a-5380-bd2a-83f6f180ff76,1519,BDT,"Tk 1,519",,,UNVERIFIED
cb89a0fc-6e2f-5001-ac29-4b9176dc25c7,560e4018-de52-5354-a1f4-ad2908de9667,1586,BDT,"from Tk 1,586",,,UNVERIFIED
f206aa24-ed6c-520a-9b8c-5cdb81fa37dd,4a688442-7d5a-513c-b114-2f43e868698b,1262,BDT,"from Tk 1,262",,,UNVERIFIED
af1a2af7-d2bb-5b23-a029-823c3f423398,394fe52a-88fa-5fee-a2ac-fd2be3c6b0c9,130,BDT,from Tk 130,,,UNVERIFIED
e7a07925-648f-5bb3-b223-65fd06b3f3c1,3f2e4ddc-29bf-595c-b776-945ae0578c38,129,BDT,from Tk 129,,,UNVERIFIED
3d0a7977-8d18-5bb9-bf0d-8393ac149941,45c332ba-24d6-522c-99ec-4e3b53e22a72,1586,BDT,"from Tk 1,586",,,UNVERIFIED
f7909d87-2883-5d7f-8257-f44c5b1076b6,f5203e70-7cef-586f-be96-fc8d84675ffe,748,BDT,from Tk 748,,,UNVERIFIED
36dfbbe0-5cdd-5c81-8c02-765c694d3af4,cd503ccf-66bb-5d5d-ae55-0b84a83ef1b4,567,BDT,from Tk 567,,,UNVERIFIED
2454eab8-4f28-5ac2-9341-15a81dd30101,39dbc307-d9df-5b6d-a041-c805e3a71d77,748,BDT,from Tk 748,,,UNVERIFIED
1debfe60-bbc7-5fe9-b614-0267c2d58681,54c58655-517a-59dc-9d77-c36e553db796,567,BDT,from Tk 567,,,UNVERIFIED
9fcd732f-981c-5eb6-8d14-f36474af8753,20f12f8f-5051-56db-8b61-1a916634dddf,1043,BDT,"Tk 1,043",,,UNVERIFIED
c1788b0d-e45f-5545-a670-af57d68260d2,3a124e6a-3320-54a4-964a-b0205e0e5edc,662,BDT,from Tk 662,,,UNVERIFIED
bb0827c6-7c58-5c8c-bfb4-83bcbc7b91cd,c1ef21d3-ad17-557f-90c5-401c80e8cdc9,710,BDT,from Tk 710,,,UNVERIFIED
a4fa31dd-517d-57fb-9dd5-f1b512685610,2508e59d-990b-5567-8b0c-55ecbd55d35e,615,BDT,from Tk 615,,,UNVERIFIED
ba94f9ba-5306-50ba-85f8-8daea644e818,44243705-162e-5ea2-9ba8-100407837a07,300,BDT,Tk 300,,,UNVERIFIED
aefae35f-3ecf-57f3-a557-49adf1034868,71019335-0530-5dc6-9a06-fe6a5a7cabdd,2090,BDT,"Tk 2,090",,,UNVERIFIED
46591af9-41ba-51cf-81ac-79d2298bceea,d7f79f4d-d82c-58b9-a9cd-d343de856f68,376,BDT,Tk 376,,,UNVERIFIED
cb9fefb0-3f99-5f1d-acc6-484383b01f35,bdc72615-da15-51dc-855b-6a1348f9190d,748,BDT,from Tk 748,,,UNVERIFIED
dfa92d3d-5906-5c52-b59f-3bc80a661dbb,8726574f-d7ed-5554-8250-cefa8f748786,1852,BDT,"Tk 1,852",,,UNVERIFIED
b980b49f-123d-597b-ac51-972028848b1a,8c58d10e-6c12-5dd0-bb68-42171a1a53f1,329,BDT,Tk 329,,,UNVERIFIED
614be2a5-767a-538c-af23-5a0bf55cdbe7,fc923527-16e2-5adb-92cd-5e19ef197ff9,2333,BDT,"Tk 2,333",,,UNVERIFIED
2063409c-069e-5c4a-91be-0213cff200a5,ae1d09bb-2cb0-56d0-bccd-5cc2a3c466f1,519,BDT,from Tk 519,,,UNVERIFIED
3a1689fe-3975-53fb-a70e-cad0fe90b3c3,7ca70223-1fe8-5e22-a090-7b8730867248,329,BDT,Tk 329,,,UNVERIFIED
6e88c1cf-bbb1-5fdd-8c33-0f67f2a589bb,6b7bd50a-95ba-5955-8379-d6c2a246bda2,329,BDT,Tk 329,,,UNVERIFIED
71b11c6a-1353-5b43-ac16-7cbc1ff136a8,94ffba05-ba32-5f71-9646-7a5e356822dd,329,BDT,Tk 329,,,UNVERIFIED
4026569a-c094-5e9d-ac41-bdfcb136abf4,bb082d72-3104-5054-956a-38f32b4d3602,329,BDT,Tk 329,,,UNVERIFIED
d3dd380c-5a53-5824-a08c-36b99a89dfe8,1b3200ce-4e15-53e3-a55f-8a875a30faa7,348,BDT,Tk 348,,,UNVERIFIED
03972632-1ce7-5988-8ac9-6e1099ac6ed5,a3e3bd65-2cf3-5c29-b1e7-366582124d03,124,BDT,Tk 124,,,UNVERIFIED
ca6e2b35-4f93-5e8e-8f03-ba28af7f27b7,11d3f6bf-4ef3-5812-9f9b-8f9a99792c3f,124,BDT,Tk 124,,,UNVERIFIED
18025368-a86e-518a-a6c5-76d86fdc8855,2996fa2f-55bd-5836-baf0-4070e80aa73f,262,BDT,from Tk 262,,,UNVERIFIED
48eb2eb9-98e2-5bf3-aa7b-b835f4b2e862,016bcc71-d432-59c1-8b85-f4265e9a515f,2376,BDT,"Tk 2,376",,,UNVERIFIED
a595194a-622b-504c-a375-f1ad24ea65e9,b763bd3b-53c5-5fda-b186-8d31517a27ab,262,BDT,Tk 262,,,UNVERIFIED
a614b34f-301d-53b3-9493-215f7904ec80,03f905de-30ed-5964-a08e-f0e1e09af0a0,262,BDT,Tk 262,,,UNVERIFIED
1f338e82-abb4-5351-ad03-e97a694ff862,dfc2d333-950f-5efd-9b84-e627b30ab42b,262,BDT,Tk 262,,,UNVERIFIED
4b1dd093-fa95-502c-8a43-1f831f38364a,89c7cc28-1643-5ab3-abec-1209a9d52ede,214,BDT,Tk 214,,,UNVERIFIED
bf78178f-e994-5487-bde8-26c45e90c9c8,3b5fc78c-2f32-515f-aea4-06cff638777f,424,BDT,Tk 424,,,UNVERIFIED
7fc13fb9-6dae-5c5e-8714-76c0d3341dcf,8f986146-709f-5bbc-a419-c54cc008613d,281,BDT,Tk 281,,,UNVERIFIED
91839820-1c8a-559c-857f-0f84b652a2fa,0b484139-5090-56d3-8fd0-1a3a72167f66,471,BDT,Tk 471,,,UNVERIFIED
3c099916-919e-577a-b839-96fdd2e25fe3,e94bb4dd-c3da-5159-91ee-13b7b6967fa8,738,BDT,from Tk 738,,,UNVERIFIED
37fc195c-597d-5f56-ad1b-bac36e5ea269,05de57da-8fee-5c34-a007-98e4ea985d14,738,BDT,from Tk 738,,,UNVERIFIED
9c15beb3-be88-5379-9172-64fcde2de2b2,97671d15-1e72-5d36-9083-ec482144604d,710,BDT,from Tk 710,,,UNVERIFIED
868a91f3-dbc8-5c25-93bf-9b0bf1944d13,19fe6612-23f4-5a90-b1fe-026ba68666bd,262,BDT,Tk 262,,,UNVERIFIED
39307486-9b11-5ac9-bd21-74053ec70c79,7c49b54b-46cc-54a3-ad97-a0172416aa8e,710,BDT,from Tk 710,,,UNVERIFIED
ebce5e26-dd7f-53d6-9e65-ace9e7097b34,8edcc18d-019b-546e-97dc-1c5f38dbb95f,424,BDT,Tk 424,,,UNVERIFIED
a356b3eb-4373-5683-9bad-1a06989f2b52,c4841f95-beb4-5ebc-9478-3115e273a6db,614,BDT,from Tk 614,,,UNVERIFIED
55f0babc-5895-5635-90c0-a4c52e1ad36a,e471b107-e08f-5c63-beff-d2614ea67016,353,BDT,Tk 353,,,UNVERIFIED
440257f0-3b1a-54f9-86bc-013262482af8,57a6d916-97bf-5d34-a9e4-b704e853130d,3395,BDT,"Tk 3,395",,,UNVERIFIED
b33b8356-15d8-5aa1-9843-2b7958edf420,056fa241-2592-5141-9c48-bd0b88452e47,1767,BDT,"Tk 1,767",,,UNVERIFIED
5a7e8796-fb25-53d1-8ee5-a1fcd8547f62,f52f72b1-b655-5ed0-9a03-b2ecefb39d6e,3535,BDT,"Tk 3,535",,,UNVERIFIED
53669bfb-fe21-5d6e-b813-763462712d50,8b94d80b-482f-5bc2-a1b3-504b0ee6935c,3256,BDT,"Tk 3,256",,,UNVERIFIED
d11e9bc4-fedf-5f42-a237-f4aeec9f8a02,604c2df4-a444-5792-a138-7db62a0eba0f,3535,BDT,"Tk 3,535",,,UNVERIFIED
d50cb5e5-be9a-5b9f-9954-756db0f6ac41,7516aa45-6529-5548-a5a8-06d44ab742fa,4605,BDT,"Tk 4,605",,,UNVERIFIED
bdd3ed29-67de-54a2-91b3-9e1befb455d8,2cf84445-8b12-5842-b57e-198296995bcf,2884,BDT,"Tk 2,884",,,UNVERIFIED
ba673517-06ef-55ee-aa98-bc7b5afd1e35,1dad9b86-62f8-56b2-b884-c9a6ca43bf47,3721,BDT,"Tk 3,721",,,UNVERIFIED
c120256c-8551-5e4a-bacb-e6a9c0476cca,a9b97faa-6c1d-5356-8f77-17a668e4ff18,367,BDT,Tk 367,,,UNVERIFIED
da03bcdb-6b0b-5249-b2e3-458e1f8f4814,21e7cbe6-c0fb-559d-b338-99c0f5392a11,4186,BDT,"Tk 4,186",,,UNVERIFIED
4887567a-f2d8-5e86-afdc-216d76638de1,35b4160d-291b-55a9-8ff3-f5156a5b7a99,4326,BDT,"Tk 4,326",,,UNVERIFIED
743b3ac4-af82-53d9-b708-5bc4724f2340,2f0c0e25-7e6d-5bbf-a8b6-7a89fec0b290,1767,BDT,"Tk 1,767",,,UNVERIFIED
efa9ef6f-633c-5ddb-a8e4-50d65d99b594,69051a65-099a-5522-a88f-9b6f4ad5b02c,595,BDT,Tk 595,,,UNVERIFIED
e282cfe7-32eb-52ab-88ce-e4ecdd061a3f,0c37254b-e79d-564c-8add-ff0fe97f3892,326,BDT,Tk 326,,,UNVERIFIED
f760c1a5-6bce-53e7-87f8-272af28ba7af,622f6240-783c-5a59-a16a-f8d6662dbcd3,3674,BDT,"Tk 3,674",,,UNVERIFIED
d3a905a2-e9cc-56f3-bbe7-d3899eddce71,97287930-7877-5287-b16a-e1495145a975,3535,BDT,"Tk 3,535",,,UNVERIFIED
c971193e-fbb3-546b-8d81-019800ee6311,19cba1bb-c868-53f6-a0d5-26f0f1be42e2,3070,BDT,"Tk 3,070",,,UNVERIFIED
54a718df-d41d-5eed-ac8d-895fba6a1533,f7fa3340-cc16-57e9-9155-f671706010f4,4558,BDT,"Tk 4,558",,,UNVERIFIED
1fe52121-be85-5a18-a7fb-16a052af1979,fb3ebb05-216b-5ae7-89b5-db412edf88ad,472,BDT,from Tk 472,,,UNVERIFIED
56dbf7db-0fe2-561a-af98-2a5ded66782a,7da63adc-c8d2-5364-99ff-0799da7eb88d,3535,BDT,"Tk 3,535",,,UNVERIFIED
f3567b16-fd85-5f24-83ed-4127d4abce46,e99106f9-695c-5675-82cf-facfee95c113,340,BDT,Tk 340,,,UNVERIFIED
89cde0d6-4779-5a7f-a6ee-ffc2deb86af8,b4e2ddc1-5f39-5b88-832f-1fb65afa09bc,1767,BDT,"Tk 1,767",,,UNVERIFIED
080a3575-7eb9-5a8d-8c11-d2e466542fa8,add4a5c9-614d-58eb-8b44-65f8bf71011d,353,BDT,Tk 353,,,UNVERIFIED
ca76b4de-2211-5eb9-af27-7210e508f274,040a8fc1-ef11-55d0-b075-a23fbdb2ed4c,729,BDT,Tk 729,,,UNVERIFIED
3dcc111d-ffca-5a87-a7e9-8b08a1c7a717,7f2d40dd-d4d7-55fe-9a6b-14674556a8c5,372,BDT,Tk 372,,,UNVERIFIED
e3add8a9-bc2c-5055-ba5d-c78c162ee786,b2b1b1c0-fdca-5ca7-a6ae-4770d57b0f17,729,BDT,from Tk 729,,,UNVERIFIED
fa120402-7189-534c-9a37-28086d0b8b95,594f8a03-a689-5858-b10e-6a97552981b3,805,BDT,from Tk 805,,,UNVERIFIED
85fa69ad-415c-5288-aedc-3161c4801dd8,df114772-7d2b-5454-a91e-d270e8801476,262,BDT,Tk 262,,,UNVERIFIED
88d3e1ad-dcc8-5700-8562-cc2c77a74cd9,7cc60305-20fe-5301-a48c-f1b7a05bb608,205,BDT,Tk 205,,,UNVERIFIED
6d904db6-6e49-5cd5-9018-bbce340f7e3d,6f13f17b-6947-5cb5-852a-051979b469e4,567,BDT,Tk 567,,,UNVERIFIED
58966e8c-7358-51b9-abd1-9fad70ac0726,2f65dd51-8122-52e3-b0d8-40243609dc8d,662,BDT,from Tk 662,,,UNVERIFIED
f80e2533-a49c-519d-92ef-bdc841f78a6e,e2f86194-03c9-5683-a36b-1d70c0351de0,348,BDT,Tk 348,,,UNVERIFIED
ab1307e7-6d2f-5ada-a3eb-f7b5f73d0253,1ce7c75c-adc8-501d-a4ac-4a556da76dd2,257,BDT,Tk 257,,,UNVERIFIED
c0fdc6ea-9bc9-5549-a996-071dcbd3308c,7e318041-d5f9-5934-81f9-8f4dde410201,548,BDT,Tk 548,,,UNVERIFIED
ae466bd7-95d4-5b88-a3bf-5ac6f95b6897,7b0edb47-ddb3-50b6-8c75-cd778dd29fad,376,BDT,from Tk 376,,,UNVERIFIED
659ef5ee-92c4-5261-8320-8aff9a724964,ea1b7da9-53b7-507f-a02c-742e9329e63c,357,BDT,from Tk 357,,,UNVERIFIED
996ad599-2cd0-5963-aabe-73386348fda6,42a04b0d-bdcc-50e5-9193-ccff690f4291,326,BDT,Tk 326,,,UNVERIFIED
b2f872bf-4e9f-59da-b258-3413b3a5a05f,0327d1ff-f4b6-56e1-b3d7-d62591319dab,419,BDT,Tk 419,,,UNVERIFIED
d762e475-5d70-5ad3-8355-d0d79d638eee,ca6f7d58-dad7-5523-9f45-937b1ada6f5e,524,BDT,from Tk 524,,,UNVERIFIED
5aeb7b46-8a1f-5582-8bb3-b5ee871fed5e,11999a8f-989d-54eb-a432-f067f3f21471,353,BDT,Tk 353,,,UNVERIFIED
1461cbe4-1094-542e-9d23-51954fd92397,b9104824-3792-5433-ba1c-5bde2bff900c,429,BDT,from Tk 429,,,UNVERIFIED
b8652ec9-94ed-5402-aeff-0dcbce3d16d7,e04339a9-5632-59c6-ae4d-91c7ffaa66e8,519,BDT,from Tk 519,,,UNVERIFIED
10a5eeee-2c15-5781-bc10-a2ddd586b20e,c2714a92-640e-532c-b11e-6f61965f49e5,460,BDT,Tk 460,,,UNVERIFIED
b79c9737-e07d-5be5-b5f1-13e807ac6bad,a628cc4b-3c56-5247-ba28-e2aedbca958f,333,BDT,from Tk 333,,,UNVERIFIED
8a7c2d91-7331-5890-8601-af5505e2f602,1a9fa4df-eef8-5023-9b35-4c6cd9932d89,235,BDT,from Tk 235,,,UNVERIFIED
b7eff753-7f43-502e-86e1-c9e5d483c07b,76db8d65-e94b-58a6-b5e3-6ff2eebf9681,425,BDT,from Tk 425,,,UNVERIFIED
9de48873-9ce9-5993-b24a-380a2ee65d8f,23e9a441-c6e0-5e22-8e2e-0e0c631e1f6b,235,BDT,from Tk 235,,,UNVERIFIED
0f30a05a-72bb-5167-992a-3d07ae1fcff3,64862745-ec2d-5c61-b580-1ad70e3f5e87,215,BDT,from Tk 215,,,UNVERIFIED
df40ab6a-9307-59b8-a227-618f8c4362e4,83e955c8-6ade-5f3a-86f2-9a2d31304ec4,215,BDT,from Tk 215,,,UNVERIFIED
b68546c8-5107-5924-8fab-5ca49a9e113a,b5af83be-5ff8-5b83-ae6c-dd4505dbab4b,75,BDT,Tk 75,,,UNVERIFIED
35f6dbc3-3f2f-5da3-95e2-89083cba97c7,e56bb70c-40cd-5e5c-88dd-3a9558c9dab4,425,BDT,from Tk 425,,,UNVERIFIED
6fb8a6da-a12f-5553-a668-5ad4cdfc2c95,05ca0750-d1d1-5440-be16-e7b03fccd824,365,BDT,from Tk 365,,,UNVERIFIED
340b9407-3293-5a2d-933f-cec624e17f40,2618f51d-105c-582c-a098-982a60f3509a,165,BDT,from Tk 165,,,UNVERIFIED
620b0b0b-999b-52d5-9bfe-72e3ffa06083,458e79e2-dbce-5128-8ab4-3b7071d62766,465,BDT,from Tk 465,,,UNVERIFIED
3cf6c7b2-c498-56f1-b73c-9c8b2607bf6e,df72a232-1151-5c03-bddf-b6e2ae42acf0,635,BDT,Tk 635,,,UNVERIFIED
f6f652bb-9e5f-51cf-aa7e-d76c81945d2c,e70d49bb-0d96-501c-8055-b0042ac890f7,185,BDT,Tk 185,,,UNVERIFIED
9b2d0e71-0f5e-5f75-8234-e53cba1dc7d7,e8961b9a-228d-5880-96d0-35d37c61e55d,435,BDT,from Tk 435,,,UNVERIFIED
dc15a8f6-b92a-5f1a-bf80-0261fd4f2b04,c11259ac-d634-57e4-8f48-a9ebb132c4f4,25,BDT,Tk 25,,,UNVERIFIED
be8d7585-c94a-54d4-8d9a-a7b355788ee4,d7b9abfb-023f-55b1-bbd8-907252156e04,25,BDT,Tk 25,,,UNVERIFIED
aaabafb0-7a29-50d9-9ea6-f5e740da54cd,9c338ce8-48c5-53a2-bcf2-7c0ce8d78324,25,BDT,Tk 25,,,UNVERIFIED
2872d1ff-36ad-57b9-a425-41a681b0e0ff,a19f0ef4-2458-52f0-aa3b-120629f24527,25,BDT,Tk 25,,,UNVERIFIED
7b4d4917-3951-5d9c-b10d-de3850f5654d,e21f9975-3413-5a4e-b738-05820a6d7a5a,25,BDT,Tk 25,,,UNVERIFIED
24689852-91e8-57d1-a401-c7651d862718,4d55abe3-4d0c-5e5b-b893-c0a57cba866d,235,BDT,from Tk 235,,,UNVERIFIED
70ffd434-e918-52d0-9c31-4f41dcfe4143,f0b46b71-80d6-5408-8449-d509a23a195f,165,BDT,from Tk 165,,,UNVERIFIED
247b29cf-1899-54b3-8041-8b204808e613,6d341059-dbcd-510c-83fc-8dc135fe1bf3,195,BDT,from Tk 195,,,UNVERIFIED
b4502020-d562-5109-89fe-ef8ce50cd12e,3575a275-0b0b-59b7-83b3-fdb010ba0fe1,175,BDT,from Tk 175,,,UNVERIFIED
104fb986-1608-5fe6-a160-a9237dc0f0a0,041e1064-2e61-54b9-b623-fbe01ece2ad1,165,BDT,Tk 165,,,UNVERIFIED
95fab3ef-dcc1-5609-84d4-4fef608a2855,55fba495-37e4-53bd-913e-75e44b27fc47,195,BDT,from Tk 195,,,UNVERIFIED
f7071fa2-a140-5567-ada3-bb001e139d09,268fbb86-6c71-5986-ad61-789259568309,265,BDT,from Tk 265,,,UNVERIFIED
e1854306-2648-546a-9b8d-c3940cf7c6b3,0353c309-b72e-51fc-bdd7-39c8c5a43ae5,285,BDT,from Tk 285,,,UNVERIFIED
544a59ce-2a8e-5217-986c-5bfe5d8715ea,1d1f9ebc-cd36-57a5-a232-b8cac1de965d,165,BDT,from Tk 165,,,UNVERIFIED
af0aa5f0-2fa1-51a3-b789-2d4c04918d98,43f4459f-e015-5794-b8bb-d19d33bfb2b2,155,BDT,from Tk 155,,,UNVERIFIED
b75206a6-f8a4-5f1b-9b2e-e5e0a4cdb5e3,05e7b736-24fb-5e5f-80dd-32368d87492f,285,BDT,from Tk 285,,,UNVERIFIED
b8e04e25-d098-54a3-ad5a-1d7c863a2b27,483d254f-0b0b-5bcf-ab20-1b858d33098c,365,BDT,from Tk 365,,,UNVERIFIED
d01a8f4e-bcbb-5f17-8812-15ee45cb5d8c,09ab40c8-484d-5686-9e7b-2e90bbc7492b,345,BDT,from Tk 345,,,UNVERIFIED
da88bf19-3ad4-5ea5-ad45-5e8f6e023e80,c9bbb1db-d640-5dc9-af4a-4a750a84c0df,465,BDT,from Tk 465,,,UNVERIFIED
a7a2784b-e6bc-531d-851e-5d69524f4494,575f16c1-b87d-53c3-bf9c-4c56e81314e3,425,BDT,from Tk 425,,,UNVERIFIED
19b9e62e-18b8-588a-a44d-89152ff34b40,baeaa595-4b1f-5434-b124-574deeaedd0e,435,BDT,from Tk 435,,,UNVERIFIED
a7cc8623-cdf1-57c4-a36b-cb1cbf3c7958,f0f928e5-a90f-5e91-b81f-d11707546058,685,BDT,from Tk 685,,,UNVERIFIED
3bba8657-20b5-5036-a90c-032f43316cbf,e1eaf90f-6001-57e2-8576-b10975cd2d33,675,BDT,from Tk 675,,,UNVERIFIED
4ba509a2-231d-53ff-9b3f-0f4eed2b72f0,56ece961-7899-52aa-b2f5-24b0459cae3f,645,BDT,from Tk 645,,,UNVERIFIED
2227434a-7d06-5244-8248-396852ac0b5c,4db80930-b4c8-54e4-8b41-1b8cd860fe47,385,BDT,from Tk 385,,,UNVERIFIED
51670697-c9cf-5fb2-bd9e-33a1b3621889,3ab62e51-ccd0-5e0d-b4c5-45a0512bf846,835,BDT,from Tk 835,,,UNVERIFIED
d489286c-be9c-5478-b8f9-5ad60edfe4c8,74d4ad9c-ed99-5462-9bb8-78fea30591fd,345,BDT,from Tk 345,,,UNVERIFIED
79fcfdbd-3b16-56d5-a5db-6a88132bff30,4ac919d7-c007-5b3d-a7d2-cda3ccda6fca,305,BDT,from Tk 305,,,UNVERIFIED
ceb735ee-f3c6-5645-bae5-408b1ea7d8f5,db802a27-c3fb-5a41-bd5f-9f143837a266,315,BDT,from Tk 315,,,UNVERIFIED
8961232f-7fde-5d8e-a3d4-2516ce7b2078,c998618f-abd7-595f-96a9-9d1375711605,40,BDT,Tk 40,,,UNVERIFIED
1b421ff0-c185-54ac-83d5-02c9908dd6cd,98132e11-4907-543e-b951-3b9afff88447,40,BDT,Tk 40,,,UNVERIFIED
419d0971-c934-5823-8764-b3b49bddc8a2,47714226-a5d8-537c-9746-1aee6dee3e4e,30,BDT,Tk 30,,,UNVERIFIED
6d5f9594-67a0-517d-9c2f-078941ce2443,942a89af-fee5-54ef-9844-6dd761ab5a1d,20,BDT,Tk 20,,,UNVERIFIED
ff7d1179-ee01-53de-841b-9571b9009038,df6cf0a1-6401-5bd7-8cf0-d7f666080c54,50,BDT,from Tk 50,,,UNVERIFIED
e575143a-1d2c-5824-9ffb-783e2bf3a40b,5c2261e5-cf87-54a7-860b-22fbe8590686,60,BDT,from Tk 60,,,UNVERIFIED
b17c81b4-8d85-533d-b343-20439a602e6f,167dae5d-3204-5743-b03f-976734f9285f,40,BDT,Tk 40,,,UNVERIFIED
b115891a-0fe8-5401-801c-bb1402bdd9d2,c73f87c4-363b-5e25-a2b8-6da652a353a4,100,BDT,from Tk 100,,,UNVERIFIED
9f3d69e2-b1e2-5006-a28b-68ff23ba7d1c,4b4366bb-fe81-57ce-88d6-a081d8b71523,100,BDT,from Tk 100,,,UNVERIFIED
22f49a94-f48e-56be-8a27-3aae632e069b,dad0a7bf-1602-5b3e-8566-d4856c37e1bd,795,BDT,Tk 795,,,UNVERIFIED
10707a4d-32c6-5564-b349-0fe02d5608e9,d45228bf-9815-507f-bd1f-937f0ae2daa3,1095,BDT,"Tk 1,095",,,UNVERIFIED
1a1d804c-0932-5982-9f8b-24de40c27a83,6fe38d3a-aaf8-5546-ad5a-71c80076d75a,1895,BDT,"Tk 1,895",,,UNVERIFIED
54561c46-8888-5feb-bd33-695dcbaef783,a180dc8b-7e7b-5015-9712-58a010e5ff37,895,BDT,Tk 895,,,UNVERIFIED
340e42f5-582b-5385-9d73-f65e7ee2c3d2,2effbf7f-8d84-5f3d-a6ae-6d14f6a063de,625,BDT,Tk 625,,,UNVERIFIED
189b98e2-6cf4-59e1-8f43-1db0e95a3bcb,aa08a737-e96d-57a3-bfd4-7c1613c710ee,1145,BDT,"Tk 1,145",,,UNVERIFIED
b9f07e9e-2771-5db9-9ffd-77df2b0d3f49,28caf7bb-b5f1-5a6e-8318-29b2d69c6f8f,2395,BDT,"Tk 2,395",,,UNVERIFIED
e27d200a-365a-58cc-971e-e68dd059945e,74201b53-f3a2-5538-ae3d-b1cb20ce7c3c,2845,BDT,"Tk 2,845",,,UNVERIFIED
6065bc90-4acc-50af-ad48-da860344f0b7,d8101a7d-c104-5063-a597-c3600dc10b3a,1145,BDT,"Tk 1,145",,,UNVERIFIED
dcc2f869-5f36-59c9-b81f-7896713d887c,756f93ed-889f-558c-a55a-bc382ecacdce,895,BDT,Tk 895,,,UNVERIFIED
bcdead86-3659-57e9-8e23-2b45f7cc4627,a4b2efec-4129-55f8-a24b-0eb52ed46091,1145,BDT,"Tk 1,145",,,UNVERIFIED
e14105ee-3092-5bde-9737-338428836eb1,15741889-4e41-57f8-8ae3-fe9c69f37238,895,BDT,Tk 895,,,UNVERIFIED
eb58ed50-daad-534b-825c-3dd7fe489b4e,6270f013-0a76-557a-9b62-a9edc2442785,1095,BDT,"Tk 1,095",,,UNVERIFIED
037a7f18-92af-5de7-b384-156aca217c5d,d052225c-c4be-5e7d-9b8c-d7dbf51a28b5,895,BDT,Tk 895,,,UNVERIFIED
78020369-f1ad-577e-bd8b-b8a07b7f45a5,cb4d5ace-8745-5d90-881d-b2a2ec875cd4,1895,BDT,"Tk 1,895",,,UNVERIFIED
018073d1-acf4-51b5-affd-9d1ad12d0824,df68564e-d94c-517d-b611-bd2b9e7d3ba4,395,BDT,Tk 395,,,UNVERIFIED
3f94209e-85f4-52c1-aa43-b4fc6b72f0d3,2b0fdf9d-cbc2-5eb0-b5e7-803a7af50a34,1095,BDT,"Tk 1,095",,,UNVERIFIED
6e7702a4-6b29-5723-be28-72eb289a0a18,a4fa9754-95f4-51a6-8ddc-5a297dd7c952,1095,BDT,"Tk 1,095",,,UNVERIFIED
7a2ec201-6bad-5bd2-946a-01af59af6d59,78732e6d-27ea-5ff7-bb46-23bf937b72fa,1895,BDT,"Tk 1,895",,,UNVERIFIED
6740fb17-1dc4-51f9-bbed-927aa539f205,5b90e6c3-6782-57f5-9dc3-f56df28f94c6,1095,BDT,"Tk 1,095",,,UNVERIFIED
0196a262-0ccc-5ff5-af1d-3d7739461706,bb3281b6-52ea-5137-b7b6-d959b5d48e73,975,BDT,from Tk 975,,,UNVERIFIED
4061ea0b-fafb-5783-8067-fdc8cc6c0480,374b70ab-ce7b-5d42-ae3b-176cb77618b2,1795,BDT,"Tk 1,795",,,UNVERIFIED
4f7ba3f2-9d2e-5d2e-b880-867cff135e96,ee3d8d28-0fb2-5ffa-85cf-3f3c1d9d16ef,1895,BDT,"Tk 1,895",,,UNVERIFIED
468112bb-ba5c-5827-b9c9-240f85ed1065,9c1d0bba-2e1d-5f8f-a99e-4395ca777499,1295,BDT,"Tk 1,295",,,UNVERIFIED
c354499b-3ee5-5b5c-a025-317e9e3d7e2e,4308ad2d-8a4e-5cf8-bb97-f97d2810a764,1095,BDT,"Tk 1,095",,,UNVERIFIED
4c668f77-6944-57e9-bf42-28d5de8b1cc0,89b6a596-b9a0-52e4-bb3e-9828abcf3eed,1095,BDT,"Tk 1,095",,,UNVERIFIED
253ae91c-0ac1-5e7e-b245-7f34d184c8eb,9a4c9b3d-b594-505f-81e4-adcaf7717231,645,BDT,Tk 645,,,UNVERIFIED
4723b474-3e0e-546f-92fa-4efd16244ae9,2bfa52c9-dba5-5156-965f-a8f4cfbe3a98,675,BDT,Tk 675,,,UNVERIFIED
fa8e59ea-6b46-5649-b666-230af9dd6db5,0da4b06d-53e0-5d88-aa24-e891baa0ead0,345,BDT,Tk 345,,,UNVERIFIED
5d071a87-08ae-58b5-8119-8fd4a00b952d,abb3bc50-cd3b-543b-8845-e6c05311fc6f,895,BDT,Tk 895,,,UNVERIFIED
4c9a732e-0c5d-511b-bae8-89931b316548,409b6733-84f8-5561-b2d9-9142933cd274,1895,BDT,"Tk 1,895",,,UNVERIFIED
34cb409c-b1e2-5da3-b8b4-43b3cb24882e,03f9ba49-8bf4-5f68-a42b-0fd402f1a338,1145,BDT,"Tk 1,145",,,UNVERIFIED
b7d12085-a10b-5b7b-9ba1-73681f7719f5,64820884-b570-5c2e-85ee-1dee94baa9fb,1895,BDT,"Tk 1,895",,,UNVERIFIED
372f71b3-297f-58bb-a09b-fa105a4c6614,1e5a5ada-c7c1-5f02-900e-69339b042d6f,745,BDT,Tk 745,,,UNVERIFIED
c10f4858-98da-5272-a56f-ddd29f7024f2,9664cb62-1505-5493-96e6-0afb03583ffb,1145,BDT,"Tk 1,145",,,UNVERIFIED
b366a5f9-d804-534a-9f99-d6371f82a1a9,7b26a6eb-8610-596f-9346-631b482d5861,795,BDT,Tk 795,,,UNVERIFIED
d9af1b8c-d291-5002-b4c8-a4800077d46d,27573cad-4af9-5476-82a1-9b5f866a5dbe,795,BDT,Tk 795,,,UNVERIFIED
d4bcd7a0-f401-5c59-83d1-8e8433c2ac7c,d91b35ae-9f47-54c4-8add-f775195db4b9,895,BDT,Tk 895,,,UNVERIFIED
76897b7e-353c-5c1b-bf96-27aea197493d,83994d6e-333a-514c-99ad-d5fc0d4c48d6,525,BDT,Tk 525,,,UNVERIFIED
bd93b5f6-14ad-5d57-ba12-f6026131ab21,947e3065-71cb-5357-b2d1-1d74fdaf600b,1145,BDT,"Tk 1,145",,,UNVERIFIED
1f912d69-edac-56b6-8545-8eda34c70c80,b6128a5f-48db-5a06-a365-f4d8c91d987d,1095,BDT,"Tk 1,095",,,UNVERIFIED
fdba0e4e-df55-5b35-8eb5-5c516b0bb54b,007c7299-7267-59ff-8853-116b66ebb4a6,565,BDT,Tk 565,,,UNVERIFIED
cced06f4-fef3-5b53-ac46-22fa6a743097,bad07276-b2b2-55f0-8603-08f58b08ced7,675,BDT,Tk 675,,,UNVERIFIED
1a30d07d-150e-5bcd-9c46-d0023bb56043,6969930d-2d57-5264-ae22-a47cf22e97df,795,BDT,Tk 795,,,UNVERIFIED
5c258a96-8156-53d7-b936-4524ea266205,fcd44e09-48e7-50b5-87a1-b1097dbb96cc,545,BDT,Tk 545,,,UNVERIFIED
6cf44077-3e9e-5cb7-87ed-508b2b92a3b3,7926f3b1-c6ad-5ed3-8edf-fcb681450462,475,BDT,Tk 475,,,UNVERIFIED
5ff9e9c4-98fd-589b-b03e-b5d6d741f115,a77946f3-fced-5de3-a528-b02855572294,475,BDT,Tk 475,,,UNVERIFIED
af737818-f811-5cab-a62c-34f206032067,26d444ce-d36f-5d29-82ec-77a7e095ac13,495,BDT,Tk 495,,,UNVERIFIED
d3faa3be-cf70-5c39-813d-e2d4f3508bb1,93fa0f7f-baa2-5b90-9763-1e8cbb219913,375,BDT,Tk 375,,,UNVERIFIED
8fe554f0-8be4-57f3-b038-bdbad8c3d5b9,72befffd-ce78-51ae-941c-38054b4ccfd7,695,BDT,Tk 695,,,UNVERIFIED
f4492b0a-4993-54ae-9de6-e112ebd11464,76b532f3-4480-5727-a901-0a4e1a2251d2,575,BDT,Tk 575,,,UNVERIFIED
fd168736-939f-5678-a87d-f8830407d2e9,88ef41a4-f641-52f5-bd93-b05d93381e28,795,BDT,Tk 795,,,UNVERIFIED
f60351a4-0e14-533c-8ece-52f63d019fab,503f9c08-9367-52ae-be17-ba3879078ac1,765,BDT,Tk 765,,,UNVERIFIED
7dffa9a1-cb26-5f71-9ff4-2dc3954af85d,a65f771e-ffe2-5ecd-b6c9-23cf54dd988b,995,BDT,Tk 995,,,UNVERIFIED
cfd3e8b1-f9e3-50a1-bd62-14d81551d048,2f553397-0d91-581d-9393-13967ad3880a,545,BDT,Tk 545,,,UNVERIFIED
6aa5534d-63d9-530a-ba0d-663ee5176899,0e7c307b-5a63-594b-b097-2ec94a3203ce,545,BDT,Tk 545,,,UNVERIFIED
bc4dc400-9c6a-5c53-9eae-fe33bda0688f,1365e74e-7b2b-5398-af13-c3f071ae9e7e,795,BDT,Tk 795,,,UNVERIFIED
ffb4f70f-ac4c-5e2f-9b4c-5cd2d157ccd1,b41d3a54-0852-5d60-9593-e250728a4c70,395,BDT,Tk 395,,,UNVERIFIED
123b6f34-a073-5b51-a25a-74436d50a141,906dca13-264a-5376-ad69-496eba01445c,545,BDT,Tk 545,,,UNVERIFIED
ed2fdc0d-4424-524e-91f2-092a2fc0ee25,530ed31c-72d4-5720-8359-3567f5d1aa8f,345,BDT,Tk 345,,,UNVERIFIED
9b529e98-0561-5fbe-b485-06a01265f1d9,950be2df-9e2f-501f-93c0-11c6c32bac52,395,BDT,Tk 395,,,UNVERIFIED
9184a564-a912-5c7a-83be-e1dde63b757d,9c142738-babd-5f1d-8c6c-1bf657fccadb,845,BDT,Tk 845,,,UNVERIFIED
0bb1a265-0312-5841-ac4e-9e9e114f4ed8,172d2afc-f0c5-5bf7-a14a-c2e8ab185058,795,BDT,Tk 795,,,UNVERIFIED
150dc70c-bc9e-502e-9d32-0d4d288298e0,7474b4c7-e446-5714-a2fe-20859604709c,765,BDT,Tk 765,,,UNVERIFIED
c35f5992-cf2f-5af6-aa53-3ee09ab8293a,4a019424-29ed-53bb-8da5-dd3197bb19f5,375,BDT,Tk 375,,,UNVERIFIED
b278dab8-a49e-5a43-abe6-56a49a5e0d82,742fffb5-cd58-5356-960d-10b09539b961,455,BDT,Tk 455,,,UNVERIFIED
08e7a3f8-8ecf-5bce-a0d2-adab5bf8af2d,874aae69-c0e5-50fb-be96-20466be8d82d,85,BDT,Tk 85,,,UNVERIFIED
e777d269-0eeb-5152-8210-339971864982,2f64d5e9-d547-515b-b8e3-396551fc10fe,350,BDT,from Tk 350,,,UNVERIFIED
f25afd08-de19-5a11-8096-5ef679e024d2,d0267ab9-ad56-5c19-a1f7-23cddd055842,460,BDT,from Tk 460,,,UNVERIFIED
23332167-27f0-5b98-a79a-3b1db78c6e58,95ebff1f-bb5a-538f-9bbb-0af3e2d2c190,580,BDT,from Tk 580,,,UNVERIFIED
2d94f8ce-3eaf-5bbe-a573-eacd3616ec43,2ee3d4a2-7254-5ea0-a225-8e2f837f3fb2,370,BDT,Tk 370,,,UNVERIFIED
fcd2ea30-0bdf-5fd5-981a-5c8112df009e,7cea951b-03e6-5b55-ae52-3460be97a14f,290,BDT,Tk 290,,,UNVERIFIED
689b6d2a-76e8-5191-b5c1-ed7900e693f4,40cf1c26-829b-557f-b67d-af4f6916a228,290,BDT,Tk 290,,,UNVERIFIED
d6451ba3-fde2-57a7-bdfa-5104dfcc4e46,7c5e65c8-6ec8-5023-87a2-15f39a1dafad,380,BDT,Tk 380,,,UNVERIFIED
68e85c2f-5cde-5c7b-81fb-f15bc0c0c2f9,50e2032e-d7ce-5c0d-a628-2ef2d3d1851e,399,BDT,Tk 399,,,UNVERIFIED
dbb02173-0931-5f32-93f0-ab27f0efb91e,8f82330d-0f37-5ff0-9b74-b45cbdfff513,80,BDT,Tk 80,,,UNVERIFIED
2b1d371e-711e-5bb1-b19b-e793e5125721,60484e0e-2ec0-51d9-afcb-b021c9acf850,440,BDT,Tk 440,,,UNVERIFIED
271681f8-bb40-584b-9ac9-8c0295466b47,924ca215-f84d-5f7c-b9d6-5e57311e5b19,730,BDT,Tk 730,,,UNVERIFIED
9b1f3266-0fc3-549d-92ff-b3e0c7cd5d9a,627e1d6d-eb4c-5055-b592-d2f9c1b9c056,380,BDT,Tk 380,,,UNVERIFIED
27b65154-fb08-5dbb-ada7-b8017a9b677a,da337f7a-62e9-5124-9aef-2068458c0dd3,140,BDT,Tk 140,,,UNVERIFIED
056dceb2-5e1b-566e-8550-897c2c8aefd1,4328b818-909a-509c-b213-03eb60a791ae,570,BDT,Tk 570,,,UNVERIFIED
f775842b-7bf4-54ff-9e15-dbc8c53bb5e1,b802ea02-f73d-5c71-8d58-36c6b2958c29,630,BDT,Tk 630,,,UNVERIFIED
98ba3259-26f0-51e5-b0b6-a9c8c8e93f4d,1d7b88c1-55fd-58f9-abae-a50768f16866,550,BDT,from Tk 550,,,UNVERIFIED
afdc7f9b-cc24-5d81-ac9b-86900cfdd5c1,15b4b01c-f760-5f05-a032-6ab773a56cc4,470,BDT,from Tk 470,,,UNVERIFIED
4167cd6b-cfed-5fce-9be2-5a897cc67e5d,02432745-976c-535b-9bab-e095d920a9ac,495,BDT,Tk 495,,,UNVERIFIED
afe05580-f057-5852-9ea7-858bfecaf3d3,b8a83b1b-d2e5-5b27-869c-490b965217b0,180,BDT,from Tk 180,,,UNVERIFIED
ff891976-9393-58dc-a8c5-aff87243c40f,b0670757-5ad1-58ad-9f0d-b8638f4f4c3c,125,BDT,Tk 125,,,UNVERIFIED
da7a8c23-3af4-59c9-a100-d1e2ce836307,cab928f5-2af4-5399-ac62-c1474cfbce9c,240,BDT,from Tk 240,,,UNVERIFIED
f66bd712-dd54-50f2-b78f-4632725b378c,d00dbe38-e352-5e45-ad4f-befd2554007b,440,BDT,Tk 440,,,UNVERIFIED
8aa0681b-c9ea-5117-8386-6035bb19dd7b,5a11da90-906a-5097-bb9f-51267097a2fa,430,BDT,from Tk 430,,,UNVERIFIED
969994c1-17c4-568a-9ad5-a9d8313c4482,092fc053-4e8e-5482-bc86-328abb3b57e7,380,BDT,Tk 380,,,UNVERIFIED
e6b8db2c-d080-5100-978f-a3495a3ddccc,461c4b5b-e550-5598-b2bc-ababa4949a50,165,BDT,Tk 165,,,UNVERIFIED
9b41afb4-c056-5180-b103-3761c4143e5c,3bd44bd7-680f-5dbe-adf6-a30ea5b5ad7b,370,BDT,from Tk 370,,,UNVERIFIED
7c861f17-f446-5bad-ad05-39d07a5e6a43,169b3f88-8b97-56c0-bf74-1ed2f343ec61,220,BDT,Tk 220,,,UNVERIFIED
97697c55-4dd3-5b50-9bfc-bdc8ecfd1366,01236d48-c5b4-51cb-938a-3558bc68647b,70,BDT,Tk 70,,,UNVERIFIED
f6d7ada1-d0ee-58c3-82cf-5871df751c84,813d9616-adc0-555c-952d-e12ddf581216,70,BDT,Tk 70,,,UNVERIFIED
97f307ae-f6fe-5cff-8f9a-6c2bdcd0d9d0,d48c6b67-2948-5dd8-b104-c9392bdab508,80,BDT,Tk 80,,,UNVERIFIED
3693ecab-2307-58b6-b2a1-1f0e3a598452,9b4b6788-15dd-5b48-b37c-fd30400f68f8,60,BDT,Tk 60,,,UNVERIFIED
f2aeed1e-3270-5188-98b8-c91ae7e1eab4,2612e99e-3032-5d8f-a50e-681921172125,60,BDT,Tk 60,,,UNVERIFIED
061023ac-5270-5738-b891-0b75d1f576a4,af4629ba-5676-5978-90d7-bd2e1ef063cf,300,BDT,Tk 300,,,UNVERIFIED
917d592f-5c8a-50e0-b602-de27d6ccc15c,f9783453-ec67-5b23-895a-bac468f819aa,370,BDT,Tk 370,,,UNVERIFIED
1baeff5d-6051-5f7a-bdb2-27134ea392b8,6baf2a6a-bf66-5905-90ef-55374379d43e,420,BDT,Tk 420,,,UNVERIFIED
c2a100f6-cc18-587e-813a-0b6c81e0c4b2,3bfff871-616b-5533-9862-d5cf4bf5039a,240,BDT,Tk 240,,,UNVERIFIED
76ddf764-6875-58d7-a6ac-1adde0661c54,58f0a496-98a8-5e53-bfdb-683c24fd460f,310,BDT,Tk 310,,,UNVERIFIED
31b09c91-911e-50ca-b457-ea2d73ff6616,47483bf2-8959-537d-a1b2-a5b6aeba4901,300,BDT,Tk 300,,,UNVERIFIED
3d8a00c6-fe04-577e-962a-c6d60e6b9c3d,5af75408-ed10-58a8-bc57-ea6712e04c04,125,BDT,Tk 125,,,UNVERIFIED
2f30b427-d416-583c-b23d-57df5bf24df0,a50d7936-bbe1-547e-be17-80f5e9dfab50,340,BDT,Tk 340,,,UNVERIFIED
a03c9fd9-059c-5493-aee8-e9259b945909,9f9c81b2-43bd-55b0-b69a-c1a59b6acd13,170,BDT,Tk 170,,,UNVERIFIED
27161deb-6669-5db9-b270-012f01c29b63,d0d9345f-c561-57e8-b49e-697e7e2b5bec,115,BDT,Tk 115,,,UNVERIFIED
8c9f0b83-5b67-5856-aef8-3d7a7e6e42a0,607d4fe6-31ce-57cb-944a-3a1c13b4f064,90,BDT,Tk 90,,,UNVERIFIED
c3ac24d6-b572-5caa-a2ee-3a05971b559d,8b391545-c353-506e-8f63-945aa6212ca4,115,BDT,Tk 115,,,UNVERIFIED
c3d9f0af-9347-5b35-9621-eef4dcd0158c,87a557f5-7ea5-5d70-9ec6-2e7f2cb6c7aa,140,BDT,Tk 140,,,UNVERIFIED
91680cb3-fbb8-5cd1-b277-5e96ea840962,b1490b68-9ac7-5af2-be15-0debbe22bd61,80,BDT,Tk 80,,,UNVERIFIED
7e648b88-eecf-5d77-b982-0ca892150a39,cd3b3fd0-9247-54c6-8fa9-12d45be6fc03,80,BDT,Tk 80,,,UNVERIFIED
8f9f927b-28e3-5a9d-8679-96ab92b9f889,b5b5234a-2313-5a33-b625-b0011dc992b9,80,BDT,Tk 80,,,UNVERIFIED
f6554d3b-5a0c-50a8-947e-0bfa404a2108,4f821416-9b0a-537f-b557-e07e7e21ee56,130,BDT,Tk 130,,,UNVERIFIED
6bbaa1d0-421b-51e1-b273-3f3f405bc6fe,6b7c9026-e634-50ab-947a-b7e14dc7feec,249,BDT,Tk 249,,,UNVERIFIED
2d60b435-3d47-57e5-92a1-ea636327f6d8,19735452-fd56-57c6-b212-808cdb325526,349,BDT,Tk 349,,,UNVERIFIED
ec280b13-13e9-5e3c-8a97-9c35dd400c1d,c2a76653-4ab3-5f4d-a8fb-bfc5f8742434,249,BDT,Tk 249,,,UNVERIFIED
fd4e6ed5-5eb5-5489-97fe-d9905e59718e,2d6ec194-a670-53a4-9f1b-72bc89a7491e,249,BDT,Tk 249,,,UNVERIFIED
d813f171-8af4-5138-8e72-984be57e800d,c40f4a6c-c13c-5c8b-996d-c284bf37f6ca,249,BDT,Tk 249,,,UNVERIFIED
2c00a596-f634-534f-b155-49807f82be52,b6efceee-50c8-590a-9062-a059c9348747,249,BDT,Tk 249,,,UNVERIFIED
f9a7c9a4-f66b-5bd9-8b2b-13d1b7f59341,d3f245b9-c013-5aee-93e8-3e831d394ea9,249,BDT,Tk 249,,,UNVERIFIED
27b580ae-617d-521c-ba20-acd87d6e86ce,3959956b-0e10-5c16-9501-cf5ee2c86839,249,BDT,Tk 249,,,UNVERIFIED
f6686aa7-0c09-5ef6-b531-3612f1bb0a66,1839d731-2d80-5fe7-8dc7-7c19bd67c056,249,BDT,Tk 249,,,UNVERIFIED
53f937ba-9764-54bb-82cb-8a4e736657c7,b25bc31d-c6fc-577a-a80a-3b6562ce2aca,249,BDT,Tk 249,,,UNVERIFIED
7537ec40-0ac9-5a50-88db-cbeed7439d74,af85b3df-9a3d-5c2f-8cd5-eb409cfc4670,755,BDT,from Tk 755,,,UNVERIFIED
a0f4332c-a6ce-53ff-aa64-a19d64dc74ad,0e8e7067-7013-5ed3-a787-866a42f97b77,199,BDT,Tk 199,,,UNVERIFIED
5a0a8a8f-0520-5409-a655-0202f6377f05,6787562c-5c6b-59ee-b590-f4213c411639,149,BDT,Tk 149,,,UNVERIFIED
31f5c716-beb0-5e26-8faa-98a5f758fb72,e2ff43ac-3edb-5a08-a28f-8a02e1ec13f5,349,BDT,Tk 349,,,UNVERIFIED
6458f8e4-f519-5184-9916-d5d78c4a7dfb,21462898-103a-5751-ab6a-b780204b64fe,249,BDT,Tk 249,,,UNVERIFIED
6a958c3f-e977-5dbe-955d-2dd4a6fdf8ec,30e02510-92b0-5d87-a3f2-ee541e8781f5,349,BDT,Tk 349,,,UNVERIFIED
16e3bf18-453f-5b7e-bb00-3a23dba18e28,c70b6f4a-6409-5242-88da-241317d2c969,349,BDT,Tk 349,,,UNVERIFIED
a35a2934-b8b8-5528-a909-d345a61c0bce,2c41af17-14eb-5b6b-b939-951c81a89e91,349,BDT,Tk 349,,,UNVERIFIED
931de04f-0b7a-593d-bfd2-9bd130bf5fe3,9ccddd1a-42f3-5d4e-b28d-b3c70fd0299f,299,BDT,Tk 299,,,UNVERIFIED
1c85654d-082b-5b92-aa10-fcf34ebc400e,76f8c858-5c1e-5cf9-b6f3-74339e299880,199,BDT,Tk 199,,,UNVERIFIED
90e0be4e-2087-5ed9-91f6-d823edd970b7,44a71d90-7251-5a10-a379-beaf5748989c,249,BDT,Tk 249,,,UNVERIFIED
9a03cc3a-2d87-57a1-838c-66bc008e0657,950913ba-649f-5d41-a769-169630178d47,299,BDT,Tk 299,,,UNVERIFIED
b8044f1c-f65e-5d59-ae31-97525f8aa759,130edd62-87a9-5ac5-a255-f9a96c5f347d,249,BDT,Tk 249,,,UNVERIFIED
5417efc9-c21b-5753-b9e1-776954e8a2a9,985a0238-2c9d-5b16-b316-4f4d7938465b,299,BDT,Tk 299,,,UNVERIFIED
a015a0d9-0114-50ff-99e4-48622cda781a,b393ed56-2416-57b9-a3d9-f526ec7d821c,219,BDT,from Tk 219,,,UNVERIFIED
10362de1-35c2-5ea7-802e-0ef3e1c6f839,87eb9693-d830-5837-82c6-2ece0646ec35,299,BDT,Tk 299,,,UNVERIFIED
4acaab74-9495-58a4-ab4c-68e2e20f60d0,4d9fb74a-d614-54ae-9acc-0fda095214a1,495,BDT,from Tk 495,,,UNVERIFIED
e695480f-2124-5062-9701-ba4379c4f6c1,6df38ab7-4a9a-50b1-9e4f-2d9d920b2789,495,BDT,from Tk 495,,,UNVERIFIED
12afe5dd-c3ca-5c49-bb76-37d2e79cf315,468c8fa0-8590-5fa5-98b7-44374a50392c,335,BDT,from Tk 335,,,UNVERIFIED
074f0551-5ce5-5c5f-b160-328288509b06,6f459899-fe97-5277-b361-9d3d14e1ad45,335,BDT,from Tk 335,,,UNVERIFIED
016ae75d-409b-5632-8195-fbc575e537d6,c98caf88-24f2-5889-a42d-e4874233a0eb,349,BDT,Tk 349,,,UNVERIFIED
aab53e42-146b-5a41-bc40-8544ea215b3d,d115bfe4-4a5b-5f0a-888b-18358e8b08f2,345,BDT,from Tk 345,,,UNVERIFIED
e946b70e-18c5-59f1-8a94-f3933486d93d,9124610a-2053-5945-8734-98ecce497d7e,335,BDT,from Tk 335,,,UNVERIFIED
b6c8c959-0d9c-543a-942f-fd3cad1a57a1,cd3d4a7c-7481-5a5c-b50d-531f0999b095,365,BDT,from Tk 365,,,UNVERIFIED
3f3959a8-4dba-584e-a365-172e202717c0,7b6c99dd-feb0-509d-b7f1-e476b3210010,515,BDT,from Tk 515,,,UNVERIFIED
11084621-e81e-5896-a9f9-084ee45bed71,58fe210a-2280-5961-9516-02819d4af261,715,BDT,from Tk 715,,,UNVERIFIED
3a27a88a-bcb6-58a2-8a42-63ce897bc8a9,d54b58a7-6f26-5148-9045-f36366b4de44,325,BDT,from Tk 325,,,UNVERIFIED
1fede6de-aadf-56bf-93f5-b7861b446e7d,96ed0f89-007f-54ac-965b-56e693380a13,305,BDT,from Tk 305,,,UNVERIFIED
68f5eadc-0685-59d5-9953-02ad61bca86e,40f98168-98ff-5a5d-86f5-41cd2404c34b,325,BDT,from Tk 325,,,UNVERIFIED
c5192191-7eeb-5248-a00d-2d3cca74dea9,26c37a9d-f080-5d0a-bcb4-be8c31862d8d,349,BDT,from Tk 349,,,UNVERIFIED
5ed22559-86e5-59dc-9364-0ac2e0bcd295,6ce3e2e4-7367-5e93-b01b-0d061dbe9279,199,BDT,from Tk 199,,,UNVERIFIED
9b326d1f-1976-5dc7-8a99-31c765d6f49f,c4cf875c-b4df-5853-88db-3c0a5359a0f3,259,BDT,from Tk 259,,,UNVERIFIED
89be00a7-4162-54ba-95a8-97883b543b7f,1b1dbfbe-6ea5-5acf-b89c-9ebce35466ae,269,BDT,from Tk 269,,,UNVERIFIED
485b5c0a-c443-50db-9d25-feba91a88d58,2ae3dd1b-1904-5973-bb12-0322b9491d60,239,BDT,from Tk 239,,,UNVERIFIED
53797fe8-2c03-53b0-8e6f-d2dcdc95b28b,81a5632f-8f02-5b1b-9cd9-e0a049ce5ac6,379,BDT,from Tk 379,,,UNVERIFIED
45fe2cf6-f6fd-567f-ad88-6e1f0e51cb4f,2d3bcee0-ff6f-5f88-ba48-f237e2db6b0a,339,BDT,from Tk 339,,,UNVERIFIED
941af2a5-8e44-530d-854c-87fb6c7bb2c7,d80e2477-9e5b-57e5-808f-af1db942e617,549,BDT,from Tk 549,,,UNVERIFIED
00bd2659-fbc9-5c7a-a3cc-1a12b9ee2110,e5e1cddb-244a-510c-bce7-c413448a8b08,345,BDT,from Tk 345,,,UNVERIFIED
ab6e53bb-7e4a-5d2e-bd14-add6d76d7805,b9cbfcd6-25b9-50ec-a8ef-6a82c33b6a3f,229,BDT,from Tk 229,,,UNVERIFIED
ad39a4c5-3d3f-55d5-a5ab-1a11ee15d6ab,ab704a85-f98e-5864-abe6-a98aaa52c6ab,,BDT,Tk 405 (was Tk 450),,,NEEDS_REVIEW
0a889ea7-4f5c-5c3f-87ce-0a73ab4594ed,b930b3ce-a272-5a70-a9e9-7c4f29ba21c9,,BDT,Tk 198 (was Tk 220),,,NEEDS_REVIEW
309b3c5d-a312-5d6b-bc46-68d03638f431,8e195ea1-687a-58ad-a4b3-77c8ed7213c3,,BDT,Tk 126 (was Tk 140),,,NEEDS_REVIEW
943a957d-6d0c-51e6-bbe3-3047b68ab2a7,ee9339f9-6ac4-57b9-a79d-7f7564b944cd,,BDT,Tk 405 (was Tk 450),,,NEEDS_REVIEW
dac6e3fb-0ceb-5bf0-8bed-956ca668e41d,097c17ea-b4cd-5be5-8b83-1406fa44d5c7,,BDT,Tk 378 (was Tk 420),,,NEEDS_REVIEW
2ee7884b-bf8f-50cb-9e6f-8fb74580de7b,4236dd71-e9e1-5410-8ac4-8c49d9d2dd0c,,BDT,Tk 72 (was Tk 80),,,NEEDS_REVIEW
788122fb-fbe4-579f-96e8-b52c555556c8,632ce8fa-3bd5-564b-9cf7-3e719a5363bd,,BDT,Tk 270 (was Tk 300),,,NEEDS_REVIEW
273b6239-19b7-5264-80c5-a0a329fec924,c3569644-30b7-598d-9f37-f8fe21014e72,,BDT,"Tk 900 (was Tk 1,000)",,,NEEDS_REVIEW
7fafb10f-af5e-5988-88df-b0fba4523758,edfa24ea-f055-58f7-8908-ff65912a19c0,,BDT,Tk 41 (was Tk 45),,,NEEDS_REVIEW
fa0c1ee3-18e2-51e7-accb-b4a1c5660880,5a03c38a-fa1f-57cc-a082-5987ca575463,,BDT,Tk 54 (was Tk 60),,,NEEDS_REVIEW
8a1c87ed-3b66-5f31-a607-9da881d01fd9,6fc49ff2-2815-5d00-9eca-ef859258548a,,BDT,Tk 378 (was Tk 420),,,NEEDS_REVIEW
cefaf761-6d9d-537e-9b4b-a49b034b11a8,3424a88b-256a-5383-8c84-f252bc4cb51c,,BDT,Tk 315 (was Tk 350),,,NEEDS_REVIEW
86fa4911-5829-5582-88b9-2299ce91f68e,8e8f3812-bd2f-5056-be05-faa868ec9378,,BDT,Tk 216 (was Tk 240),,,NEEDS_REVIEW
9f4d9c7f-6433-5fca-8a7d-c4476ae2adc2,23d2820b-e60a-57b5-b5c2-eb455358c09f,,BDT,Tk 234 (was Tk 260),,,NEEDS_REVIEW
ffd19917-e876-54e1-bdae-f67f543050ec,b73470b0-53c3-5e7f-b1c4-413c0cbd6ee3,,BDT,Tk 225 (was Tk 250),,,NEEDS_REVIEW
849a05dd-cc39-5f1b-8c6d-1d0a0e2e4b84,110626e9-f04b-55b5-a775-920c907fc93a,,BDT,Tk 135 (was Tk 150),,,NEEDS_REVIEW
c79be1d7-c231-5e9d-963f-20ee1e4cc43f,4ea4151f-3328-5f80-b3ad-75a5ccc18884,,BDT,Tk 135 (was Tk 150),,,NEEDS_REVIEW
61604898-f88a-56e7-b0f8-1975d179a8e2,30e5d3f5-b482-511b-b8fe-11a0c6fef8a2,,BDT,Tk 41 (was Tk 45),,,NEEDS_REVIEW
7d7c21c0-9acc-54db-ba99-d93a22023ac2,6fe6b1ae-4eb0-5f48-8844-66d4639d53b2,,BDT,Tk 207 (was Tk 230),,,NEEDS_REVIEW
26e9c1e4-a4a7-592d-b7a1-0f4649d5059d,7ba1dcd2-dd7a-585e-bccf-7429225c864c,,BDT,Tk 261 (was Tk 290),,,NEEDS_REVIEW
79d1910b-5f4a-55b9-8d73-15ebb8b51267,f4788d5e-a43c-5047-934e-e749cb970f5b,,BDT,Tk 288 (was Tk 320),,,NEEDS_REVIEW
5e0dbc2b-952c-5dbe-a7a0-b13df1032d1e,775099b3-7b46-5b25-bbe3-c0ba66f4ebb6,,BDT,Tk 450 (was Tk 500),,,NEEDS_REVIEW
63124774-c7d7-5d45-ac96-6f5c1e422fd0,5c121eeb-a7c3-5f29-858f-0b54c30ab014,,BDT,Tk 270 (was Tk 300),,,NEEDS_REVIEW
118f403f-e60d-5ca4-abfb-2b8c89f9bc80,e2fbbfd9-be7a-58a4-bae6-569d2b995085,,BDT,Tk 315 (was Tk 350),,,NEEDS_REVIEW
12c0ad3e-89f7-5168-a04a-307517ba2f21,5a77b1a7-8288-5745-8707-5062b0c8eb59,,BDT,Tk 315 (was Tk 350),,,NEEDS_REVIEW
b9afff56-3c30-5b03-80d4-3026702ef0e0,d618cf3e-72ea-51af-9c20-2686193101fc,,BDT,from Tk 207 (was Tk 230),,,NEEDS_REVIEW
da762b4d-8a93-59ab-8859-d8b11849ce1e,3cc8aa6c-674d-5594-aa07-282876c89274,1350,BDT,৳1350,,,UNVERIFIED
e2454109-340b-588b-a855-efc71855c3ca,41a82992-8aab-5980-8d96-7852ff697785,1300,BDT,৳1300,,,UNVERIFIED
155fcf92-306e-5609-9cf4-bc54e52d6699,fb8c15d2-862e-5aaf-8f20-ebe0009e0064,1250,BDT,৳1250,,,UNVERIFIED
f568d374-346c-5835-831e-d131b5d87527,9d95e466-bf1a-5f26-826e-893d7e2a011f,1200,BDT,৳1200,,,UNVERIFIED
566de6d8-1e61-5363-8767-8e867646e521,c229f97f-7599-567b-99d3-b058b27dc7df,630,BDT,৳630,,,UNVERIFIED
b3a1ee6e-6a0d-58cf-ac75-dd5b82e01633,9aa74dcc-70c4-592b-bb74-e0ab44b9c122,630,BDT,৳630,,,UNVERIFIED
16135a5f-8659-5fa2-ad94-0b9ae27dea6f,e2328567-9f94-5882-a0d0-d95f243cbbf7,250,BDT,৳250,,,UNVERIFIED
72ec46d8-9cac-55db-a6e8-525cd2a8a032,1ff2b7c6-2e97-515e-9062-3ace194f1408,850,BDT,৳850,,,UNVERIFIED
05e21e1d-140b-5b7d-a9a4-d5cb76c25f7a,3452353f-933d-529c-83af-e089d626c415,4250,BDT,৳4250,,,UNVERIFIED
36111428-a738-5971-bb9c-4c459ecb1b61,3cef41c7-f3e9-5c3d-bf34-ecba66b97906,4250,BDT,৳4250,,,UNVERIFIED
abef65df-9ec5-5846-890a-2a63ec945efd,30555be2-6443-5c6c-9530-0fef1301194c,3000,BDT,৳3000,,,UNVERIFIED
737ed1f8-f942-55ae-8554-072e1c8a77e1,b738a00c-1172-5141-8018-15536039b5df,1400,BDT,৳1400,,,UNVERIFIED
75ecd579-5656-5c75-889f-5c42e4f651ff,6371483f-ea13-5780-92f5-b407d41488bd,1300,BDT,৳1300,,,UNVERIFIED
50c87d0d-1165-5f9c-addd-c0401286ab1c,cb3113d6-8375-5e85-a459-8e9994f55d75,1400,BDT,৳1400,,,UNVERIFIED
e8066114-ed19-56ee-a0d3-8f7a0f0219ef,8e96d175-f9a2-5f08-bc37-74628463fbfa,2200,BDT,৳2200,,,UNVERIFIED
02b2b92c-0eb2-50e9-a26d-7788c7251b51,d89d27bd-61d3-5143-af58-f0e6872dcfb9,2000,BDT,৳2000,,,UNVERIFIED
37e57e63-c813-51ee-89a9-bc37a2520312,3081ca78-d445-50af-90f8-248ddb4e4d27,950,BDT,৳950,,,UNVERIFIED
9dccc0c9-002f-55dd-be03-102a7035e732,02cfe93c-d46e-58d9-adcb-2b1107d96248,1000,BDT,৳1000,,,UNVERIFIED
77f91717-e3cf-567b-aeda-b3ed65c55c7a,6450e07d-6133-57bc-999b-996e16ad8097,800,BDT,৳800,,,UNVERIFIED
d593d81a-6978-5382-ad16-36fc297121ee,12e31158-1d43-5487-b523-2922c99610b9,1250,BDT,৳1250,,,UNVERIFIED
faf1e4a0-c7c9-59ee-9d11-59519b91d0e9,fa0ea622-4565-57db-8423-0a44821c8cc2,1450,BDT,৳1450,,,UNVERIFIED
0ef59f85-6419-57aa-b7db-3bc1060428b5,5a88e1af-e5fb-5c3d-a651-5246b00c4e40,1200,BDT,৳1200,,,UNVERIFIED
0c413a61-8d1e-5d85-b5f4-276ba3edbcab,0ee1d59b-1959-56c5-93ea-f36620f85680,800,BDT,৳800,,,UNVERIFIED
a7c2b7cb-5040-5440-8752-852d7fff5845,f87291e2-b03c-5037-9281-b116da696839,800,BDT,৳800,,,UNVERIFIED
fcb6d67e-4e2e-532c-8551-be4ec2b0f325,dec07469-9e82-5bdc-9e40-975b5ad96c0f,1400,BDT,৳1400,,,UNVERIFIED
8a7b9246-19be-5c41-b7d4-38ae0676ea4d,ad59d7de-63cc-5e49-af06-a1ece905823f,1400,BDT,৳1400,,,UNVERIFIED
a773801d-4c20-508c-b706-d31b071fb053,bc256743-d79f-5c1e-9a59-123730b8fa08,1250,BDT,৳1250,,,UNVERIFIED
fae9da1b-2618-5810-b448-f7e2cdd8127f,744bed45-b929-5c18-b096-96427ef3bed7,1300,BDT,৳1300,,,UNVERIFIED
0370bce4-e042-5d46-8358-a27808cb4736,ec8beafb-6cf7-5877-a236-ad93cb72f82b,1300,BDT,৳1300,,,UNVERIFIED
05d59f38-0387-5612-94c8-70c83827b8af,97176426-4478-5439-9595-c9ef420b4c36,1400,BDT,৳1400,,,UNVERIFIED
2b89a4b0-8405-58f6-be34-ef831f4c8623,480c97c6-f732-51fe-ad2b-490c50fd7ca3,1300,BDT,৳1300,,,UNVERIFIED
87b99f87-7037-5a00-9d8c-b60f4cb91097,8d6ee36a-7d63-5a0f-b5ab-e20544f9c757,1300,BDT,৳1300,,,UNVERIFIED
1c53db38-825e-5d34-8975-b65113315703,0baaaab4-bcfb-5e28-b6bf-83c6e369c2f5,1400,BDT,৳1400,,,UNVERIFIED
1a952031-7dda-5432-8427-ffa9cdcc6f7a,05178faf-befa-5774-a372-931a1d6b0dd8,1490,BDT,"Tk 1,490",,,UNVERIFIED
352243ec-6557-5446-951e-d5caa1d07747,bfcbe3a5-3495-59f1-b768-69a7f67aa848,990,BDT,Tk 990,,,UNVERIFIED
07743a35-b984-5dcf-951d-572d074dfcb9,1d1a0cec-fc49-5eda-823b-12a5d3301bd3,1590,BDT,"Tk 1,590",,,UNVERIFIED
3a68c735-7b0f-556f-99d6-ceb023f76278,a69964c4-5357-5842-9722-04f1b3510e12,1490,BDT,"Tk 1,490",,,UNVERIFIED
5214406a-a80a-55e5-9d0c-6f9ba5587bf2,3b94b340-7ccb-5fc9-83a8-67154665d368,990,BDT,Tk 990,,,UNVERIFIED
fc92b9b6-87f3-509f-850d-39d1dd852dbc,23e41bf3-a6db-5f34-8672-723168f8cdc7,990,BDT,Tk 990,,,UNVERIFIED
845d66d9-5ef7-5db3-b15e-733a383ddb4a,a0940639-49f0-54dc-8e49-f0e32dec42f4,1370,BDT,"Tk 1,370",,,UNVERIFIED
81566e45-dc9e-559b-8c39-1d461073be92,350d37eb-ed5f-5b58-aff2-9599406cea87,1770,BDT,"Tk 1,770",,,UNVERIFIED
7301dd6b-50c0-584b-a38a-2a838e098265,015ebc72-8d0e-539c-9377-8d231ac25035,1090,BDT,"Tk 1,090",,,UNVERIFIED
c4822985-1808-5b02-945e-9b7686834c12,65652c6a-9d22-5c9a-a3d7-cd71da889bc1,1670,BDT,"Tk 1,670",,,UNVERIFIED
8affcb8c-6d9c-5a09-8a33-5b8916e9435a,2e286a16-5e83-5918-927e-4db1f9d3ebdd,1490,BDT,"Tk 1,490",,,UNVERIFIED
009fc159-8dc8-5856-be8e-2f9f27f477ad,42ec6169-e191-57c4-be31-00fdaad4b6b8,1090,BDT,"Tk 1,090",,,UNVERIFIED
aad3126a-d5f2-5a3e-9743-15e95ec11808,0d9369b9-1485-51d9-a3ff-265a2d10c11a,490,BDT,Tk 490,,,UNVERIFIED
0570aad5-084c-58e6-93df-709aa21d31a2,725cb752-4a3b-544c-9044-ec28408c45d9,390,BDT,Tk 390,,,UNVERIFIED
0f3e8507-3014-5fb6-a544-798a0ecfe918,25af7857-6f3b-5a7c-8971-d6b7f777ecae,590,BDT,Tk 590,,,UNVERIFIED
343496bb-fe01-52b0-89a0-aa5e06cb79f3,7e67bb71-48ce-5586-8c4b-880dfab30b50,490,BDT,Tk 490,,,UNVERIFIED
002f7b57-f8f4-5f90-addb-f30014c2f989,98ae7dd1-96cc-5a9f-825f-d974704cfa1d,11990,BDT,"Tk 11,990",,,UNVERIFIED
e8bdc984-9d23-54ee-962c-20b6dc27ca54,54f94afb-6ed1-5538-a57c-7afdeefc65fd,4990,BDT,"Tk 4,990",,,UNVERIFIED
abf9df32-887c-52ac-bd0f-277f2653fdc1,d0c738c2-88b8-5c16-88ef-bef503024fe3,28990,BDT,"Tk 28,990",,,UNVERIFIED
d11c1d43-8235-5a97-a627-f65368b4f133,a708d6a3-cd17-5175-b34e-da2eb524a895,1390,BDT,"Tk 1,390",,,UNVERIFIED
e7e55564-9e19-5f8f-a534-6204815ea88b,beb801c6-8035-5e5b-8516-61d7214074cc,2590,BDT,"Tk 2,590",,,UNVERIFIED
ca9b6eca-ff7d-50cc-944c-cc2be1d5a424,2151c728-c4c1-5007-98d5-ef602221284e,160,BDT,৳160,,,UNVERIFIED
cb3d5045-d17b-52db-96c7-768b7d98bc42,f80eda2c-e5ad-5842-9051-f6d22ddcf92b,40,BDT,৳40,,,UNVERIFIED
a3b26935-e91f-57aa-8d62-a396ae2c3d63,bead009f-643f-5790-ac13-48f12ec2c9be,80,BDT,৳80,,,UNVERIFIED
4f1aabfa-321b-5ca3-9557-2b909db2b5db,e3baad21-18c1-59b4-9acc-d5fa4506602b,205,BDT,৳205,,,UNVERIFIED
d6c00454-6d31-5f9b-b307-f3f9a1820da5,47be6590-3078-514f-b9e8-8a8e0e8f1bcc,80,BDT,৳80,,,UNVERIFIED
bd50278f-7e18-5d92-8f56-a36013571e0e,601b80c5-24b2-58ca-8ec4-d98db7b0b01c,90,BDT,৳90,,,UNVERIFIED
78949c69-2eb9-58e7-aa5a-baf28649d874,915ee1ea-2fa6-5333-9584-52a4cfff4da7,90,BDT,৳90,,,UNVERIFIED
fae59870-09f4-5b76-891b-4bf34a8bdae1,aedf92f8-a78a-5038-b0ce-4f83eb889315,85,BDT,৳85,,,UNVERIFIED
035125ea-e4c9-5833-8a70-fd438f09b691,21da347a-76a1-535e-869f-2910fffc59ee,380,BDT,৳380,,,UNVERIFIED
1d029168-e2c1-5bb8-941b-23b1075e9c4c,7e5cc11c-fe30-5fdb-8d5e-48e787c2067f,70,BDT,৳70,,,UNVERIFIED
cb9b62fd-0433-5382-8652-e77eeb66d4c9,977a6332-65c1-5998-87c4-6828224d7e35,140,BDT,৳140,,,UNVERIFIED
e783ba8f-9812-5810-96a9-e29b77c86182,44e99404-1bcb-5212-abb3-1e2d5190ee16,280,BDT,৳280,,,UNVERIFIED
44debd84-04bf-5b57-ab87-655e3cca6529,68eaab4a-4ea3-5c48-b6a4-224b914f9534,90,BDT,৳90,,,UNVERIFIED
257896a3-c985-5059-b899-91590cb03968,cf5c5be9-52a8-51c8-81d7-acc9e484433a,205,BDT,৳205,,,UNVERIFIED
63bb9b8f-50bf-5bb2-ad18-8daee6a0ed68,1d1313c2-8ae3-5347-9d97-4da60857a296,25,BDT,৳25,,,UNVERIFIED
c451dc6a-b5a1-5ed8-a58a-8d4dc91cac43,04144d50-7eb2-5dee-8031-9b1212fcacb2,205,BDT,৳205,,,UNVERIFIED
76acb5f8-b3ea-545a-8815-14a01743c28e,7070c590-e992-552a-ab7e-2c901f03764b,45,BDT,৳45,,,UNVERIFIED
55695c7c-3564-5efb-86aa-28c57cf25001,3ba81191-dcee-5221-bf21-f0c363d36247,155,BDT,৳155,,,UNVERIFIED
399f2185-8007-5af8-b796-e3cd3b99a592,0d0ca6c9-e308-5538-ab78-6c27dd62744e,160,BDT,৳160,,,UNVERIFIED
8669ba53-9cfc-54e6-9c3c-6b5194b05af0,3e9fc543-8531-5992-b88a-1ca708c62f9b,235,BDT,৳235,,,UNVERIFIED
7f1e0e43-08f4-5953-b6e6-9c2bd567d5b7,4b1f8be2-0aac-533e-9b43-9b90a1a82312,195,BDT,৳195,,,UNVERIFIED
14e88b50-210e-5dd3-8586-907dfe296bac,486c165a-994d-560c-82d1-10356ef817ee,160,BDT,৳160,,,UNVERIFIED
cf68aa80-e9de-51e8-9e24-03b52847a688,81741b64-a0e7-5a80-972a-ea38f20e310a,205,BDT,৳205,,,UNVERIFIED
d84b3087-dc63-50be-acae-ea894c1ecb42,6400d7f0-7c02-595b-9a91-1d7c98e5798f,205,BDT,৳205,,,UNVERIFIED
aa141081-dd95-569d-9a9f-e99f60a055e5,8e3f203b-2066-524d-ba6d-13a6fd2f248e,250,BDT,৳250,,,UNVERIFIED
55f1a898-e20c-5208-937c-5ffcbf645073,1572dd18-07c6-56f3-ad2d-3d4e907b1256,205,BDT,৳205,,,UNVERIFIED
b250459c-1c2d-51fb-bdd9-a8b173ea6e2d,b3bdb06f-d11e-55b2-8d82-5192e1cb6a3b,205,BDT,৳205,,,UNVERIFIED
9ab1390f-7077-5b52-a890-198fa190c250,634c85cb-6a76-5679-b3c5-b0484d410052,280,BDT,৳280,,,UNVERIFIED
6f72f22d-5817-58f0-8860-115d97d00343,2872777b-7d78-57ba-be5d-270f91b49952,90,BDT,৳90,,,UNVERIFIED
94c91f26-4234-5a59-aaf4-740f7e5c61b6,3c85ae3f-483d-5a60-8561-cf8915926e1e,45,BDT,৳45,,,UNVERIFIED
e430d2b7-17fc-58bc-b6a4-789176194a98,add390ce-1ceb-5bc2-bfa0-43eff1231e81,400,BDT,৳400,,,UNVERIFIED
2a9f4c5a-ec33-519d-af0b-863f53cc6834,2502c6ac-e623-5afb-95bf-0b1618e51a31,430,BDT,৳430,,,UNVERIFIED
f6243ae8-ed28-5529-bbda-cc7cdb043c4b,95bf263b-16e2-5dc5-8332-9fd713c7e633,260,BDT,৳260,,,UNVERIFIED
b90de2f0-6e90-507f-bf46-4f53531fabb1,679ea616-db09-56bc-8d1f-994e12c9ab2d,680,BDT,৳680,,,UNVERIFIED
35caef62-7968-52cd-ace2-c6a9ad0aece6,7636d633-ab81-590b-a081-e20c5644f10c,730,BDT,৳730,,,UNVERIFIED
01606095-a948-503e-b0c3-ade7bb730693,a9cf76ea-33fb-5f43-84ca-0160fa5f443a,780,BDT,৳780,,,UNVERIFIED
991cabef-7567-5208-9014-cad55a10ab2d,62e2da78-e994-5f4a-8c5f-6bf4ce5d9c97,695,BDT,৳695,,,UNVERIFIED
2f576e8a-db1c-5e71-82a8-3a8a8e047b34,f44ee3bb-fa86-59e1-802e-5d45e4061a5d,250,BDT,৳250,,,UNVERIFIED
5c5a1b3b-ed02-53d5-8ce8-10221203b3d5,75c5cd7e-33fc-5f10-951c-85f8e5946941,730,BDT,৳730,,,UNVERIFIED
062d1db0-adf8-5c90-9bb8-27da1af9026e,29281361-cba3-50d3-8e43-7d2d3c1c636e,730,BDT,৳730,,,UNVERIFIED
220cd103-5012-5236-b1fe-8880b35af28b,5df883ce-5661-505e-9f5a-0d502998ad19,630,BDT,৳630,,,UNVERIFIED
6e32eaa3-f869-5323-ba49-bbdc4f5fbf41,416bdbea-44dc-5df0-97ac-91272c669543,580,BDT,৳580,,,UNVERIFIED
13d6dbbe-6004-51aa-9aee-0bc1094ba9ca,0f2c400a-aef7-5d59-99f8-2d2032f42364,795,BDT,৳795,,,UNVERIFIED
ba3178f2-cc8d-5679-a2e6-028a74085766,93fb53db-c600-5c1b-b4f9-ac6f862fd3c6,730,BDT,৳730,,,UNVERIFIED
c03f4aaf-bd24-5c4f-80c0-8d8721d0eca7,eb14292a-64c8-5921-a7b2-2578ed8f71be,730,BDT,৳730,,,UNVERIFIED
e6dd8a6a-ec02-5f03-baa3-e1421db80e73,0381b8dd-54fe-5d8f-857e-c2b9500bd581,1945,BDT,৳1945,,,UNVERIFIED
8b5f63c0-c878-5683-846c-1062f1d7bce0,09239995-72a3-5c83-95eb-1fba59793bdc,1945,BDT,৳1945,,,UNVERIFIED
164fc1d6-84a0-5039-a66f-163fd792848c,cba06e86-df1b-5c04-9f27-75b016957624,780,BDT,৳780,,,UNVERIFIED
85085c8c-eab8-512b-a195-83a7a3759f7e,02931440-1c0a-5410-8fc1-80b6e1cfbf8a,625,BDT,৳625,,,UNVERIFIED
71a8c987-d0fc-52fc-aa3c-295c01922f80,f4fa45f2-8dc1-5635-860c-e6f83f040f23,1095,BDT,৳1095,,,UNVERIFIED
dc5373b9-eb85-5b33-b964-8f1782705539,2b598a22-a48c-5a08-af4a-ed629b6533ab,780,BDT,৳780,,,UNVERIFIED
dc39a9ab-e934-5b45-ba40-5e4a52cd9320,cd912589-a912-5686-867f-8b925020e94b,680,BDT,৳680,,,UNVERIFIED
b855b48d-8fae-52de-afe2-5c845ed7e792,23d1c138-1a2d-5404-9ec9-d21eaf0e4b9e,595,BDT,৳595,,,UNVERIFIED
42028f9d-e836-5d12-aa5d-2836d28345ca,d73176ea-a1c0-5daa-b4c8-25acaa8c8097,580,BDT,৳580,,,UNVERIFIED
838d2422-c009-5ee5-acf1-1f4a7576eb9c,0d165ebd-ceb9-59ca-a61e-5b1e1fcfa66a,725,BDT,৳725,,,UNVERIFIED
f7778891-9c60-5d38-b830-7b8005a0c0bd,c7d3236b-168a-5fab-8b47-22f6b7e50198,730,BDT,৳730,,,UNVERIFIED
489069ee-14dd-53ae-b401-3cbc2bbc9214,75c73916-93d8-5b87-b1bb-485b8e569882,1095,BDT,৳1095,,,UNVERIFIED
252eeeea-858f-5118-bdd0-14b0601bb3ae,676a0e54-97c2-58a3-846e-26cfd1908041,845,BDT,৳845,,,UNVERIFIED
64d826d1-5aca-57ed-9f92-96d4ce97d44b,9f90476f-2c3a-5430-8be5-993561897b32,795,BDT,৳795,,,UNVERIFIED
d16bbae0-efb7-5381-a4fa-1fba9144d6ed,251ea76e-329f-5021-bdeb-5a472b333f04,1945,BDT,৳1945,,,UNVERIFIED
be892e41-ea35-5855-b48e-1db80df897ac,ff20eb65-2a79-5f78-9a53-74cda851b7c9,1945,BDT,৳1945,,,UNVERIFIED
edaebc73-718b-5bb5-820e-ecb2055ac8dc,9c53c0e0-748d-580b-a5f5-17a36e19bd0e,680,BDT,৳680,,,UNVERIFIED
e90d2a4b-2c71-57d8-8724-86e037255987,387efad9-d364-57b9-be5a-95939d79846b,1545,BDT,৳1545,,,UNVERIFIED
99491787-cca8-5ab9-88bc-81f5c788dee4,4d8cc938-9772-546d-9b52-ae766c4c0a7c,1755,BDT,"Tk 1,755",,,UNVERIFIED
ac63a476-fdea-5fbd-8d2a-035d0ff09b2e,ccac04d9-ce84-5811-a5d1-f74398ae2b19,1958,BDT,"Tk 1,958",,,UNVERIFIED
4de9bc33-0ad9-5168-bff9-bf82fd6946a6,9771a9e3-b47f-5d83-8054-705327be6e8d,1148,BDT,"Tk 1,148",,,UNVERIFIED
81379b47-b6c4-572f-9c65-07dc55fd3bb6,107f2310-24d9-556c-b786-b94771bb8846,1418,BDT,"Tk 1,418",,,UNVERIFIED
b47bf0ec-03f7-573d-93de-b73eed714cac,29527698-2cf5-5d9d-b07a-e10bb28c7356,945,BDT,Tk 945,,,UNVERIFIED
6c00c0b5-b084-53b6-9e93-8f04e9834d88,4d284f44-8d15-574c-bb3d-26a36204a9b2,698,BDT,Tk 698,,,UNVERIFIED
d3f9cf1b-7396-52f8-bebb-49c98a794e03,61a9f8ae-2886-5f09-85ee-9879ff8dba52,356,BDT,Tk 356,,,UNVERIFIED
3cf33a93-84ea-53d7-aa70-a7145478e4c4,5eeefc16-43a1-5873-b3e6-f0500bbe7f5a,338,BDT,Tk 338,,,UNVERIFIED
179f47e1-6b4b-5cd4-9420-c2b38464f210,6e8875dc-644b-5845-99c8-ee1ab63b596a,405,BDT,Tk 405,,,UNVERIFIED
b0823180-4765-568f-8308-ec066cb4d6d6,9c519411-780d-5d03-a241-4fff498b587a,446,BDT,Tk 446,,,UNVERIFIED
95965830-1fbb-50e1-ad96-ffc515c6e137,5d3972ec-f2fc-5d71-a7a7-6853332d0fa3,338,BDT,Tk 338,,,UNVERIFIED
d38ace7a-6866-55f3-8db6-0d23900560a1,69be350c-f164-5b88-909f-47c50ccf1a42,405,BDT,Tk 405,,,UNVERIFIED
ff9e2d44-1ee0-5ce3-ac8d-462f3d7e5594,94160822-6fc3-5d3b-8cd7-a56572ad5ae0,716,BDT,Tk 716,,,UNVERIFIED
a73384b9-4df0-5efe-9df4-72a7d416c20c,e580ac3e-159e-58e6-9d4e-74330f9ab535,765,BDT,Tk 765,,,UNVERIFIED
9d6a4a42-c8a1-59ba-b39a-66251853a52d,b1c9b888-03ab-5a4d-8606-d2a0561175cf,855,BDT,Tk 855,,,UNVERIFIED
151623b3-8d8a-5ef2-907c-ec44946f33de,50b0aa17-a20a-54fd-9ec4-11cfbcd97411,585,BDT,Tk 585,,,UNVERIFIED
b05e1982-d6bd-57a3-a144-8cf17c7d3091,29cc1479-1362-57d6-8e16-e8ec0050f940,896,BDT,Tk 896,,,UNVERIFIED
940e035c-d9f5-5b42-825e-65d0f5d83e06,8ee4dc56-f784-536a-bb27-90efbdfd1c72,896,BDT,Tk 896,,,UNVERIFIED
71436ef0-ca6a-5dde-86e2-0635222d3867,d843b140-508b-5c9b-a76d-32529fe9e6de,585,BDT,Tk 585,,,UNVERIFIED
652144d8-9121-5f0c-845a-5949b7c145ab,f4419c18-099d-5976-802b-8498abf6cbac,626,BDT,Tk 626,,,UNVERIFIED
154bf2ed-0f24-5f22-ab7c-c02cc2ca6dd5,f5d0ce06-81ec-5213-af37-746b2dc0edde,698,BDT,Tk 698,,,UNVERIFIED
92e66e77-0f35-5410-b312-d6feb82218c8,ed928c25-1fb6-5a3d-9f15-f81f2a01be08,855,BDT,Tk 855,,,UNVERIFIED
c74a68a4-917f-5a0f-a23e-0062ff0b4560,3eeb7e54-4b28-5f5c-a144-952ece662142,878,BDT,Tk 878,,,UNVERIFIED
d6a5cbad-5eca-559b-ac64-5f76aa3805bb,8983a4e8-2a67-5359-b199-88e4035433ec,945,BDT,Tk 945,,,UNVERIFIED
b14e85aa-fb67-5d96-976b-1732a3a563a4,fcbe2e37-0f85-5318-ae51-b71d6bd9a52f,878,BDT,Tk 878,,,UNVERIFIED
b221d879-c877-5fb3-a275-32fc307ab0a4,ed46c08b-3173-5808-b816-1c924efbd304,1238,BDT,"Tk 1,238",,,UNVERIFIED
12a8800c-821e-596d-88d1-123d35492c54,3e034af2-e9c5-50b1-977b-537a4c4d677c,945,BDT,Tk 945,,,UNVERIFIED
2b7cb408-550b-5a3e-b4ff-f422f46f6cff,32f60c11-e132-5390-a61e-d7e0483e4722,1418,BDT,"Tk 1,418",,,UNVERIFIED
a6fbe52e-3212-5a63-aab5-7c6ed053933c,b7207f9b-f9ad-5b4e-be93-d5ae0a9ee814,788,BDT,Tk 788,,,UNVERIFIED
28553e71-d07b-573d-b996-b7bc163afe29,b054b266-390a-5bc8-b46a-24fad1679cdc,1148,BDT,"Tk 1,148",,,UNVERIFIED
68a25c31-a98f-5deb-b27b-6e51bb60cdda,bd611d27-b4ab-5b4a-a1ef-72cdc57100b9,1238,BDT,"Tk 1,238",,,UNVERIFIED
af29d2f5-e3d9-5121-b7e4-1c4b6f6bd486,9dcd900b-dd9b-5a38-9a3b-8120152d4397,1058,BDT,"Tk 1,058",,,UNVERIFIED
013b0c44-c35f-5920-8176-f4f4fcb7ebcb,a70ac52b-e9e3-51d8-a55a-2dbc6754d64a,1166,BDT,"Tk 1,166",,,UNVERIFIED
3f4806a8-b4a9-5383-8dd6-b3ab8e45e03a,62421d12-83bb-50d1-b1d8-adf266cfd04a,1076,BDT,"Tk 1,076",,,UNVERIFIED
0e770c66-4545-55e9-93c6-14518f354168,3bdc655c-edc1-5750-8cab-828308be87b3,1958,BDT,"Tk 1,958",,,UNVERIFIED
8de678ce-4175-5cd0-a616-46870b8cad66,566bc0d1-2f04-5aa8-ae7c-5a58dc8becf7,1755,BDT,"Tk 1,755",,,UNVERIFIED
2be2a9f6-b037-5224-8f2d-a97517f2ffa4,e4ac776e-3f3f-5747-8bc3-cfbb0e50152f,2498,BDT,"Tk 2,498",,,UNVERIFIED
1c23cd69-a979-5e8c-a57a-c7477023322f,d4129881-c7bf-543a-8e91-9e45b211ca55,1755,BDT,"Tk 1,755",,,UNVERIFIED
e01f23e1-445c-5ab5-8bd3-5e80fb86896a,6f26d7a0-8993-546b-aab7-91bc1b44395c,2336,BDT,"Tk 2,336",,,UNVERIFIED
66fdecd8-bd95-58dd-8264-8ab8cc0b2fc5,a96c92e0-79f9-5225-b4ea-d7f1af8d96f4,2156,BDT,"Tk 2,156",,,UNVERIFIED
2d42b991-358f-5f07-8b2f-6427ea8f66fe,accdf094-ab88-5a71-a607-2ad1c7cbe93b,1346,BDT,"Tk 1,346",,,UNVERIFIED
93c7d516-0321-5c60-b479-a5050be60ec0,a7675e85-003d-5012-b0f1-2687b5b562a4,1256,BDT,"Tk 1,256",,,UNVERIFIED
ef569edc-3c49-57fa-8c51-a8125f844456,e67acc79-5960-53d7-bc0f-9023f473e0c6,1575,BDT,"Tk 1,575",,,UNVERIFIED
7fd2520f-7dac-5299-be31-ea106bf698d7,0da7bd25-732a-5583-ad18-997bb4992804,1665,BDT,"Tk 1,665",,,UNVERIFIED
4a1f98ba-02f5-53a5-8ac4-5c60c9eaa900,90b32255-957f-59af-8e55-816bd6834437,330,BDT,from Tk 330,,,UNVERIFIED
777987ae-1c82-5f66-916d-d8bca8b78a27,e182e295-6113-5559-8215-ec0bf9fcad5e,270,BDT,Tk 270,,,UNVERIFIED
5de5bf07-371a-5dab-af22-9d73dfad8d9e,bceb5903-d65e-5c6c-ae54-699fa2327b5f,530,BDT,from Tk 530,,,UNVERIFIED
f4ee0be6-3cb2-578a-a81d-0281219373fe,8f070fa4-2ae1-582e-9e27-59c336203e56,980,BDT,from Tk 980,,,UNVERIFIED
d56ed6f2-b60f-5729-a110-9c2ffe3c95b6,42217826-96d0-5995-b361-747e36b85805,320,BDT,from Tk 320,,,UNVERIFIED
e38b1402-a6b1-5e9b-b897-e2e0e8456912,bf96fc3c-aa71-56a3-8e03-60103559cd82,290,BDT,Tk 290,,,UNVERIFIED
68d68808-6414-5f19-8263-42a8358f875e,181439c7-1eff-5ed5-a320-4cd77f653097,100,BDT,Tk 100,,,UNVERIFIED
f24af152-b0e8-5a56-a2e0-82eac5e6ab8f,63a6677e-0f81-5f0a-be8e-fcf57b9a5905,150,BDT,Tk 150,,,UNVERIFIED
adb1e655-3cf8-5e93-a726-c24f57479b48,850ff855-039c-51da-809c-aa215c4c9438,200,BDT,Tk 200,,,UNVERIFIED
038eb5b6-774a-5c66-8e1a-b61eb79a159d,5f0db335-d8e6-5cf1-86f5-e3ff8c8c435d,200,BDT,Tk 200,,,UNVERIFIED
1d9a2634-c4fa-5924-a69a-8c3b5c58949c,190d8cb3-2e8b-51f5-abae-077cabe58a91,230,BDT,Tk 230,,,UNVERIFIED
71689142-d757-5142-86b7-7f94ba1af494,bec0e0e3-6889-5cd7-bf29-71b09315897c,270,BDT,from Tk 270,,,UNVERIFIED
f0145c6b-5f69-568a-93e2-c4a98e84c27a,b3be1915-0d5c-525a-a67a-e395ffb4cb2f,290,BDT,Tk 290,,,UNVERIFIED
b9ede2ff-fc98-5953-b653-3ed6063d68d9,782fb694-8aa5-5367-a8bc-107d8979d7e4,1630,BDT,"from Tk 1,630",,,UNVERIFIED
ba132153-885e-580c-992a-5340fd0ee217,56a201af-a3cb-517c-b608-ff3edbca7602,530,BDT,from Tk 530,,,UNVERIFIED
b2464a06-ba5e-516d-ba75-88e5f37ab3ed,18578488-c0ab-56cf-aa0a-eda7b126bd5a,330,BDT,from Tk 330,,,UNVERIFIED
11919586-6663-5879-b461-bcec18979000,b70becba-f86f-5816-aa69-ddd30649f0af,790,BDT,Tk 790,,,UNVERIFIED
d27bd7fd-939c-5e97-b0c0-80ab081dcc87,846cb7b2-b4da-59bb-b889-bf20f375c7c0,1320,BDT,"Tk 1,320",,,UNVERIFIED
ded1d184-4070-5fa3-b279-e5d0858c8efb,8496c452-77a0-5155-8e9b-9c5a789bd5fe,30,BDT,Tk 30,,,UNVERIFIED
03527c92-88c8-58b2-8459-ad2abb298c18,ea05beb3-8349-53ea-8b4d-8dfd142162cc,65,BDT,Tk 65,,,UNVERIFIED
a906c8dd-3699-585b-8432-d7b6aea518cd,f361c427-9d40-54f0-b7eb-2ff25659d9bb,70,BDT,Tk 70,,,UNVERIFIED
c43b24cc-02b9-508f-8e08-57be204f9dfd,1cb4823c-1c9f-57e7-9a42-4ecc9923aec8,70,BDT,Tk 70,,,UNVERIFIED
18b5c79a-3846-5b75-b1ab-dc136f72fbf2,da9857f8-37de-5ad1-bd64-6631a49f1cad,90,BDT,Tk 90,,,UNVERIFIED
e1d92850-3300-5846-a160-3e353a0ec929,a3621193-4823-5428-92f2-a2dda13b7e61,80,BDT,Tk 80,,,UNVERIFIED
dbf149fc-c2a7-5a03-9853-65556ddab6b7,04f724fb-cafc-5a86-9463-30aab4f7e611,571,BDT,৳571.00,,,UNVERIFIED
6babd964-e8c2-5bfa-bdb2-65a160ec641c,75a6c4b6-38e1-5a70-ae5f-27a09f351dcb,524,BDT,৳524.00,,,UNVERIFIED
4c56f7d9-8a25-5347-992a-4a26a1baa031,5c3cc3a1-e72b-5255-83bf-eab1c797786c,619,BDT,৳619.00,,,UNVERIFIED
673f6039-0298-5884-bbcc-729a675fdf46,a43d4be1-5630-50ba-8d4c-9993a9e8b02b,810,BDT,৳810.00,,,UNVERIFIED
1cf8d8c9-f4f5-5860-96b6-e0b061f780ec,0c302305-4915-5e08-abdf-ae434dee528f,1048,BDT,৳1048.00,,,UNVERIFIED
67a6d959-6496-5992-865c-896981bc2b71,054023be-c6b5-5da9-b587-ebb9c55b02ea,581,BDT,৳581.00,,,UNVERIFIED
1f93b4e8-0767-57e7-89f6-64b46625408c,70bb5d78-532f-5c69-b364-d59ff502879f,619,BDT,৳619.00,,,UNVERIFIED
03ddf870-6316-536b-b266-9164f0acf352,dd8c516f-4847-52a7-86da-c1ade8a76186,619,BDT,৳619.00,,,UNVERIFIED
c5b957b2-4a16-5f36-b44b-5020893a18e6,353837a7-0d53-5beb-9c00-3758fcba5eaf,714,BDT,৳714.00,,,UNVERIFIED
06aed110-27e9-5dff-bc3a-cf308d1b1a90,463d9697-8b1f-57ca-857b-eb3a12c731e5,548,BDT,৳548.00,,,UNVERIFIED
d7aecef7-d946-5cfa-af22-a7dd5f63f41c,59ada6ef-d5b2-5fe0-8421-959dee989d37,657,BDT,৳657.00,,,UNVERIFIED
d80c9569-2f1e-59a2-8f3e-a0163eea74af,2217d552-d882-54a4-893c-c93c9d6bb8e2,667,BDT,৳667.00,,,UNVERIFIED
62fcd241-386c-51ab-86c5-52a48a4980bc,e7538524-3d71-54f9-a84a-039e9a8f6469,738,BDT,৳738.00,,,UNVERIFIED
0c20570d-92a6-50f3-a9a4-47e4497db232,00ca25b7-766a-53d0-9f89-f74b0647593c,714,BDT,৳714.00,,,UNVERIFIED
f0c695a8-4660-5f01-8e40-4841a8f1be70,a12177ca-8944-5ad0-9474-266beb805b39,562,BDT,৳562.00,,,UNVERIFIED
dd58ff1b-1931-51b2-93f3-93f21c3bc721,40efdc2f-276a-5ceb-9dc1-5e739f04be8e,762,BDT,৳762.00,,,UNVERIFIED
8267c736-6e97-5bd9-89b2-bd778f79af36,afd84adc-0ce4-5327-a412-4311fa9f4145,548,BDT,৳548.00,,,UNVERIFIED
43f68f04-69d6-54ef-b978-35d6a74fc4b7,8696fe5a-c974-5b62-bff6-ef18ae5aead5,657,BDT,৳657.00,,,UNVERIFIED
3875a4b9-8227-5387-82a2-b375f3b2b3e9,ae3df638-8054-5b9c-8e8a-f75da9c911fa,734,BDT,৳734.00,,,UNVERIFIED
56ae7cac-4cbd-5ddd-bc59-8513a86d82e9,927c5e50-98ea-550f-a405-cbcb8076e2a1,605,BDT,৳605.00,,,UNVERIFIED
4c40cdfe-55ad-5553-a7f8-7431f0260e44,c366d85d-486e-5ea2-ad4d-696dca6510fb,734,BDT,৳734.00,,,UNVERIFIED
9ea65844-fa08-5a09-a335-ae6cc7d6573b,09c355d7-aeff-5f2e-a1b6-10b7dde102a7,605,BDT,৳605.00,,,UNVERIFIED
ca9c3f56-79f2-5477-acf9-81a12e356ae4,5da430b7-ce7d-591a-a733-d72fdd757cbf,714,BDT,৳714.00,,,UNVERIFIED
8c85fc18-88c1-5a43-83db-c56980d7bf0d,a47151f2-bd45-5a6d-a7fa-f9182eac9fac,619,BDT,৳619.00,,,UNVERIFIED
42f4eeb9-e6db-5da4-ac65-8789c076a58a,8d289c7d-72b4-5391-846c-d08052167ddd,181,BDT,৳181.00,,,UNVERIFIED
4ee4717d-3957-5a34-9166-28a96532e93c,b73f9c1a-8690-5f90-8341-5a561815055a,243,BDT,৳243.00,,,UNVERIFIED
66449f5a-5b18-5349-af45-6af1b97bf136,dd728d72-386f-561f-a428-b8bc5b36007a,433,BDT,৳433.00,,,UNVERIFIED
1d20bb27-f9a4-56cc-ba9c-5d3237d7e4d3,fc3ea393-c69e-5281-b68e-e23b626ce5ba,348,BDT,৳348.00,,,UNVERIFIED
0f6239f3-bb8b-525d-885d-748443436e0c,417113a4-47f1-513a-9be2-bf8ce72e90b6,243,BDT,৳243.00,,,UNVERIFIED
52cdba1d-8005-5900-b21b-a2dc275c3272,d4171b6d-e775-5101-bc8e-c29a96edef4f,348,BDT,৳348.00,,,UNVERIFIED
83a87059-a2ad-5004-9a26-338082143987,efd66966-935b-5a85-93e9-cc1a56477bad,348,BDT,৳348.00,,,UNVERIFIED
6d38ee68-031f-5164-ba5a-bedf60ed2c28,e635337a-342e-5bb0-bfcb-f8d7d42e700c,348,BDT,৳348.00,,,UNVERIFIED
2fc6ac13-6504-5471-b715-42ce31c95e32,bcde7639-09f8-5fe2-9a85-cde3883f044b,348,BDT,৳348.00,,,UNVERIFIED
6d021cb0-a231-5878-b0cd-314d192e0701,31f8ce47-84fa-5bea-9eb2-861fd857bde5,545,BDT,Tk 545,,,UNVERIFIED
c377ab29-0cdb-55f2-9563-075821d76968,c31ff4c7-c4b5-5179-a6f3-5bdd4077a4e6,580,BDT,Tk 580,,,UNVERIFIED
7816af05-5a8e-5c0b-b94d-3be3f3a756cb,9c7ad3b5-4db7-509d-a0cc-0b3e43a7f2e8,559,BDT,Tk 559,,,UNVERIFIED
28bf79df-e302-5c37-a298-1bd575d101a4,35e7dd15-13f3-5486-8c22-f33bb048ed9d,599,BDT,Tk 599,,,UNVERIFIED
657f0151-d4ac-52fd-811a-6a27c28049b2,e0155b55-c15f-5be2-9e24-41598ac5b8f8,559,BDT,Tk 559,,,UNVERIFIED
20bfbce6-819f-5db8-8f9e-81f7ef7f2ecd,9b40089b-fef9-5921-a612-9010d2e5a52e,599,BDT,Tk 599,,,UNVERIFIED
0b8bd716-a2f4-5117-8e74-c294332803f5,011283d0-98b8-598a-afb9-af8d687389bf,625,BDT,Tk 625,,,UNVERIFIED
abb9902d-9183-5176-bf8e-75a83d0583e0,72570037-090a-56eb-b877-3f0d7831307e,580,BDT,Tk 580,,,UNVERIFIED
81d1e0e4-16ef-55df-b4ed-a870d7edb95b,a07a90dd-be61-5a13-9ffc-517720dca46e,580,BDT,Tk 580,,,UNVERIFIED
1b4ac020-ed0c-5270-9fd0-6cd96d7f1676,fcddc693-d010-5c4a-a1b3-eea2e315914a,559,BDT,Tk 559,,,UNVERIFIED
99c33760-dd81-5490-b8e5-a84cb3e06484,b64e49a3-6e3c-5c4d-b99c-0cbf63c3291e,545,BDT,Tk 545,,,UNVERIFIED
d0b38368-065e-58aa-909a-36cc5ac3a57e,d67f8b11-99c4-50a8-b6aa-0933d6efbd1b,625,BDT,Tk 625,,,UNVERIFIED
79877c23-dc12-5849-8f8f-2b089100579c,96af1b5e-b021-5d07-9cff-122eca3777fc,649,BDT,Tk 649,,,UNVERIFIED
aa20ff10-6926-5b3f-be44-81ba47b61437,1d0874e1-087f-5e1b-9307-11a3efe56c55,549,BDT,Tk 549,,,UNVERIFIED
ffd85b68-bcde-536c-b963-db8b64f94962,e25c38a5-bbb1-5718-a903-2a01a726923a,599,BDT,Tk 599,,,UNVERIFIED
d3d195d0-f118-5326-b64f-503683d3f199,1a48e952-ebb5-520e-b01a-d96a18372780,499,BDT,Tk 499,,,UNVERIFIED
1b930605-6415-583d-a0ca-660022315e4b,46adddcc-7233-5a5c-a698-0407dd454e82,699,BDT,Tk 699,,,UNVERIFIED
dcf12bfb-e90b-5699-99cf-77669c339ff2,c24eac42-f489-5c22-844b-9b73f032ff59,659,BDT,Tk 659,,,UNVERIFIED
013b9ebd-5c5a-51cd-b36e-025c9bd7355e,43c3f602-5670-5c7f-93c8-2d944d166112,799,BDT,Tk 799,,,UNVERIFIED
fdffebe3-aff5-5ecd-8708-2b78a318a8d6,e8577fd6-0864-56cd-8ea8-52d24f4d9566,649,BDT,Tk 649,,,UNVERIFIED
30934411-d3f4-5ad1-8b51-de690f289edf,8a235783-8b72-595a-94b9-f91a714cec29,699,BDT,Tk 699,,,UNVERIFIED
209e8001-a5fc-520f-bf15-1a11f1e89686,1dd4e213-0657-5702-9bdc-d379199e0843,749,BDT,Tk 749,,,UNVERIFIED
920a9155-0294-50f5-b654-81ad3c076318,58d1146d-b3bc-543a-a234-eeb5ac6176bb,669,BDT,Tk 669,,,UNVERIFIED
46aa34fa-57eb-52f7-9eb4-3447a9a390f9,55e7caf1-09c9-5fee-8997-f7ae8775c155,689,BDT,Tk 689,,,UNVERIFIED
2cc4090a-f980-53de-b880-846440255bdf,227af384-947f-5482-9257-3e4d71892487,669,BDT,Tk 669,,,UNVERIFIED
dd9a5368-5b29-522c-870b-cb4df6bce965,d7615715-a697-5ba7-8dc4-652975d8a9a0,669,BDT,Tk 669,,,UNVERIFIED
37b145a7-b2b2-5e04-806c-eec2e5aaa151,2b965564-887d-515d-884f-8a1054a5d27b,779,BDT,Tk 779,,,UNVERIFIED
3cbb653f-40db-5217-93e9-9d6f93764243,d7c052c0-3e08-5f25-b9fe-794f480a228d,480,BDT,from Tk 480,,,UNVERIFIED
21723e34-c9e7-58ab-8d98-f10156b5f733,6133c953-e6b8-53eb-82af-617ff4ee6909,659,BDT,Tk 659,,,UNVERIFIED
bc811de7-a5e1-5d57-a921-de24511550b9,e5c6e4b8-d166-5b5f-9834-53ae70e65c19,549,BDT,Tk 549,,,UNVERIFIED
abf6bde0-0220-5a3a-a0c3-96047d992cb2,10a2e416-96e2-50cd-b1d1-47b5fbff5ec5,649,BDT,Tk 649,,,UNVERIFIED
cee4df78-b0b0-599a-813f-f83f86c43a4d,f94c1c85-effa-5d39-82f0-7cee9cfa0af5,659,BDT,Tk 659,,,UNVERIFIED
75836735-a408-5331-a275-0e99ff7c8df7,23b32b19-b631-5c97-8e85-557955cc957c,789,BDT,Tk 789,,,UNVERIFIED
d130f703-aade-5d7a-9c4e-f7a58a5bb678,2859796c-31b1-5447-9c43-9df012582fd2,789,BDT,Tk 789,,,UNVERIFIED
97e02e39-39df-5588-b7ee-e925956afdc8,d9555fed-259e-5972-9fa2-d161f5af03e5,839,BDT,Tk 839,,,UNVERIFIED
619b51d5-8ed9-58ba-b00c-0202226b3903,842eda68-022d-5424-9475-dab4b110cb06,659,BDT,Tk 659,,,UNVERIFIED
468579d4-8621-5506-8cb4-a2064adab787,88a61f55-ef40-5879-bb2b-fda788495e0e,659,BDT,Tk 659,,,UNVERIFIED
21e0c078-1d3d-5ae0-b9f2-e1cc5a1e3554,aafc0f79-7174-5fbf-83eb-90ec3b3fbf78,799,BDT,Tk 799,,,UNVERIFIED
4dbd903d-9f53-5e14-b482-af75b0be73f1,c7d59ce1-30f4-5502-8cf6-1be87aece3a6,669,BDT,Tk 669,,,UNVERIFIED
92944525-a356-531d-a127-ee030672d929,c12207b6-71a1-5694-941e-1770121a1c49,659,BDT,Tk 659,,,UNVERIFIED
e501060e-8797-5086-933b-e4bb7408c7bf,3540ee68-7444-5f43-85ed-4e97a9acd6bc,659,BDT,Tk 659,,,UNVERIFIED
de3676d4-4780-53d2-9e44-03e788ef0039,0c2f915c-ac24-5a1d-a4fb-2466bbb308c5,699,BDT,Tk 699,,,UNVERIFIED
3e1580ac-23f0-5b66-9afa-0d6662211150,28991960-3226-5b75-b474-c8ba6659a30e,799,BDT,Tk 799,,,UNVERIFIED
08a7bfeb-1d4a-5101-9588-2a661809e388,a3b89861-30a0-5740-aa30-9c774a9490cf,659,BDT,Tk 659,,,UNVERIFIED
6094a152-6b98-5c36-97ee-3c5c09800412,845f71a6-8840-55b8-83f5-42c6a2608995,839,BDT,Tk 839,,,UNVERIFIED
50a94bb4-02bb-5e1a-8f74-1f173089f456,0c255365-b87d-55d0-9e0c-b1c5f16f2a30,839,BDT,Tk 839,,,UNVERIFIED
9db8d157-872c-5707-9b41-b6016aa0d736,bf443ab0-bbf1-526a-9976-e0240300a81c,839,BDT,Tk 839,,,UNVERIFIED
ada741dd-6d12-514f-afbb-c327d903dd60,69034b81-bf17-5ee1-a71e-b40104d5a8a0,839,BDT,Tk 839,,,UNVERIFIED
14489360-6a0e-51ae-b5a4-d3616f576226,c0429e56-1711-5517-97e6-63889ed88b90,859,BDT,Tk 859,,,UNVERIFIED
520c00b1-e91a-5698-9423-836a79ec32c3,9fdeac7e-82fb-58e3-bcd1-53fbcee3483c,839,BDT,Tk 839,,,UNVERIFIED
e16490dd-97d7-5259-bde2-0fdad92cf975,1c19ce61-3175-589f-9e2a-3985feac2a0d,839,BDT,Tk 839,,,UNVERIFIED
070f5fe2-46c0-5244-95d8-2039aeca1b4e,721986d6-a2cb-5ea1-afd4-9a6dc643b3b5,839,BDT,Tk 839,,,UNVERIFIED
d528167a-18cc-54a1-94f6-b78ac546749e,cb00ff73-93c9-5095-9e2c-f49d43ff356c,839,BDT,Tk 839,,,UNVERIFIED
aeb5151d-90b8-51ec-a938-07f4877c9f0d,7360ff15-d8b5-513b-bfff-26654c7f115c,779,BDT,Tk 779,,,UNVERIFIED
10439391-c364-5ee2-a76a-e44aeccb30f7,00c128b7-5144-5aa2-aeb1-f858c70de574,1445,BDT,"from Tk 1,445",,,UNVERIFIED
8125e012-4d18-5776-b83b-20e7d9101115,2e40663c-ab8c-5c9d-bf57-31c30c21117b,799,BDT,Tk 799,,,UNVERIFIED
8ac5c44b-b033-510c-af0e-c345401f5939,f7fd8d63-b529-5078-8544-0262ba5870dc,779,BDT,Tk 779,,,UNVERIFIED
53cd66a9-d7e0-5ef3-9277-e3201b52674f,167f2e58-32d4-5103-903a-4be9fe1e7f2a,749,BDT,Tk 749,,,UNVERIFIED
47a02061-fb12-5a87-8d97-2d6715d52494,ae28c8ad-92c3-5a05-be8d-fc6de717cf90,749,BDT,Tk 749,,,UNVERIFIED
26b27f73-45cd-5f2d-bc6e-b8bfdae8e5c6,c1eecaf2-a15c-5eeb-9d44-606f6425fd19,749,BDT,Tk 749,,,UNVERIFIED
8fc8e81b-a94b-5463-a09b-3596c33de695,8b2aad57-7e2a-579c-a360-1081e77049ae,1139,BDT,"Tk 1,139",,,UNVERIFIED
0688fbe3-ff2c-54f9-9fcc-5579181f61b3,eb3c3aac-8e60-5ff2-a6f6-df21249d2124,1139,BDT,"Tk 1,139",,,UNVERIFIED
e0fef284-aa30-506c-bbd6-a6221b918e72,5b9adc52-13ca-56af-891c-db8ae9896476,1139,BDT,"Tk 1,139",,,UNVERIFIED
a7544d91-5a4f-563c-b6e4-b07a9461e927,4cfa60bd-7f34-585d-90b8-9072b98fcce7,1139,BDT,"Tk 1,139",,,UNVERIFIED
eab49a49-a55b-54cc-9a30-36ded56fba91,5b8e72c1-ef02-57fd-bc6d-a7326c3bf6f3,789,BDT,Tk 789,,,UNVERIFIED
1aabc94e-36fb-5824-80a9-58d0a247064f,816d1c58-3ed9-565e-aa3e-c4f0cff37507,869,BDT,Tk 869,,,UNVERIFIED
bccfab7e-6a27-5014-9cf2-fbb1335f2888,86981465-36df-5a8b-9ac9-6e65bc08137f,839,BDT,Tk 839,,,UNVERIFIED
5be6855d-b6c3-5fa1-84f6-c299a0217fde,68d8b530-edd1-5d4b-9d79-6a49d491e255,789,BDT,Tk 789,,,UNVERIFIED
55044aad-d036-5f43-8ab6-01605933b908,4dbabd4d-c4f4-51ca-9600-09288e8ffc6f,789,BDT,Tk 789,,,UNVERIFIED
81a3c011-7d43-59f4-9326-ce10efd8ded8,b3a2b35a-34e8-5540-aaef-b3f437c693d9,789,BDT,Tk 789,,,UNVERIFIED
c9b24b11-c95c-53dc-9cdc-10a74c8ac5fa,0768487b-4bb2-5862-886c-ab81fd8c0e26,789,BDT,Tk 789,,,UNVERIFIED
78a4d783-d82a-5103-b47c-fa8dbb8db814,122e77eb-9afc-5877-bef1-7541251a25d9,789,BDT,Tk 789,,,UNVERIFIED
c122fdbf-3924-5e21-a23e-6631aee31df9,d2409746-1962-51e9-9f3d-81bd49da5a37,789,BDT,Tk 789,,,UNVERIFIED
9345917b-2946-59e4-aac7-3df6cdc666b3,3e3251e0-d609-5c9b-9670-be87ab32877c,629,BDT,from Tk 629,,,UNVERIFIED
cfc8a0e3-5040-5613-8faa-7445c949dc97,4b67783a-75f5-5aa3-9476-368272d09f8c,659,BDT,from Tk 659,,,UNVERIFIED
d2e6f1ac-3c2d-5fe2-825e-5615a980ec8b,076e821e-11c6-58ee-8df0-ce8e8acb71f9,629,BDT,from Tk 629,,,UNVERIFIED
5d61743a-0a2a-5161-836b-e98c9b1a2979,a59ce689-a2b4-5ebb-9015-54d6c2cb654e,539,BDT,from Tk 539,,,UNVERIFIED
e9b715dc-8659-5eb5-873e-c7c108b5ccdc,42d8f88c-f9f6-5553-9df2-a9df586055aa,789,BDT,Tk 789,,,UNVERIFIED
8c92330e-b807-5baf-b7ac-5c9cac53837d,928df3c4-1a9e-5c73-b551-d25a1760f4f6,499,BDT,Tk 499,,,UNVERIFIED
db3a8f80-de6f-5b4c-99ec-b31638d0e325,20de48a7-88ba-574d-ad93-0209d0f97cf0,429,BDT,Tk 429,,,UNVERIFIED
fda66dc0-93dd-58f3-8aa3-953f4b65c83b,a6663f9b-b807-5955-be22-14cb8b014118,399,BDT,Tk 399,,,UNVERIFIED
24410011-7f36-5de7-9628-0bdbd0ac8e98,b2f7c255-597a-5f23-84cc-325a3ad6fa68,699,BDT,Tk 699,,,UNVERIFIED
4e028a70-e679-51ab-93e7-4885a015e3fa,4cd8e156-6150-5a8c-bb56-ed246b75a88e,629,BDT,Tk 629,,,UNVERIFIED
e2691884-745e-5933-99cb-c73e0e3a82b1,aff1583c-82f2-5182-acce-fe5f6a6a5014,939,BDT,from Tk 939,,,UNVERIFIED
62b5c095-c266-5154-9b91-870d30a11cac,4b7c33fd-41eb-5651-989f-fb959056a264,599,BDT,Tk 599,,,UNVERIFIED
d870f831-03b6-5a13-82c5-4356a86c6b28,67ffd558-31d9-505e-b54a-41d4d96f6bd1,699,BDT,Tk 699,,,UNVERIFIED
16f43c07-7d0e-5e45-9ef2-5901f6e1c77a,e02cd83f-856a-5fae-ace1-da41647406b5,749,BDT,Tk 749,,,UNVERIFIED
13de676a-af6b-5400-b4b4-bc0a480930b8,9b9c47cc-a07a-5b5b-811a-940f35b428c4,749,BDT,Tk 749,,,UNVERIFIED
ca86dabc-b787-5195-b771-a216db177171,19c4f988-6922-511f-8ea1-7493dd60bbdc,669,BDT,Tk 669,,,UNVERIFIED
49f6a1b7-83f5-50bd-870c-5ee3e8d7ae11,ea92e1ae-6a71-538f-96b5-8dabf4fd21a4,749,BDT,Tk 749,,,UNVERIFIED
7556920e-f953-5d1c-b5a1-e4e0aef064a4,e4fab629-ac61-5aab-9aca-7d79a0f3d60f,699,BDT,from Tk 699,,,UNVERIFIED
49d89b97-62e5-5f3e-beb7-e54ec8c98f8c,d6c98ea4-f825-501c-b622-8edaae514d5e,869,BDT,Tk 869,,,UNVERIFIED
71089cea-13d4-561d-8cb7-c7a732a46f55,655ad777-ee32-51b6-913e-d315890ea7f0,220,BDT,Tk 220,,,UNVERIFIED
918f16ec-a9d5-5942-a85d-816917009b6f,fbf7a72e-e249-5204-b51c-5d4e3e62da35,669,BDT,from Tk 669,,,UNVERIFIED
947ac599-4c9f-5049-b74b-bdc798b658f6,339187b0-bd8c-57d8-ac96-91eb4bc5419e,669,BDT,from Tk 669,,,UNVERIFIED
1e5ebd51-335e-5ad8-a774-ecd336b8e3b5,962b4d41-4300-5438-827f-0a64d8a93859,669,BDT,from Tk 669,,,UNVERIFIED
480a628f-5326-5d3d-8769-c37b11ce4b24,e92300d6-0f95-5e45-9916-98b93e12ce1e,669,BDT,Tk 669,,,UNVERIFIED
68e4a691-0ced-5a97-b8c1-c228dabf22b9,8bce3cee-2809-579a-9fb2-076a8ec4e525,749,BDT,Tk 749,,,UNVERIFIED
2f5c957a-b486-5de4-8b59-72d4c9d85a24,5c9e4439-913a-5a93-a9c8-e14e5b9d1dd7,400,BDT,Tk 400,,,UNVERIFIED
deccfbc0-e980-5872-82f2-636b254cb378,ceabde20-a0d3-51bc-9f8a-9b573a7a0da1,400,BDT,Tk 400,,,UNVERIFIED
b56fe0a3-2aa1-55e5-a08b-bb408d1ac171,4bec1828-b685-52f8-8021-e57b131f5bc9,1049,BDT,"Tk 1,049",,,UNVERIFIED
52ce08b7-4363-52d6-a51b-2a77bcce8b59,d7dd4862-0a88-5131-b0c2-2eb0e9e88944,1149,BDT,"Tk 1,149",,,UNVERIFIED
c87e607d-3cfb-5b96-a7a2-5a7f9285a69d,88056011-379a-5104-acdf-40168190981c,949,BDT,Tk 949,,,UNVERIFIED
74bba3d7-da0f-5f6f-ad84-790968f4ca0a,3f6638c7-0cb6-5c51-8d88-018b35078b42,839,BDT,Tk 839,,,UNVERIFIED
c41a39ae-c5ba-52e3-bf9f-2489db21a18c,77873196-172b-59d4-a88a-2ab2fb59b209,849,BDT,Tk 849,,,UNVERIFIED
4051df3e-4717-5539-80d4-f2d16969ee9b,b2d61de4-8e10-5b0a-b2f0-811176ce872c,949,BDT,Tk 949,,,UNVERIFIED
bb8fc953-4166-5bc7-8690-e6386d048b0d,55c5bbea-4d2c-5d98-baf2-4040762d1663,849,BDT,Tk 849,,,UNVERIFIED
b02d7eee-0034-5a62-935a-9af4e8d0f922,5f38dabb-b8f2-5304-8967-e22f28a3a3dc,200,BDT,200,,,UNVERIFIED
3ecac3c8-4cda-59d6-add1-3fd1d738d9cc,1af4d463-6f32-56fd-9157-4e672d554070,550,BDT,550,,,UNVERIFIED
266181fb-81e4-545c-a2a7-7118d8e59242,f08398c0-718e-5765-995d-ec4adbb12677,650,BDT,650,,,UNVERIFIED
f30a3822-1d34-579e-a9de-09bee6e9d130,0f46b824-6732-59a0-ab72-0e80af6f8c34,650,BDT,650,,,UNVERIFIED
7360d03c-8002-51a8-a7d6-206d9986ae2a,35f73f8c-fe19-5c4d-b9a8-b22ce2a739b0,1000,BDT,1000,,,UNVERIFIED
2b2d6d34-570e-5644-93f1-043eab41026a,55df2090-7ec5-5b32-b36d-366a80cb47b1,900,BDT,900,,,UNVERIFIED
b7c50a2f-a0ca-59e5-b374-933f91c682ed,b8cb6549-c276-5d13-844e-e92752ea8181,700,BDT,700,,,UNVERIFIED
04724946-c430-5661-b632-02c075362ce6,da457bcc-7324-5cec-98f2-0d6c27683488,650,BDT,650,,,UNVERIFIED
98369884-d7f7-5b4c-a96b-4110d21b6464,8e4b65f9-0100-59e6-aba0-b5d1352f05bb,750,BDT,750,,,UNVERIFIED
2fe23e99-56a3-5de5-9950-a87c337f2407,41e9ed62-52eb-53ce-8a15-d3f469e8c657,1200,BDT,1200,,,UNVERIFIED
f15b9175-a323-5a9d-a5ba-fc81bc9f9224,a0e8491c-7936-5c75-a1f8-a9b2327fd940,700,BDT,700,,,UNVERIFIED
0b76ff6d-31e1-5c35-a8a8-249fa709eafd,02f3f611-ed59-5f6d-b1b8-70c43f8c992c,600,BDT,600,,,UNVERIFIED
23e16210-2c78-58e6-b864-5986a5519344,07a24e27-ab51-5f5f-96f1-5c07b2df49c6,1400,BDT,1400,,,UNVERIFIED
87d91848-e6dd-536b-9f3c-f614d00db75d,5b21816a-8c32-5559-b180-6a1f1eb02df3,650,BDT,650,,,UNVERIFIED
6ef2ba69-7f70-5b92-8cc9-fcc6fc22d3cc,d55c6724-69f2-57d8-a0e3-3e30b0d1002b,800,BDT,800,,,UNVERIFIED
ed02111d-5134-50b9-a5cc-0a0b611deaa5,f3627867-af47-51cb-b43a-66716d971bff,1200,BDT,1200,,,UNVERIFIED
dd65b6fb-ff23-50a0-b967-5e68c0df601b,fca65473-0379-5127-aeeb-6f929186548c,1100,BDT,1100,,,UNVERIFIED
57944ff4-8268-5563-acae-ecb6ecad0898,d803a65d-214d-5c0b-8b83-faf79ae26fd6,1600,BDT,1600,,,UNVERIFIED
fa4ea605-b54a-584d-b992-654bb4184e4d,865e031c-14b4-5caf-918a-8dc6e37a9a71,950,BDT,950,,,UNVERIFIED
512bf14a-5edf-5f3b-b89d-413a0bcc3a33,525e14cd-1193-56d8-a0bb-d564d116c15b,1000,BDT,1000,,,UNVERIFIED
a9f091a1-0741-59ca-aba6-78580369399b,fef5d111-67ac-5042-8aee-9b1cfa34bf53,1200,BDT,1200,,,UNVERIFIED
e7fee7b9-82e5-53c1-9206-c557f2c6139c,c2a12d0d-f790-5f83-9d6f-a351949ebe8d,900,BDT,900,,,UNVERIFIED
301dfdf2-d953-509f-b144-98d15517718c,32d92106-9ab0-530b-b518-190590d4024e,1600,BDT,1600,,,UNVERIFIED
637a5cdf-7c46-559e-9e85-194ebf4f759c,ac5fa941-c552-5856-8ae8-b5e3a987d6ce,600,BDT,600,,,UNVERIFIED
7f0c19c5-f3ef-5d2b-9521-91978e576682,8000b56f-99b7-5988-98b2-97a146641ecb,600,BDT,600,,,UNVERIFIED
c050ff99-68ad-517e-8aca-4ef0b99d06ff,364bcba5-5991-58d0-97ad-306c4c723246,1400,BDT,1400,,,UNVERIFIED
77933556-dc4d-5539-9d45-2985c6f870c1,ba24dbe2-dae2-5453-90fa-6f053a8e8cdc,950,BDT,950,,,UNVERIFIED
7a10fa20-cb71-50e2-871d-eb09f17aa61f,0f52435a-8d0d-5783-9c1f-a68bfd2e7708,999,BDT,999,,,UNVERIFIED
af099aa8-a05a-5d06-b57d-81eef91ae76d,e5dae935-311c-56af-98b3-8a9d342ae16c,999,BDT,999,,,UNVERIFIED
f2496127-557c-506f-8051-b19a577d5268,6d905eb6-124d-5a5f-a59f-5aeffc48afc7,850,BDT,850,,,UNVERIFIED
97dd9d25-1548-5e43-9845-97357bcbeab4,a9664f0e-f960-56bc-886d-1a5d970abbc5,1600,BDT,1600,,,UNVERIFIED
1edbacec-6aea-52e4-96d3-c2576e80a868,05573daa-c852-5a6a-a4fe-d75dd1310671,2500,BDT,2500,,,UNVERIFIED
558a71ab-4e29-57c1-b3c4-2ed6a8c79465,ac50ee78-95ce-50a9-ab9f-a77ff3052a43,2300,BDT,2300,,,UNVERIFIED
0d68b344-c30c-550e-97e8-f990df1dc4f6,ac2e3f55-73d7-5575-a3ed-b5c1ef973cb8,900,BDT,900,,,UNVERIFIED
ef273bd4-10a0-548d-a450-a4088af028e7,5826e84f-e518-5217-8e93-09946d2086dd,1300,BDT,1300,,,UNVERIFIED
71448b42-5825-5075-8f14-0af48724ed9d,cb35f3a5-b8df-50fc-a263-0d80aa017ebb,1100,BDT,1100,,,UNVERIFIED
6d1dc03c-592b-5fb3-91fe-79ac41889c46,e35bc661-2bbb-536d-9f0a-9ffa3291bcb6,1200,BDT,1200,,,UNVERIFIED
6d66ea0c-c189-5b53-be28-8c2f08596da0,f74c1d79-06ea-5980-8abb-c6156748f038,1100,BDT,1100,,,UNVERIFIED
a2b2d933-8c49-51ca-bcf2-0fafb095e9b3,60f73c68-fc8d-544b-9ea8-a07aa969aa87,1300,BDT,1300,,,UNVERIFIED
9be8c801-c36c-570b-9a9e-c41ca1b8ba9c,1aa6c2cc-6ea5-5a76-b928-bfe4da8322e9,1200,BDT,1200,,,UNVERIFIED
10ab3b51-930c-510d-a37f-36d0bc35c6b9,2a37dbf1-75d8-5932-b561-a213bc2776a4,1300,BDT,1300,,,UNVERIFIED
3c89ccd5-91e1-5b52-b5bb-98f5cbeabb8d,10f43754-7317-5e67-acac-a65169dbb786,1300,BDT,1300,,,UNVERIFIED
db28364d-3517-5bae-b368-36e7921e0379,7c247440-2e25-5e2c-a2fd-8b584c1e94e5,1300,BDT,1300,,,UNVERIFIED
2d2f88d0-4556-5eb4-a7a3-e7414e8d2952,e2ddc261-ed68-5c98-856a-44c81daa9553,1300,BDT,1300,,,UNVERIFIED
1cffaa77-2476-5f81-b176-b552c833c27a,1650a2ab-4cc8-50f4-80a5-3d52c466d8f1,1100,BDT,1100,,,UNVERIFIED
cfe17a95-0066-548e-8830-335f484dd15c,d480bbc4-3b5b-516f-9d89-58b85b5d992d,550,BDT,550,,,UNVERIFIED
eec86b19-0a04-50e2-9369-70dd18641fd3,95448299-afc4-5068-8c81-d6477a8158c7,450,BDT,450,,,UNVERIFIED
0290218f-ac22-5564-8ed3-7649516cf823,0df6c6bb-dee0-52eb-aeb4-936ee579f21b,500,BDT,500,,,UNVERIFIED
5863c7d8-eacc-512c-bbf0-5b5adbf05219,cf568c24-fc60-500d-9c74-1eac3e0fea43,500,BDT,500,,,UNVERIFIED
93ee8cb4-1ac7-5ae2-99a8-c94493788c2d,5d47df30-98fb-5eec-b7d2-c182a395e64e,500,BDT,500,,,UNVERIFIED
a1f70a8b-59ed-5068-b379-780256cb9f64,a9c54d2d-c54a-5234-bf61-d4c5163a022d,280,BDT,Tk 280,,,UNVERIFIED
e981b3d6-f3ff-5f81-8da3-cdd1169807b0,207ac588-5b49-56fb-8764-9512f5a29b19,350,BDT,Tk 350,,,UNVERIFIED
96ab468a-0039-5b21-9215-a9ea24e8887c,7823f7bc-c46d-580d-ba97-b6da52dec99f,250,BDT,Tk 250,,,UNVERIFIED
fcec60a3-7809-5f19-8fb1-72d7c732a6c5,3d211a1f-a1d6-5011-ae61-a54377910c4b,350,BDT,Tk 350,,,UNVERIFIED
16819de8-e340-515e-a1ea-d5d855ac132a,ecea6001-132a-5d6e-ab34-e6800794e348,150,BDT,Tk 150,,,UNVERIFIED
b7fd5b30-f866-5c94-a4eb-ac3328158d13,659d8f52-c231-5924-b242-1d7a9fc868cb,150,BDT,Tk 150,,,UNVERIFIED
088fad8a-e43d-5865-bc71-bc1398478455,af93d2b0-7c5e-5514-b30f-0cff53cb2f3f,240,BDT,from Tk 240,,,UNVERIFIED
c443e258-af1d-56fd-a684-077ed7467431,64a80bc2-f7a6-5026-8d84-0400dc302ea8,240,BDT,from Tk 240,,,UNVERIFIED
c421e030-3f79-58ce-be87-37ed29f1a316,70e006e3-520d-56ae-931d-f95bcdfaddd3,150,BDT,Tk 150,,,UNVERIFIED
aac8a62b-0c7b-549a-91a2-dfb99a737ea1,bb4c91a4-4c4c-59db-ab4a-f15203cdde30,230,BDT,from Tk 230,,,UNVERIFIED
2062563c-1a22-50ef-bafb-dd28e93cbf3f,20441025-438a-530e-b247-1e0f2f10496b,190,BDT,from Tk 190,,,UNVERIFIED
aa1b98f2-e06d-566b-af5d-52a0609f7fa8,3533dc89-c8c0-52b9-852e-5303689f2df4,280,BDT,from Tk 280,,,UNVERIFIED
a122a715-37da-5304-9808-b251bae3a09a,77e0bc20-22f0-5bff-aa70-009a058f7ff7,200,BDT,from Tk 200,,,UNVERIFIED
4512b900-39c3-5300-a80c-4c7211b52e37,f1375ba6-87fa-5965-ab0f-927d73eb6dda,349,BDT,from Tk 349,,,UNVERIFIED
e96db642-70c8-52eb-a79e-14250cd64f5f,ccbec36c-5627-51bd-9a02-5caf3a18a323,329,BDT,from Tk 329,,,UNVERIFIED
70ea8eed-cddd-5567-a390-ae99c05d1da8,52020ac6-10ea-5228-b872-25f683abeda7,319,BDT,from Tk 319,,,UNVERIFIED
47c5f61e-ff09-56c5-bf57-f37fc11b43e6,1c72ed5a-d7ea-50be-88c8-930e6776977c,169,BDT,Tk 169,,,UNVERIFIED
3774b546-ce20-5e92-b2cf-076dd7e067c8,2f4a1a20-96e0-57a0-aa20-7be816fcbc51,399,BDT,Tk 399,,,UNVERIFIED
e223ddfe-7364-5692-ad6d-4a4d61ddf201,c7724d29-e0b0-5476-ad54-a03a1d9c6022,349,BDT,from Tk 349,,,UNVERIFIED
dbc78c7b-b976-5099-8826-0b20b46a3080,04bb126d-34c8-50e6-a5a0-8b3a6b137dc1,849,BDT,from Tk 849,,,UNVERIFIED
9bc7ac19-e7df-58ac-bb5d-e7df8eb38072,30ce32b3-cfd5-5c93-9197-7d8d38679db7,1299,BDT,"from Tk 1,299",,,UNVERIFIED
bb07a489-d7a9-510f-b5af-0db8a9907f7d,305d906b-32b3-5957-ad54-bcf2f9aabbb5,329,BDT,from Tk 329,,,UNVERIFIED
b2985c8a-67ed-575a-9d51-eedde4588562,4ff13bbe-54d5-503e-83cd-2df764808410,319,BDT,from Tk 319,,,UNVERIFIED
fe042221-f312-59c0-b50e-8f32be2614af,827247b3-ce61-5003-81d3-6ab1daa90584,149,BDT,Tk 149,,,UNVERIFIED
d5cb8c4c-b112-5957-8796-3e8fd67352fe,1fc172a4-7552-57a7-b053-e967ed6693c9,799,BDT,Tk 799,,,UNVERIFIED
b95a78f8-97c8-5cea-976a-f33c1560f63f,d4b4ae84-38f4-586a-9e59-d89b005d65ba,499,BDT,Tk 499,,,UNVERIFIED
c3f55dd0-7f34-5627-9951-95074d20b43a,9fa9e728-6df2-513a-a772-3bdfa3e8e733,899,BDT,Tk 899,,,UNVERIFIED
8cda1362-8891-50ec-820a-199b6826ec90,3633bb31-2d57-5531-bbce-04f87b251119,799,BDT,Tk 799,,,UNVERIFIED
7f2ae735-9139-5d88-8e17-6821c2616fde,d6c7f3bd-2612-53a2-83fb-1ae148ee25bd,749,BDT,Tk 749,,,UNVERIFIED
8d312c12-173a-57e6-8b71-e34493cca1b3,ec2e2edd-61c0-54cf-a3fb-056a0236a9a9,849,BDT,Tk 849,,,UNVERIFIED
e1487884-87c4-51fe-9b0e-c4a5a0e8f119,b5ad24d4-45f9-59ca-80ce-d98322d00d0d,199,BDT,Tk 199,,,UNVERIFIED
85e0af65-5d29-5731-a481-b34eb866b645,8de32bc0-d964-5ea7-8207-fba1e2f9e69e,349,BDT,Tk 349,,,UNVERIFIED
684eaa44-19f7-5699-8ec9-c87ecab770fc,162293c2-1799-5d16-a40c-e9fba8e205e4,349,BDT,Tk 349,,,UNVERIFIED
e778eeb0-3e60-58fb-bbcd-70b45da79473,e86b6e3b-6e27-58bc-9a31-e94f6e0fbea9,449,BDT,Tk 449,,,UNVERIFIED
57f0cfa5-3e17-58f9-b656-2a4fb6e9bcc8,6886ef78-7ff7-5dc5-ba06-83b1f7ce7522,649,BDT,Tk 649,,,UNVERIFIED
d4d6e8ee-e236-5c00-b032-ed22e2fc2f2c,0c98f9df-ddc9-5ad3-a40b-2a71a763e2c4,799,BDT,Tk 799,,,UNVERIFIED
9c78f3e2-1870-5efc-9310-f684db481f50,71dba65a-abe1-5643-86c4-eaec7d9098f8,499,BDT,Tk 499,,,UNVERIFIED
d339f5f3-4806-5e92-a926-7dbef2f9c7d2,c55f738f-7919-548c-8ad4-a49d00f4e10f,299,BDT,Tk 299,,,UNVERIFIED
45993abc-0e8b-59f1-b87a-c17983aef40a,988ddc26-6c9e-590e-b5fb-6ea0fac91c09,749,BDT,from Tk 749,,,UNVERIFIED
88c5497b-7dd5-5f2b-ba31-0e0d4c752c63,32369ae8-4133-556e-9288-27df82ebfc71,849,BDT,from Tk 849,,,UNVERIFIED
5d140fff-a463-508e-a3ca-17b31916f819,9cb690ba-95a2-57cb-bf39-950b98745a92,899,BDT,from Tk 899,,,UNVERIFIED
26786158-d1d7-56b9-85fe-cafeae417b15,8b7d51f4-7334-55b8-981a-67a45cfdf4ee,799,BDT,from Tk 799,,,UNVERIFIED
b25a4e1a-37e9-5905-a2f8-eda773306c0b,10e5c224-11b5-53f1-98b2-c965221b4fd1,849,BDT,from Tk 849,,,UNVERIFIED
d6770fcf-bea9-5ea5-8d20-ecd8f70c8777,75355124-8b43-517c-a3bc-ec019b90602f,899,BDT,from Tk 899,,,UNVERIFIED
98ebeea8-7f55-512f-8b55-a4d3155131fa,269c9ced-a8d2-5188-8a66-abdd6ac008ce,899,BDT,from Tk 899,,,UNVERIFIED
1ba14058-e622-576b-85a8-a45dbd8a7786,b4f25019-5106-50b5-9151-d6f07a2430e5,799,BDT,from Tk 799,,,UNVERIFIED
90060a77-2a51-5795-b021-c75284c7f7fe,14dbcecd-8477-527b-8f7c-706378658aaf,749,BDT,from Tk 749,,,UNVERIFIED
9dcab4b8-3328-5272-b5b4-485faa749186,2636c948-6892-5d0d-8bd0-2e2d017b322d,949,BDT,from Tk 949,,,UNVERIFIED
8b2a813b-ffc0-5c7d-adfa-571ffaf7b72b,83d7f2a8-1c1d-591c-a5b9-fd906bdc186b,349,BDT,from Tk 349,,,UNVERIFIED
6e299bcc-a71d-56b4-a6b8-17be79f585fd,9a80cfb0-52db-5a93-83f8-612ec7f9c758,449,BDT,from Tk 449,,,UNVERIFIED
48bf91e8-085e-5061-985f-55cbddb5fae7,c963d668-e9d8-5e62-9a74-c8ea387c09a4,649,BDT,from Tk 649,,,UNVERIFIED
22402b04-0f81-55f8-8210-5781a838b191,1b90d765-af9c-56ab-9b7d-68b97695efdd,849,BDT,from Tk 849,,,UNVERIFIED
777b1eae-e6ca-53ec-907b-3e95df47f99e,f0ad36bb-6f5a-5463-8bcb-cf7b6558820d,799,BDT,from Tk 799,,,UNVERIFIED
136e4e0e-cd7f-5b1f-8b62-6e82aebd0706,6c3a7fae-9517-5e15-9072-5ae974e72756,849,BDT,Tk 849,,,UNVERIFIED
9bc6b2c0-e826-5a8d-8eed-3979e228ee3c,2e6f9126-aeb2-5a95-9b37-361bbc387428,499,BDT,from Tk 499,,,UNVERIFIED
30a4bbf0-42a5-58f3-be35-e72b7ee9f0cb,964204ca-21dc-542b-b1c0-29912a9a2e2c,499,BDT,from Tk 499,,,UNVERIFIED
e47b1130-75d7-5778-8ba7-70cd94d80059,9da0786d-6138-5c6a-b6a7-f29eb0c909cd,499,BDT,from Tk 499,,,UNVERIFIED
a4f943bd-5885-5ead-89fe-c7fe86ec6bfe,11e74d1c-b9db-5925-a182-e492a5471235,549,BDT,from Tk 549,,,UNVERIFIED
f27df6c7-624a-52ac-a371-3a720b1d2c6d,a586933d-77ce-5e27-a790-05f184bf0824,649,BDT,from Tk 649,,,UNVERIFIED
eb6bea81-bcd3-5208-8511-53ebb77342fd,a3fb9f7c-e646-5515-b341-b344713a99d5,599,BDT,from Tk 599,,,UNVERIFIED
c9ae0a3b-94c1-5450-90bd-3e001b1fc361,df38dae7-3055-5e1c-999b-8ddf49b8f415,319,BDT,Tk 319,,,UNVERIFIED
ed0dd405-792b-582b-be14-22bae669e83d,c721bb12-4c4a-5157-b0c9-6ecb929fdd58,650,BDT,Tk 650,,,UNVERIFIED
53d2b9d9-1726-5ac5-866e-56118b690148,50ad388a-e438-561a-b50b-a55eace8a87d,650,BDT,Tk 650,,,UNVERIFIED
58d557ff-5304-5856-9056-717c612399f2,7db01cda-1912-546f-8308-653ce771bb20,690,BDT,Tk 690,,,UNVERIFIED
ae4394bf-011a-5278-9365-1b5d2a7e4272,053021f9-f676-5ebe-9fd5-78cfc5ec5ddf,690,BDT,Tk 690,,,UNVERIFIED
f797ee49-847a-5a1c-9955-34b63997947b,32bfb831-f3a4-5f42-bd24-dba9c7f679ba,490,BDT,Tk 490,,,UNVERIFIED
927e6979-c4e9-5254-ae25-f11d5da9d11f,dd0bfe26-3312-5cd3-865d-0fadd677a65c,695,BDT,Tk 695,,,UNVERIFIED
bf6873df-92eb-58b8-905a-dd0763db74ff,c3f3b266-5383-548d-9682-2c3e6d5b2c7b,690,BDT,Tk 690,,,UNVERIFIED
0f390e6d-4e60-535c-a8b5-31edf3934850,dcaeebf4-6145-5e77-b8d4-e8b315fddb8f,650,BDT,Tk 650,,,UNVERIFIED
f69b9ad4-6269-5580-b8e9-e25a4e59639e,0c0939c9-7200-52b8-b316-a3f04bd71bfd,1190,BDT,"Tk 1,190",,,UNVERIFIED
f49c9e2b-e4ae-5f21-8efc-00d33ca33851,4c1f3ae2-7248-5252-82d6-4c522259aa60,590,BDT,Tk 590,,,UNVERIFIED
9a8dd375-e537-5f4c-931d-8e13579bd8a8,680ea0b7-6cb6-58c1-950d-bd111faed469,390,BDT,Tk 390,,,UNVERIFIED
a4047982-fa7d-5abe-9393-cc43a0612063,31d2250a-d079-5c1f-bc60-77ad5cc65990,350,BDT,Tk 350,,,UNVERIFIED
af67531d-dd44-56a6-b4c3-93d6307400a6,cc8afed8-04ce-58c7-933d-9e69dbe073ae,450,BDT,Tk 450,,,UNVERIFIED
370d7969-66f3-570d-8352-a28f63ab3243,76872988-a856-5bf0-9177-389be0a18ea4,390,BDT,Tk 390,,,UNVERIFIED
e1d4ce0e-1c5c-5b15-b698-a3676b7b77d8,56bd02c0-6d8f-5f58-bc39-45b6786b82f1,6500,BDT,"Tk 6,500",,,UNVERIFIED
f038ab54-1761-5f20-aacc-abebc25156f7,7c3bd6ca-a464-59b8-bbfd-419e0585ae4c,1190,BDT,"Tk 1,190",,,UNVERIFIED
1904c7c9-5d04-51d1-85d3-50853d9d0d79,d9d30412-42f9-5eae-869e-cc019578a575,650,BDT,Tk 650,,,UNVERIFIED
ef6e7d82-f431-56f2-87a3-73426d217013,1663e62e-d4cf-589b-bd7b-5a4976f33636,690,BDT,Tk 690,,,UNVERIFIED
fab70e78-567b-53b2-a471-78922856a7d9,3b3c6189-3755-5e40-89c5-1fb2f8764a56,650,BDT,Tk 650,,,UNVERIFIED
f728f1f4-1e97-589a-8e66-198c4144a66f,f4cf4f23-970d-594d-aeef-951b1bf1b3f5,590,BDT,Tk 590,,,UNVERIFIED
107d29e7-0d7d-5e83-af34-db261c0b66e9,72993623-a1bb-51a3-93b2-76f47185a14d,650,BDT,Tk 650,,,UNVERIFIED
55e8361e-4ff4-5a52-85a6-6d5ba0e54f89,98a853ac-4612-5ab8-9064-825ddc46bc9d,690,BDT,Tk 690,,,UNVERIFIED
bb178248-03c6-588d-8838-fc8ea244460f,49ecc04e-f64a-5abe-920e-ac365633cc34,790,BDT,Tk 790,,,UNVERIFIED
cf18ce89-0ff3-5db3-b959-f2cdee13c514,946b4c85-3d17-5389-b447-4ac9a03386f8,795,BDT,Tk 795,,,UNVERIFIED
07e00e10-74cb-5779-9554-0e1e0db091b8,1fd0576c-923e-522c-aef5-e0b8b352ba42,695,BDT,Tk 695,,,UNVERIFIED
bed7d1d8-e740-5761-af11-4f82ce0119e2,d31c93ce-1b11-52ee-99ac-e44375e0a71f,590,BDT,Tk 590,,,UNVERIFIED
27ddfd0d-83b3-5e4a-9e0e-2ec29d549097,18103642-a253-52de-99c9-bf34ed1e3587,650,BDT,Tk 650,,,UNVERIFIED
65d16057-c8cb-53a0-9f90-acccb6c37ec1,5ab75451-7c0a-516a-8be5-0772995930e5,695,BDT,Tk 695,,,UNVERIFIED
e315350b-0fa1-59b9-9e69-46360b432923,0b3e5e6c-34c2-5c9f-8bed-33a1cfad91f3,650,BDT,Tk 650,,,UNVERIFIED
597256b5-6c78-525c-ab6c-0f299ae523d0,47497755-b993-5fc4-95a1-86c97df12cef,590,BDT,Tk 590,,,UNVERIFIED
1f74d0d0-1cd8-5085-a0fd-0e4ce04a9482,34e9fa8f-26f9-5d05-86a0-56b1836cf75e,690,BDT,Tk 690,,,UNVERIFIED
0bd759cb-d73f-5ffc-b02b-65f168b3c3ee,efdc6b2a-dbf0-5205-a350-1286be5ef760,590,BDT,Tk 590,,,UNVERIFIED
d35a4ef1-ae73-5154-9583-08a1685fc958,808e83ef-2396-5516-976f-d781972fc17b,990,BDT,Tk 990,,,UNVERIFIED
8a803f30-d560-54c5-b3be-093468eab03e,53c9114c-cb8e-5c32-9e7f-794e6349e890,550,BDT,Tk 550,,,UNVERIFIED
56e820c9-1cd2-52e5-b576-c33d0c2a3ffc,395ea4ab-52e2-54ff-b85d-ab5ae7125f2f,590,BDT,Tk 590,,,UNVERIFIED
ffef9e40-e6c7-5f65-8cbf-33885bbd5b40,73c08ffa-33a0-5436-912d-1b0c7ebd5da7,550,BDT,Tk 550,,,UNVERIFIED
0dae0992-2c5e-5cfd-ad01-cc4729c51aa4,902ce7a0-950e-5d6d-b4ea-d22d4ab24640,550,BDT,Tk 550,,,UNVERIFIED
4c190344-00ae-5d60-9717-c5e47257c0bc,223c0b46-aa40-5306-9680-fdebdf74fb7c,550,BDT,Tk 550,,,UNVERIFIED
eec8bb99-e6ce-5e80-afa2-db9a06939189,d040e56f-11b1-5722-9ac4-ec3674186ae2,550,BDT,Tk 550,,,UNVERIFIED
a2ae7fcb-9daf-5bde-8ea3-1564eb5925c7,8199785e-90de-5ec8-ac87-d839a948d5ac,790,BDT,Tk 790,,,UNVERIFIED
e0f4235f-595e-5ea7-928e-055e6a9715c8,c3ced5e6-07f7-5af0-acc5-36b669014ab8,1550,BDT,"Tk 1,550",,,UNVERIFIED
9ab3b59a-012a-5a15-bdf0-60e773af3acb,8a28bb7f-4f93-5125-8a71-69df86fe447d,1550,BDT,"Tk 1,550",,,UNVERIFIED
549cb62a-9b72-5f88-9d2c-978df57d1be9,cc1e989d-39d0-5371-845b-842d08439660,1450,BDT,"Tk 1,450",,,UNVERIFIED
9e2fdbb8-f2c2-5975-8157-d1a35afa9f88,7d233e07-5b5a-59dd-8f1f-f26d1c83d696,1450,BDT,"Tk 1,450",,,UNVERIFIED
a35f4f56-9831-564c-8450-e33890a7bc08,715808f4-5482-58f8-aa9a-078e70b5c48a,1450,BDT,"Tk 1,450",,,UNVERIFIED
101c04e6-7bcd-53e6-b108-1394893b085a,c20b68ce-d7ba-50b9-91e8-65a0cb058d6d,1450,BDT,"Tk 1,450",,,UNVERIFIED
38a63042-c2a3-5af6-bd47-b562853c2d36,581d5c4f-9a62-5292-9290-0b44ca8f19d9,1450,BDT,"Tk 1,450",,,UNVERIFIED
9f08e88a-b818-5e3e-aa98-93bd8c25dc15,6f7ec6ea-9ce7-5618-96c0-02e64a256a01,1450,BDT,"Tk 1,450",,,UNVERIFIED
0b32d043-2d7d-5156-9512-9c62ea280a2c,6ab63ef8-5708-551b-867d-0ec1439573ac,990,BDT,Tk 990,,,UNVERIFIED
e578ac3a-db7b-580c-ab29-409ae6eda5d5,c0e2685b-3916-5407-b7ce-d10f49a06c27,990,BDT,Tk 990,,,UNVERIFIED
57c0bd53-d6bf-5906-afec-ba77a92f175f,7b862b6e-5ae5-5478-822a-a613d86f7355,990,BDT,Tk 990,,,UNVERIFIED
639dc1aa-1975-5fb7-aa8e-e798e6c7da56,b6427c44-e240-5f18-908a-2519fde74e58,990,BDT,Tk 990,,,UNVERIFIED
a140c8fb-439a-580f-9fc8-33206c94486a,3c4b5235-c419-577e-b953-b20650533942,990,BDT,Tk 990,,,UNVERIFIED
9eafb3b3-f06e-55a7-a35a-f61333be9314,9260dd5f-20aa-5672-a88c-5cb455c021bc,990,BDT,Tk 990,,,UNVERIFIED
4237f806-1f20-55ac-ae05-2f9235b68102,ca714b35-c286-50db-be49-48d5891e4ae4,990,BDT,Tk 990,,,UNVERIFIED
20877774-7a47-5fb0-84d9-82d5ce33f4bf,79098d87-ee7f-5994-a837-fbede1e18549,990,BDT,Tk 990,,,UNVERIFIED
aff472b8-6b6a-5414-97ab-1b2b193d33b2,92598780-3f55-506b-8419-66920d08bbac,990,BDT,Tk 990,,,UNVERIFIED
acd60d7c-0af3-5463-9686-d20aa0322c3b,223276d5-0686-5f24-b9cd-2df378871ab9,990,BDT,Tk 990,,,UNVERIFIED
819d4a31-cf33-58f3-9120-cb7d4f01423e,161c7676-2f86-53f5-bcaa-b03cd454d4d0,990,BDT,Tk 990,,,UNVERIFIED
9be45eca-c333-5179-b47b-bd773a86d270,cdcfef2c-bf80-5ec6-9658-0f595fc6f79f,1600,BDT,"from Tk 1,600",,,UNVERIFIED
bb94ec9c-7b22-5c08-bc3e-9ab9222f383d,1e334df2-1047-53a5-895b-124015728009,1600,BDT,"from Tk 1,600",,,UNVERIFIED
91ec66c3-2248-568a-8074-a63f13702555,5c5e521f-f751-5f8f-8933-de8fa9c65c93,1490,BDT,"Tk 1,490",,,UNVERIFIED
9a201cf5-0f01-5546-9a58-08406a062014,246f497b-b967-5067-bdd5-75c9081ab204,1490,BDT,"Tk 1,490",,,UNVERIFIED
b20e9321-1530-5af3-bb5a-17fe86a2a84e,c27128c2-785e-5c59-9f7c-fdcd556daca1,1490,BDT,"Tk 1,490",,,UNVERIFIED
64019628-4939-5bb7-8358-df44dc209706,c5a71012-2180-51fb-96b5-a9223a498888,1490,BDT,"Tk 1,490",,,UNVERIFIED
14004b05-d074-5aba-be94-16a800b56369,eac180d0-ebca-574c-aa0a-0de81b215568,1490,BDT,"Tk 1,490",,,UNVERIFIED
f4b361fb-8f92-5eef-b3a3-5e2a68f13a80,d472502c-9f9e-5807-aa2d-62fae0c926a5,1490,BDT,"Tk 1,490",,,UNVERIFIED
8b91f2a0-1484-55b5-b4c4-146379aeea1b,bc0f8925-e307-59b5-b671-8e5a650a114d,1490,BDT,"Tk 1,490",,,UNVERIFIED
0bfb55bf-818c-5b24-b75e-f4f152419151,4cc485e0-528f-5f67-ab41-dd2765dadd82,1490,BDT,"Tk 1,490",,,UNVERIFIED
1e812d6e-cf40-5862-94e5-5e110a13335c,3fcfad2d-1b17-5a78-8bde-7ea021c23632,1490,BDT,"Tk 1,490",,,UNVERIFIED
ad569ff9-ae7f-5a3b-bd44-035ffa3f337a,f7028bb2-ff50-5e7a-9c63-a4b5fcbf5824,1490,BDT,"Tk 1,490",,,UNVERIFIED
afa0513a-5744-50c8-b096-67999149cf16,23e6748d-7033-5b2e-9f6e-6b7a5bcb099e,1590,BDT,"Tk 1,590",,,UNVERIFIED
b4565369-7cef-53ba-9850-372843ae536b,56f3e476-0af2-5852-8307-4cc1b51b6d36,1590,BDT,"Tk 1,590",,,UNVERIFIED
03f8c2a8-fe03-58fc-b923-3a8e2822981f,a8c17e72-a3ce-5dc1-a885-44912cd91521,1590,BDT,"Tk 1,590",,,UNVERIFIED
67e36a94-24b2-5376-b39b-34c8f31365fd,360bdd18-75b0-5d6d-8530-c02bd023ed73,2250,BDT,"Tk 2,250",,,UNVERIFIED
13dc9e89-cf37-5382-a077-0754342ade69,2023ef51-24c8-5a3e-9829-ad96f96bfaa7,2400,BDT,"Tk 2,400",,,UNVERIFIED
a4c6d6ee-5fb1-5341-9933-9c6d72f9506a,21336054-9cbb-5816-ac57-fa75ead2dbcf,1590,BDT,"Tk 1,590",,,UNVERIFIED
b4b50586-b319-59dc-81d7-01b77816588a,ac339e8c-03a2-51aa-b408-c2bcd91605b6,1590,BDT,"Tk 1,590",,,UNVERIFIED
b12dee38-443f-537e-af2d-81f22a0b2fb4,decbeeff-7621-574a-965e-ee9253fec40f,1550,BDT,"Tk 1,550",,,UNVERIFIED
d1047aa9-3d12-51cd-b77c-9014952a1cda,25fdf9ba-5a1f-51d7-87dd-90758817876f,1550,BDT,"Tk 1,550",,,UNVERIFIED
ffca7850-6424-5d38-968f-9e3dd40d503a,9032c1de-7e5f-5f00-8207-52f343574c11,2250,BDT,"Tk 2,250",,,UNVERIFIED
467d3c17-e6a4-5a11-8085-1ed7ddc59e6e,65020859-b3f0-51f8-9163-9ba53b75fcc2,2400,BDT,"Tk 2,400",,,UNVERIFIED
8f0518e3-f338-5524-9f03-8953a26f7274,1ad8fb36-c45f-5ff7-a0b9-594dc4a58611,2250,BDT,"Tk 2,250",,,UNVERIFIED
4119ee0d-eb75-5e98-bd9e-af1d7ba5425d,4e1733c8-57b6-51ee-bb35-535cf0cf705e,735,BDT,Tk 735,,,UNVERIFIED
c18b47e3-faa4-518d-96b4-2a47867aac08,9ce80ce1-3c61-5ab0-8fe5-fa1b21eb1fbd,550,BDT,Tk 550,,,UNVERIFIED
bb4c0634-627e-5f1e-aa6e-3d3e06e698ff,1a8db573-1c31-5999-b3e7-b221087c9ab5,490,BDT,Tk 490,,,UNVERIFIED
4343cf4b-43cb-5e07-b8ff-af30053aa3fb,d24da343-afd9-5fce-89af-ff65eba31654,690,BDT,Tk 690,,,UNVERIFIED
54da9513-4e99-55af-8bfe-946523a081a6,ce79f364-7588-50c3-b3da-22c101c4bc9b,775,BDT,Tk 775,,,UNVERIFIED
8e2f2b5a-32fd-5c3b-9384-6f106f2da134,d22b6e34-3aee-5fc3-bb9e-a0ab6bd6e5fc,775,BDT,Tk 775,,,UNVERIFIED
1968fc1e-a0ef-5130-84e5-c8eb87141558,b1db5380-d6f0-5f60-bb20-3d3de4c5c44a,690,BDT,from Tk 690,,,UNVERIFIED
02b8e9bb-eba2-5ea1-ba17-c12de2119d0e,7f8660c7-5db8-5b97-b2b0-92f8dcda3c17,550,BDT,Tk 550,,,UNVERIFIED
57ab1ed2-2204-54a3-9f9d-09db432f2541,17d99a5e-60ec-565c-b7d6-12124da91f13,590,BDT,Tk 590,,,UNVERIFIED
84fce99e-ecf4-5c9b-aad5-700c4911b077,c8323363-8639-544f-9d41-efa1b5207e84,690,BDT,Tk 690,,,UNVERIFIED
1aa2063a-ba17-5ff7-a594-73527fdaad88,45593765-31cb-5ee1-af26-951a7b847b29,590,BDT,Tk 590,,,UNVERIFIED
85a45171-cf9e-5c1a-a131-d6980c262396,85456fb7-d6b1-526d-81dd-3fd34cb915d3,690,BDT,Tk 690,,,UNVERIFIED
d220a5d8-7dd4-570b-8e8b-00263094e4f1,20f4eba1-672a-5f4a-9a6e-e28df7fcd701,690,BDT,Tk 690,,,UNVERIFIED
dc67a2f0-7e34-54b3-af4e-51f38bcf3d94,b56bd221-0a21-5a8b-81fc-da666ccc7ab6,690,BDT,Tk 690,,,UNVERIFIED
c4d5e132-c350-5596-b062-b0d639d57a65,6e81d454-e135-5caa-a612-f4e84664206e,690,BDT,Tk 690,,,UNVERIFIED
686c978c-6d3b-5fef-9820-97d568061f0d,fb30fd8e-18f2-5e3e-8866-a91d9be057be,690,BDT,Tk 690,,,UNVERIFIED
b62ffd91-39a9-5476-9dc0-f29a7542bfc8,e67292ad-010e-5c88-8d5a-e00b1612892e,790,BDT,Tk 790,,,UNVERIFIED
9b2f321d-6eb6-5c13-b8f2-8fe5477256fc,3682d796-2bf5-5b18-9507-c6bae5d92947,550,BDT,Tk 550,,,UNVERIFIED
c3a7db49-8068-5ed6-a0df-735e89291bdc,b17a45f2-4a0c-5c44-8cb8-6e6063260a54,490,BDT,Tk 490,,,UNVERIFIED
c2af16d7-3a1d-5c65-955a-cd8efff5cd82,37573507-86a2-5e89-b273-02e9ef7afabb,390,BDT,Tk 390,,,UNVERIFIED
7d488bfd-0ab9-5f4a-8c28-88b03d10db6e,9224aa44-2082-5315-84f1-e9c72039161f,920,BDT,Tk 920,,,UNVERIFIED
32900a68-6f14-5a09-a6ff-85b8fbada11e,d1327457-a7cb-5743-89a5-8e072d4156ce,950,BDT,Tk 950,,,UNVERIFIED
87a5c1e0-df79-5b58-a155-7f4feba97ebb,c9e6c9bb-c022-5b49-8594-5523f0b6a59e,650,BDT,Tk 650,,,UNVERIFIED
a27b5e88-2739-5345-8d5f-20686b818165,d17c84a2-e800-5268-b81f-514e290d0ba9,950,BDT,Tk 950,,,UNVERIFIED
c641849d-395b-58a3-92b0-75ef5edecd54,594ca25a-374a-54f6-8f99-fcc4b42fff7a,890,BDT,Tk 890,,,UNVERIFIED
b1b52926-c6c6-5c1d-8381-168dd1f6ad49,dfa11cee-a10c-5a0b-80d6-acbecc445c7b,600,BDT,Tk 600,,,UNVERIFIED
1e4f22d4-4ce9-5b41-849f-86c9c1220958,2635697e-05b7-5a85-ad9c-a054751d7617,750,BDT,Tk 750,,,UNVERIFIED
7b535c53-8750-55b6-b98b-d1f4115f3d14,f505e813-c0bc-551b-a708-5af4a9e0d23a,700,BDT,Tk 700,,,UNVERIFIED
cfb00d82-233d-5c41-8f88-1edb7f5c4bb3,14691ce1-d979-55d9-a697-9f627f3fe478,790,BDT,Tk 790,,,UNVERIFIED
8d7aa8e2-c574-5f84-93ae-2a0d79cc03ca,63a35043-32ab-5185-8a7e-9d5e41535e3b,750,BDT,from Tk 750,,,UNVERIFIED
7f02f06b-4aba-5145-9e4b-fcc7b6655cf7,0512d977-2c59-5879-be62-6cbcdc4ccc88,350,BDT,Tk 350,,,UNVERIFIED
ab244773-e579-57fd-92df-826b84d0855e,783203e6-51c6-5652-bb08-2d6665abb994,550,BDT,Tk 550,,,UNVERIFIED
f44039a3-f674-52a4-acf7-e539180e50a0,04e22bfe-2ca2-5a09-9f08-6220afd7e8cb,700,BDT,Tk 700,,,UNVERIFIED
086f19fe-029b-5872-9b2b-004686887207,c011f323-5f48-5e24-9ed4-3799c4f0a783,750,BDT,Tk 750,,,UNVERIFIED
1c30e7a2-a81e-54e2-aed0-87387e5f2ec4,c60c856b-c501-585d-bdef-5ab9d11212e0,790,BDT,Tk 790,,,UNVERIFIED
a2355936-f4f8-5133-9d82-0c5e7449b1fb,7a0fa9e7-f14f-52b9-ba90-a7961edc0a7e,650,BDT,Tk 650,,,UNVERIFIED
9ba79da9-e370-589e-a23d-d23bc66f61a4,688f359b-c165-5622-b3da-7118ec87609e,950,BDT,Tk 950,,,UNVERIFIED
cc2bc491-1f83-54a8-b953-1983113c5cfe,b9c40618-de82-5875-9d84-3977365b97bc,950,BDT,Tk 950,,,UNVERIFIED
4bd94f5e-e94e-5fbe-adce-178ab1ac285b,decdbb2b-b3e5-5b0f-ad33-6bd448dc02a8,980,BDT,Tk 980,,,UNVERIFIED
04537ff8-a1dd-5ee8-b236-5dd7d7af7bfa,0846f9b3-3cc0-550c-a47b-23d8895eb4b6,770,BDT,Tk 770,,,UNVERIFIED
0a2fb082-69e5-5e74-b495-f5892e4a34bb,764781f0-9f98-55d0-bf04-a16e205cbb7d,780,BDT,Tk 780,,,UNVERIFIED
dee04eb4-2dbe-58b6-b976-76424e43ecbc,d6a8e1f9-c210-53c4-abac-ec8c6fa8dd13,820,BDT,Tk 820,,,UNVERIFIED
b8a6bb8e-f87c-5f38-98f7-ac4506b3bdeb,d9845db5-3115-5ffa-ab95-4065747a00ee,950,BDT,Tk 950,,,UNVERIFIED
9af436da-961b-57b4-964e-ffc4a3c8421e,b4a1b03e-3fb8-5a34-9e0f-ca4612aae9b8,1050,BDT,"Tk 1,050",,,UNVERIFIED
70f2f3be-c226-58df-9d6a-5a9ffe9cdfbf,8d340d0a-2166-582d-a45d-1eba6a6e880a,940,BDT,Tk 940,,,UNVERIFIED
321b3817-8555-55f8-8fd5-77b84690b9a5,c8eab31a-a388-5d40-9a5d-17ef0fd3f3e8,120,BDT,Tk 120,,,UNVERIFIED
a04de65d-46fd-5611-b6b5-e0cc3f20f46c,2497a980-ee4b-5536-9a73-569f7c8c9553,130,BDT,Tk 130,,,UNVERIFIED
3d11bb8d-12d4-5301-ac79-22f30749c4c3,0d078418-2946-552c-8e68-8fefd2cfda20,1800,BDT,"Tk 1,800",,,UNVERIFIED
956f25b9-ab85-5872-a12f-1bcc6312d702,6c1b6c39-a543-553b-8df7-486b952c3c53,1890,BDT,"Tk 1,890",,,UNVERIFIED
a7378c8f-e792-51b0-8ccb-2dfce49348b2,c1fec3a5-4f9d-52b8-9e45-5b0ebc00e9ae,1790,BDT,"Tk 1,790",,,UNVERIFIED
55f30c5e-10ed-55f1-b469-e8899b06d1a3,68c341dc-8587-50af-9aa9-beb6f64c7d8b,1710,BDT,"Tk 1,710",,,UNVERIFIED
d3f2f54f-b985-5984-8c65-4ea45851bb53,d4678e4b-e223-558b-b983-4a2cd117c4a6,1150,BDT,"Tk 1,150",,,UNVERIFIED
658f429b-4b19-5a46-b8b2-534318fa161a,b6fd851b-96d4-5d78-91d3-47656484b973,1550,BDT,"Tk 1,550",,,UNVERIFIED
36c5828a-0cd9-522e-9667-d29fe5d08788,ab2e8f77-0efc-5ef3-b4f4-4623294d896b,950,BDT,Tk 950,,,UNVERIFIED
907c32bc-b4fc-5632-9eb5-5f09367f86e1,9216a2c0-7318-51a6-a2c0-5d0f7774ce09,790,BDT,Tk 790,,,UNVERIFIED
eee5f268-61dc-5cd1-9075-47d3146032c9,579ec72c-1e2e-5588-a8a8-d34cd2e8f3b2,650,BDT,Tk 650,,,UNVERIFIED
9026e853-b42a-5999-b16b-339e05af9d1c,a0a9d9ed-978f-5449-9f2e-ef35224eea8b,760,BDT,Tk 760,,,UNVERIFIED
4bdb52e0-2256-53bd-b2cb-2e01d71e6086,04ed82f1-9284-5a33-8e63-f59847715a53,950,BDT,Tk 950,,,UNVERIFIED
18da509d-87cf-5d87-8a63-8b6f3784fdec,1bb86fd8-5438-57d0-83ae-f6002a0d096c,890,BDT,Tk 890,,,UNVERIFIED
7a8bffc0-2c8e-5a59-a178-bdc28d6ae27f,90b2c2b1-a7f6-5e48-9d2b-d05ff3d9eecf,1550,BDT,"Tk 1,550",,,UNVERIFIED
02339505-223a-55fb-844a-81d04c79ce19,4d361877-2879-5632-b0cb-ebf2d2969c54,448,BDT,448,,,UNVERIFIED
d428cf3c-0b9f-5adc-80e1-5d275950ba1d,7edd9c8a-0e54-5331-80b0-13e2deadfe41,400,BDT,400,,,UNVERIFIED
e0e44e4c-9e38-5d75-bbb4-14ef072b8456,ce12432c-bcda-5451-8b7b-d0e9e61acfd0,510,BDT,510,,,UNVERIFIED
4d52770b-feb3-561c-8307-6d2d1445ad3d,40f642b9-525b-5178-a77b-942393a95de4,450,BDT,450,,,UNVERIFIED
21e4739a-22c1-5bb8-bad8-6003420044a2,cf890f0a-3687-5d50-a348-7c573dde0491,715,BDT,715,,,UNVERIFIED
5bab1894-aca8-5bed-a7f5-9ed151e4fc38,2ee986a8-6bbe-57b3-9c8b-2c09a1f7e3cc,450,BDT,450,,,UNVERIFIED
f333e4eb-3d9b-571b-a916-b789d9ccd1a8,076ed983-566b-5836-b28c-8b8693e141a6,715,BDT,715,,,UNVERIFIED
a4ee53a2-8988-5e96-9b6f-2733b830db53,3717367d-fee2-5acb-ad00-5d820f089cab,448,BDT,448,,,UNVERIFIED
70587e1d-6750-56fb-b24e-a17d3f21af84,b6c1f548-84b0-500e-a187-3d8000a2a129,378,BDT,378,,,UNVERIFIED
78cb3dac-9a63-52b0-bac7-64b60c56a7df,c03569e7-d5be-5063-8461-3647619ad219,375,BDT,375,,,UNVERIFIED
24c294ef-ac08-535a-a077-67ea9b510815,ef936474-80af-5ae8-9d45-b2c928f19db8,275,BDT,275,,,UNVERIFIED
6b27ea39-f380-5b6c-a5ca-9f55df091d58,060c47e0-e476-5bf8-869d-5e3e7861b0bc,375,BDT,375,,,UNVERIFIED
6c4f86ad-4c3d-5a79-acb3-57725b9a9439,2497ffc5-b73d-501d-8210-9af52bda4254,378,BDT,378,,,UNVERIFIED
11428e3f-6bc8-5275-890f-ca45a0c1ea23,fe90f419-65eb-5aa5-a141-7e14088559fd,275,BDT,275,,,UNVERIFIED
03a9d9b6-2d45-5ba0-900c-9c7835c36776,49147f3a-8b3e-5607-8b85-79591df8e27e,270,BDT,270,,,UNVERIFIED
8350652d-2a1f-5e50-887b-2f8d2a74bb30,4dffd06f-eb15-5635-ad04-af566c083365,450,BDT,450,,,UNVERIFIED
e354137c-f1f2-5fd5-af88-faa15b823559,83d39d45-4458-5940-817e-c25f881d68a9,240,BDT,240,,,UNVERIFIED
24096ef3-1954-5242-ae8a-41498dbf23f5,819908ce-0a85-5626-9576-767361228da3,520,BDT,520,,,UNVERIFIED
f9f86899-6edd-5383-a5d6-f407dbd868b5,4dad9662-d8b0-5191-828b-7618cb71c509,510,BDT,510,,,UNVERIFIED
2f1515dd-61c6-51d3-9fbb-bbc6b0c8c02e,741ef7f3-fa95-517b-b8f3-89073c0fd9a2,480,BDT,480,,,UNVERIFIED
6fe49d61-3286-5efe-9d7f-6c8daf647b43,d9c8f161-a555-5e68-a3db-4926362773d0,480,BDT,480,,,UNVERIFIED
46315c60-20fd-5411-aeb0-dfd234226eae,6243b56b-5546-5904-9742-31f706c971e9,450,BDT,450,,,UNVERIFIED
1bed2234-794f-55a4-977d-1fafe92c66af,f05b6f6e-c0b3-5692-babc-35a16e41d25a,400,BDT,400,,,UNVERIFIED
25ebcb75-d0eb-57ba-9c85-b7bd7f50c62c,ae0b36ef-86db-5648-8c1f-88a7fe6dd409,510,BDT,510,,,UNVERIFIED
5975e36c-cc07-5823-9fb2-a584b015818b,3da7d38f-9228-57f2-af19-0194ae70a257,570,BDT,570,,,UNVERIFIED
f938c0b4-a611-5f47-ae96-eb6f0df1afd9,833fe791-d6ae-5216-951b-c50b16dacec7,400,BDT,400,,,UNVERIFIED
b3118cf0-a324-5588-bcaf-ff9ce5bbd6a1,b773e329-e103-5908-83d5-fac874021352,510,BDT,510,,,UNVERIFIED
12205876-ede6-587b-9dd4-d609db00fe1f,f3a2fd3d-4aea-5e79-91bb-46ab8c1d80ba,300,BDT,300,,,UNVERIFIED
a3642317-103f-59c2-9362-08a8ef9f430f,53203781-a5a7-5659-be0b-812c808919ae,270,BDT,270,,,UNVERIFIED
e3e32272-5a99-51d7-b83d-29c63e139dc2,9d40ca55-2ae0-524f-98b2-5845c924c2b7,300,BDT,300,,,UNVERIFIED
5c363616-057e-5e30-9d91-d1fddc5cb1b8,35af5407-ccc8-5e82-a428-0c7b72d2de40,240,BDT,240,,,UNVERIFIED
11210532-c542-505b-a287-f763f260743b,1e8795a4-5d38-57c5-9328-4b4972a9811e,380,BDT,380,,,UNVERIFIED
bcf2164a-1385-5fc7-90f7-f3a38c4bce87,41b98ad4-058a-5bff-b690-9c94ece7d350,240,BDT,240,,,UNVERIFIED
ae41111d-ee76-54e1-86ca-dff4a52fe1c3,ae58bdca-45df-543d-a396-19430dacb705,250,BDT,250,,,UNVERIFIED
b3860c2f-408c-561f-87ea-915bb39934b2,bafd089a-c978-5e32-a74c-fdc3e8dbc819,300,BDT,300,,,UNVERIFIED
8af452e4-124f-5c59-ae3c-65dd36d07e02,53f977e4-bd53-5c5f-92eb-8754aae71f40,380,BDT,380,,,UNVERIFIED
be56cc25-ee5e-5b38-b5a1-e760af7168af,ba13e742-31df-559e-b320-07f82eab0df1,350,BDT,350,,,UNVERIFIED
953ed246-af18-5c44-b6f5-c583b8969489,9f523e0b-a367-5ab8-93c4-ea6acf3d5de5,330,BDT,330,,,UNVERIFIED
d077fc25-3249-50b6-9f48-de2a657a88ec,f130bab6-2854-5640-8592-0e1b80b3b5a3,350,BDT,350,,,UNVERIFIED
4402f505-d551-5bdf-a7de-46b93c03f048,ed7e3096-6342-5ec2-8f38-17d1e44f430f,280,BDT,280,,,UNVERIFIED
b5952270-f30c-5ce6-ae94-bea9eedb906b,32904145-428b-54d8-aa95-bb8739641e37,170,BDT,170,,,UNVERIFIED
7935218c-b45c-5fbb-9694-aa2fb79f4302,696b94a5-0477-5f31-8e93-5d6d9740356b,150,BDT,150,,,UNVERIFIED
e64f9aea-50a9-5840-a8b2-b922e72fd5a0,dbe7dee5-b6b6-5864-b07b-f9e751b0226b,80,BDT,80,,,UNVERIFIED
6652a5c6-9010-56c0-9993-0afe9717fa7b,66e7c92d-8314-595c-bfe2-dbeba9513ab8,80,BDT,80,,,UNVERIFIED
228c4db9-cadb-5bb0-9d01-ec3aeca8d7b5,a6ae3a2e-49f4-5e52-b1e0-224202fb4673,120,BDT,120,,,UNVERIFIED
58a7b5bb-988f-54e3-912f-f6985ed33d2c,1eaff2a7-ca35-500d-818a-3c9b4765357a,160,BDT,160,,,UNVERIFIED
82103112-d505-541b-9e42-c420932d662d,e89f2c3b-992a-5665-bd33-29b081ad9d89,170,BDT,170,,,UNVERIFIED
e8fb6390-0a55-5992-984b-a23e1fdf86dc,d77c3b5c-71b5-5385-92ec-b46e2fd20683,380,BDT,380,,,UNVERIFIED
dc43040b-c104-5c92-befd-a63200d130da,17f586fc-7dc9-5681-8164-601187fa545f,350,BDT,350,,,UNVERIFIED
2e1eebe3-bc70-57cb-afa4-fa7669db7c6d,fb349201-e345-5492-b12f-6cc0ae8b011f,380,BDT,380,,,UNVERIFIED
6118646e-5587-5dbb-b2f9-e59205a4dc7f,7f8834ad-02d4-50ba-86ab-0e035a8aa855,390,BDT,390,,,UNVERIFIED
07d75c1f-0164-5b93-a6de-3720fa7c3bce,9c6edb15-74c4-5a99-bc91-f14e272fbf81,390,BDT,390,,,UNVERIFIED
64be328c-2cf0-5119-b570-fea506f45ea6,6ef76c3f-e956-5988-9e43-fdfdf61b4ca6,120,BDT,120,,,UNVERIFIED
2bc94448-2a4f-59da-b738-234a8b60f710,5d80b8fa-fab4-5ffe-85ce-56d00e87e60a,90,BDT,90,,,UNVERIFIED
d3a96b44-e237-5322-9bc9-8132b37c21a2,aa70cf59-afdc-5cd5-bcdb-cbe3843e0e62,110,BDT,110,,,UNVERIFIED
eabf59a4-3c89-5a7f-a3e8-798b6606ea67,8a0794d6-f2a4-55d1-a168-17375f40704a,120,BDT,120,,,UNVERIFIED
520a6257-83ac-5df0-beb3-79db408c8afc,cdef3cf6-be92-57da-9836-40480d48bded,120,BDT,120,,,UNVERIFIED
49d2da61-16a1-5de1-924e-24abc53d706e,3783170c-3b3d-59ec-a389-44f794c61b60,120,BDT,120,,,UNVERIFIED
d273a813-0358-574c-b56a-5a6a59f2e336,57cff673-dceb-5c70-a76d-7408fb991a31,220,BDT,220,,,UNVERIFIED
6a4955c4-c36a-5f5e-aa05-32cc031fab75,1fd893e9-4cba-5b49-b344-07db825a6af4,380,BDT,380,,,UNVERIFIED
7ea15032-711f-5cfa-929e-3b19696989b2,431f216a-e2fc-539e-b647-8a387c633d0c,390,BDT,390,,,UNVERIFIED
4f0e074f-486e-54f0-9834-0091d54eaf6c,ac16310c-f4c0-580e-b584-8ec7ce742eff,410,BDT,410,,,UNVERIFIED
3885e224-4ff9-572a-a576-e89a4925414b,483a6530-532c-562f-86a4-939feafcfcd3,230,BDT,230,,,UNVERIFIED
aa1724b7-2062-5854-bdb1-bbade6005768,f735ac65-b124-5104-af8f-bb1f25c40421,320,BDT,320,,,UNVERIFIED
8089a1a0-c724-56bd-b552-8ab6f711ede5,be3c39dd-634c-58c2-8b15-42c3ee9df0a6,480,BDT,480,,,UNVERIFIED
24fb3afa-6c86-54d8-8b30-a4053ba19d6d,600071cd-1819-58e5-9a92-2059dbd959e3,500,BDT,500,,,UNVERIFIED
26ef8e33-656f-518a-8273-0c8d04a3aa48,9ad832ab-a612-5fd2-92d0-371246b9bbe3,595,BDT,595,,,UNVERIFIED
de7b0271-bc2e-5166-9588-32bd23f4996a,a8185782-d966-5ec8-98a0-d81645e752c7,530,BDT,530,,,UNVERIFIED
aa7b1871-11f7-5067-8acb-eaf8fc988188,f544ee52-2294-5944-9249-9bcc69b75858,560,BDT,560,,,UNVERIFIED
fb86fb82-90e7-5b63-9db7-54d1314f7454,34a86b91-7e91-5dec-819c-bfe095625c8c,520,BDT,520,,,UNVERIFIED
5fa1a89f-1e30-5549-9de0-6c00cda48c6a,07f9d31b-8a81-5420-a85d-0255fef27b66,485,BDT,485,,,UNVERIFIED
b62a8df3-13c5-509c-9cb8-f45f74cb36b8,96787720-d6c9-5621-87b5-849b345c7c13,500,BDT,500,,,UNVERIFIED
7e6e93a6-f3fc-5a64-8f1e-a1f3edda1662,b2361d72-0449-5188-a7db-3b3f0ab764c9,340,BDT,340,,,UNVERIFIED
2a60c4de-a4ef-5818-8ba3-face59856f4c,5b77158f-f148-5ec7-8570-b3358ff7938c,380,BDT,380,,,UNVERIFIED
d2b6f394-ba4c-58c6-bbe2-3f4e71fb19b0,21233c98-a2c1-5f0c-896e-7f01eecc3c06,370,BDT,370,,,UNVERIFIED
e7f0a0fa-7a1b-562d-86e0-78a988f4f107,df07bf83-17af-5192-9e60-6ef5267f489d,595,BDT,595,,,UNVERIFIED
8bfb126d-bf0e-5a71-b308-b989b320fd64,cb0f20d0-c6bb-5a7d-8dcb-482ec0dd063c,150,BDT,150,,,UNVERIFIED
f53fee7e-9d15-5a8a-9018-9531f52f5f68,ebb9c481-9cc6-50e1-bd93-5303b8559f59,500,BDT,500,,,UNVERIFIED
1ebb20f7-34a0-5deb-a695-7f31fb714b17,de8b1b80-f36b-56df-ab86-3abcd606c9d4,490,BDT,490,,,UNVERIFIED
49f4be7f-7487-5ddc-98c6-9d8d2b137d07,916f315f-773c-5416-8711-c69040b48ab5,290,BDT,290,,,UNVERIFIED
6d2fa98c-9420-5a27-af49-4d348bdcb4a1,5473466b-a1a6-58f3-b8fb-189a327d8be7,450,BDT,450,,,UNVERIFIED
0fe962e8-6cad-5d2f-a66f-2b147865a276,d14e00af-a37b-5c9b-8db0-47f2b33fd1de,350,BDT,350,,,UNVERIFIED
b79996f0-65ba-571c-a807-abd5d458b64e,e14a5b8c-6156-5abf-9573-bc0cefdd62eb,450,BDT,450,,,UNVERIFIED
a45a6132-dee4-51c6-9ffe-6a41bef2ff62,7532b44a-9bc8-5cbb-9926-48298497de10,320,BDT,320,,,UNVERIFIED
ffbd6499-cbf4-5055-b693-26db5317c4d2,295eb5b2-8d0e-5ff3-bf00-a4107322a6fd,320,BDT,320,,,UNVERIFIED
8996e7d2-7ab3-5a8b-8bee-6d13071a4859,c6a0b430-ed0f-519d-b087-737d7d156f2e,320,BDT,320,,,UNVERIFIED
2d5421f5-6c03-5e85-9ee1-65b09534d7db,21374e39-2118-5a6c-b202-a38340c849db,350,BDT,350,,,UNVERIFIED
549c2d69-cd6e-518e-83b0-b323482db40f,e243a022-e0d3-580e-807e-3062fee1b6b2,290,BDT,290,,,UNVERIFIED
6f9c65c8-1433-505d-a4a2-e4ee2d3e2a3a,01333a3d-6126-50cc-b92f-c96e755d7fea,420,BDT,420,,,UNVERIFIED
9c508b6e-7454-57f4-9c93-be50ee520a73,4b638f95-4649-5ccb-bb3d-281fa59ea022,480,BDT,480,,,UNVERIFIED
02f93cb8-17a3-5be6-b943-9d0c6573543c,84c29183-26ee-5888-b510-cc9df1540d68,470,BDT,470,,,UNVERIFIED
7ff2e8d9-a03c-5dc6-b5de-ccbcc49452d1,03bedbe1-07ba-598a-a352-9f9f90e3b154,400,BDT,400,,,UNVERIFIED
e6405ead-ff43-53cb-b7f4-51507e0b765f,f4e010e3-1de6-55d2-9cd7-8d97d9c94590,330,BDT,330,,,UNVERIFIED
b4b91aca-42f0-5163-acdf-a05c9490f0d1,46576b53-57c0-5ef4-94c4-3327dea0cde4,350,BDT,350,,,UNVERIFIED
e2c29a17-fb03-58ed-a921-439bcff894ab,3fedf7ec-011e-5002-942b-99959ac396e2,350,BDT,350,,,UNVERIFIED
3e7f80f5-500f-51d6-a7e2-f2694174ca42,af85d558-1be8-5265-98b9-ecdfc5ef40cc,490,BDT,490,,,UNVERIFIED
f449643a-2bd3-5a42-bfc3-43b70c8c2356,dbf9de79-681d-5aaf-912a-351bf3b6b4fd,1400,BDT,1400,,,UNVERIFIED
fd39055d-f091-5eb8-84bf-fd36bf778841,49f7fc75-d3e7-550b-b8e0-c9c4fa4f6ae8,1400,BDT,1400,,,UNVERIFIED
f1f82516-8d04-5b2f-bf32-cd950555f9fd,28446e02-72c1-5a05-b4f4-7bb83076f397,450,BDT,450,,,UNVERIFIED
81779f87-0522-55bf-aed3-47c46fab24ef,f159f895-ef0c-5039-bae2-dc71f3851447,600,BDT,600,,,UNVERIFIED
6917efdb-8b1f-53a3-8648-e4a7c747074b,1c0ce0a3-1bc5-5ae1-9ed9-47c38149289f,550,BDT,550,,,UNVERIFIED
400a86bc-231b-50c9-9410-30229a100b2d,ab7aac1d-a119-5790-9bea-f40cda005d59,1400,BDT,1400,,,UNVERIFIED
17e20084-313a-5f00-8ffe-6516b75d1d6a,4688cdda-83f6-52ac-ad43-c66aa96feaa4,725,BDT,725,,,UNVERIFIED
201115b8-ea39-5ef2-8bf9-8d647367d057,039b5b57-fbf0-59ba-8a17-20ee8ea8c8b0,580,BDT,580,,,UNVERIFIED
e3b62458-5fb9-5280-b177-3b231054d458,cd1ebf84-6387-5cf1-a8c9-9620bf02ac2b,800,BDT,800,,,UNVERIFIED
957811b2-b38f-515b-84be-5063d538cce8,3e12bd5b-4ac3-5db3-97ed-2bae88278c79,3200,BDT,3200,,,UNVERIFIED
27ab60b6-660d-5120-ab26-41bd18e5a47a,7c242da6-7c48-5580-becc-05830a026879,1600,BDT,1600,,,UNVERIFIED
d31da543-783e-591e-9b98-f556265e834b,08118890-6d18-5f32-9faf-dbbaa15a5e70,3000,BDT,3000,,,UNVERIFIED
4334ff64-7fae-54ee-9c8a-0241cab8b576,35f43302-0c38-5b8e-9a97-edf2cfea765e,1500,BDT,1500,,,UNVERIFIED
029b77b3-9840-58d1-aece-0e33fc878cb7,db9f90f5-d003-5db8-b236-191b32f6950a,750,BDT,750,,,UNVERIFIED
f5f0e740-4ea0-55f6-afd0-3301a99aa6f4,a2e46416-6660-5508-8dfa-8026e8d9f345,700,BDT,700,,,UNVERIFIED
4f6ce903-5737-5bc3-88ee-15865e08d286,e01f4da3-55ba-5102-a01a-7173439a9529,110,BDT,110,,,UNVERIFIED
cbd72975-aff3-53d7-9add-92f3d0a9f0ac,abf40798-6cbb-50f1-be6c-f903ccb3b50b,240,BDT,240,,,UNVERIFIED
5cff9a4e-67a9-59b1-8027-8c9dcb14d1dc,28e99f95-5fae-5221-8e90-9571a2a9f15c,250,BDT,250,,,UNVERIFIED
0e35f670-c31a-5914-b3f7-826da495403e,85850691-a993-5272-bb55-32af1df847ba,150,BDT,150,,,UNVERIFIED
4ebe6d27-44a5-5709-ab3c-97dc00c533bf,32954a34-3b66-5c0e-8189-e53a56327daf,200,BDT,200,,,UNVERIFIED
a888c6aa-e4c2-50f1-9b04-183ca87ac026,a038340b-720e-5760-943a-30bfcfcb1952,150,BDT,150,,,UNVERIFIED
4e0be0db-2259-5070-8f9a-3b3bd3980846,dfcf239b-bd8a-58fa-a741-aa21ee16a3ee,390,BDT,390,,,UNVERIFIED
21ada9ef-3681-5917-9e4b-8ae21a310b05,54028e39-24f5-564a-98bb-7fbd0809f76a,410,BDT,410,,,UNVERIFIED
1866d86d-3e4a-52a9-8ea4-897583f941a8,7d84dab0-0892-56d2-8717-29097e6e323d,370,BDT,370,,,UNVERIFIED
30fa96dc-76e8-57d1-b340-aa8f549d72a0,89fce816-f2e6-5d59-90a8-b861d541a42b,600,BDT,600,,,UNVERIFIED
4b2b6329-4ecc-50d9-9aaa-5e72682b4530,6a612615-2658-59b7-9574-cd6fc40c1239,550,BDT,550,,,UNVERIFIED
4df22545-1193-51e0-b86c-40e7e13952b9,8a614719-592f-5adb-9e70-00d1b65c3e5f,490,BDT,490,,,UNVERIFIED
6f8166e6-7654-541c-bb61-30da0089c65d,0f8e9b0f-aa56-5f90-bbed-3575de38f1e0,220,BDT,220,,,UNVERIFIED
68f9ce3f-27e8-5c3d-aa5c-257a36214c58,63c4b4d9-ae67-5c71-a209-17c569543a39,250,BDT,250,,,UNVERIFIED
0fa5c02d-5bda-5a2c-adc2-85f7eda7e46c,75d3ea9b-adb0-57b1-8ed6-4108c073326b,250,BDT,250,,,UNVERIFIED
e59750a3-2712-52e3-8035-213d4114d90a,569d68f9-90d9-5117-95a9-9fcffe40197a,220,BDT,220,,,UNVERIFIED
7f640d8e-a623-5f13-9517-94b922428b33,7538e09c-d43d-56ff-a8e8-7b8d719b729c,220,BDT,220,,,UNVERIFIED
2ca44326-5b19-5702-ab4c-613abafa0763,5e36c303-62d9-515f-b1af-2449f3552607,300,BDT,300,,,UNVERIFIED
a0c1d5e1-90ae-5f01-bfb2-db9f1e320b34,245d35e0-19d1-5d1f-919b-c7d7054d65ef,290,BDT,290,,,UNVERIFIED
4e9b6ff6-154d-5d14-bf72-fe0da2f414c4,9e263e1e-44f8-5b95-b3a9-29581e88738a,250,BDT,250,,,UNVERIFIED
c2fe0b09-50f7-5ffe-891b-27f0f76d6015,569c251d-b38c-576d-a1a7-db999077582c,250,BDT,250,,,UNVERIFIED
3ad96325-1758-5156-bf23-f377c17e50fc,7492a3cc-c9cc-5b5f-930d-3c22206b0be9,250,BDT,250,,,UNVERIFIED
8fe2e182-57bd-5614-8684-c635a1072fe7,183d0bbd-b7b8-5e5f-b73c-0a00e0d173f9,200,BDT,200,,,UNVERIFIED
e83cb5d9-fc23-586e-abbc-28df6cdaa3c5,28f89bd0-bd01-5dbf-8f21-40f979f378d2,260,BDT,260,,,UNVERIFIED
68c4dbba-b903-546d-a0a9-babe8cbcaf57,8ad48957-1a87-5ca0-97d7-0d6279475fa8,280,BDT,280,,,UNVERIFIED
4f406a59-b09a-5b06-ae16-1a0790ca6357,b7ee5a09-f367-588b-bf67-546a7e946fe4,260,BDT,260,,,UNVERIFIED
46e1b42b-2a9f-576c-85da-3757523db036,065e12e6-5f88-532d-8c8c-e747a9c24493,230,BDT,230,,,UNVERIFIED
8ff150d0-7a5e-5394-8962-d879a7720776,7be368aa-7e0d-5402-9ef5-e1e3feb9470e,220,BDT,220,,,UNVERIFIED
da84fa74-ac5e-513f-b997-932906ee38d0,e3d5aa49-498f-53da-a509-39cca6ecf21f,230,BDT,230,,,UNVERIFIED
e0e0e63e-507f-5fc7-8367-26903f986784,da7bf644-7aa3-5d71-8653-58916d8882c2,230,BDT,230,,,UNVERIFIED
109b7c09-3f4e-5754-bb0a-2b4b40f715d7,fb2321b5-00ad-540a-a040-e4f6f2106a0b,220,BDT,220,,,UNVERIFIED
e801b2e6-97b5-51b9-9a30-1ffeb2fdd838,30ce0520-9b86-5412-b6d2-842066fd5985,190,BDT,190,,,UNVERIFIED
13668716-fb1d-5bf6-b7df-d0e629c68acc,3b0fc0fa-5df0-56c0-9ce3-b48f065d1de6,390,BDT,390,,,UNVERIFIED
1e63c2c2-8281-53e3-9f85-d93c5b860298,4bea2f18-822d-52ab-b5be-b72f15d04e4f,310,BDT,310,,,UNVERIFIED
0a7a60d7-5dac-514a-814f-3080cca785b9,c3bfc943-81d5-5362-b63f-59f28e4b613b,460,BDT,460,,,UNVERIFIED
e44400ca-2538-5b91-b266-e40e9b4bef49,e21e6161-528e-5b68-9693-6d9b5a7cd63c,380,BDT,380,,,UNVERIFIED
47483398-1348-5178-b617-dbe5e265817a,930b9add-8a3f-52dd-aa3d-f97628da19c9,410,BDT,410,,,UNVERIFIED
8a1eba8e-3229-5fb6-a599-4ada37118877,4119a16d-9ba7-5a56-ad0e-c3725b9f12d3,390,BDT,390,,,UNVERIFIED
2778bfce-dbab-5f32-b5cc-182a6d5fc092,32de0160-770f-544d-9213-33b0eebcd9de,400,BDT,400,,,UNVERIFIED
9b7994f1-4103-5478-b376-81fdf5fa2b95,e040e593-a54c-53f3-ae22-63c99ed62281,410,BDT,410,,,UNVERIFIED
b98954e6-f5d2-54b0-909b-1a3272decb4a,a16fb5d3-481e-50ca-a6be-f66caf6404ae,410,BDT,410,,,UNVERIFIED
4f47219a-a7a8-58db-8b5b-14fbf3433ba2,ac2fa97c-4305-5ef6-958a-af8c85303ff1,250,BDT,250,,,UNVERIFIED
2fd36b58-ac4e-527b-ac4c-4c1f7adeafd5,1cc6efa6-819d-5784-93da-c6c5b306fc75,320,BDT,320,,,UNVERIFIED
681bcd24-59f0-5d4c-b5a0-23de014e328e,42b26cec-fb06-5e29-a3e2-70208c2758ce,190,BDT,190,,,UNVERIFIED
b7897d74-d8c6-5bc2-8fca-759c17f09b8e,17dc36a3-6062-55f3-b5fb-6ea3494fb89b,390,BDT,390,,,UNVERIFIED
c3fc7eed-680f-5231-b480-c70ad60dbc3d,95b1b97d-6cba-510d-9566-6e0ff5ab0a25,160,BDT,160,,,UNVERIFIED
5019902f-5c7d-521c-a086-7175d04e07cb,1d7b4f79-982c-59ce-ba43-7ba02f6e2484,190,BDT,190,,,UNVERIFIED
8de872a2-3dab-520d-baba-e99ef1a0ce8f,dbdbebcd-7a29-5acb-b614-92ff2aebbc39,190,BDT,190,,,UNVERIFIED
35a9df89-1be1-533c-bf8c-2c5bb04e2534,b2664b97-872c-5b69-9d7b-35dc4bc78200,190,BDT,190,,,UNVERIFIED
e1c9b494-c62d-583b-843c-0da32c1fb090,f852536e-3514-5c52-80d1-a2b3785e22e1,200,BDT,200,,,UNVERIFIED
5687436d-5a84-51b0-b390-14fbf51bab52,bdfdd827-aba7-5e7d-823e-24cf8163a31c,220,BDT,220,,,UNVERIFIED
405fe1da-0926-5b08-ac6b-b1f157fa7e4c,f12bfdd7-b229-5aac-a787-9252d803dd8f,290,BDT,290,,,UNVERIFIED
4f8288b9-2c2f-583a-922e-081d22fb8dff,6bfef4ce-4d01-56d4-969f-e644a5bf0e50,290,BDT,290,,,UNVERIFIED
211c29a3-c40b-58c4-9f40-e9d781ecc50b,886aef65-0e7a-530c-8908-bb52fe3985d8,290,BDT,290,,,UNVERIFIED
ad8a8f36-77c6-5f0c-bdfb-55426b55244f,3f02d65f-b059-5185-8e8e-d220601a4276,310,BDT,310,,,UNVERIFIED
1f142d64-f68b-5734-b172-95bf09e9faa7,1957ac25-0c65-538e-b027-339a04f37973,290,BDT,290,,,UNVERIFIED
c3ffce40-94e9-5fb9-bdeb-5751cd590d49,5eccdc4d-d541-58d1-be7b-237bae8a1b7f,260,BDT,260,,,UNVERIFIED
7622c8c7-79e5-5477-a6ec-95670a2e2e73,c8b0a20e-79a7-5364-a00e-cc4454dbceef,290,BDT,290,,,UNVERIFIED
f56ccf02-1722-5fca-9a3e-df3c5e42c2be,d93f7772-28ff-5f15-a297-c50f9de6c1d2,310,BDT,310,,,UNVERIFIED
d71edc82-478b-5e8d-859e-2e10f91fe801,aa5649ab-23ab-5123-b4c0-6935024f5a8d,891,BDT,891,,,UNVERIFIED
920cf495-b72e-5c2d-a57e-e610f0442feb,76f71bc7-38e1-57f4-a47b-d65bf444a5b8,1161,BDT,1161,,,UNVERIFIED
b17228aa-e1e7-5bb1-b47d-20be2899d9bc,1d0ea507-426b-57b6-9c88-cee5f3b2f390,1161,BDT,1161,,,UNVERIFIED
5a1a44f2-4c29-5bea-9c6e-b0da3c0c7f23,49d16546-8930-5fe2-a887-668498d09031,1161,BDT,1161,,,UNVERIFIED
94f67848-3ff1-527f-a8a6-fe373bc22b1a,00c289d7-d271-5827-b847-6b946dbebcac,1611,BDT,1611,,,UNVERIFIED
a41e6571-d1ef-54da-bbce-60b030db76c4,657236ea-fdba-5591-8638-4eb888ebe326,1611,BDT,1611,,,UNVERIFIED
ac51353c-bd96-5849-aa9d-15780aa873a4,adfc5de8-00f4-547b-b00b-50e11e722747,1611,BDT,1611,,,UNVERIFIED
581ee188-c53d-52ef-8b3f-e549b567c7fd,0ec62600-8539-5026-a64c-1e977bea150e,1611,BDT,1611,,,UNVERIFIED
56304df2-3a90-5df5-98a0-f61c0ada3da4,7e0472bc-0efd-5db2-af7d-0598b8929702,1161,BDT,1161,,,UNVERIFIED
a03e31a4-d005-54bd-bcbb-0aa8585d3145,168f308e-7d85-530f-be13-4ab9f0ffb2ce,540,BDT,540,,,UNVERIFIED
d241aa8e-a2f2-5788-8b61-63645baa6b48,e6a58408-e951-512b-aeaa-07dc116f11d1,540,BDT,540,,,UNVERIFIED
d65b2478-17b8-542f-959b-44fd9607254d,d1662210-c8f4-51f3-a51a-4fcc06400215,621,BDT,621,,,UNVERIFIED
7e3e0fb0-99e2-53c5-ab4d-eba985a9a1f7,7f1a30c4-55ff-59dd-8331-1494f12035d9,594,BDT,from Tk 594,,,UNVERIFIED
e26ba6e5-d3e9-595e-8662-c16291a78d29,f390917a-9a84-5f6c-8c65-f9e1d136b25b,594,BDT,from Tk 594,,,UNVERIFIED
65abdf1a-f3a1-5586-86ed-a19edfcd0049,5c557ba5-6216-5cdc-a5a1-b4aa8a7d4901,594,BDT,from Tk 594,,,UNVERIFIED
75e07848-33f0-5ff0-91c8-e44379e92807,a5cfe7c2-de84-5f01-8846-c3d930e51782,621,BDT,621,,,UNVERIFIED
978e4325-2c6b-51d3-8163-14c3459094eb,df7035e6-e0c0-5065-94a8-b1fd6523bbc1,1161,BDT,1161,,,UNVERIFIED
430a7204-9023-5267-b936-fc56ab39912b,ac650633-4540-5261-b6b4-33d2972b1620,801,BDT,from Tk 801,,,UNVERIFIED
5e5f2fbc-7b60-5052-99bc-0608d1845d54,7365113f-843b-5375-b9b5-5530722cb0e2,585,BDT,585,,,UNVERIFIED
6b8dfd11-94c5-5d7c-8a3d-ff089b902b60,603ed3be-9607-50bb-93a1-40df435c5f85,711,BDT,711,,,UNVERIFIED
a8b23520-c4f4-5408-82fb-49ee9cecb525,7d79040c-11f0-5602-bd66-22b0e0703339,801,BDT,801,,,UNVERIFIED
b764fe44-c2e2-5525-b18c-05d3c18798fa,10dfb906-c140-54cd-85f2-b3e8ccc744c2,891,BDT,891,,,UNVERIFIED
a4a00968-71d8-56e6-9af2-b5e0d934ea51,7a1f7bbc-7505-5bf4-8d32-c930da684c54,621,BDT,621,,,UNVERIFIED
d8375333-1d9c-5373-b644-2b94b8827fa6,d5d40350-94a2-5b4e-8cce-391092b959f4,801,BDT,from Tk 801,,,UNVERIFIED
896e0fa4-1ac8-549d-918c-85560dc1a222,6216f2f9-9282-53a6-85cc-1fc1a5d0d613,531,BDT,531,,,UNVERIFIED
9d3a067b-68e5-5527-874c-9888441ce833,efa6e912-90f4-5a1e-b8e7-cac7e5b13636,801,BDT,801,,,UNVERIFIED
1acc1700-1360-5c8e-b0a9-e9bf17f0a14a,cd3162cf-c76b-5bc7-b84b-a190195b7273,801,BDT,801,,,UNVERIFIED
ba0533fe-0890-5aed-8ce3-f37d8c120074,02b59a77-5c9c-509c-ac5e-8b12db00fe58,801,BDT,801,,,UNVERIFIED
6d29fb8b-f1ce-58c4-9f89-9f878d19c2d2,15f6ca85-d66e-56a1-b659-aad02ae0bf1d,801,BDT,from Tk 801,,,UNVERIFIED
010f6fef-cc1e-5a16-8c5b-21a47cc41eda,427ff3d2-c788-5928-91d3-7f84d5308f6b,801,BDT,801,,,UNVERIFIED
d542ff47-5cbf-5be6-9266-6cd62d9b980d,c2d1e301-629c-5dd6-a263-6748e14df5e3,972,BDT,972,,,UNVERIFIED
d0547419-f2f9-5882-b807-621e56e12dae,43cdae60-99fb-5a3a-8c0d-01c415959027,1071,BDT,1071,,,UNVERIFIED
2bbbd010-b899-57a0-b181-d182af904ab9,009a8c64-111e-54f2-84a8-7a39f934a60c,891,BDT,891,,,UNVERIFIED
86fc66c7-3296-5798-af79-1bd60be0b552,4bc4dee3-04ec-583a-b09a-dab79384af5f,864,BDT,864,,,UNVERIFIED
55b3660c-de97-592e-85a4-3a60793346e2,2853a800-14d2-5d60-a42b-13d6dc51c19b,981,BDT,981,,,UNVERIFIED
9bd731f9-af0a-5ff5-aa9f-8593b0422ecf,96966351-5ae9-5054-9285-0d46e9e2e2c1,711,BDT,711,,,UNVERIFIED
bf26b2c4-fbec-5320-9592-972f744d687a,59642c5d-e002-5f3a-a4ec-422a5850c119,711,BDT,711,,,UNVERIFIED
749b22b7-b298-519e-9a23-f1b2189e2855,787544e5-bf59-547b-a7df-6491d02780eb,1071,BDT,1071,,,UNVERIFIED
9f5d1f2e-ee88-563f-bda3-3d26546af72d,e9b0584e-8eee-5742-aa7d-5e13ce3c7f25,801,BDT,801,,,UNVERIFIED
2266ce70-f293-5104-839d-e139bd1c588c,782f718f-dd37-56db-8e26-39266a8b7877,801,BDT,801,,,UNVERIFIED
894a2d62-5fed-5c0e-8d4e-47b806690259,995ad5d0-256c-5c4f-bb37-420bc756932a,702,BDT,702,,,UNVERIFIED
442bed58-7f10-5cf7-8686-a2f4a8b0d2e7,ae853590-de2b-5f65-8461-31eb93777d3f,1161,BDT,1161,,,UNVERIFIED
9f824dc1-2056-50cc-b467-b8c48655e0b3,dc652c5e-ab71-5021-94ef-b3fd9920863a,1161,BDT,1161,,,UNVERIFIED
1715d894-8d00-5672-b1c0-ff2160602137,13d422d8-877a-5023-adb4-6f1b7be3f159,981,BDT,981,,,UNVERIFIED
a55f540f-96f1-522c-8801-e8f2fe6459f8,36aa54ad-c6b3-5c2c-9f7b-faf63485ee16,1161,BDT,1161,,,UNVERIFIED
3477477a-98bc-57a3-810f-dacf3a61df77,fa614160-283c-5d98-8078-7f4942d57569,981,BDT,981,,,UNVERIFIED
3f29e8d7-470b-5762-a7d4-bd07e2fdf55f,0dddf087-8118-5361-92b6-5040d9845238,711,BDT,711,,,UNVERIFIED
3cbbe047-b681-59a0-952a-1e0e140c5415,6ea5b3ac-47d2-5f76-b7f2-3e968c43f5ec,711,BDT,711,,,UNVERIFIED
c301c986-6793-5b0f-92d9-82b55cf33c7f,becb5ece-9e8c-5cc9-bda4-4853a00746fb,801,BDT,801,,,UNVERIFIED
edd20ec8-9a3e-5e4e-ad42-17ed33e25f75,6600e2f0-e195-54b3-b968-9161f4ee383e,1161,BDT,1161,,,UNVERIFIED
9819c1d5-a1a2-5d4e-87bb-f85ebde88528,d944b8e4-f44e-5778-a427-c09b7f142f4d,1161,BDT,1161,,,UNVERIFIED
eed07776-1d0a-5ab1-83aa-123f4647c792,39e2fbf8-c496-515b-ad75-d1cec5ff1d57,891,BDT,891,,,UNVERIFIED
fdd991f8-0f00-57ff-94e7-3e0059e086d0,a9c5dcec-a55c-527b-974a-20fd2ab535bc,1161,BDT,1161,,,UNVERIFIED
04db8124-8646-5d40-b99e-027d4057f4af,d0e94de3-432e-5657-a47b-9b10a29876d5,1071,BDT,1071,,,UNVERIFIED
8bf98945-ef62-5f31-893f-78baefcb7b73,b640d680-87be-5700-aed1-9ba920a07360,1071,BDT,1071,,,UNVERIFIED
d281a06d-ced4-5ad1-8693-fc5811d2995f,d08bf2e5-4a5a-5e3f-80ef-1061774da6d8,1071,BDT,1071,,,UNVERIFIED
2f81c66f-2d24-571a-8823-e538147c8cf4,13dc5660-38ee-55c4-9e64-d6f7ff56b9d3,1161,BDT,1161,,,UNVERIFIED
12c3d7d6-81a7-5f90-8b3e-b3bf6c956934,147ccd54-b3ca-5ed5-95e6-b6c7ba5824a8,621,BDT,621,,,UNVERIFIED
4bdb1d31-cf9a-5d96-9334-a7b12fbc6c89,d51b946b-4049-52f6-887a-8ad38b0d8b92,621,BDT,from Tk 621,,,UNVERIFIED
9bbb8603-c776-5a64-9767-e85688cf9f5a,fac2967d-903b-5f35-b29b-ff1fec11df05,621,BDT,from Tk 621,,,UNVERIFIED
0b808bb7-871a-50e3-b190-83cd8134e2fe,8505ffce-7348-5c36-85fd-1139bb94321d,621,BDT,from Tk 621,,,UNVERIFIED
ddf7947a-1cb9-5938-b6f7-ddee178765ce,db21a8a9-530d-5793-85f1-e8c7901fa923,711,BDT,711,,,UNVERIFIED
80516f9d-f41d-5dd5-b4f0-9d5336595a0e,62fff766-575b-55fb-823f-d5fb7159f3ca,711,BDT,711,,,UNVERIFIED
1778e0c2-92a1-5b3b-ab4b-d3ba843651cd,0f0d492e-cfdf-5e57-978e-e31a3b97a9b7,621,BDT,621,,,UNVERIFIED
220571bf-7be5-5476-b769-97ee525cbf9a,5b0473d1-2b1e-5471-ae21-3262fca5031d,711,BDT,711,,,UNVERIFIED
908fc728-80dd-563c-9354-d77458d118f1,114aad3a-26a5-561a-93f6-b5dd711cc594,711,BDT,711,,,UNVERIFIED
c9256ef5-4dab-511c-b98f-dc11236fdc4b,9ad5622e-1787-5684-b2d8-747decb64000,621,BDT,621,,,UNVERIFIED
0511c58d-47ef-5595-a3de-77f3797b1280,1a8bc144-7296-5bed-a7e7-1ea97e0d2845,711,BDT,711,,,UNVERIFIED
9231d3cf-236a-595f-bbe5-8f0809d65757,a6537137-fec3-5fa7-9b37-f7f0ad61cc0b,801,BDT,801,,,UNVERIFIED
3452ff76-b6b7-5d6a-9be9-de735a367fb0,1d695bac-0520-5e6c-9c29-decd631b0e2f,801,BDT,801,,,UNVERIFIED
6960d0d1-5e99-544c-a0a9-6aae7641e7ed,aa71be62-26c3-50b1-8d6b-91fa51d88cb5,108,BDT,108,,,UNVERIFIED
d13f81c3-8cff-5eb1-8a30-4fd23515b292,11265bcd-3e53-5a0e-b084-091033d9bdf3,621,BDT,621,,,UNVERIFIED
713707f1-e742-5988-a9ca-5b3795b7921c,55b191df-9ab3-5f34-80a7-111d3ff6ce75,621,BDT,621,,,UNVERIFIED
1d215261-d784-5fbe-8487-3f1ea441ad2c,82644523-8dfc-59bb-9168-5037ab3ac345,621,BDT,621,,,UNVERIFIED
d563e3b3-6aaf-5da9-a93f-f048d41100c1,2fdbd9c9-661f-51bb-9114-6ad24cb4fe59,801,BDT,801,,,UNVERIFIED
ec497509-73ff-5409-9ef3-117b041f025f,88ea3546-c66a-5a7c-a1eb-f684b1cbc0d7,1791,BDT,1791,,,UNVERIFIED
4472839c-3b84-57ee-823e-8e90010f07a1,2666b7f7-a24c-5195-8b10-c1ac86f56ded,1071,BDT,1071,,,UNVERIFIED
5052849f-f86d-59e0-a83d-70902dbd1dcc,1d081ffe-f136-5a76-aef7-6da5f796ec00,1251,BDT,1251,,,UNVERIFIED
fc366dc7-adc5-5e9f-b5f1-922e8e656ae8,97e378c0-24d4-5adb-bfb3-7e0aed5fab78,891,BDT,891,,,UNVERIFIED
97bae55d-dd30-550b-a5bf-e1959d5afd19,57a31197-6a50-5bc1-bb25-731362142f4b,711,BDT,711,,,UNVERIFIED
ee7f882f-4c09-5159-8289-09ee6df972a9,dc195e89-2721-5981-a253-87c988b921fb,801,BDT,801,,,UNVERIFIED
75444991-5733-59ab-9d66-b227f14720a1,d562d40c-8898-5add-ba91-c2b461ff1d14,711,BDT,711,,,UNVERIFIED
67d45d12-fc92-5c09-a385-685b16bd10e0,b6e21357-8695-57f9-a080-5ea3b43b8a22,792,BDT,792,,,UNVERIFIED
a6ab7f70-aef9-5035-8a4a-2890e07fdd3b,72dfb83e-adc3-500d-adde-80b7913abec6,801,BDT,801,,,UNVERIFIED
ee313806-a5ff-5426-ba4b-232e7590e5fe,e0dd54be-7a2a-5e46-9393-dd550108aa61,675,BDT,675,,,UNVERIFIED
5bc0267a-4887-5170-a0a7-cbfa7433d010,66b869b8-ce6e-5f2e-a5dd-304f362cdcbc,801,BDT,801,,,UNVERIFIED
649c75ea-ee3c-5726-8cb8-ad8d8a8b1b02,f6a67a72-49b9-5b44-937b-145700fb9d3b,981,BDT,981,,,UNVERIFIED
19e561ee-1cad-5d28-bf3a-e62d20c3bc48,888b3ed0-4887-52f3-a752-f5f55ff3d26e,801,BDT,801,,,UNVERIFIED
25bf65ec-fa4e-5a12-a9de-3d1355040e36,d717b84f-98c8-55cb-9571-ea4b486b656e,801,BDT,801,,,UNVERIFIED
34c6a62f-f669-57f6-818a-3cd7a4a3af07,e94492b5-3b47-5904-8349-6e4c510407b2,801,BDT,801,,,UNVERIFIED
79e6eaf0-72be-5b49-8aae-23107bf7015c,dd35be13-e95f-520a-8812-695c34f2d415,711,BDT,711,,,UNVERIFIED
423e0f76-496b-5ebc-abcd-dec2e4eee6ae,759432bd-929f-56f2-8328-226df0239e13,711,BDT,711,,,UNVERIFIED
4823b6d0-7c6d-5ef5-8519-0077ae327c12,97158255-a00a-521c-836e-ab4a827c914d,675,BDT,675,,,UNVERIFIED
528ec944-a670-55d8-9f7e-474c1d16bab3,603131d3-4034-5856-a754-696ba30e5c35,1341,BDT,1341,,,UNVERIFIED
aeccec5a-74b3-54aa-8137-01efd0521798,845c9c3d-c36a-5d49-8106-81524a678dd9,1341,BDT,1341,,,UNVERIFIED
31247cf0-519d-5195-ba61-964f754e758e,3cec7cff-6397-5613-9ce5-b8e34c4954e4,1341,BDT,1341,,,UNVERIFIED
db358e11-77d8-5515-8ab1-90b4097d66dd,1ba524fe-41a6-57bf-8003-7ea51baee42e,1161,BDT,1161,,,UNVERIFIED
ce4bf732-75e9-57b4-8f25-c05b78df0243,71ca8f99-41b3-5443-b4d7-b59468123d15,1071,BDT,1071,,,UNVERIFIED
3d4a4346-6d08-5b78-afed-25ec1d44446e,9fef4585-7dca-5cb6-bd58-0b1de408855b,1071,BDT,1071,,,UNVERIFIED
fa52f238-050c-5344-9f2e-faa21821820a,e0517617-bae0-52ee-9b0f-356cc8e65bef,621,BDT,621,,,UNVERIFIED
7a4a90a5-aaa8-548e-b924-8e549629f0c2,d473278d-b372-5c9d-8d67-241b5804cead,621,BDT,621,,,UNVERIFIED
6e372182-fb91-57ef-8ea6-3f42518843dd,c31de046-c10c-5e53-86b8-754b77c5467b,675,BDT,from Tk 675,,,UNVERIFIED
dc1f3da3-30ed-5cdc-8fc4-319fb5dbef32,972e596a-3823-550b-908c-87efd3195e93,621,BDT,from Tk 621,,,UNVERIFIED
1975a087-ef03-52f6-bd87-5fa2df196293,c2416afc-dbb6-5148-bb73-9b33ce7732ee,621,BDT,from Tk 621,,,UNVERIFIED
4f837c3c-b401-54f4-b8b1-83fc60f11f49,ab48cda4-4de9-58c5-b8ec-a689b3e221e5,675,BDT,from Tk 675,,,UNVERIFIED
526c8cfd-81ef-5844-87ee-4656c5a3dc0b,b2699633-917f-591f-bc53-1c7b3cc497db,621,BDT,from Tk 621,,,UNVERIFIED
33528939-2ac3-5074-bfec-3d73f75b15c8,7e22e8ee-27c9-518b-8764-ae04311f59aa,1071,BDT,1071,,,UNVERIFIED
0c3ea77b-05e6-5e0f-a0a8-5ed67064fe3f,799d6a22-d97b-53be-8132-a152b2d06f66,1071,BDT,1071,,,UNVERIFIED
752662db-4898-5c2d-826b-ca7b343ff76b,e2eb58b6-5505-5863-be59-367f7f2b7eb9,1341,BDT,1341,,,UNVERIFIED
b294cb10-a9cf-5417-b696-c1f69d0fef88,318d53ea-b003-5044-a2ce-6e4eede1528a,1071,BDT,1071,,,UNVERIFIED
69b8c82e-1da6-5f77-bffa-e2fab5cf8270,e2e120cb-da8e-50f4-807c-8ef0533abd05,891,BDT,891,,,UNVERIFIED
9794633b-5d87-5dd1-80c8-aa1209d72bbe,d1e32db6-eed6-5664-b1ae-210fcb2de174,801,BDT,801,,,UNVERIFIED
439b2a03-8bd0-57f0-9115-33550903f8a6,a934044e-c70b-5c4c-9a05-6a3e067531d9,981,BDT,981,,,UNVERIFIED
738dd4c8-2fe9-583a-9f13-a854b9942287,a3fc2ddb-eb8e-566b-8bf5-0acbf327583d,1071,BDT,1071,,,UNVERIFIED
3f15e79b-4782-5ec9-bed3-376c869428ee,f439f9a3-8bb6-55de-87d0-284c7e599f91,711,BDT,711,,,UNVERIFIED
7378faa8-aa5a-53d2-849f-faf4ba228632,2c9b715c-af16-5e30-9116-24797b815866,675,BDT,from Tk 675,,,UNVERIFIED
837db0f7-d037-5422-b17f-e8294cbb95c4,c0d6dd45-e627-56a4-870e-db11cd5a6b5d,675,BDT,from Tk 675,,,UNVERIFIED
fa106ff6-9d5c-56a2-bbe8-7e9c87e60bbe,868815a8-8155-53c9-a4df-67319d7138a4,1161,BDT,1161,,,UNVERIFIED
2ef7ccd7-ae4f-5bcd-ac04-49137f415c43,bff51ca5-71df-5105-a780-0764d1765c82,1161,BDT,1161,,,UNVERIFIED
10b2d4b2-b271-56f1-92a1-eec444d1819b,d4ea14ef-54f6-5f3e-847b-2c037cf3b6a5,1431,BDT,1431,,,UNVERIFIED
26c3abae-1379-50b2-8e6f-a54567fd9607,b5b4696f-4272-543d-8909-c4b19958abd9,981,BDT,981,,,UNVERIFIED
f1f5bf75-176e-547d-9df8-25cc45123daa,297b56ad-1f06-52f8-9534-b21f33ff4211,1611,BDT,1611,,,UNVERIFIED
ef438efa-3932-5747-9a82-e16a0372c13d,f13d7b5d-dd8f-5393-9758-1d489fca2d46,621,BDT,621,,,UNVERIFIED
33ca9287-d6f0-5496-97df-8f1958ed26c9,d589d633-a635-5fd4-b8c9-169787e913c5,1071,BDT,1071,,,UNVERIFIED
8c522530-e0c3-587f-9d6d-795069380f7a,856cee98-1091-57cb-be9d-370d6cc841a4,531,BDT,531,,,UNVERIFIED
bef6a9ea-fff6-5f5e-9244-0eb6ed843451,1b3ec3b5-7790-5c12-b98b-4fe475a5c46a,882,BDT,882,,,UNVERIFIED
dbf07834-0362-57ae-ad37-913c52203379,e76b01fa-1a7b-5e46-af35-09e76539a930,621,BDT,621,,,UNVERIFIED
afe0035d-0750-5d9d-bb42-7fe02f49acc6,862d0de1-e0c7-5e29-af65-fa0d8bdfecbc,621,BDT,621,,,UNVERIFIED
7bc0f548-d6ff-5e1e-a99e-a4e2a25880c6,cbfc0de0-037e-5a8e-b22a-1fd728a82cad,711,BDT,711,,,UNVERIFIED
056b4608-c64d-5fd2-b8d6-21090176d350,8647da01-3d4a-5f89-b32d-19c49382a049,801,BDT,801,,,UNVERIFIED
ccc8fa84-2f0e-5363-9aee-f3405070e33a,b8207157-1f7e-58fb-acc7-88feeb1e0786,1071,BDT,1071,,,UNVERIFIED
0afc6b07-a8f4-589d-a458-7ce85aae9487,f9473d96-aae1-5f0c-8504-acc9e852f8d4,441,BDT,441,,,UNVERIFIED
82d7fdfc-af3b-5ee5-b722-a2ba93d37f48,181385aa-f056-5589-8fe6-73e902789e77,621,BDT,621,,,UNVERIFIED
3464130b-bf40-50e4-9985-861a908cfaf6,a8556917-8256-5614-9348-081b98bcd4f9,1062,BDT,1062,,,UNVERIFIED
f84af2e2-ddb9-5187-a2a6-47f44b1ebcdd,63616065-8ac1-5cff-aea0-bcfa2e9b3b76,1071,BDT,1071,,,UNVERIFIED
07261196-d711-58dd-9f0c-9858478df5a5,700c6c9c-eb77-5aa4-8ca5-b546ca4eae31,351,BDT,from Tk 351,,,UNVERIFIED
dbe7de07-1101-5238-9b4c-faf7aae927af,5fe62ade-d775-5819-a889-099b0c3ec770,621,BDT,621,,,UNVERIFIED
8845dcae-e4fd-59e6-8cb6-5e234b8a32d4,f9b2e26b-fed4-5f07-b4e5-58c6d990090c,531,BDT,531,,,UNVERIFIED
3f6708af-0ffe-5216-afde-be0077ebaa0e,d42bb355-3d1f-5ac9-a4a6-043f297cbbb5,1161,BDT,1161,,,UNVERIFIED
d28b05f5-a1b2-51ae-a09b-084baccb354b,6d8adbb1-33a3-54b1-903b-4f2c8ee9dc90,801,BDT,801,,,UNVERIFIED
6622417b-e79a-5154-8aac-83029987cf66,c5f0adf3-76c1-5d32-bfc0-ad1f76d4accd,891,BDT,891,,,UNVERIFIED
3face356-d94d-5c4c-bb50-3b321461e98e,3f00059a-49ed-5393-b0f1-9b67a733fca3,711,BDT,711,,,UNVERIFIED
3ea1d3a4-548b-5806-8b8d-e6c7efc5e72f,11f634c3-d49e-579a-81eb-f24d933984fa,801,BDT,801,,,UNVERIFIED
853b9cb1-4185-5a5f-a2fd-8c4182f5a03d,b0e6e1fa-df12-5732-9cb3-bf1edf4518f8,801,BDT,801,,,UNVERIFIED
9eadb6df-f756-54ec-b950-098916578eac,867a6d21-a67a-5fc7-adf8-268f30317f67,351,BDT,from Tk 351,,,UNVERIFIED
d845cd93-69bc-563c-9c8a-a877d0161b21,74f08151-01d4-5cdf-9df6-3a636d0fb74a,351,BDT,from Tk 351,,,UNVERIFIED
2aa5d70f-f8f3-5100-a870-30f1a64473c5,2a7afde6-496e-544c-a85c-712b1f133bd0,801,BDT,801,,,UNVERIFIED
0d7da2dd-e3e9-5a5a-aefe-5b0d100056b4,cd310271-52ff-58f7-a8ac-dfe0dce69507,675,BDT,from Tk 675,,,UNVERIFIED
90529507-dde6-5c7b-b3fd-6cf99b684fc2,6f9f821b-0769-5397-984a-5613dcef2fce,711,BDT,711,,,UNVERIFIED
a410eef1-6538-5449-8263-853e9b470116,cdf67050-646e-5659-8cb7-a53810073423,1062,BDT,1062,,,UNVERIFIED
bef327fd-8f66-5773-aefe-066309bd1a1a,f9c49cc2-631a-53e6-bf13-a85666fe423b,711,BDT,711,,,UNVERIFIED
66a27c6a-af3c-5a2a-aa37-30bb429e3e8f,8a8a48cc-65bf-5afb-85f0-6036e27e2038,621,BDT,from Tk 621,,,UNVERIFIED
6c498c33-0158-5add-9852-07df1b92352b,f3deb7b1-a7f3-5afe-9793-6b8c72986d92,1880,BDT,1880,,,UNVERIFIED
a8bd2788-6e2c-5378-a8df-0b5daf28d2a3,25e9090c-93a6-5818-afc9-ad09ad2a4d6c,1720,BDT,1720,,,UNVERIFIED
153b623e-f010-5a8a-a025-b3a5e1939238,ed8394b2-0b3b-5af4-ae45-e1ec800733e4,780,BDT,780,,,UNVERIFIED
33631881-13c3-5fb6-887f-52c90a17f5b0,274e2535-8c85-5446-bf3a-b3a6c19cf28c,1020,BDT,1020,,,UNVERIFIED
9b4d9d97-e792-5218-a7b9-670951bd2ad1,e2fa9a9f-6c58-5ec1-bc9d-fade90d573e9,1250,BDT,1250,,,UNVERIFIED
420cf275-d44b-5d0e-bbc6-3a17f5f6455a,b4dea9b9-fba5-5c28-a957-20bc51f15309,940,BDT,940,,,UNVERIFIED
d9563b40-6fc9-5751-9a97-4fb416ec9f84,107e58d5-53d9-57b3-ac41-5f6583e8240c,1800,BDT,1800,,,UNVERIFIED
ed05ca36-aa6f-5cd5-a9e5-0c23d352d5f2,27398f1e-0a24-5cad-88d7-8154ce78b00f,1215,BDT,1215,,,UNVERIFIED
7066ac80-9115-5dc2-9530-10151191244d,3152085a-f96a-5aec-a858-902da0b5c1ed,1215,BDT,1215,,,UNVERIFIED
b8ec97d3-a1c0-534c-b538-df32dfb6ec77,f6d8c4c7-4b41-556c-b10c-2b41fed9d4c5,1335,BDT,1335,,,UNVERIFIED
c053e2b7-fc72-514e-bd3e-1ae90cbcb6f2,02f3be50-c69e-55f9-a0e4-6228df420cba,1410,BDT,1410,,,UNVERIFIED
460fc8be-54d8-583e-9580-116f512683d3,0da5b481-6cd1-5fc7-875b-cd6286d23fa8,1335,BDT,1335,,,UNVERIFIED
d24e5155-96ec-5043-8994-6ea7dd902208,c0020f4c-3dd6-58dc-98e9-0cbf3888c6f5,940,BDT,940,,,UNVERIFIED
5b9ae935-49e2-5c5f-981e-3ea2bb244d32,85796102-06f8-55ae-9395-c96dc988823c,1150,BDT,1150,,,UNVERIFIED
50efb183-f0b4-50a2-bde7-d7c7bfe7f36c,2d688525-84e8-5310-aeee-c6d87e7fdf6b,940,BDT,940,,,UNVERIFIED
fb760353-05c6-5436-9306-9133d1515a23,8ddc892d-2448-51f6-a5cd-03a5cabf0663,780,BDT,780,,,UNVERIFIED
a12b97b0-158b-5e53-8c07-a7cbadff8587,6d4e71fa-e4c8-5435-8ec2-27db6157b92c,940,BDT,940,,,UNVERIFIED
d90ad041-8853-52c1-8a74-8d1a48af8cd8,46fef900-521b-5bf5-88f2-efaf7755a953,915,BDT,915,,,UNVERIFIED
cf6b43d3-3e31-52bc-819e-0041ebe5f47d,d61bfbaf-7122-5841-a437-df413933b694,1250,BDT,1250,,,UNVERIFIED
ef2d8f63-1671-5350-a674-0369f4d01e0c,441f5669-062c-5107-8547-4ed3f192736b,1180,BDT,1180,,,UNVERIFIED
5f9033ea-2eed-5e0f-9ba0-07caa315ae88,5e10a455-a012-5f4a-9884-5521652d9488,550,BDT,550,,,UNVERIFIED
dec6ceb6-7608-556c-b508-9a23a068ffc5,cf4a30f6-242f-59d8-9485-1fbed42873f5,1020,BDT,1020,,,UNVERIFIED
32e753f7-2e08-56d1-8563-a3d7c4bf5228,7e527f35-4ff3-5efa-8acc-24f93811c9d4,1490,BDT,1490,,,UNVERIFIED
b34f475e-02d6-58a6-8a2f-eec0985f1100,58a12d11-8934-5913-ad84-591de07c088d,1410,BDT,1410,,,UNVERIFIED
33dfa1a3-1eb8-5053-aba5-86f77c046d03,96594185-30cf-5d2e-8744-7e90027ee9bf,1740,BDT,1740,,,UNVERIFIED
d86bf6c5-2e6b-525b-8bf3-32fe879bfeb6,655e8866-5656-5865-851e-b63ab890d5cb,1490,BDT,1490,,,UNVERIFIED
bcf36b00-7b20-5e76-ac23-9fd8d8437a49,61a57929-3477-5b7e-b97e-77262071796c,1335,BDT,1335,,,UNVERIFIED
10d4d4b3-ca55-5446-9f38-4ada73e2b170,6802d65e-5fbf-5568-8e0f-1fca28b40de8,1335,BDT,1335,,,UNVERIFIED
de5f2b2f-da1a-56ad-96c5-616d6a675d20,19bd0c5e-6eaa-5502-9dbe-5037d7a867ae,1335,BDT,1335,,,UNVERIFIED
5a7c1cc1-34f6-5c32-b379-0e0ec1f82d6b,7dc10c92-82b9-585e-aa4b-420b78b7e08b,1335,BDT,1335,,,UNVERIFIED
5debd97c-f3a3-53ba-be98-d6f414c00e6e,44e1062d-3429-5737-9aa9-da0a8844a054,470,BDT,470,,,UNVERIFIED
4a81e199-78e8-530a-87d5-6fe94e983f5e,1a3d052e-80ee-5a00-879a-9efac2ba09a0,1180,BDT,1180,,,UNVERIFIED
68a4bd1d-3388-58f9-ac1c-28e3f835f094,a52a0d6a-2858-5eb0-8490-3b4deee09dcc,1500,BDT,1500,,,UNVERIFIED
022154bc-b71d-5085-ad9e-8292a9f056d9,0299ab33-e360-5c15-834b-f61c6cd2a5df,1490,BDT,1490,,,UNVERIFIED
bdb1da50-35ff-5091-87cd-558c417f7f66,3ec7aafe-f0f5-5096-9651-36f655a07fba,550,BDT,550,,,UNVERIFIED
f1dc235c-018b-5e95-9cd7-a1221348094e,7e0ed448-647f-5f1f-ac51-1156368fd69f,550,BDT,550,,,UNVERIFIED
bfbdb036-198e-5f33-8918-04cf6100c7e8,a224a60c-ace6-5a8b-9d45-b35625b1bcd7,1650,BDT,1650,,,UNVERIFIED
8295c036-6923-5af3-ae88-830ae32cd031,ed53033b-d79c-54be-8a9a-11c11ab6618a,1250,BDT,1250,,,UNVERIFIED
7e88100b-9f5c-5619-9784-4f7f2109eb47,d5ab6366-3952-5c1e-9b6d-1a1b8519d28a,1250,BDT,1250,,,UNVERIFIED
374eead7-44d1-5d08-8b1f-7d411fbbca61,d223b0b4-00aa-564d-a572-2bfb9971ccad,4215,BDT,4215,,,UNVERIFIED
fc5ce8c6-a150-53bb-8109-2964e9ef0192,dce38241-fd29-5a89-b36c-bee48bedfe39,2115,BDT,2115,,,UNVERIFIED
811d9adc-da65-5b83-86ac-8205f4c06973,190b9c53-2746-5bbf-b8b7-6ddf15abdfcb,2040,BDT,2040,,,UNVERIFIED
42c92148-38f7-5200-a650-7d199457ceed,af739749-ec4c-5d84-9fc5-efe81c80b98b,1740,BDT,1740,,,UNVERIFIED
f66d2eec-d1c9-5b1a-86d3-969608f42304,48526d7f-fa43-57b0-84a6-95bee2348c93,1100,BDT,1100,,,UNVERIFIED
fb7d30ee-2bd8-5067-a379-82617bf9eeec,bc7618e0-9dd4-516b-ab2f-e9740fcc6310,1180,BDT,1180,,,UNVERIFIED
4d8f3bfc-534c-5283-a277-c474aae48d92,04ccfe7e-1930-535f-9282-767d2a4cc172,1215,BDT,1215,,,UNVERIFIED
83ad61dc-cc0d-5e84-b978-81e110cd501c,de47c4a4-8055-58ef-8a1d-8c9674fc689a,1180,BDT,1180,,,UNVERIFIED
6f0110dc-1d0b-508e-896d-84fad77abdd2,e38d0f93-e274-57c8-b2b2-2181417b05ca,1490,BDT,1490,,,UNVERIFIED
ce5aedd9-eadd-5f59-beae-8546ba39a7a5,ca9e372a-f6cc-5287-b49e-88aea49d0bda,1960,BDT,1960,,,UNVERIFIED
14b617a9-28da-5074-a226-d250b55e6a03,98932a0c-da2f-50d0-897a-b761a45e816f,1490,BDT,1490,,,UNVERIFIED
713b13d4-5620-5549-b147-e36224954458,7b63e208-372e-58f8-a30a-09cc85542a13,1335,BDT,1335,,,UNVERIFIED
9e6af011-af05-5667-b7f7-4f2d9c963567,56ef9a9d-e165-5ad4-9f33-ac3c5823d082,1490,BDT,1490,,,UNVERIFIED
0e73b7f2-c00f-5c6f-9444-49aacba6b97d,28a1b2a7-73ff-5dbb-be25-0c1516eac727,3900,BDT,3900,,,UNVERIFIED
69412c0e-a739-5252-8a49-e49d1f175fe1,f3927a12-a745-5124-95d1-ea3852134d59,1335,BDT,1335,,,UNVERIFIED
9f42aac0-96e0-5051-a695-e8c54ebb45d8,a427b8dc-c908-54ba-b2bf-c28ec5705636,4370,BDT,4370,,,UNVERIFIED
7f1c132f-e80c-5d5d-8a50-7e3b13ceddf4,9ddb3e6c-58b1-51f7-8230-92e9ed2560aa,780,BDT,780,,,UNVERIFIED
e9ad65df-1316-58de-a3bd-4ba033532134,ffd45081-89ad-5c7d-879e-140e9900d528,915,BDT,915,,,UNVERIFIED
0bd05298-4b2d-5d99-a902-a010c1b4b977,f6eec19c-f680-5ff4-a727-fe1c187a5e72,865,BDT,865,,,UNVERIFIED
3cd5190d-ca0e-55d3-9960-6b279dbbcbd6,cc8576e1-82d9-53c8-bdef-9ffd3c0b61b7,1490,BDT,1490,,,UNVERIFIED
66abe533-f87e-5c3e-80cc-9043d89b63e9,72b6a2f2-146d-57df-bb0f-907e95ae4958,1525,BDT,1525,,,UNVERIFIED
fb810785-26b9-58f3-af39-24421d4f0fe1,754860be-2cb3-528d-9537-966bca057cd8,1525,BDT,1525,,,UNVERIFIED
c35d8606-2991-5c69-a2f9-320832e86c6a,2c636c4c-f4f6-5579-918c-ea3aabd841cf,1410,BDT,1410,,,UNVERIFIED
b922b22d-0079-5b84-8133-ca1e67eca664,eff46f4e-bbde-5227-8b44-f6814b3fed44,1100,BDT,1100,,,UNVERIFIED
6ce4182e-778f-56fc-bc3a-b7afff066412,aa5e178a-3983-5eda-903a-5d4c90d75b89,1335,BDT,1335,,,UNVERIFIED
6db11ab0-9294-593e-8e1f-c9c7322ba184,5d3834cd-eb53-5f6b-8d5d-30503b4f5eca,1335,BDT,1335,,,UNVERIFIED
63ad1312-c71d-5901-9856-ceb0d07b2482,a5cb506a-843d-52b2-bbcc-898b9b86f5b6,2185,BDT,2185,,,UNVERIFIED
d3e6e721-28f8-579c-8ddd-377036fe39f1,d9396eb9-8c17-5a64-b8c0-569d78c1286e,1410,BDT,1410,,,UNVERIFIED
37a56c08-086a-5a36-8de8-db2e65a0f31d,8f376f36-0f38-5fa9-af80-92603f787e39,2115,BDT,2115,,,UNVERIFIED
3848494e-8702-593c-a984-e6d63d878378,0f6f6508-2799-51a0-8d91-c9ed4d3e6a7b,1650,BDT,1650,,,UNVERIFIED
aff7eb99-27df-520c-a24b-2c991d58b120,4ea5aa9e-c51c-50bb-928e-9e86a8cfbb05,1650,BDT,1650,,,UNVERIFIED
ba56b5a6-0b27-5130-b901-90af7632e2ba,106f1154-303d-5822-8561-cfc10fde203d,1560,BDT,1560,,,UNVERIFIED
2f6750ec-7aa0-5a3c-ab8d-34995edeec98,471205d8-1c36-59b2-8c52-8e7f1b4b416e,1410,BDT,1410,,,UNVERIFIED
465ed67d-6b3c-5d06-9fd0-d46953c27775,a9cce653-7950-5d1a-8182-b3cbea2bcea4,1410,BDT,1410,,,UNVERIFIED
383930ce-99d9-5b49-83be-f83361886ba9,8e383a4b-2d30-5b8a-ac87-d86e98e02597,1440,BDT,1440,,,UNVERIFIED
3847e650-86b0-5dba-8007-30f33a538ce0,4c77abd4-fe28-51f0-ba3b-2323cec58b91,1410,BDT,1410,,,UNVERIFIED
8ac4d6b8-9547-5523-be58-e001e0c18b9f,43a04555-0cc6-5728-b4e4-c652df8bee48,1335,BDT,1335,,,UNVERIFIED
9f3f7157-ca86-5c73-9f85-9e9e47be9eb3,4ef9aeb0-1a7a-5833-b188-0e14c6caa071,1410,BDT,1410,,,UNVERIFIED
240154ee-bb2d-5c4f-a85e-905a96ac6b0f,af2fa045-2dfe-5ef1-95bb-bfaa2d8e5401,1410,BDT,1410,,,UNVERIFIED
0a6ea32f-696d-5f0a-be55-be330f1ec161,a6bd985e-7927-5d5c-bbc1-034d4eb20e51,1410,BDT,1410,,,UNVERIFIED
ab4bc84d-9b4c-56ce-bb89-be4f875b3c69,402277fa-6408-5a38-9a58-a36da77125a8,1560,BDT,1560,,,UNVERIFIED
28de95a4-6ee0-5c0d-aaa8-0a41771f3de5,cf4d9903-38e6-5db1-beea-7313c38080e4,1560,BDT,1560,,,UNVERIFIED
976e1c8f-8df5-5662-8d03-b2781eaf0962,4e599a18-1848-5d29-a5e4-7b1b28734614,1720,BDT,1720,,,UNVERIFIED
3310c00e-1b2a-511b-944d-9e00d522f1e8,f76870a3-4fa3-5ff6-b7aa-66f474de12ef,1410,BDT,1410,,,UNVERIFIED
6ede5f62-957d-5a34-9c66-39cb2991a614,0e47fe8b-ce06-583e-a2c5-b3662d250af3,2185,BDT,2185,,,UNVERIFIED
e7af2886-96f0-5f09-abc1-3386b53e95f7,7f228b2d-1fc9-59f7-b52f-d5bc6856555c,1335,BDT,1335,,,UNVERIFIED
9d836cbb-c345-5680-a61a-90fe600dafcb,84e8d8cb-b534-5f4f-ab98-1ec1e92cd22b,1560,BDT,1560,,,UNVERIFIED
5437873c-3c1e-5c1b-bc74-18beddbaf207,69beeb73-c8ee-503e-89cb-2d0a8fa8b333,1410,BDT,1410,,,UNVERIFIED
ff8f0982-c230-55c2-adb6-1ccbe5f4b9c4,489b1cee-3cc4-5da5-8092-75e22fc5af79,1750,BDT,1750,,,UNVERIFIED
a05edbd5-973a-5685-b807-ebcf75aa8653,f59b4ea5-8330-5dd3-a745-a98f50ced721,1490,BDT,1490,,,UNVERIFIED
bd5fbdd6-d556-55b4-8e7c-f5b9c49a2226,ff424224-d4e4-5185-989b-edc71191262f,1410,BDT,1410,,,UNVERIFIED
6c3ea0b5-dc4b-5dd9-8c60-56219e81b00a,c0671865-f151-51cc-9e48-4f21e965949c,1440,BDT,1440,,,UNVERIFIED
62dcdc88-c382-56a9-ac70-a5ff3d467af1,fe46c41b-48b4-59a5-947f-1eeb85a824a8,1410,BDT,1410,,,UNVERIFIED
9f824e31-5c86-5186-acaf-1b1a4038d273,e30d440d-04f7-5027-9854-546d321d4d1f,1490,BDT,1490,,,UNVERIFIED
4accde0e-7c58-525f-b1c0-9133a3d12254,fb298da5-0c93-5a8a-a1b6-8a1622dea69f,1740,BDT,1740,,,UNVERIFIED
f2a93b47-f24a-5f37-bdce-b552bc9e29ff,046c5fb1-a0d2-58ad-97a4-be50891643aa,1740,BDT,1740,,,UNVERIFIED
00d8497d-3b83-5647-9a29-65045264b47d,0a4cfe54-f654-5b7b-8cd0-16ea3666b00c,470,BDT,470,,,UNVERIFIED
da8a261b-1bd0-5a2a-897a-bb9229f0d277,f577c067-123c-502f-be64-a49cde4197b7,1960,BDT,1960,,,UNVERIFIED
96784f95-fa54-5970-8d38-2ae44f92e8c6,33e3cefc-bd16-5969-99f5-812ac8dfc54b,1720,BDT,1720,,,UNVERIFIED
00b97c07-eb23-57e5-b5d2-56e306387cda,884eb046-bb43-5040-95e6-49a60482fb0d,2270,BDT,2270,,,UNVERIFIED
a9760990-bf67-50e8-a72d-180d92deb9ef,0ad1ea61-9e44-5fbb-b949-5a2cfb9f51cb,4215,BDT,4215,,,UNVERIFIED
b0d7dfaf-f1c7-518c-91c1-f41cca71f254,945cbba4-a980-578a-ba75-2c25c063c1ce,1880,BDT,1880,,,UNVERIFIED
9c09b889-c014-5484-b767-1fd31a1ce6f4,9d03918e-dc0e-591b-b59a-5167533687f6,1720,BDT,1720,,,UNVERIFIED
61c9a0b3-2c29-5a58-a32c-5cca2a31ef7b,4ff0d520-3af7-57f8-848c-414f3cb8be0e,2270,BDT,2270,,,UNVERIFIED
10580a7f-af46-57c6-9489-ce554b38336a,321bd663-ad62-586e-9d62-73f41e791ac1,1800,BDT,1800,,,UNVERIFIED
0ce7c1c4-324f-51fe-aa9e-1197e89aaa85,d746a113-edb4-5d95-b041-0664723a263f,1650,BDT,1650,,,UNVERIFIED
d4e34b24-c709-5d83-9c10-f93669b05c58,ede0f8fc-c0ac-57ad-b9ca-b971c0e0c8b1,625,BDT,625,,,UNVERIFIED
8032fb80-9cfc-5dd2-afd3-531f71accb1e,248aa0f4-072a-5552-9f00-cc594ca6e80c,460,BDT,460,,,UNVERIFIED
cee8900d-37d0-5630-a1f2-98e38024deaa,4466d453-3259-5743-897a-cb0cf3499e37,560,BDT,560,,,UNVERIFIED
5545a5eb-2483-5619-bd0b-5f443ff38879,a430bd36-bcf5-54f6-82c5-0455e1cb917e,240,BDT,240,,,UNVERIFIED
d7459f27-d6db-5015-9483-89a1c5107759,97bf027c-85a3-5977-860a-e0f3235cc00e,200,BDT,200,,,UNVERIFIED
365c4054-05e2-563a-9030-20c3e420e246,60beaa9f-6d1c-52ef-a1c6-58a00c991f7a,470,BDT,470,,,UNVERIFIED
84816703-6c63-55fd-aea7-2298af3f7df3,fa99e900-604f-50b1-9dc5-02c196d105dc,900,BDT,900,,,UNVERIFIED
4e11568b-d81a-5c84-ac4a-a722c6da1a3d,3bceffcf-b392-5926-8035-dd99ba7bb34b,1020,BDT,1020,,,UNVERIFIED
033f2caa-245c-5838-ae44-ff63dd7fc51e,d13c8a09-3dcc-5942-9016-4f552f7f3a99,1880,BDT,1880,,,UNVERIFIED
8004cb69-60fd-52a7-9835-3942338cf159,50ec994a-26b5-5612-9285-2ca92ba7c1cd,1880,BDT,1880,,,UNVERIFIED
23b89e9a-741a-5bf8-9bb8-55e465c28821,c7594c58-4eeb-542e-9fce-a923e0021555,1880,BDT,1880,,,UNVERIFIED
54e8b154-643c-5be6-bcf5-54ef83ed9aa7,2d5306f6-3801-5a85-9d2d-ff3fb86b77e9,4215,BDT,4215,,,UNVERIFIED
47929463-ad5a-5a4c-921a-1c030b7a8067,f1ce28f1-3c77-51de-be3b-b43a4acfc019,1650,BDT,1650,,,UNVERIFIED
4aecdc84-e245-515d-bd53-da40882980ee,11f034b6-e4d1-5ad6-95e0-9931828d2b2c,1720,BDT,1720,,,UNVERIFIED
213fcf08-dbd2-599b-81ee-fcd9637fede2,90d10610-2292-57ce-bd45-7961086a4191,1650,BDT,1650,,,UNVERIFIED
b492be9a-b13f-58c8-bf85-49f350ce277f,fc78159d-cf3b-5a6e-907c-eb6df7f33ad5,1650,BDT,1650,,,UNVERIFIED
8125f652-cff8-51f7-aaa1-071b1e23c36b,0b7575e1-b9f6-55fa-81ce-5a50d94a9c08,1410,BDT,1410,,,UNVERIFIED
b2d38ef5-9235-5cea-b934-9f420a9d19e4,9b18ba6f-bd72-5fb0-a4ce-df333c4298de,1880,BDT,1880,,,UNVERIFIED
692db02d-1609-5534-b6fb-2d3aeee3df11,b870589f-fc8f-5932-a109-829dd8c82047,1060,BDT,1060,,,UNVERIFIED
66600dc2-8b32-53ba-93f3-6c4436080c14,4b0a73f9-8e0a-5300-a8c4-7a1ab039d6ea,1020,BDT,1020,,,UNVERIFIED
700fc21c-5b11-54fb-9c0c-ebfdbb95a8f2,c078abbe-1c4d-5d66-92d7-14b3b959b9b1,1100,BDT,1100,,,UNVERIFIED
0a6646dc-0bb4-53c2-97af-170fe1f2d978,0a643982-4a2b-5516-94f9-e752ffe8dec4,1100,BDT,1100,,,UNVERIFIED
a4c5299a-2ead-5676-bf5a-5a5c9f5f2d8b,20343aac-f301-55c1-9a4d-512f6ae0554e,900,BDT,900,,,UNVERIFIED
a0581524-75e3-5702-aa29-01f0fc593491,bb6b733b-0b34-5f21-be5a-3d648f9478ce,1335,BDT,1335,,,UNVERIFIED
be83475f-ccb3-5b91-b01f-5446c4a0f3e1,f5fdbebd-69ce-54ec-bd77-772c25a8f93c,1250,BDT,1250,,,UNVERIFIED
489cf15b-a883-5ae6-a257-d80cf9d8e9fb,f635d93b-a0c5-51a4-badd-ebaba2d8b386,250,BDT,250,,,UNVERIFIED
f42b8c5d-8cbe-5722-aeee-ead5bc2f4cad,1cf94109-d357-510a-ba73-77f6a163e5c6,240,BDT,240,,,UNVERIFIED
5a3f377f-31fd-5a07-a59f-333c8785ba68,d043ae22-5520-5f95-991b-e38052288b34,1335,BDT,1335,,,UNVERIFIED
c29b99b5-5f6a-59b6-aaff-348d4859060f,6078bb7f-730f-57fb-98ab-f85247638e24,1215,BDT,1215,,,UNVERIFIED
b9341a13-1919-5e73-958f-14d2521937df,a9ca5d32-54ce-5d72-8f03-2bffdc9c0671,250,BDT,250,,,UNVERIFIED
51884109-4676-505f-9cc3-f47cfac85e2c,4cd61e2a-486b-5324-a332-043edbb8439f,1100,BDT,1100,,,UNVERIFIED
2eed65b6-78f4-5873-b669-1b6e9ce498eb,ee8e568d-b4c0-56e0-82fb-69f72d2ec16b,950,BDT,950,,,UNVERIFIED
03cbfd9c-a44f-514a-a726-c74ddd0a3b1e,87155bfa-3bc2-55dd-953a-8e7a094fce51,1200,BDT,1200,,,UNVERIFIED
fa775760-bb21-5ff1-a177-9d75122b87c3,fbe760cd-6df2-5ccb-82b5-4bf2fbb9a321,650,BDT,650,,,UNVERIFIED
59c3acad-17b5-5265-8aa9-26768083acf5,85016c71-689d-5bc8-94b5-03fba52ad691,1950,BDT,1950,,,UNVERIFIED
a5bf8957-61f8-53fb-9097-acdd57878d4c,7155de60-cb47-5489-a0ed-ced504e55e5e,1450,BDT,1450,,,UNVERIFIED
ec7d06fa-8597-5bb8-9a7b-907d8c437522,77e937aa-a201-565f-bb92-fcdb6f225a39,1100,BDT,1100,,,UNVERIFIED
1b0b85da-1b64-57a3-b9a5-efc252364272,0432edda-d373-5141-bc89-fd4fd44918ae,850,BDT,850,,,UNVERIFIED
56b93652-8a1c-511e-8fc8-d730d195767d,b41e5b31-3f34-5499-b5fc-6a937c1f9fa2,800,BDT,800,,,UNVERIFIED
86757ae8-97b1-500e-b1f3-1433a04515f6,4b7d16d3-7306-54c5-b07c-acc752e237e7,1100,BDT,1100,,,UNVERIFIED
b04e36fa-5774-5a49-b3b3-3239ddd49006,328be37a-8092-5e7a-b631-e7f92f528b34,2800,BDT,2800,,,UNVERIFIED
b7cefc2a-529b-5a3d-a04d-b89897f63a01,e0fd9a4b-3b6f-525f-a108-03d3aa5e04dd,1450,BDT,1450,,,UNVERIFIED
187e0cab-4ab6-59e9-9e96-39fd0fdc3130,b433e76e-bd51-5070-ac98-14c35b3da330,900,BDT,900,,,UNVERIFIED
904a3edb-5807-5eee-a517-8edccfcb9744,b91cb187-acd2-5501-ab84-2adbd00f7908,750,BDT,750,,,UNVERIFIED
19f783f4-4a37-5340-93ad-6e5f5801ebfe,5684e3c0-0440-5546-81cb-795e8138e348,1000,BDT,1000,,,UNVERIFIED
40b85912-118b-5db0-adfb-9930e36df19c,ee1f3247-34b3-55dc-8d49-dd8fb132db13,1700,BDT,1700,,,UNVERIFIED
8336a594-ee55-5ffb-84c5-cb806b0caf93,ca404033-8690-5242-920f-0b6bf3ede66f,1250,BDT,1250,,,UNVERIFIED
4509c712-7b38-59a3-93f2-c32a0c1f9cd4,c7454e46-b1f9-5b05-af6c-e38b91b14985,900,BDT,900,,,UNVERIFIED
d67663f5-40cb-5400-bcd7-36a4528992b7,a7818b2b-e93a-50ff-89a5-e2cd61837f43,1650,BDT,1650,,,UNVERIFIED
36883f7c-ac1b-5819-aac9-7f9d5db6e072,9e190454-b723-5c4f-b771-7ffcfb73cd6b,1700,BDT,1700,,,UNVERIFIED
9ace479a-cf3c-5c39-8f86-26009bf4e830,ccb7e557-c8f5-53b2-8666-e6f3f2f34d10,1950,BDT,1950,,,UNVERIFIED
53c70a5f-d362-557d-bf59-71cc412a7410,c82aedb6-e402-5e36-bc4a-ed36521427bd,1300,BDT,1300,,,UNVERIFIED
bac3ad09-9bdc-58c2-a8f4-d6e65c5e6143,7b9d7cbd-c5bc-51fd-8545-4cdcff23108f,1250,BDT,1250,,,UNVERIFIED
e282d30e-0f34-5e54-822c-70675cea8c9e,4c11cdcd-49c1-5af0-835b-bb5457f5fbd1,970,BDT,970,,,UNVERIFIED
d2962de7-c95f-58a5-9d08-f2352c057354,12f504ae-025f-5715-958a-45c562acec77,950,BDT,950,,,UNVERIFIED
b003b543-a4ac-5b6e-b3a7-6d2258beca4e,d3b7a126-73f1-57d0-a32d-66b6fed45edf,1250,BDT,1250,,,UNVERIFIED
5ec3de28-0dea-5fa3-9337-0e50b17ae0bb,f3f1d4ae-8ad1-550e-bd8c-8a9514207746,1900,BDT,1900,,,UNVERIFIED
4c1e322f-4a5f-588f-a697-533697883286,f957cf52-44c2-5787-95fc-3a3ab5512d4e,700,BDT,700,,,UNVERIFIED
e6e8e9fe-e6f4-5166-a9bf-5bc2aebe0d32,803d6b51-6011-58a9-8dc2-e5d21998ad68,950,BDT,950,,,UNVERIFIED
2f454396-6c83-5df1-9f81-ae18b697dee0,5bc950b7-d20f-5a2b-b9a9-cabab7f67859,2500,BDT,2500,,,UNVERIFIED
6d5e2a88-f6e1-5fcc-a721-bd5579d02284,1d12e94f-fdda-56b7-ab80-28e3e1424476,1100,BDT,1100,,,UNVERIFIED
a5a7e09d-f5d2-503c-a3cd-a5bacc04b4c1,2b6d753a-52e7-5fc2-b3a3-4ed4d3bedb70,2450,BDT,2450,,,UNVERIFIED
7209f493-c9e3-52e8-84f2-3db092b3af74,224d8b2c-fa68-5727-835e-80161b5c0c55,1000,BDT,1000,,,UNVERIFIED
d4ac2ba9-7902-52e7-b0c1-3957f2b30c86,50554538-93a5-54b5-8554-ee6bb63f806c,1900,BDT,1900,,,UNVERIFIED
e9d566cf-8a38-56f4-94cc-678c8b92f4aa,c3a7302b-0b4d-5084-b528-a306c842fd42,1100,BDT,1100,,,UNVERIFIED
e6021a80-a43f-55bb-b9d6-86d9244a99fa,4346d9bd-ad9e-5da4-85e4-aad57e5dce76,1800,BDT,1800,,,UNVERIFIED
58eea841-1c46-5ebc-afd0-5d4c986cc572,a52c88d4-a9fd-5d16-9021-a4c185d4b72a,1950,BDT,1950,,,UNVERIFIED
a445d47e-abb4-59de-8b3f-43d8b9eb6f1a,cfea2890-d2ea-5b3f-8c74-2ba2ba1916c7,2400,BDT,2400,,,UNVERIFIED
6fe0ad5a-be75-517a-9f02-0ad536933745,77b8deda-d616-5cfb-9e97-b4721fd7068f,2900,BDT,2900,,,UNVERIFIED
63bdb0ea-97b2-59e3-b6f6-0db9f154b27b,a437a383-0e8c-5102-bbb0-80357afa36c1,2500,BDT,2500,,,UNVERIFIED
2e8ccd04-e5e2-59f8-99af-5f1e7cd4c3df,bdd348b9-cdc7-54a1-812d-3eca7f82649f,850,BDT,850,,,UNVERIFIED
8c4d508d-47c9-5d76-84b8-fcb90e7f2bd3,400cdd2d-8ff1-5474-a745-e45796534652,2300,BDT,2300,,,UNVERIFIED
ca452dfe-d32a-5cff-8dca-06b8f0c821a8,08ed61c2-6db4-5c54-8b5d-a9077ae40e19,1100,BDT,1100,,,UNVERIFIED
c5b806df-9d51-5315-87be-9d345c98568e,5268c87b-1a5f-54d0-bb18-0df8bbcd2531,1200,BDT,1200,,,UNVERIFIED
41d500c1-4c5b-55e6-ae83-4201be12f041,fe1b0cdd-21ab-5d09-8c9e-1bbafe27b91d,700,BDT,700,,,UNVERIFIED
b923349d-42a9-59c8-90ec-d569a4bc1ef8,be1b4ecc-86a2-5666-b991-e8ea7ecaa721,1300,BDT,1300,,,UNVERIFIED
a7a0a6a3-0025-5a00-a7be-b8dbee5c8223,52ec1a42-d2c0-569e-a246-0569018ef2f4,950,BDT,950,,,UNVERIFIED
2b875c70-b8c7-5089-8899-533b5750f6be,23ef08df-1bf1-5a2f-acea-579c13e4a87a,850,BDT,850,,,UNVERIFIED
d8e8bba0-1daa-5d4d-9801-4aae4b32cf19,20b8106d-5e95-567d-b3e1-0f60a3ca0eb6,700,BDT,700,,,UNVERIFIED
49e4218e-7930-5626-9b0b-3fd18b907521,88045ee9-ad41-5f73-b3c1-300c7c376960,1250,BDT,1250,,,UNVERIFIED
8b13f59a-8949-50fc-880e-d592354af84e,8aa0995c-5e6a-53fa-b5f5-52ea78e0777f,1250,BDT,1250,,,UNVERIFIED
4d5e9405-870a-5220-89f8-361ba2de2725,688f67e3-a418-59b2-ad93-a16637e5abd1,1000,BDT,1000,,,UNVERIFIED
e1b48e6e-431e-529b-b572-faa4f809156a,1cf8513b-7eed-5730-a3d4-59bcc9696048,600,BDT,600,,,UNVERIFIED
30a24472-8523-5877-ba4b-7bd3d9906f0b,9207f8bd-192c-51b9-ae29-8ef242a9f9fd,850,BDT,from Tk 850,,,UNVERIFIED
6a025e12-35ab-5a61-99df-eafb239b91f8,ae380b3c-0649-54cd-a9d0-fdf4a2f7931f,800,BDT,from Tk 800,,,UNVERIFIED
c63d41ab-36bb-5013-8bf6-215c564160f7,661435b1-d988-5434-8fe4-68a8eddfde4f,800,BDT,800,,,UNVERIFIED
9a8029be-3018-5c6d-9607-2ec3730aefe4,9d110cf2-d736-51a4-a606-c9d8c5ca117f,175,BDT,175,,,UNVERIFIED
7dcda907-0690-5673-8a23-f0ecc34e278c,41b34e2a-d4fc-5dab-a042-239e3948918c,745,BDT,745,,,UNVERIFIED
5d786e83-4807-56e3-890a-0cb55efe1227,22650d6a-d55a-5ae8-8bb5-95568f0b0636,195,BDT,195,,,UNVERIFIED
04ff4d2d-74f8-56d4-9bba-944c3fba9ba1,0edbc1cf-f428-5878-8399-6d3a874c2dc4,955,BDT,955,,,UNVERIFIED
e3eaf8f0-7ce5-5851-9916-26416df711c9,1c5f205a-babb-53c1-9564-ca1a12dc3a69,595,BDT,from Tk 595,,,UNVERIFIED
f88625e0-33f5-5aba-a4f1-231722dff10f,fbbb9622-7dbf-5794-9ef5-04e972802c4a,995,BDT,995,,,UNVERIFIED
c019e738-0d85-5ec2-a7d5-1f31e8e1beb2,12f0ed52-70db-5620-b19a-186e3808af59,155,BDT,155,,,UNVERIFIED
af00ac68-11b4-54e9-9512-735e9efc1cac,0326e1d8-6e8d-54ac-88b0-c9c5227c56d3,495,BDT,495,,,UNVERIFIED
919cbed3-9dae-5f5c-b58f-55c0d6834e33,6775f8d1-5913-52e3-b99f-6f7e484c5f0e,575,BDT,575,,,UNVERIFIED
06838ec6-bb4d-5f94-a69d-65b6af6a0287,918c489d-f880-5866-816e-5184669b21fa,905,BDT,905,,,UNVERIFIED
d2166def-4407-5571-9416-3b524a10ea40,3cfd1f42-f718-599c-8568-1faed1452324,875,BDT,875,,,UNVERIFIED
48a3904f-b761-581d-a884-e6c1f506943b,7cc8314f-7575-507c-88f4-2feb09b56708,825,BDT,825,,,UNVERIFIED
201bdc0a-530b-5329-bec2-2808829aa84f,12821130-44f2-5efe-898c-14cb1efe5d0b,195,BDT,195,,,UNVERIFIED
8a9c310f-f9e4-5320-9cc7-fe5031deecab,40a8299f-abbb-54a8-9bdb-3f29ad7c8efb,155,BDT,155,,,UNVERIFIED
ee760109-ff84-5c75-8b6b-afd8ec1942cb,33e962bd-9c5b-514a-9f4e-e59210874ba2,995,BDT,995,,,UNVERIFIED
37554cf6-7783-5916-aa92-97206e445bb4,ea3d2153-505c-53ec-9030-95c02b45337d,1100,BDT,1100,,,UNVERIFIED
beae0be3-d2e7-5310-b4d0-0568d485dff7,c2e9d6ab-8af8-5bb0-8e32-0a9a7d16be7e,995,BDT,995,,,UNVERIFIED
91d01817-c228-50c9-a538-a33a0f3a1cf3,0a607de8-8c05-541a-b556-b20317226bb8,895,BDT,895,,,UNVERIFIED
a23713fe-3a46-5ed9-960f-6de1e676350c,a03f9ed9-dff8-5124-861d-c652dbc0403d,895,BDT,895,,,UNVERIFIED
f9d0626b-eb33-5550-9179-90c91adf42bd,0388e42a-dad7-5c18-8867-c8dc88f814db,555,BDT,555,,,UNVERIFIED
3f2b41e4-a459-5274-84f4-30cdb4439e17,3d10e11f-8273-5bef-9df8-2b74bece2920,295,BDT,295,,,UNVERIFIED
a562326f-3cd8-5129-a58c-d98bd1fa567d,695bea41-627f-570c-b9e0-7cde9609ec68,755,BDT,755,,,UNVERIFIED
5cee7b3d-b594-5f3f-9684-c2e4ac95fa68,d196e492-b340-5a82-8e0c-a3d2db80443c,1100,BDT,1100,,,UNVERIFIED
3dace819-d9eb-56ef-9656-626d67c101d1,6967a1a1-157c-5b58-8eed-625de92beb3b,895,BDT,895,,,UNVERIFIED
8e823823-936e-5467-be42-2c575d63fe2d,74bca114-6ad3-5183-a23c-6ca032337e42,895,BDT,895,,,UNVERIFIED
56bb9d72-2ac4-5f2e-b7dc-e09a8380f4ce,b6d3365e-c072-5b50-9847-148c4f48a935,825,BDT,825,,,UNVERIFIED
f85e8cfb-251c-51f1-b961-8f44073ed327,2f7036f5-4d62-5050-84fd-04a0c60aae21,555,BDT,555,,,UNVERIFIED
90fc6cb8-c567-5ecd-b98e-1a7e9a76d5bc,9acdfea3-1ceb-5991-81dc-c93065cec515,295,BDT,295,,,UNVERIFIED
fa737460-3040-505e-997d-9ee274992922,2f58252b-1a5b-5ec6-8171-bb8c58aa6725,755,BDT,755,,,UNVERIFIED
30cab215-35dc-5bed-b463-7729e0e7839e,61f34fa7-686c-5aff-86e3-538ffd493397,875,BDT,875,,,UNVERIFIED
909c8aa9-e2f9-56bf-9d89-155b320e0eb5,a762fb40-36e0-5653-a3e9-5c2830c3a656,955,BDT,955,,,UNVERIFIED
0ead43a1-1ced-5512-a925-d5431652b13b,ee186085-5ca0-5525-887a-586e38c74e1f,1695,BDT,1695,,,UNVERIFIED
c93f56a7-7f6d-5bce-96b9-1a091e377082,b8506e2a-c5d2-5475-bcf3-fbe0bf7fac36,1950,BDT,1950,,,UNVERIFIED
5dd49ec6-9174-5dfa-af2c-41f1664bade8,8d84c3c9-3d90-5453-9a6d-29f9cf7e96af,2250,BDT,2250,,,UNVERIFIED
9b3571f7-d644-5a03-b8c9-9a2adf19ed7e,40f193c9-d9d2-58a7-aedb-9e477e9ef2c8,3150,BDT,3150,,,UNVERIFIED
e9562907-9215-587b-b602-3b6ec235ae56,fbf3888e-af86-5c4c-b5e7-67a68288d8eb,475,BDT,475,,,UNVERIFIED
5da74329-8ea0-5ee9-9edd-aa4508b1011f,3f7942e9-ec20-5e8c-84f9-e01ad257c08b,997.5,BDT,997.5,,,UNVERIFIED
89b3c5b6-348b-508b-8835-b3c63017ab5b,954d69ea-70b6-5d64-ae20-44ff5cb398e7,1125,BDT,1125,,,UNVERIFIED
b58d6cce-6a93-5f70-935f-9ae78af95eff,916a1548-5371-5e49-9b8b-8ca6a75e7177,997.5,BDT,997.5,,,UNVERIFIED
c8627d41-a4ad-528f-a5f9-fbe6e0de7465,c3a1a05f-6d75-59aa-affd-27383152a5b9,437.5,BDT,437.5,,,UNVERIFIED
ceb8d05f-f649-5d7f-a5a5-31778d517041,2a25cfdf-e81b-5c7a-9f10-6a865734f925,1095,BDT,1095,,,UNVERIFIED
1cc30a5e-40d8-574f-b70a-7a92a08d4b85,ff830e97-2f87-5c46-af3d-c2666cdc2b0a,835,BDT,835,,,UNVERIFIED
78fd5fd6-d042-530f-99c8-b43286aeacf6,a6aeea9f-092a-5340-a2f3-89c75df0c233,2250,BDT,2250,,,UNVERIFIED
72aff659-73ae-5863-832a-802712c9747b,1fd05eb9-19ed-58d3-aa3d-3242fd33fc5c,1395,BDT,1395,,,UNVERIFIED
152d3f7c-1abd-5a5b-aa1d-c948bb5a43ca,83bb0358-976b-5f93-9cc0-3739bc978084,788,BDT,788,,,UNVERIFIED
13f4def9-2dbc-592c-b703-3f7df8db4a1a,583aa3d7-48b2-57a6-9342-06feebf2e8d4,835,BDT,835,,,UNVERIFIED
6f3f082e-d974-5e34-b5f2-928c4d89f01f,15e9d03b-3003-5d4c-8453-516b91a0df92,998,BDT,998,,,UNVERIFIED
fc1a460e-217e-5fcc-972d-4a4a347a4798,d7bfe3bc-dc0d-5d8c-a37f-86f34fa6e1e5,625,BDT,625,,,UNVERIFIED
b2889c60-5fa1-5fd1-b18e-bfad97996a51,27686ca6-5ee3-58f6-9866-18be9e57fe92,497.5,BDT,497.5,,,UNVERIFIED
2c956783-5793-5cfd-a132-55d165aae58f,1de9b8f9-4a9c-5b7e-bbc0-38130e41c61c,437.5,BDT,437.5,,,UNVERIFIED
e1dc73f9-d843-552e-8031-0a83aad952ec,2cfd9fae-3496-50f0-ae09-d6c140c8e8bf,547.5,BDT,547.5,,,UNVERIFIED
fe4d8682-03b2-505b-9f4c-632951fb9c3a,082e29e3-9743-5093-a109-ee207c8f7b72,825,BDT,825,,,UNVERIFIED
d03a1745-b4b4-5de0-b12d-55ac86cbfe07,d5e09e17-c702-562e-a202-1c0904fbc0b0,1050,BDT,1050,,,UNVERIFIED
42feec42-8dc7-5081-b27a-fd6e4e4a9bbe,d7d4323c-86e0-57f0-9f69-47b2e5cc98b6,1250,BDT,1250,,,UNVERIFIED
9b8a7f2a-743d-5c47-9161-b481b065177d,473fcbc6-b7cf-5d0e-887e-a506a83039c0,1750,BDT,1750,,,UNVERIFIED
7c0487d5-1d7e-5793-a9cb-a82f012b70c5,c40635df-b49c-5d2e-a218-3ce99afac9d0,875,BDT,875,,,UNVERIFIED
ca0b479f-f9cb-58db-8d3c-dd18c12988fc,9876f8ce-3b7c-5ec5-aec0-572184a6a99b,1650,BDT,1650,,,UNVERIFIED
ec74c0dd-2e27-5988-9b31-e6c7558cd2df,9d9b60ed-b486-55c0-a2ae-089dbd5e8232,625,BDT,625,,,UNVERIFIED
9fc22ba4-5fab-5c14-8a94-c99092f0469b,e09f8aa2-c2a9-5399-872f-a477bbd8f6c0,1103,BDT,1103,,,UNVERIFIED
ba83f088-9d56-5aae-bf0b-acee06c69ca9,57ec8db4-18d0-553e-8368-8735a96a3b1f,940,BDT,940,,,UNVERIFIED
2f1796d6-5537-51b6-bfdd-7aa98a3a62d6,31729995-878a-5a78-b8ca-107609fae4f5,1750,BDT,1750,,,UNVERIFIED
1eb59094-a5ce-5208-9d77-7e0aa4f37c8e,ba194190-d8b2-508d-9bb5-03eab3d75382,199,BDT,199,,,UNVERIFIED
6a9f9a7f-b775-5cb8-ad00-e9757b5e553d,0e78ba01-db36-5b88-ac60-e97ab4471ef7,575,BDT,575,,,UNVERIFIED
a779abbc-68a1-5499-b9f4-da7c97d82ebb,6f2b2177-302a-54ce-9a56-45d3a11f45e7,1295,BDT,1295,,,UNVERIFIED
164c6e54-c5a9-5f56-8de7-84a2426782f0,7d2a8e36-8229-52dc-9494-b8973f6f3d57,625,BDT,625,,,UNVERIFIED
088a69e4-852a-5fb1-a756-a8a1a9394d56,d6af3aa3-2d19-5ce0-8848-bff6feff2487,730,BDT,730,,,UNVERIFIED
83ea6f25-17fa-5991-87d5-93b2d42b29be,c53838c0-edd8-59a9-a654-7b49bea58b78,520,BDT,520,,,UNVERIFIED
c672575b-b88a-5599-bc4e-c76c1d571354,faea80f2-61b2-5101-bb87-781db062b27c,940,BDT,940,,,UNVERIFIED
ed57abef-725e-5347-b719-35e59a4d3f16,03fd5c71-de00-56a4-bbd2-736d994fa3a6,1195,BDT,1195,,,UNVERIFIED
d36503de-2539-5c87-b230-e2cee35d0203,8063b713-7c52-5671-ac1b-dcd912b5b419,2250,BDT,2250,,,UNVERIFIED
019dd485-12c7-5688-94aa-25258327883e,5c56af44-167d-5abe-9fc5-bf9296ab2a6a,1050,BDT,1050,,,UNVERIFIED
90cd0296-7331-57d5-a2cd-ff1122e3d9df,6d581007-5fa9-5795-87ae-c5c618b6c3a6,895,BDT,895,,,UNVERIFIED
601d1f3e-acd4-57f2-b2fc-b130b63f03db,6d2f44c4-1d82-5dd8-b53c-8f29064f315c,1025,BDT,1025,,,UNVERIFIED
7bfb046c-2feb-5ec8-a2fd-fe59f35307a2,defbd164-11b5-5913-a556-bccb7dcfa6c7,375,BDT,375,,,UNVERIFIED
686a52eb-078e-5b51-baef-b152a23ace0d,1f0d4906-03ac-5dbd-85be-c937084ef41d,375,BDT,375,,,UNVERIFIED
23e4d861-cc8b-5179-b83b-7e5aba97e2d8,d79a2519-ac85-5809-a3a1-606f6a3449e8,495,BDT,495,,,UNVERIFIED
6e57ab0b-6ab0-532c-ad57-c35ba7a2737b,66abd13e-403b-501f-bf6d-7d9157f1c92b,3150,BDT,3150,,,UNVERIFIED
fb2a177d-abed-59b7-a9c5-8279925dc629,4d8cac5a-19cc-5037-95d9-2b4e853fdc36,2595,BDT,2595,,,UNVERIFIED
d4875fd9-1cdf-5fc5-a86d-3a08aac01fb2,549f048a-4526-5a3f-a150-dc9a7bb68800,4395,BDT,4395,,,UNVERIFIED
7f287d70-5980-51e9-b799-a35e93a6ab0a,8c34d83b-0dd5-5215-bf3d-4e9d10ba5e43,2950,BDT,2950,,,UNVERIFIED
a067489d-686a-5390-9e7a-10bb86c9eda0,2a06a2b8-54cd-5677-ab12-6191818d5dd5,99,BDT,99,,,UNVERIFIED
1c536cfd-28bd-54e1-b8ea-7c0d28c7508e,5225d31a-6bb6-5a4f-b0da-4008a921a218,695,BDT,695,,,UNVERIFIED
1f6a03bf-dbe3-549d-bd58-42d9209715fd,8f9e3420-e759-5f7d-9a32-06509c7c9343,99,BDT,99,,,UNVERIFIED
dc550a23-1acc-5a52-9679-cbd8394e0312,f4129783-ce9d-54b5-9804-7e2f324eb645,675,BDT,675,,,UNVERIFIED
cd839de2-b028-5db6-b34e-3714f4aa7086,dd8fb86a-5b3c-5854-8bff-b895263d4f9f,697.5,BDT,697.5,,,UNVERIFIED
a7f7102d-7a01-5ea3-b700-a3e6ef87e5d3,a1bcd6fc-66ed-5413-9132-702a10c225da,647.5,BDT,647.5,,,UNVERIFIED
00d99749-1655-54de-b983-2ea9de14d03b,7879581d-85ca-5b23-81d8-73bbd8afe86d,647.5,BDT,647.5,,,UNVERIFIED
10be9615-d740-5481-809e-8ffa0df5ab13,583d0820-50f0-5518-b647-307adcf0519a,647.5,BDT,647.5,,,UNVERIFIED
89f7684e-df77-50dc-8ac9-307741d1a68c,a745e3d6-2249-560b-b702-13788795abb8,99,BDT,99,,,UNVERIFIED
534f5ba4-cf8c-5679-acfc-d60ff93f6e57,7a36a67d-defa-5b17-a88e-db834ebfbaa5,473,BDT,473,,,UNVERIFIED
c16950f0-dbb6-58f7-ab36-ddfab57eb510,aadead13-82da-554c-aaef-93bfdeb4d165,368,BDT,368,,,UNVERIFIED
d6041f9a-9d20-5331-9f9b-86e41a971fba,6f93d9cf-b7ef-587d-bec6-5a2042e8f137,3350,BDT,3350,,,UNVERIFIED
564dad77-551d-5b6e-9f6d-c03c8e1547b6,22f8661b-a10d-5e9c-ab7c-56c9b43b6266,497.5,BDT,497.5,,,UNVERIFIED
8b9670e6-7dca-5702-b73d-2aaac72cb074,e4700de9-4710-570b-ba6d-78a4a3f05e23,347.5,BDT,347.5,,,UNVERIFIED
d5671567-ad28-5c9d-93b4-563140047de3,a0d1dc1c-758b-5b16-9526-b04ce1df4648,2350,BDT,2350,,,UNVERIFIED
cc834b8c-837a-55f4-aa73-9c8acb20c9e4,0d2742bc-21c4-5d0c-be5f-50bc55b9a6ec,875,BDT,875,,,UNVERIFIED
a5c003b7-7946-59cc-9acc-0c3637425161,25d1e074-843f-51b9-84ed-116b9237787a,995,BDT,995,,,UNVERIFIED
dfc1e5f3-3864-51ff-9397-a4e42c067db0,28bb4754-6c8a-5aaa-8f01-3be10841cc3c,1195,BDT,1195,,,UNVERIFIED
d27b03a3-e04b-57c8-9ee8-60648a055b8f,6d22c023-a070-5e13-8933-74d2f1daae9d,1125,BDT,1125,,,UNVERIFIED
557f18e1-80b0-5951-9b35-4dc0d64a341b,ab6715f1-bf9f-5d42-8217-17140e97f8e8,625,BDT,625,,,UNVERIFIED
bb37d9ed-2bee-527b-aea1-aa0626f4bb41,a706c95e-c4aa-59a2-8687-3873c64eee4d,1250,BDT,1250,,,UNVERIFIED
fc3023fd-3d12-5ada-9a98-d96dbff73e50,a348c683-6398-5869-8f89-2f401b76c57e,1250,BDT,1250,,,UNVERIFIED
7c27e9f9-8f7b-5e65-92ab-39a3ce9d76c0,6d68968a-ef18-5547-8bc7-55cc12ff5fb6,1095,BDT,1095,,,UNVERIFIED
3978992f-717a-5902-9241-ec95bdbe683d,b5aa7af4-9dc9-5189-969d-bb21f6be3ce9,310,BDT,310,,,UNVERIFIED
63818899-95ad-5eef-9ca1-2a15e55fac25,1af6fd1f-4516-5f28-b955-3a841f905ead,368,BDT,368,,,UNVERIFIED
6d939df5-5b68-518c-a39a-28ff0dd50eed,f3181cec-a96e-57f8-9521-02ff241f5b15,597.5,BDT,597.5,,,UNVERIFIED
2c3943a0-bad3-58c4-adce-7fd0305cdc2b,9306f7a4-a06d-5dcc-80ba-dacf3fe20707,695,BDT,695,,,UNVERIFIED
f6cde5ce-a6c8-520b-8cc0-ffe110741d02,ebd666e9-db55-5ed8-acb9-035348f1b104,1295,BDT,1295,,,UNVERIFIED
3fbeb72c-cce7-593a-b8f8-c9f68fef700a,b3c8684a-978f-5a7d-bcc4-8ad5a92a866b,1350,BDT,1350,,,UNVERIFIED
49025c5b-cc3e-5eed-a8bf-afc76e1d784e,94785a85-a111-5923-8200-af13e7a3bf97,1950,BDT,1950,,,UNVERIFIED
4bd6ddc5-5446-5517-9fb5-227adb3c3bc1,8f2e4c86-a5d1-54cd-b75a-6591b5adba35,1495,BDT,1495,,,UNVERIFIED
21a59493-b81d-53f5-b4ca-b03d61dfca65,aa665d26-2702-5327-b5fb-6d85356b5797,1095,BDT,1095,,,UNVERIFIED
ffef9be6-5424-5237-a900-7aad67330a68,6b6043fd-4161-51a4-b1b1-0f2d64ee7633,1050,BDT,1050,,,UNVERIFIED
adcf801f-18f1-5f83-97b6-6605618337ae,3d00e7ed-fb18-5746-a150-8fbc78d92a66,2050,BDT,2050,,,UNVERIFIED
a2148bab-6db1-514d-8d33-ddbf9042bc2d,c8d46bde-68b0-52e0-bbe3-8dd619e98ebc,475,BDT,475,,,UNVERIFIED
77b4ae83-1c62-5093-8d40-cd8417d0c531,9bddf148-3e39-5ec1-b33c-d2b0dbfd13ba,347.5,BDT,347.5,,,UNVERIFIED
37cf40a7-8d1a-56ca-88c9-d3aaea463467,e8e7d4e7-ba48-5b02-a2e3-572d730d7664,625,BDT,625,,,UNVERIFIED
405d8165-1e58-5047-9641-6db4d6ca8127,fc78d253-e660-57e8-b30d-32223bde2b4b,625,BDT,625,,,UNVERIFIED
b2b42ccd-b03a-5911-9396-3e76259cf2d6,b4185c7a-c655-5b3c-b6a1-dd2446985653,695,BDT,695,,,UNVERIFIED
308036f5-2632-5935-9a11-d15ce6c4017c,1d7310f4-2f02-5ff5-bbdd-dcfb4a2a3d57,525,BDT,525,,,UNVERIFIED
ff34f56a-28ce-56b5-8d8f-69c8cae9ac13,2557f468-535a-5411-92bd-fa3eb5ab4e2b,1050,BDT,1050,,,UNVERIFIED
79b3200b-41f0-5251-8e2e-f119cef202a6,c8d65dd1-13cf-55dc-b05e-9791fc00bc5f,1095,BDT,1095,,,UNVERIFIED
00b29ad3-e2d9-5b84-a5e2-b33912f204d9,27c50883-805c-5870-abdb-87e71ecc7a9a,1295,BDT,1295,,,UNVERIFIED
d83aaf04-cca2-5a4e-b7e5-494719c25c1b,0b56c945-30bf-53ec-91b9-9091f9d01afc,475,BDT,475,,,UNVERIFIED
f94ce11d-3f4d-5ae7-b64b-3dc39d286faf,80de2844-7c31-5206-991b-f1166a7f8b09,475,BDT,475,,,UNVERIFIED
ed4a3233-7e2c-5fe6-ba45-cad50c6950e9,eb12ca5d-0803-5889-93c8-ab707cc6f4f6,375,BDT,375,,,UNVERIFIED
5abe6cb7-c8c0-5cd2-adf0-dd86f4df11bb,d1363191-b410-591b-a2ea-df06fd005fb2,347.5,BDT,347.5,,,UNVERIFIED
4e16a22f-0e20-5057-b57b-1ea6b48e6fe1,7036dbd5-a24e-5f48-89fc-8d708ac3906c,1050,BDT,1050,,,UNVERIFIED
82c29544-9a33-50c1-9589-300771e63a1a,5de479a3-53e0-55c3-837a-09b5a7183970,695,BDT,695,,,UNVERIFIED
65a8265b-4fff-553a-ac95-eb78be53d545,be567442-47fe-5808-b7ce-46b66c1b4ca8,1250,BDT,1250,,,UNVERIFIED
d49ee807-32b0-5c77-9970-b60b77053a74,14d30d25-703f-54a2-8e8c-573d4d208dc1,1050,BDT,1050,,,UNVERIFIED
848ed43a-88b4-5a5f-8229-b9a58fe501dc,d22e8f46-6b1d-5dc9-b377-f9ac8bdf0945,750,BDT,750,,,UNVERIFIED
92b8b28a-225c-5307-822a-2566f567f8cf,6e8d030a-5ba3-5fc1-a48a-2e7903e49c68,750,BDT,750,,,UNVERIFIED
e8704113-1f4b-5d71-bad3-90b7ef77d472,3a092155-09b6-5634-99c9-eaacad5c5b69,950,BDT,950,,,UNVERIFIED
0db660cf-7f17-5a63-a49c-6cb4138aec3e,c7554434-6f30-5343-b117-887895b44fac,3150,BDT,3150,,,UNVERIFIED
a1a38aad-9139-51b1-aeb0-0fd20b4287fc,f6ed5fc1-4d05-5670-8d73-e6e028aa83bb,1418,BDT,1418,,,UNVERIFIED
aa2db75d-daaa-5918-aadb-73de555ece4a,9833d265-492a-5e3e-870a-a0d9bdea86b9,950,BDT,950,,,UNVERIFIED
8323a09a-21d1-5e4f-94a3-2bff2e97314b,45c52c30-1293-5157-847e-f2918cffc1ec,950,BDT,950,,,UNVERIFIED
d932e6f4-35f0-54f8-8736-599ae1f72ed3,c2fab496-82a3-545b-87bc-f39d3da834e2,893,BDT,893,,,UNVERIFIED
03874363-7de8-58fb-bf5b-79a949a279ad,7a264ae8-7fd4-5ee2-b427-585bb3fcfcd1,950,BDT,950,,,UNVERIFIED
f4b3c242-a285-5f03-b9fd-e6329931e3f8,03a2a0a4-c96c-58b8-a28e-cb4368676aec,950,BDT,950,,,UNVERIFIED
cba874d0-de71-5970-b390-726b40757a0d,3b39a361-5e80-59e9-b111-b3eb541d9a65,1418,BDT,1418,,,UNVERIFIED
0e8fd87a-2008-5f43-aa5b-ac7fb14e8b52,9892c4a5-6473-53a6-8a13-954065429d68,1150,BDT,1150,,,UNVERIFIED
9a0a9f2a-ce0d-52fc-b3af-62b3bee960e7,0f76f06c-9000-5950-a742-83877f606564,184,BDT,184,,,UNVERIFIED
719daf9c-1394-5364-aac2-e67b19628923,dd940c49-ca7d-5fc1-a9d1-17ea1539a7d7,158,BDT,158,,,UNVERIFIED
00cd84b1-c54f-5a19-8d4a-954d1c568cc6,387f14ca-e96f-599a-a1ba-3c124949636a,131,BDT,131,,,UNVERIFIED
a19123b0-7418-5bd2-8070-b107584922ee,b5af55ff-1931-523d-89f8-9c1cb8c0a171,1250,BDT,1250,,,UNVERIFIED
ecbe56dd-4cf7-5277-9f5d-1be1a647e3bf,81da2783-4e02-51d6-8ddc-0c6cd96d059c,950,BDT,950,,,UNVERIFIED
a71daee6-068b-5e20-b915-2d9dfe5aaf34,c4e5e613-ec36-5ba6-8b26-df45fbe6b02e,950,BDT,950,,,UNVERIFIED
1232b315-4609-51ae-8553-45ec49bf616f,be0af5f0-076c-55ff-891c-c91a747300fd,3150,BDT,3150,,,UNVERIFIED
a8b4914b-9ec7-531c-ae62-9b0d635c49a5,02d9e878-d0bd-5266-b7e5-6cd2f8a11245,205,BDT,205,,,UNVERIFIED
e958bf6c-c7e2-5562-aee4-e8679bb121b0,07f5177e-a0c1-5752-9b0b-e5575a9d1ccf,950,BDT,950,,,UNVERIFIED
2fddf272-138f-5e5e-ba35-779075918650,2dfd4c0e-b54c-5c09-9e34-bcd003c255c4,893,BDT,893,,,UNVERIFIED
210420d4-321a-580b-9e76-a8a8b12c9693,b128eedd-2cd7-55a8-8a4b-b23f646c85df,1208,BDT,1208,,,UNVERIFIED
5b0de88b-3af3-59f4-9bf9-508bb7f2fac4,28b473bc-64fd-5479-9f84-cf56b905c233,1295,BDT,1295,,,UNVERIFIED
9e5a6161-c360-5f3b-81ca-97320e310d2d,11d236a1-53b8-5252-b611-03fd885b5203,998,BDT,998,,,UNVERIFIED
2e24982c-01ed-5a16-86f6-56d1965a77c1,f57d8bbb-5300-5c54-8dcf-8047159c9325,1295,BDT,1295,,,UNVERIFIED
073651d7-997b-5cf8-a4db-321075185409,b3c2a2a0-ab27-5ae9-9cb7-eb97932e55bb,1295,BDT,1295,,,UNVERIFIED
54d7e6a3-2a5d-5a30-b775-607a73369c70,154d4869-b6e7-53ac-8d01-5508509c910c,285,BDT,from Tk 285,,,UNVERIFIED
96302cb5-4112-5df1-8212-ba439955beb7,f018d5f7-dc87-53dd-9889-068d654b9da7,313,BDT,from Tk 313,,,UNVERIFIED
09602c2f-9b28-5709-b8d0-c9357bf066c5,5fd2b240-081b-5f6f-acaa-b413edf614d3,380,BDT,380,,,UNVERIFIED
c01b6d13-be62-5b45-8072-292c372207bd,05fc21a3-8cf3-5b65-8eaa-1bbf75399bc9,304,BDT,from Tk 304,,,UNVERIFIED
111135a7-cdd5-50e1-bee6-34a6cccb06dc,8fbc64f7-f8f2-5c9f-b111-551695870b5b,666,BDT,from Tk 666,,,UNVERIFIED
4ef2c389-4a8c-58b4-8f23-2a66c6a6a5d7,c4449ded-f6f9-56f9-8238-468d46b4094b,361,BDT,from Tk 361,,,UNVERIFIED
6b09e89a-0795-53a9-8e88-b822c86227b5,e73db5e1-357c-5b27-abe1-cd280ae4eb55,499,BDT,499,,,UNVERIFIED
b30c72f5-95d3-51fc-ae3c-0e2d9ff905f5,c7c234db-db85-5d82-a8e8-55bd086d3d7c,499,BDT,499,,,UNVERIFIED
9e22b99f-28e3-527e-941f-4a2969fb7f30,945745a1-9eb1-553c-a51a-960738f999d3,380,BDT,380,,,UNVERIFIED
abe638c8-9d91-5bc6-aa21-2dae3a2d54ad,a9e5a981-2198-59f5-9e30-42e6a74c9531,475,BDT,from Tk 475,,,UNVERIFIED
1d1827c3-54fc-5bd8-b1e5-4d14cf11ab6d,e9f92741-3af1-55bb-9be4-80b5b48d20e6,456,BDT,from Tk 456,,,UNVERIFIED
684a4f3a-38ca-5192-9b99-faaf3c237093,1c7954c0-4c80-5abe-888f-283a691f2e24,456,BDT,from Tk 456,,,UNVERIFIED
79de9f1a-acef-513b-81a2-fd3861044a30,4fbb07d6-f977-55f3-b216-bc73b2eaf34b,499,BDT,499,,,UNVERIFIED
590c96d0-3a91-5380-a30a-1292cfb0bfbf,aaff330c-beb7-5d6e-bc4a-10d75ecb53fa,313,BDT,from Tk 313,,,UNVERIFIED
dcd741cc-0923-5dcd-8024-9b8e6621484a,a7892ca4-32fd-555a-ad2a-81dcb3f8ad58,285,BDT,from Tk 285,,,UNVERIFIED
27601f86-e96b-5b49-9c52-18b13c1271b8,39dc7396-693d-564e-861e-0d5e2eade625,361,BDT,from Tk 361,,,UNVERIFIED
d0b77a85-da83-5eb9-a516-3cfe49470bbc,e67c690f-9c93-51ac-a060-3f0cbfa50c15,475,BDT,from Tk 475,,,UNVERIFIED
4b9648c0-82ff-58c0-9fba-d16bb297b77f,cbf5020f-3e05-54b9-a2f2-b7d99bc26538,361,BDT,from Tk 361,,,UNVERIFIED
15bfe01d-2bd4-5245-a3fe-0dea9c832096,ad504a5f-84eb-5595-b706-15589153fb44,428,BDT,from Tk 428,,,UNVERIFIED
52ab8353-d45a-57b8-96de-66f4b8c57014,7829919d-2fcc-5fc0-90ab-05b975dd582b,428,BDT,from Tk 428,,,UNVERIFIED
9e697d8e-6ce0-5d3d-91cd-1c2e5d7bef05,0868e698-0126-5597-978a-f5d742840c9e,618,BDT,618,,,UNVERIFIED
1ade8d5f-5e99-5b88-ac05-71ad4199e6d8,9cb3c9a9-288b-5e29-9114-caed543dda1f,523,BDT,523,,,UNVERIFIED
1d5e6f52-2422-557e-b6fd-5f7448847b2a,acb63fd4-2f52-5824-b89d-c4652ef1baea,551,BDT,551,,,UNVERIFIED
f17fcc08-e4cc-55b8-b3a9-1a1fb72ab190,6a8b46a7-8f67-5d34-a96c-1477677bf236,428,BDT,428,,,UNVERIFIED
e0a69b4f-eeaa-50de-b92c-121e001bed75,ed881061-8a0b-5346-a3f6-4d90475472b0,551,BDT,551,,,UNVERIFIED
b43dd022-ba0e-5356-9eb9-af0fc06ae35f,77e33905-c535-5146-b8bb-dddd28c12cd9,428,BDT,428,,,UNVERIFIED
3525e090-0092-50db-a4b2-c3a27fde80f1,ff3ee658-d024-5f4c-869a-7edab7f2c8ec,170,BDT,170,,,UNVERIFIED
9e568489-df95-5e21-be78-f4f1d66c2d53,6701b6b3-7938-5888-80ab-54b21320c511,332,BDT,332,,,UNVERIFIED
ea1f18a8-c78f-56fe-ad33-e24b1a1002a2,45688cab-1d6e-5118-b8ec-70e7ecbd0648,380,BDT,380,,,UNVERIFIED
cb217cb3-55e1-5f13-94ba-ba799bc34ac3,e17c3724-8cf4-5e08-b5dc-056f94b05c09,399,BDT,399,,,UNVERIFIED
18ea5b16-42a9-5e35-8858-0e41d069767a,9ef79b76-197f-5f16-890b-f0b49b061b91,228,BDT,from Tk 228,,,UNVERIFIED
d2dc56f1-4454-5975-8ad1-cfdaaf3c02fe,22f407d8-ceaa-5c54-92b0-4d6fefa55800,304,BDT,from Tk 304,,,UNVERIFIED
29b6fa83-5b1b-5319-8895-aac8e35b4480,0b383564-8a2b-53f7-bc9f-e316271395b4,390,BDT,390,,,UNVERIFIED
fe09820d-9f28-5a48-9717-80792bad4b73,276e780f-e966-5350-a8aa-4a00cfe9ef65,430,BDT,430,,,UNVERIFIED
028f3284-15ac-51ed-8d88-9035d98f0956,2500f20e-e891-5f30-b902-79b248246d4e,520,BDT,520,,,UNVERIFIED
288c17dd-d4d3-5319-93c5-ecf87b2e1cd5,d3a8c862-bede-5dcf-9a36-5513ae9c4955,1720,BDT,1720,,,UNVERIFIED
ed35696d-e945-5a70-bf1b-eaf34af9425d,0048db85-001e-5e75-a762-06289afe1ce6,870,BDT,870,,,UNVERIFIED
30731f07-d0d1-5488-8c28-250b08fdc7d4,1f75fae1-bcb6-5aa3-bdc7-e289d359c320,440,BDT,440,,,UNVERIFIED
6bf5530f-ced9-5a62-8d24-ade38876a288,24dd3d49-d4ab-5297-84d7-406adb2055ad,420,BDT,420,,,UNVERIFIED
7360c0bb-6df0-5785-8ffe-9671a2419a02,80653ed2-7d8e-5177-86dd-edffb877d2d4,270,BDT,270,,,UNVERIFIED
0634e031-ca2f-5842-b5de-55a385e0d072,022ec8a4-1860-55a0-9bbb-3c897558213f,30,BDT,30,,,UNVERIFIED
c27480f3-18c8-5fe7-a23b-9c56a09bb520,61e0142d-e8c8-5c42-bde5-8be54608d465,160,BDT,160,,,UNVERIFIED
7d7e02fe-fecb-571d-a35f-8c0bcacb8e86,a13b3c35-f2a1-5ff5-8788-a116f256b2d8,60,BDT,60,,,UNVERIFIED
52145ff0-d1c5-5978-b9c5-9800f5f259a2,560f0dbe-670f-546f-be01-637ba487e247,730,BDT,730,,,UNVERIFIED
2402b911-5933-5ad6-8e11-afc0d46fe44a,56745704-c20a-52f1-aa74-9a4f861690a8,930,BDT,930,,,UNVERIFIED
22e8a4ec-3e13-5462-b560-4b77f087d2c6,969c34bc-1d02-5862-b8f1-0656e10d7343,720,BDT,720,,,UNVERIFIED
63b77471-93f1-5d3a-b3ff-061d4b19db3f,b70c8e90-540b-596e-93b6-0447a3fc3909,760,BDT,760,,,UNVERIFIED
f7994b8b-7687-56cd-93be-a9ad251d88c4,186e4aad-501c-5bc6-a421-d97db2dee84e,870,BDT,870,,,UNVERIFIED
a258ea46-b92e-52dc-a9ee-3409b0e460d6,2f75cf67-1bef-531d-9d06-a9950cce4f9f,1280,BDT,1280,,,UNVERIFIED
bd3f55ba-25a3-56f8-9ee6-cbace2482752,376c855d-787a-5ec5-8e56-9b2ed4859bba,1380,BDT,1380,,,UNVERIFIED
dc535056-b27a-593d-809b-8502743dd8f1,2848ba07-0f07-5d42-b2bb-86acaba87c4a,1150,BDT,1150,,,UNVERIFIED
ebc3ac17-7f48-503c-b53d-fe07782f5cb9,011080dd-d2d7-5c70-b45b-5727e176acd1,1100,BDT,1100,,,UNVERIFIED
e5d94374-e3fc-584b-a68c-06b6cc9785d4,134db0ab-3592-58a7-b0b8-dae2c961d001,1250,BDT,1250,,,UNVERIFIED
f0dee24a-b766-5ba2-b742-8da422357d08,cb37b01b-d3e0-52b6-b32f-9286c2920643,1050,BDT,1050,,,UNVERIFIED
51dd6d2f-1274-55b5-b452-630dd37e6a5c,6151beb7-f816-5285-812e-5a4565595e4d,270,BDT,270,,,UNVERIFIED
821520f2-c344-52f5-a023-f760de05cf57,eb701db0-006d-5213-8fa2-407b5fc90c09,360,BDT,360,,,UNVERIFIED
10cb899f-5d02-5749-9a4c-fcf6dc00d2c8,12b0ffe2-4ba4-59ba-b6eb-decfe4cf1769,460,BDT,460,,,UNVERIFIED
47d904e3-89f9-5551-838d-6d2e3b24d634,1f9e1143-0ec7-50a2-a7b4-6ef2321c3252,150,BDT,150,,,UNVERIFIED
70f9bbfe-34fa-54f7-a180-be77b7d939b0,37a433ad-ef17-56c7-9f81-649e37f3dc76,180,BDT,180,,,UNVERIFIED
74ea55df-621c-5403-828d-366d562d4e55,9decb9e0-5c94-5070-bb1b-8593e1979044,140,BDT,140,,,UNVERIFIED
608c1ed7-60da-5bbf-b9e9-fb0f59dd2366,5fafbe11-7275-5b3a-b00c-3816cd482555,280,BDT,280,,,UNVERIFIED
3b64b894-260b-5d2d-b5a3-4d2e7334f203,ed712511-c1bf-5041-bf23-33ebeace550e,490,BDT,490,,,UNVERIFIED
0f5359ba-7a78-5bd7-98b7-30d205e195d4,8d0274b5-38ca-56fc-9074-f0a2816ca7fa,560,BDT,560,,,UNVERIFIED
341c2752-124b-5bee-8edf-b4690875b153,e3a919f6-48d1-51d2-816b-b09ad651e277,1050,BDT,1050,,,UNVERIFIED
e854c155-f8b0-534d-9713-377293d7a9ff,1bf74705-6092-5490-8087-999e08085063,1250,BDT,1250,,,UNVERIFIED
336e7ec2-0cf2-57fe-ad05-f8519ac7fe37,d62c0be3-24c3-54ff-a534-612f711269ff,1150,BDT,1150,,,UNVERIFIED
f75c6610-1353-5cb0-8078-8627f6bfa7ae,2675f780-a5b6-5210-9248-3396df551ec0,1500,BDT,1500,,,UNVERIFIED
ac216f03-dd1b-505d-8055-0716935fef92,e9351144-75c1-5c6e-b5ee-e6ffaee290a6,180,BDT,180,,,UNVERIFIED
20613c45-e237-5abe-bddf-08b3a16a42be,407d4d16-de2b-5651-9489-8b1d88915592,210,BDT,210,,,UNVERIFIED
6b0b1ef0-2c19-5c8d-8305-f0a6a0b65856,7e8ccf50-2abe-5247-891a-810b7643b0c8,90,BDT,90,,,UNVERIFIED
bc7eadba-0f0f-5fbc-bf8f-b53b59ba317d,0771b29a-170c-5968-b7b3-258b8945ea73,100,BDT,100,,,UNVERIFIED
2ed24aef-e9a9-51a1-8f27-d877587b7d52,27416a8b-54d2-5ef8-981c-dddc349f86a4,960,BDT,960,,,UNVERIFIED
b8bccf60-4796-50bf-9e49-f5db872302ae,a75bac50-12b9-583d-b520-7cca0b2676fc,300,BDT,300,,,UNVERIFIED
890d1a9b-cfcd-5099-8792-b10bd6d504b4,79a98b26-c7ca-5ea2-954a-751aaa611361,290,BDT,290,,,UNVERIFIED
51f82f28-51af-5ac1-baf9-1c467021e192,76d2d090-dc24-5ce4-90f1-73ef74762307,420,BDT,420,,,UNVERIFIED
99e2bbcd-de36-5e25-a19c-4ec14d0741e5,bd51b39f-18f0-570b-a7bb-4393d6599997,390,BDT,390,,,UNVERIFIED
4a7a4b0b-01b2-54e4-846d-167eacdc2fac,98ab3c1e-ae90-5816-9513-c521a9ff5481,260,BDT,260,,,UNVERIFIED
c13ebc96-2186-5b2b-a5c1-957544fbe2bb,c8514785-6a28-56c3-b358-75bd7e214d55,400,BDT,400,,,UNVERIFIED
8f42b4e5-35c1-5787-a9cf-81ff9ddf7b88,a722fa31-316d-5272-9983-90951fb47947,440,BDT,440,,,UNVERIFIED
c94a82d0-76e3-5c71-9636-63e735b3a3c7,f3de701d-7386-57bc-9321-ea24f474655b,250,BDT,250,,,UNVERIFIED
25ce397e-70fe-5c7d-9863-e0618499d477,906bf2e1-014b-538c-98ab-6492236564a2,390,BDT,390,,,UNVERIFIED
3e983e2d-d848-58ee-b69b-7a29dc1b7261,306952b3-5a0b-55c6-80d7-12d6c9749137,250,BDT,250,,,UNVERIFIED
c9c47868-71e4-5cc1-967d-32e138686e7b,e743cd34-c988-58ce-ae5f-773896423de5,290,BDT,290,,,UNVERIFIED
4763436d-a09d-5e68-bf94-00a3c49b3ed8,8f31517b-2c0f-548f-8eee-8e5eefc91e1b,420,BDT,420,,,UNVERIFIED
898dc5c3-0b52-5a55-95d2-9c255bd11567,97184d39-ef4a-546e-a39c-bcc54ef89c3c,1290,BDT,"from Tk 1,290",,,UNVERIFIED
9105c304-d761-5524-a6eb-6c9f3d943645,76c12a9d-4090-55a1-ae23-79f818213dc4,1590,BDT,"from Tk 1,590",,,UNVERIFIED
289958f9-5e1f-564d-961c-b40402e2f7bf,56959b63-eae3-5f58-bc82-f9ab09e43ca7,1490,BDT,1490,,,UNVERIFIED
70dc1d56-7e0a-5ea4-ae3b-93a345e443f5,4c0612a2-fe02-5aaf-b3aa-e2d76d56d3a7,1690,BDT,"from Tk 1,690",,,UNVERIFIED
812b8e3d-61f2-5dbb-9999-caedcd86a458,f3f0c00b-d159-514c-85b5-4c96c23a1d75,990,BDT,from Tk 990,,,UNVERIFIED
585a5570-c1ff-5321-8295-8df9e7e6b59e,039c476c-a3b4-5f32-ade9-acea0a73b1bf,1490,BDT,"from Tk 1,490",,,UNVERIFIED
052f0c2d-da08-546b-865d-c924a443b1c4,de173a99-ffb1-5e54-b5d3-7a242551120a,790,BDT,790,,,UNVERIFIED
7a6ab540-bd02-5414-a6d8-d8e94fc58ff3,3129dea8-3aa1-5b5f-8525-1f51eb84d6e5,1090,BDT,1090,,,UNVERIFIED
73dbd260-a797-5866-8f68-1ca1bc05e6e2,5fd8f626-e0a8-5a4c-a93b-658820ae4ffe,890,BDT,890,,,UNVERIFIED
d81fde2d-8f30-5259-8e46-17ad107021cd,987c278e-6b0f-5a78-8082-da73219890bb,690,BDT,690,,,UNVERIFIED
0211903f-1d30-5abf-999c-ecdc6df2b255,c9a3f0ca-2028-5226-90e7-aadb41222da5,1890,BDT,1890,,,UNVERIFIED
0bfa5119-07d4-5fed-a2f4-95038e2596b8,6c1b116a-6ad1-5888-921a-fb974c7f315f,690,BDT,from Tk 690,,,UNVERIFIED
833b9bc6-f463-5509-a280-2c95cca39ae7,9dbbfd59-4ec6-5a01-b75b-847030780fda,1290,BDT,"from Tk 1,290",,,UNVERIFIED
dc036548-ee3d-5b5a-b076-bfedb85cc954,74858f2c-eead-52d0-9f01-deb1492a6aac,1590,BDT,"from Tk 1,590",,,UNVERIFIED
33c24aa0-a163-5932-b5f0-5ad8845fa06a,c7508604-c2ba-5662-8f2f-7efa70aafb79,1890,BDT,"from Tk 1,890",,,UNVERIFIED
36b33d51-21a5-520e-abe9-5d0d7595c84b,d1ec0ff5-5c27-5c95-8140-03bdc3799dcc,2390,BDT,"from Tk 2,390",,,UNVERIFIED
9f9a3edf-2568-5df8-8ab8-2aa5b1dd21f5,87a31676-6741-5e4c-9434-305a0a797237,1690,BDT,1690,,,UNVERIFIED
41351a33-931e-511c-b4ab-c80ca327b338,fefde33d-c523-5a00-b847-39229ff7e00c,1490,BDT,1490,,,UNVERIFIED
b8270e3f-cbdc-5b20-998b-dfc272044663,7e28fa43-d2f2-5980-82af-21ccf8581eac,690,BDT,from Tk 690,,,UNVERIFIED
ed903628-99a6-56d3-8100-9b1b547b9a34,6d587bee-1c26-58bf-a300-e8e055f6ce49,1290,BDT,1290,,,UNVERIFIED
8b8e4328-c046-5e44-af0c-e1d281cd2539,9c3422ea-b0e3-56c9-a0bd-2a9ef7096a92,1290,BDT,1290,,,UNVERIFIED
1aee3961-b431-532a-aaf0-032aad186b27,11e83222-c858-5239-92c0-0a2c8a19e844,1190,BDT,1190,,,UNVERIFIED
d51033b0-6084-53af-bd0b-e9867f017493,9918c83f-d220-5d87-bc54-408cdcafa808,1390,BDT,1390,,,UNVERIFIED
228d8a59-2145-5abf-a30c-af5c30936a13,a8e43195-cedb-5ba7-90c2-9b06f6498161,1590,BDT,"from Tk 1,590",,,UNVERIFIED
61a67d4b-eef3-59ff-a863-7d196dfc01ee,8feb812c-5d64-5b57-b633-9f96db08a638,2190,BDT,2190,,,UNVERIFIED
e4aaf60a-6385-5d4e-8493-e25f51d39404,96f2a716-82d9-5f97-b3d4-9ce0fb883571,1890,BDT,1890,,,UNVERIFIED
2df5171a-0aa2-5099-928b-c47d96b5551e,c113b74c-1ec6-5dc5-ac76-848a1632195f,1390,BDT,1390,,,UNVERIFIED
9c9b1831-cb80-501b-b78b-28b59018dc58,12258757-5d6d-5ce7-964d-c035824fa3b9,1590,BDT,1590,,,UNVERIFIED
db6bd915-00d0-561f-a98b-a10a8872b023,162d8387-42a1-521a-b33e-8bace1092826,2990,BDT,2990,,,UNVERIFIED
e72899df-882e-5ed9-9e6a-eb1d7443d97b,539a1946-1d35-5f0c-9b1a-c5ec28fe39b6,600,BDT,600,,,UNVERIFIED
7ede763c-7fb4-57d2-b57f-2eee4777cadc,ece1804f-d60d-5d5b-b312-3715d76b70e7,500,BDT,500,,,UNVERIFIED
11808ff9-7432-5ded-8522-579e316717fe,ce8ddb25-66df-56af-8cc2-486d3abde2b4,400,BDT,400,,,UNVERIFIED
412c748a-8905-5914-8d2f-cd5074b0077b,e9e6789b-df40-527e-a3eb-d29a93cdf927,300,BDT,300,,,UNVERIFIED
fd8f8fab-d34f-5d18-a6af-ef1c4a9e4d46,fed5d875-f876-5c80-98a3-c05666e32bcc,400,BDT,400,,,UNVERIFIED
ce656403-6413-5a94-b7e7-ede810082eda,945ae7f5-7bc2-5ede-90d0-82faef65f21f,480,BDT,480,,,UNVERIFIED
ea0c8957-f3b6-5c3e-bb87-dedbbae2d6d6,b260ac9d-7bd0-5b7d-915c-195942709fc5,240,BDT,240,,,UNVERIFIED
a56c6a64-5950-500b-97f7-b5cf9516e98a,4af44d87-4bb5-5071-9f62-a4cedea4501b,400,BDT,400,,,UNVERIFIED
ed5a39b8-0925-55a1-b51d-5bd7546d337a,ccd050f3-7ed6-54ee-9a25-dc9cba32247a,600,BDT,600,,,UNVERIFIED
5119957f-5a4a-5e85-8326-e1b3a2540fa1,6d13b91f-80b6-5e70-9bbe-1c54328316fd,400,BDT,400,,,UNVERIFIED
e71b67dc-7c4b-50f5-9c2a-aebec1511c85,99ea218d-e891-5bbf-ad64-326a58783334,1000,BDT,1000,,,UNVERIFIED
381a1502-8902-5f36-9686-6fdf04f28e26,2cccdb1e-71c4-561a-815a-35b685739810,900,BDT,900,,,UNVERIFIED
8ccfdff1-828b-5261-b662-cd5a3a3cd9fe,50bbaf9a-0ed5-57a2-833e-7557c96931ce,700,BDT,700,,,UNVERIFIED
693b9964-4fe4-5acd-a136-97d0bec819b7,5aa45d7a-e996-5e9f-bccc-e32173a8e7a5,800,BDT,800,,,UNVERIFIED
6ed1fc99-21f7-5546-9c1c-ce5d25edaadb,a8a66024-8bb8-534e-97d3-d1cbff51b439,700,BDT,700,,,UNVERIFIED
b1ea622a-c492-5366-aec1-1728e9816d7d,fbc2226a-3090-5a90-b179-5c6b83af8ee8,700,BDT,700,,,UNVERIFIED
794b4a8c-3c7f-5c2d-8a5c-402d772f3c53,5c1c683e-bc99-5d50-85e2-f9e0743a0ed8,700,BDT,700,,,UNVERIFIED
0676a150-14e5-5f35-b571-9b73bfa6ada8,59576ce0-8346-594c-9309-aaddeebca97d,750,BDT,750,,,UNVERIFIED
a4668160-e84e-51d9-b32a-b64ea1af3ad8,c181564c-ebdb-5a26-88ac-a1f38e682ef0,800,BDT,800,,,UNVERIFIED
807e1fd9-24b1-5743-988b-c429760a1e9f,50cfa13c-1cee-54ea-9f52-de6fc2d8ce55,750,BDT,750,,,UNVERIFIED
72038be7-a721-544b-85e2-a84f75ae4681,9579c9d8-7da3-5dda-879a-d650a1873ffc,1300,BDT,1300,,,UNVERIFIED
9b78dfbf-d4ac-52e4-aa5f-4cb5c06efbd6,ec26d359-6557-50ab-bee8-c8b61c9ab3e9,700,BDT,700,,,UNVERIFIED
ba9725f7-ce89-5eaa-a7c6-1bb520f51eca,5090d34a-0e7f-5650-bcba-1321d28a21a7,800,BDT,800,,,UNVERIFIED
d232f49e-6996-5c6d-a1e5-9cf22509893f,cbd65dc7-3c34-55b3-9007-40bbea3ae17f,800,BDT,800,,,UNVERIFIED
6c50befa-3008-5017-ac7f-f9d9230c8162,69b05347-f9d2-527a-a544-33ca41ff432c,550,BDT,550,,,UNVERIFIED
741a9b4d-7004-50f5-9374-f3197c709c94,9aeb2d07-6e87-5b51-b2d4-c17677c7d383,650,BDT,650,,,UNVERIFIED
0aff5e2d-58f6-5b4c-a46c-720c4c9afe9a,5ab72e25-2ae9-534a-acd4-2332ee6046d9,1200,BDT,1200,,,UNVERIFIED
48f995ca-cf13-5648-a5d7-6ac0246d0aeb,3ac3e010-ae48-5f0f-b7d7-04c7cea3bb93,800,BDT,800,,,UNVERIFIED
7c8f2726-c1fb-51ae-9e07-5d939e51d783,02c3bca7-e33e-56b2-81b3-727ec5555f69,1000,BDT,1000,,,UNVERIFIED
393d2cdf-c929-5f84-9bf0-83b0cbc50e92,8b91a067-cd33-5362-b7c9-08fef8093031,600,BDT,600,,,UNVERIFIED
11dd4583-8adc-570c-8036-a2f8a3d0f8e9,e3e9a29a-33a5-5b28-803c-01c8631dc069,700,BDT,700,,,UNVERIFIED
0fd55bc5-e23b-5a30-9a7b-c2be6453ea40,e789c595-f45c-5960-935a-38b1a7042d06,800,BDT,800,,,UNVERIFIED
d683fb22-6c5d-5d81-a326-f93608c97ce3,9db76f1c-b2e2-5ca8-8e69-a8024dca60c3,700,BDT,700,,,UNVERIFIED
e269e7f0-f118-59e6-a550-d6865a5ad0a0,4ea0df4d-f1f5-56b9-a002-3226f3dd3f9e,750,BDT,750,,,UNVERIFIED
98c83390-207e-5928-ab17-5884283aa8d3,63df31fc-44fc-51c1-8a35-711b9b5e3d1f,700,BDT,700,,,UNVERIFIED
d601c94a-9011-5a95-90fa-2ddd59840e4a,6c511c69-8503-564f-9c43-d1ceb29783fc,1000,BDT,1000,,,UNVERIFIED
cbfdb5b9-2f4c-5eb7-bc1f-9667da29d311,7e8df842-c57d-5a95-82f9-163b0b159a6a,600,BDT,600,,,UNVERIFIED
7b50d43e-440d-580e-8dd6-b7f8bd91da81,74fcad00-0f9d-5479-a212-159b94688a1b,550,BDT,550,,,UNVERIFIED
1b320c0e-a95d-53e2-8a57-84a6172ce37e,97c9647f-bbc3-5979-94d4-b98b803f7484,600,BDT,600,,,UNVERIFIED
2057ab19-5250-5a7a-8d7e-15970e0d8b4a,e4c56b42-1c1f-5982-8647-78342b64d6ca,900,BDT,900,,,UNVERIFIED
6219b26e-624a-555e-97fe-9c3b48581055,e87bdfc8-dbcb-5f02-846d-65610315cf01,600,BDT,600,,,UNVERIFIED
7bf4e58c-cd58-5646-bdad-4d5fcc5bbbba,4f1a95bd-45e6-5ab8-af71-a56e8044624b,300,BDT,300,,,UNVERIFIED
cc582564-e43b-5fa3-951c-95488d01de32,5f9cbbe2-3d27-5210-921e-7ba5b94a0aff,400,BDT,400,,,UNVERIFIED
103de350-5e29-5397-a31e-6ecbe420d519,35fceb33-0760-57e2-8bf2-62ef45817581,300,BDT,300,,,UNVERIFIED
980a7478-84e6-536c-b31e-b2e67c5c8087,69286a52-276f-558d-ae74-db603a324028,350,BDT,350,,,UNVERIFIED
69b49ade-64d5-5777-8faf-12e834d7df5f,6a627a8c-9da1-51e6-9ff3-9fa25b5e36a0,450,BDT,450,,,UNVERIFIED
2bd3f03f-71a7-57e1-9afe-e677002ecd45,5439cfcc-0e1b-51e0-87c4-edda747b6c5c,600,BDT,600,,,UNVERIFIED
b0d0ec62-8a1b-5b9c-9e37-81bc52e33230,64b26fcc-fa51-5288-bc6c-a6842c180580,400,BDT,400,,,UNVERIFIED
91beff1f-f024-567d-b2cd-56e78c59769f,1a43abea-8918-5e7f-9b68-dbcddbd69b21,600,BDT,600,,,UNVERIFIED
724a85f3-e1c2-57e0-87f3-4dd6ddd9265d,186e1962-2bc9-5941-98da-7c19afd173b4,1000,BDT,1000,,,UNVERIFIED
e9d1d6cb-0be6-59f9-844e-6cf5cffc8d68,a2b3a2de-948c-52c4-9241-78e33bec8198,800,BDT,800,,,UNVERIFIED
803dfbc3-a1fd-59b3-bcd2-7c83770e5f1c,c2a6e809-70c4-5f70-82b4-841c3de80e5c,1000,BDT,1000,,,UNVERIFIED
cd3474aa-7ae0-5f2e-a6d7-b6090aef2a73,a723d3f0-9da7-5f0e-adf2-a900d98bb1f3,900,BDT,900,,,UNVERIFIED
41a60600-a5fd-54a0-ac91-a6f61c103688,00091527-da0d-5bd5-a527-e17e2c37785b,900,BDT,900,,,UNVERIFIED
a519013a-b056-5dac-ad22-c1a48b0d5b3c,cc59b695-6ae6-5fd3-9e90-1f0330413504,800,BDT,800,,,UNVERIFIED
449165e5-72eb-5716-be5d-3a167393d696,bbe7ad07-a139-5892-a937-ee4cb78ec7fd,1500,BDT,1500,,,UNVERIFIED
2f64bf0e-bb40-5b74-9321-778bd3e16778,9028524a-d241-5c25-b259-fb8095a71312,1000,BDT,1000,,,UNVERIFIED
f79090ac-9958-5751-afb5-86f000609561,43d5348d-0706-5c11-8821-9bf6b6526bcb,900,BDT,900,,,UNVERIFIED
938e0771-a0c7-5581-9d98-ccd725c1b44f,713917ac-4f77-57e7-9717-7f6546970ee3,800,BDT,800,,,UNVERIFIED
e2a5d5b3-82de-51b4-984d-c29298bf2c95,4931d6b0-6f97-5a50-a64b-d0c93179bc93,900,BDT,900,,,UNVERIFIED
d48ce28a-6324-530f-bb8f-2b378d16433b,022c2375-0328-5493-972d-e446725867be,850,BDT,850,,,UNVERIFIED
82ebe58d-3b7c-5bc4-a96c-b757b2feed8c,a468e3c4-a366-59ac-8295-c30cd3e43462,550,BDT,550,,,UNVERIFIED
e203c1ce-db11-57b2-83cd-81e46edaa6a8,5c71fd2d-e3e2-5f79-852e-4fc0043d2db0,850,BDT,850,,,UNVERIFIED
93ad8290-939b-54f1-96db-f0f2ee5a2310,2837852e-2ac8-5087-aaf8-6fe88e476535,900,BDT,900,,,UNVERIFIED
c3113388-cb35-5be1-872a-e734ccbc3318,0fd9fb76-5218-5459-bd38-efe602b9d70e,950,BDT,950,,,UNVERIFIED
0b1a303b-03e6-5499-a711-dee565f0f5bf,61371549-0319-5755-b2a2-2fd67f66eb1c,900,BDT,900,,,UNVERIFIED
b520f7f4-c1de-50d4-b3f3-868ba00c2fa7,7f2f2604-79d9-5d64-a4cf-d1239a512854,380,BDT,380,,,UNVERIFIED
f47abddc-708b-5458-9ac1-c252bc45a8d4,6efa9468-cb15-568e-a754-665b4034eaf9,618,BDT,618,,,UNVERIFIED
8f5a85cd-e161-5064-a2b1-89e37d3e8384,9cd27a57-5c8c-538b-a024-da667a5b7a5d,428,BDT,428,,,UNVERIFIED
73e8af00-e5ff-590f-adf1-76e7d8b6bd9a,493836f0-725d-5646-85bd-0d695aa4ba5e,523,BDT,523,,,UNVERIFIED
1792adcd-0627-57b0-90fb-579724f42590,71501b53-b31c-5f0b-8b8a-32901aabef31,551,BDT,551,,,UNVERIFIED
fb0eac78-424c-5606-abc8-added23c01e1,8ab44f58-68f6-5a43-94b7-64abbd281a32,428,BDT,428,,,UNVERIFIED
e9a80d53-2ddd-5860-9591-45ec6be80ff3,f77824af-a646-5e39-9010-1b77044cbf93,579,BDT,579,,,UNVERIFIED
df261a12-b704-5633-b0ec-e25e873c3078,345fe45a-030c-5884-83e6-463c90e0a524,523,BDT,523,,,UNVERIFIED
0613baea-9723-51a3-8868-c21046f60d44,e56b91a1-6861-526b-ac03-29a35aae7753,551,BDT,551,,,UNVERIFIED
03df4272-67a5-5813-b960-c9438073cb86,140df6df-798b-5bea-916e-76533e2c04a6,313,BDT,from Tk 313,,,UNVERIFIED
99c702fb-a8cc-5fb7-bf59-2a592031de63,9a7d8329-63f8-5be7-9b5a-b2c3a0c6f53d,285,BDT,from Tk 285,,,UNVERIFIED
be9ed355-57c3-5e99-9ad0-0cc24b971938,284c01c7-4c45-5f3f-9535-287c563c5274,361,BDT,from Tk 361,,,UNVERIFIED
53eb3cee-b6eb-53a0-829d-22073901f472,bf2eb184-bcba-5e3e-80ff-54ea83f4a50c,428,BDT,from Tk 428,,,UNVERIFIED
6e509bd4-7325-5d61-a25f-50c596835e0d,81b40a37-f936-5fc2-a3e4-23a434d7722f,428,BDT,from Tk 428,,,UNVERIFIED
70080e3f-6c3e-5d1a-9e62-66d9021b7f82,e4467964-46ad-5e4f-89b8-cf97447c4b16,456,BDT,from Tk 456,,,UNVERIFIED
9097cd9b-4f85-5778-8a2a-aa8cdbfea170,4283f4d1-ea01-52c0-b13d-0f9c7cc3d610,456,BDT,from Tk 456,,,UNVERIFIED
e1dbabfb-63c2-5fa7-acd3-e4fd10bc8034,1e1e8c8d-c163-58f1-b84b-0a1057634776,475,BDT,from Tk 475,,,UNVERIFIED
3dc4e71f-aa2b-5d8b-b2d4-0a684652263a,1babb99d-b6f8-5694-9fc6-971fcf3f105f,475,BDT,from Tk 475,,,UNVERIFIED
d4a91963-5ede-521e-bcb1-4b1095168faf,45c7740a-5255-5950-8b5a-10680ca54912,666,BDT,from Tk 666,,,UNVERIFIED
dd8c1905-5067-5b3c-ad21-f4b89639fffb,e6633925-ac0c-525c-a8e7-7e91c8fd10a6,399,BDT,399,,,UNVERIFIED
5b48a7f4-4b96-589b-8085-eac17dec0216,9948fa1c-2b2a-5e53-85a4-9943fdc33d92,499,BDT,499,,,UNVERIFIED
b9f6439d-0566-59ff-b5db-d6289d293b41,458a53b7-82c4-51f4-81e7-b298d4050966,499,BDT,499,,,UNVERIFIED
f82cdb85-2c82-58f4-b51c-c8efdee967f0,05ceb7e5-cbe0-5f1a-afb3-1a53ddae1840,499,BDT,499,,,UNVERIFIED
da526dc5-dbed-5ac6-a172-8921c541999c,34903655-7e4c-510c-a895-c65f059a1e96,170,BDT,170,,,UNVERIFIED
f09b4188-e115-5c4d-8425-3bf8f6517f30,90a6ff15-99a3-557d-915b-92ec5230d2f4,332,BDT,332,,,UNVERIFIED
71d86ef6-117a-5b74-900d-3eab53393293,03bea471-b12a-5f96-b9e3-2504339012ce,380,BDT,380,,,UNVERIFIED
3f83b073-a0c0-5e0f-bd74-f96b2a4eba96,27320e3b-5e2e-51ad-b4b2-b029b752b05d,361,BDT,from Tk 361,,,UNVERIFIED
0c24d761-3545-5719-bd38-8f5534a2b22a,d3f71371-2004-5662-9b9a-f7ca791d26f2,228,BDT,from Tk 228,,,UNVERIFIED
d9ce32f0-0ce3-5858-960e-a8de2d417500,bb71bdc6-927d-56f8-aef5-2b7c5f918a31,266,BDT,from Tk 266,,,UNVERIFIED
030862b2-424e-594b-aed5-8d0fd7fa6da4,9c1ee793-6b03-5132-95ff-6122fb35d75b,132,BDT,from Tk 132,,,UNVERIFIED
d572a11c-5701-577d-b2f2-b8ab9fa1ac93,24815c9e-2ac3-5588-881b-3d9978f21a5e,266,BDT,266,,,UNVERIFIED
1b6e69e4-fde2-5e87-a20b-ff17bb23ae12,fc0e8681-37e5-57d4-a708-546d2467d49b,361,BDT,361,,,UNVERIFIED
f8c1d8f2-96c4-568c-b5ee-e5fa4794c27b,8ecd183f-ca68-5ed3-841e-94fbc8360b6a,151,BDT,from Tk 151,,,UNVERIFIED
92b2bf08-7094-5920-8f90-28d6b58ecf4a,96587ae8-90c7-582a-b621-e1e76f1d9f55,304,BDT,from Tk 304,,,UNVERIFIED
8d64a57c-f7a2-5bdf-b2f1-588da671e939,31365e9f-9d09-59dd-a7bf-af0c215caf9b,285,BDT,from Tk 285,,,UNVERIFIED
9cc3c3d8-771c-5ada-bf04-3eadbad1f7e2,46a9a98d-0b8f-5c6f-ab91-0dfa6bb58e12,285,BDT,from Tk 285,,,UNVERIFIED
b2f554af-6c93-5653-894b-3dd23f1d7cf0,a9ffbe37-a506-570c-86c9-d059e401f1cd,285,BDT,from Tk 285,,,UNVERIFIED
452df977-cc9a-56a7-8159-432451c921e6,4fb67f27-df6c-5704-8ef6-a97d58bb5df8,304,BDT,from Tk 304,,,UNVERIFIED
a000408d-6110-5a40-bd78-2960f71ab853,c2848b51-e70c-5a2d-826c-d85932554cfd,180,BDT,180,,,UNVERIFIED
47d5f8ed-8b87-5703-b02b-0b81eddbde2b,1983d6b1-ff14-533f-884f-fb064c22b4c4,209,BDT,209,,,UNVERIFIED
d7bb2237-a8aa-5f85-9e30-ccf77062cb60,1405adaa-bfa1-59a0-b39e-e53f0d90906f,209,BDT,209,,,UNVERIFIED
9a821252-2c26-5688-9195-179ea125270f,d4e0708f-7c59-544f-b7e6-07871f189d10,237,BDT,237,,,UNVERIFIED
9e3cdd13-4b99-502e-82ca-600db46f3ea2,9fe3d430-14b3-510a-84ef-759349837dec,313,BDT,313,,,UNVERIFIED
9ac517e4-9dc2-59f9-b30d-20ca82001d11,628a9160-ad37-58ec-92f6-aa8a9a0d6ddc,209,BDT,209,,,UNVERIFIED
23d85a4d-9441-5130-bbac-b55ac20bf921,8e003860-c895-568b-85ba-1adf65c41cbc,237,BDT,237,,,UNVERIFIED
90e34582-9f07-50ee-b7e6-9adffc899973,40ac18e2-c0fd-5263-a66a-ed4f6f891b89,285,BDT,285,,,UNVERIFIED
50a1575c-4765-5989-b4b6-4f8ae2b5a65f,2a37c696-1c9a-52fb-9c80-0a27d34a3eb6,313,BDT,313,,,UNVERIFIED
f2660ae5-36eb-5085-91cd-56239f40f205,3092f10b-d3d6-5d04-8f1d-4f939de53bd6,313,BDT,313,,,UNVERIFIED
76f03529-05b1-5fdb-8358-7eefa65786c7,4e4e776f-4185-59ae-9e5c-0b2d9b9e533c,361,BDT,361,,,UNVERIFIED
9aba0258-7757-53f9-8178-38ca204b2646,20eefdb7-91c5-5365-9ffa-9d32606ad693,524,BDT,524,,,UNVERIFIED
475f5f96-1e0c-5a22-80e9-41e269e0eb88,6e299030-8225-57a1-9a05-c138a2c04a8f,612,BDT,612,,,UNVERIFIED
54cf75af-8421-5eaa-9478-8bf0fef7281f,83c78e9b-7554-5b9c-bdd8-fb6bcde0110a,638,BDT,638,,,UNVERIFIED
0f1e7926-18bd-5bf8-a736-cfadc99523fb,ab9dac03-a4c6-5b23-ab72-5feae9f3957d,717,BDT,717,,,UNVERIFIED
45434d3a-b829-551a-ac96-9c87d72d792a,271c7e10-85c1-54b7-b627-33cce999b8f9,726,BDT,726,,,UNVERIFIED
3509750b-8905-57bc-a4c8-ebe9768aa0f6,8d78f33a-bc3b-5e3b-b014-1c7601a41863,656,BDT,656,,,UNVERIFIED
f6f8b043-5321-53f0-add5-d914a1c1add9,9696c0c3-5f14-5b84-9991-0c3a3d91c408,506,BDT,506,,,UNVERIFIED
6ef52eee-3785-5f72-9369-8ff654b2feda,f571a9f4-578c-5b54-a965-8561acd63988,524,BDT,524,,,UNVERIFIED
bfe2afa4-4712-5b53-b1e3-d885a45f7539,f8ff3da7-ec3a-567a-b43e-90e20e776459,462,BDT,462,,,UNVERIFIED
534f24d5-b6be-520e-88cf-6a1f406e32be,da09da95-1562-5dfa-8d68-9cfca19e799d,471,BDT,471,,,UNVERIFIED
642e9cdb-f0af-58fb-a3ff-9ce8489844f3,f84c1165-25db-543b-8187-be8e5f3960c5,436,BDT,436,,,UNVERIFIED
83d18dbc-bb7f-5baa-9df7-7a1483cc3bb3,b2dfa735-8bf0-511b-add9-120991fdac07,348,BDT,348,,,UNVERIFIED
abaf10ba-867a-54b3-9da5-776479bd08ea,06fa93bc-0be6-556f-92ab-eb7b7f9cc788,392,BDT,392,,,UNVERIFIED
e3ab25b6-2f5a-5430-81d8-4d1c99358ba5,cc4af807-5530-5323-8422-20fdb088eae9,392,BDT,392,,,UNVERIFIED
f2a49898-3f4c-54d0-9fa3-ba3ce89687e5,f51a4378-37e6-5d62-87d1-c03b0beda7ad,568,BDT,568,,,UNVERIFIED
85014bf7-aaf2-53d9-b820-89e9e5c13179,88b7a064-1eec-5a86-8761-19c3b92a735c,400,BDT,400,,,UNVERIFIED
ce74efa0-af18-530e-a575-e198f5c175c5,e71d9c34-f702-5484-af3e-1b5bb0ae5686,600,BDT,600,,,UNVERIFIED
9d886645-26e0-5430-9ca8-cd73be676556,5d05fb28-9129-5614-bb6a-6fc326a4e482,500,BDT,500,,,UNVERIFIED
23c810a5-0bb7-5589-b7a1-8316a783ad56,cf127971-5310-55b1-ad79-d513891fae41,400,BDT,400,,,UNVERIFIED
d2503ed4-d3af-5e6a-90fe-0d08f937f115,96f68e7f-3d2c-5d29-96a5-c41c2dda4fe3,350,BDT,350,,,UNVERIFIED
a9e85065-db13-5073-8be6-7ced2359e688,dfa0b2fc-8b7a-5762-983c-505acd12e126,350,BDT,350,,,UNVERIFIED
5432e0f6-833b-5079-b322-480152c2382e,74928337-bbb5-5b8d-a991-624ebb26598b,100,BDT,100,,,UNVERIFIED
dd8f6e27-288b-5e24-8ce6-ebb6ebc63b70,af2d5157-4258-582b-9be7-da1154239a0a,100,BDT,100,,,UNVERIFIED
54277e9c-f4c6-510c-b56d-8e3a1241226e,e1f051b2-d7eb-5049-ab9f-417c4cb0c2ab,100,BDT,100,,,UNVERIFIED
e1a6af3a-741c-5fc0-9d78-2a0bd877c579,b2bb48be-ca6f-5ae4-9884-abc7f52e17f4,220,BDT,220,,,UNVERIFIED
3d5d31a6-1003-5083-9f4c-a850aa27671c,b8a0a5ed-3c36-5663-86d7-87d6f2edcc17,225,BDT,225,,,UNVERIFIED
17d6de03-7327-56b2-98bf-b6b3e6b0d1e4,1ecc4d70-8728-5895-b769-fc4f1daaa5fd,500,BDT,500,,,UNVERIFIED
442b0d1c-e11e-5d18-b24f-4a7d498aa7be,5f43a132-9864-5b72-8b7a-3d55f7a4eef7,500,BDT,500,,,UNVERIFIED
ecccb9c6-28ee-5cd2-b43f-0350b7be178c,f6e9aacf-84f8-54a5-aeb4-f6ffbb4b0ea8,50,BDT,50,,,UNVERIFIED
afe45f79-0ad0-5d50-9aed-93bc2a6b38d0,d56258d1-b934-5d5a-a37c-5997a0c10663,50,BDT,50,,,UNVERIFIED
41c260d0-1865-51f4-ae98-a10a7836fe83,4afd4347-876a-5d64-aeac-b2c2462de6e8,500,BDT,500,,,UNVERIFIED
e6245370-7703-573c-a13e-c3f02c717943,d2300d52-9578-5b4a-b1f7-7660c2c9a63a,500,BDT,500,,,UNVERIFIED
4549502e-e8aa-56c6-81a4-a5cced764c29,9760b280-a95a-5a1c-b3e4-953d8c32b280,500,BDT,500,,,UNVERIFIED
e5abcf8b-f97a-5d8b-98b3-6973c4ec7963,e9466ede-ac51-5f67-bb4d-3d8533119c6c,500,BDT,500,,,UNVERIFIED
60966ac9-660f-5a32-b1a7-0bdc890de82a,97b8b819-981c-5a68-aecf-38af0d95e02f,550,BDT,550,,,UNVERIFIED
1020638e-0155-5813-9fa5-b88521587afb,95f4dff7-cfae-54e8-901f-e1e55acfb114,525,BDT,525,,,UNVERIFIED
0235f890-d5e6-56e9-8242-2302efa4d2a1,fc41d13b-ec13-5b6a-a442-bc628fa52158,525,BDT,525,,,UNVERIFIED
416dbfb8-f130-5d08-b3f9-ed822a2bffc1,badc7e0b-a036-5c82-9441-c8cd2a167a99,500,BDT,500,,,UNVERIFIED
364aea5f-1214-5763-8ed2-d7ccc00c03be,e6e8e26d-2e74-569e-abcf-16985093c6b3,500,BDT,500,,,UNVERIFIED
538f51ff-6051-56f6-80b2-6791ff5967a7,3d2c73e5-722c-5d9c-a23d-e27e375a0380,165,BDT,165,,,UNVERIFIED
8e70a0e8-9395-5e3b-983b-17310b02dbc4,b798ee99-b837-5375-baae-884b22ac192b,545,BDT,545,,,UNVERIFIED
f9cb981f-3b2d-5634-b1a3-67f759bf8bce,7ca16a63-2d7e-571f-a4d5-611bb7b2ec7d,895,BDT,895,,,UNVERIFIED
b3a1613d-e302-5421-b594-97b7c6cdc555,3fb88151-bef8-5bc8-a1ca-fba341536d5a,645,BDT,645,,,UNVERIFIED
250c3f7e-decc-5c17-acdc-c66834c38a4c,5633cd65-7eb3-5d97-9568-e6818c1c0e44,595,BDT,595,,,UNVERIFIED
afb019ff-90c3-5166-be41-6feff4c70d6b,a5af2279-ec69-5ed6-9565-69d3da7986f2,795,BDT,795,,,UNVERIFIED
4e6366af-0fdc-5ae6-9130-1cd5e315f5e1,019295fa-65b2-53f3-a208-a927addcf380,745,BDT,745,,,UNVERIFIED
ab2b3c66-59b5-5305-9a7d-7a16153e1821,52b97810-ff87-5982-a0bb-60edb6a9e72f,595,BDT,595,,,UNVERIFIED
25c08d03-d8fe-51d9-89a4-e609bf2856b1,acc9a875-21d0-51f6-a791-6a1d58c7a9b6,695,BDT,695,,,UNVERIFIED
6acc32f3-03e7-5f0b-ad8f-9b18f0424610,f6eae415-88a3-5990-81b6-ee07620346e3,645,BDT,645,,,UNVERIFIED
0f2eb2fa-fd24-50a4-adc5-385e284e6ce3,e8111692-7490-55f9-88fc-5b9872e9c798,545,BDT,545,,,UNVERIFIED
d0ea2b2b-24e0-5b48-b41d-e7779ac52e8d,3c1332ee-79a6-5801-bb48-3375a818e9e9,595,BDT,595,,,UNVERIFIED
9f1cfde2-ba32-5ade-b915-18ae7170262f,e4c6511f-96cb-5339-83da-f351f07282e2,195,BDT,195,,,UNVERIFIED
dc41c0b4-80b9-5c7b-b6fd-9daaab72aeb1,48f860dd-ea73-5862-b7ff-ac7aa17287e2,165,BDT,165,,,UNVERIFIED
2117db54-cb77-5426-9ffc-728c00f2c5a3,a07fdc9d-5ae5-5a8b-a874-c2bc5008c716,475,BDT,475,,,UNVERIFIED
6da3fdd5-87fa-533d-838d-65b40f1b5a51,3421df16-dd34-528f-9237-c899ac5ea90e,475,BDT,475,,,UNVERIFIED
9e5b7806-01dc-5f1b-af4c-9077703ac35b,4346aea2-cdcd-5d3f-9f5f-99d29934dd79,345,BDT,345,,,UNVERIFIED
2171bd6b-38c2-5f7f-b548-d7ad7260cd88,3d6a9c85-86b7-50a4-ae91-97f5f2f9932e,475,BDT,475,,,UNVERIFIED
1fe57a18-5095-5cd2-9505-bb83db05a37e,1b1811b2-b159-5188-b1fa-3a943b5bb995,125,BDT,125,,,UNVERIFIED
e20f130c-85c8-5f43-9a63-96dce58a608e,fce6936b-6160-5bd4-8422-2be1ec4aa702,800,BDT,800,,,UNVERIFIED
952ffda3-ff8f-5166-a84f-470dbae0b7d8,274976b4-0512-572b-9ca1-71e535aec094,900,BDT,900,,,UNVERIFIED
fbde81cf-f2bf-5dab-99b9-47db03496702,88399b72-1457-536e-b6fd-3b4a6b2f076e,550,BDT,550,,,UNVERIFIED
bcd97d8c-2124-55bf-be15-f557e778c833,554bf9b4-b1bb-5034-927e-7d2aafa18f03,800,BDT,800,,,UNVERIFIED
52fc971d-8934-5615-853e-a7ede050bde7,500b7c01-6bb5-523d-a737-71a5e5a1e7b3,750,BDT,750,,,UNVERIFIED
dd9c1aef-e69b-52ef-8b62-653d17163d81,a36ccdf4-457e-5217-86cd-7c1b49b4e37e,750,BDT,750,,,UNVERIFIED
6f9df3b8-3b0d-58ab-bc47-cd04d3d0a382,25a89e80-25ae-5d25-9d29-1c002e068c37,750,BDT,750,,,UNVERIFIED
342401cf-b4d6-5d6b-beae-60fa7ab5a4c6,b3cdd5ec-0fde-54ff-bfd0-8dd3dd1ec9bb,750,BDT,750,,,UNVERIFIED
c1f6bac8-0c32-5795-aeb3-a8b5b7217894,190e8a86-beca-54c6-92a3-31708d2b72be,400,BDT,400,,,UNVERIFIED
d79a00ec-8572-5f23-b87a-1e393fd50a91,c890e53b-e7da-5502-ace8-a848362aa8b8,800,BDT,800,,,UNVERIFIED
e2657623-b718-54a7-a867-ea1eecae90ac,ffb35ca1-cffd-5766-84df-82bac11f148e,800,BDT,800,,,UNVERIFIED
518749d5-ffe5-5d82-b754-6a82e8328d6b,c2b2e21e-646a-56c6-b50a-4cc124c5f182,750,BDT,750,,,UNVERIFIED
40e30eb5-c12c-5b5d-b6da-386b124d25df,0019f785-3e73-5551-aa07-96512d35bfe0,700,BDT,700,,,UNVERIFIED
70c593da-3e03-53af-ab08-34f0a6cd6430,f7198efb-522e-51d9-abbd-80b06d16f0bb,800,BDT,800,,,UNVERIFIED
fcd87536-7bc3-54cb-adf8-9ffc8ff55140,709c1094-5f77-5482-aa0f-f596ded7d410,800,BDT,800,,,UNVERIFIED
e7053b89-ac33-5e61-a02f-cb3add988880,7cf09e7a-2de8-5eff-be65-9bebccd4f247,750,BDT,750,,,UNVERIFIED
e9618684-a9c2-5b28-9818-122db7178621,727f4975-1b3d-5d1b-b62b-38eaff0967a4,750,BDT,750,,,UNVERIFIED
6eb9ac2e-50c5-56c3-b8f4-05164c718054,832488c6-a79b-5dd3-b74a-3ec50751e860,700,BDT,700,,,UNVERIFIED
d5b6263e-c957-5a36-9e93-62f945cbde8a,6c2fabcf-6ae4-5013-be75-c0b1d6554cf9,600,BDT,600,,,UNVERIFIED
e0146649-f9a4-55a4-98e2-813f6c94e64f,1e8ac4fc-2da6-570d-8c46-1a4a3a90a8ea,600,BDT,600,,,UNVERIFIED
3b34ed8e-c0bb-5f67-9751-1902fb7b13fa,190139d8-c2f5-512e-a028-a85ec3cdfe00,600,BDT,600,,,UNVERIFIED
75f1c30c-d698-521c-9216-6c5abfda6c3a,9c8af53b-06b5-5ee4-b778-f5e60b9ff407,600,BDT,600,,,UNVERIFIED
4282c97c-2595-5abb-becf-4cdfd75a2524,c9bb506d-0a7c-5895-9aff-c6f16c33b75c,600,BDT,600,,,UNVERIFIED
103f419c-e1fa-5ec8-8328-bd1c2e8dcca7,ed7e4c67-2d92-5ce9-9b58-45798c8ac9cb,700,BDT,700,,,UNVERIFIED
70a7fb07-4a18-5d6d-b2e1-f6f3f6ec073a,e4de7f45-e05d-5775-9109-938a3d272d6e,700,BDT,700,,,UNVERIFIED
b8b106cc-f22f-5c4a-b0c2-d581297b0c22,514ed4fe-ecf2-5da8-b665-567e83cdec9c,700,BDT,700,,,UNVERIFIED
b4876c48-7745-5f8a-9c2c-963300c63a3b,347ea7d0-9060-582a-9393-843a0b29914d,600,BDT,600,,,UNVERIFIED
06e35c43-d3b4-52ff-a9c7-a361d31a5679,e6095cba-0cb1-5c41-9d1f-047f0df693c3,190,BDT,190,,,UNVERIFIED
dcb6a806-0e37-54e6-88a8-f771c3bf87b2,c954aac9-95dc-5ca9-86d8-08a6287ec8ab,380,BDT,380,,,UNVERIFIED
7b1e9bd1-2f84-5a24-91fe-e693bccb52ba,ab67109d-8a8d-5831-b789-683d738f7358,260,BDT,260,,,UNVERIFIED
85a88509-29b4-5a85-a191-f7fcec7b4837,366fb3c7-b214-5cf7-8a7c-b9f814a0067c,280,BDT,280,,,UNVERIFIED
7fb37b8e-c0d8-501a-8d26-fe2e178ec240,6856fa0b-5dc4-591b-914d-1632d175549c,290,BDT,290,,,UNVERIFIED
b1e3bbcd-cffd-5099-874d-eea76e4cc3aa,56d20823-6540-5b54-959d-48d5f5c8086b,160,BDT,160,,,UNVERIFIED
39529264-b2f4-5b89-aff9-3b6616ec333c,d73797b2-79ca-5a41-a99b-2dafd07aa06d,50,BDT,50,,,UNVERIFIED
d2880edf-673e-5e11-9231-01d75c4f1c31,208a97e5-7a52-5b28-ac5f-a3e1ac5af850,190,BDT,190,,,UNVERIFIED
5b31200e-d0f9-5205-b70d-ba45cfcf8ab0,9a9ace42-89c3-52d8-a383-265f5b7943a0,200,BDT,200,,,UNVERIFIED
677d26ac-2b95-5bf1-a2aa-6e3c42c75153,e8377dc1-85f3-5cd6-b3c3-b6577d3da6dc,270,BDT,270,,,UNVERIFIED
ce69d30f-230c-547b-bac2-0671cd8d6f2e,d08c2bf4-bd6d-5e28-905d-fc2fe05a1069,340,BDT,340,,,UNVERIFIED
f79a3111-7361-5d16-a875-47684f3b3c5f,b9ea3f60-ccc0-5ae9-a309-1af488d473dd,410,BDT,410,,,UNVERIFIED
e095919d-20a4-57ad-b069-321a539d0ebc,a826afa0-6d80-501e-9e44-0a076eeb2aa1,300,BDT,300,,,UNVERIFIED
7b8f08e8-f46c-572c-b9f4-e995c502c09a,b502ef30-e69e-59d4-8174-c6afed66f794,350,BDT,350,,,UNVERIFIED
37216c36-2bbd-5249-8b4c-12a5456278b3,221f2e89-20c0-5a5b-a117-1f9469042599,350,BDT,350,,,UNVERIFIED
78ed0687-5fa4-5821-99fd-3c0221268829,0f34067a-974d-536d-b3a9-8236a9c0aeff,420,BDT,420,,,UNVERIFIED
a358005e-1fb9-50cc-9af9-5e6d1f2127bf,6f13ed69-baf6-5afe-9878-de1e9d40f01d,380,BDT,380,,,UNVERIFIED
c3d91bc9-01f2-5060-8927-d75a05c48c4e,5455c9a1-b448-585f-beaf-368b5c15f4ff,520,BDT,520,,,UNVERIFIED
adaa7b68-60fd-5dc3-86d7-2244de9f168f,9f9bff81-3922-581b-a726-101eebc10133,650,BDT,650,,,UNVERIFIED
f18fe3fa-1223-550e-929b-c9d5b9101263,9a03c967-f1bd-5746-9506-067a336250bc,420,BDT,420,,,UNVERIFIED
9bfe207d-9465-574f-beeb-4eadba7aaeca,feb22da9-0732-5df7-864b-1a8994f13e60,500,BDT,500,,,UNVERIFIED
767b2850-b40c-5dd7-a5d2-4c01456df49f,622eab54-abf3-570f-87a6-378a38b2fc17,440,BDT,440,,,UNVERIFIED
48b9a1cc-3778-5065-bf6d-a75aefe31454,e61f9ddf-071e-512e-8305-644660ed240e,160,BDT,160,,,UNVERIFIED
cf036055-8593-5c0d-907e-ce09d2db18ac,8b0c7f24-e612-5abb-a4c0-5d21578f991d,250,BDT,250,,,UNVERIFIED
3b960384-398b-5692-b92f-79480178e1b6,15af76fa-2e05-59be-8402-6c3ea170dd5a,450,BDT,450,,,UNVERIFIED
6e209ace-9fae-5204-b30c-7aabcf143212,2b39da88-84a2-525a-9d73-dcdaa2a4ca5b,440,BDT,440,,,UNVERIFIED
a519b45c-b49b-5522-930a-849481c876fc,41234adc-1ce8-5e4a-b757-6d4ff737c4da,40,BDT,40,,,UNVERIFIED
206ef07d-06b4-59af-a4a3-5c296756f1ce,19d8622b-9750-5e76-beb4-7612cd197142,60,BDT,60,,,UNVERIFIED
bcf1dd10-5d58-506c-baa3-a7b4fd2b58df,fe3951de-c78a-5174-aaf4-fcc492ab34d6,80,BDT,80,,,UNVERIFIED
cfeed139-8efe-5830-acec-95accd414b70,9aa1b600-376a-5478-a5db-af402a9bec8f,40,BDT,40,,,UNVERIFIED
b260b388-2374-5cac-a012-40bcce286b33,ec9650cd-3b02-5bf2-859a-53619e2375e6,50,BDT,50,,,UNVERIFIED
13a1f4d7-357e-5cac-8955-e3448fbe6add,172b70b3-3c79-57c5-bb6a-44b9df97e306,80,BDT,80,,,UNVERIFIED
7690ba23-ade1-5980-9dd9-a32cb4e36a81,817beb04-3de3-5ca5-abd9-aface0e4922c,320,BDT,320,,,UNVERIFIED
13b915e0-8bf4-568d-a6d6-ee972a23da37,760adca4-73e6-55aa-89d0-529206f7c464,390,BDT,390,,,UNVERIFIED
9adcaa8a-939b-5553-af6f-6a29e7ed5230,714afaa6-a6da-5a48-9f5f-79959014b953,140,BDT,140,,,UNVERIFIED
3748d4fd-c3af-5530-b211-3bcdba93d6a0,df37e040-9aeb-5ba9-9941-6b86a00b8817,600,BDT,600,,,UNVERIFIED
ee711d3d-ce8c-552e-a7d5-33316093579a,14e53777-4b4f-58cc-901e-ab9f0a56bd07,400,BDT,400,,,UNVERIFIED
8584ed36-e656-566c-a18e-d7b73a62e783,dc1baa6b-55dd-57ff-8d92-51511418776d,400,BDT,400,,,UNVERIFIED
cf6a7fa3-2b80-5631-aad9-7b38dc0d984a,31a86e77-5238-55f1-81cc-791426893dab,550,BDT,550,,,UNVERIFIED
e2f54a16-bbb5-5c78-9b8c-54bce9adc31f,c6d95605-ac1e-5943-9895-d09fefa06db2,550,BDT,550,,,UNVERIFIED
f2843e10-8fd6-5438-93c6-b87c537919e8,335aadfe-bfcb-5f56-ac72-7e1adb958e0d,450,BDT,450,,,UNVERIFIED
e7b41977-2b4d-5ad6-b3ad-45473dbd0938,6ef2771e-9952-5f56-98cb-86f7a6c83991,330,BDT,330,,,UNVERIFIED
2beaf85f-ea4b-5970-a849-5feb2a75ef73,532bebcb-cf72-5ae5-83f0-d8a62bc6257c,350,BDT,350,,,UNVERIFIED
dc991a64-1860-5f1a-992e-0ac4847826b1,e38f8dce-b993-58c5-b7f8-70881edaead6,430,BDT,430,,,UNVERIFIED
67f8faf5-dc69-5e38-9fe6-8569a1eb2ea7,22598fe5-70d4-5f29-9ab9-da22446b5b1c,600,BDT,600,,,UNVERIFIED
f627ec22-0739-5f72-8ed6-ed90fdfc2a67,efdd4059-06bb-581d-8d8f-c1f59efb1f62,530,BDT,530,,,UNVERIFIED
37a0db92-806f-576d-87fd-24d6f6f806e4,abd0c5da-3685-578a-b8e8-4f2395e25646,650,BDT,650,,,UNVERIFIED
c1fa8006-63c8-5a1a-84c0-5ffb1662a479,539be974-66fd-552d-a7dc-1fb55fa2a306,350,BDT,350,,,UNVERIFIED
859c30d4-4038-5988-8c57-8363594fcd75,f386e5c7-8852-51df-967b-959094173333,400,BDT,400,,,UNVERIFIED
9cfe2552-8cba-58d8-ae67-4aa959ec4112,f737f363-61e1-5b0c-80c7-25732db0089e,590,BDT,590,,,UNVERIFIED
e89ad365-74bc-53eb-9cbc-a50700bbf7a9,aaf35c9e-d443-5b19-89c2-f0e9cb367724,490,BDT,490,,,UNVERIFIED
843a0287-e823-5ce4-8bc8-51dce25090da,10b04a86-004e-5b56-be10-da2079f038d8,380,BDT,380,,,UNVERIFIED
7a19db18-9fbc-53ce-81d4-2c9316d8e151,471f9570-5890-587b-9ad3-e4ce47241038,100,BDT,100,,,UNVERIFIED
19b14822-1b9e-5c9e-b947-3c2bf91ee89f,a2534d32-68d5-52e7-b8e5-e75d7d5b51f3,350,BDT,350,,,UNVERIFIED
64c0012e-0dd3-5973-91c0-f26280034ec1,83f71493-f8e2-5710-a80d-654d487a8571,280,BDT,280,,,UNVERIFIED
c41a609c-ab76-5713-a212-2f16ffdd891a,c808fee2-1817-5b32-b8e0-701ac4ded057,690,BDT,690,,,UNVERIFIED
41af33c3-4b0f-5e8c-9626-5a827f092af0,72a5d4dc-4ca9-553f-a3ec-c58be21c8c7b,710,BDT,710,,,UNVERIFIED
fb3c75b7-bde9-570b-8a42-fd8cc9b40bb5,f8c2b91b-1623-5417-bb61-eb2498abfb0b,650,BDT,650,,,UNVERIFIED
f509f768-b678-5a01-bb57-3b8c189078fe,54a3646c-1cc6-5f64-806d-1abd84d3796a,590,BDT,590,,,UNVERIFIED
f7935f43-1c22-5051-bf47-82e67e3c15c6,3282faf9-cdb0-5b6a-bafe-6c8ed54947ff,590,BDT,590,,,UNVERIFIED
9425b8a9-3bf3-5695-ab96-14e27608f2ee,1acd3687-e36b-5151-9631-38295b0654e8,630,BDT,630,,,UNVERIFIED
b9348431-3647-5dba-9775-e953a84dfe06,64577655-2bc1-5bb0-b02d-65d19c17cb2a,690,BDT,690,,,UNVERIFIED
822a225b-b5c2-52ff-8b39-7cb7025b4ee1,e0195ef7-ef73-5cba-aa29-3c4e1380e63d,690,BDT,690,,,UNVERIFIED
f0c9a0ce-81c0-55d8-9a60-b4fa35297114,1c26d7c0-5357-5c30-b1c1-bb16daab95e1,720,BDT,720,,,UNVERIFIED
b19b4a3e-af8b-59a9-b95d-7be34862cc83,26d66a98-d918-5a4e-ad8b-cf1a474b7e0a,650,BDT,650,,,UNVERIFIED
69f415e6-add8-5e07-b648-46587307639c,87aadc4f-19e0-5501-b189-336b43a0678d,790,BDT,790,,,UNVERIFIED
d2ead96e-4614-5489-9b16-e692644c2e96,f2bfe648-d6b5-5a6d-b3d5-f6a344fbb97d,550,BDT,550,,,UNVERIFIED
d7552a27-3409-500a-b141-f1d7b1ab3f5d,8249eec5-7d77-53ae-bbf8-8147a1d79786,550,BDT,550,,,UNVERIFIED
ad5820d5-2063-56cf-a7b0-4e1530cf440a,57e5520a-957d-544b-91e3-888727d3d6a6,460,BDT,460,,,UNVERIFIED
065197fd-91bf-5869-b454-2fc6bd0b170c,1e5288ec-7902-5c71-8bf7-92fc317aab10,390,BDT,390,,,UNVERIFIED
348bef35-e533-5d8a-9f59-02d4f8dd1857,f9d070b3-f2de-5c73-b4c1-35b5c22d2b0b,470,BDT,470,,,UNVERIFIED
da78c186-bd1e-5a35-8a15-1f75a2e9aa31,a31b3426-ed93-5997-bec3-0a6f612a03e6,410,BDT,410,,,UNVERIFIED
1f3a68e9-32fb-5310-923a-99da357f58dd,37c2623d-7c3e-5960-ac2f-d171bb7aae4f,460,BDT,460,,,UNVERIFIED
dfa03998-6e7f-5392-bcdb-0a0033f85466,60cee968-e4e0-591c-beb4-7b565b51c48c,300,BDT,300,,,UNVERIFIED
bd30d552-0da6-5030-8205-07c6d128772d,ea251304-e3da-552e-bfbb-6ff9b2f30b20,650,BDT,650,,,UNVERIFIED
53131724-411a-5802-82ca-85bd1516f849,c28c9812-6326-5577-ada0-d5aa44493cb8,690,BDT,690,,,UNVERIFIED
0a715d7a-76c1-56a9-829f-c37b80cefcf0,38e35f28-c525-5ab4-a475-3757b7aa43dd,690,BDT,690,,,UNVERIFIED
2328a838-aa86-5927-9ceb-f5210a3ff5a8,a6118ead-0b30-5185-8d72-421cbc753601,180,BDT,180,,,UNVERIFIED
59b5771c-00ca-5988-8cde-005875b1684d,364514e0-aff3-59e8-ad37-ae2a12b53051,700,BDT,700,,,UNVERIFIED
292e6747-08fc-5f12-b6d2-84a5639be114,e7a256dc-dd67-55ec-9c83-94523d1f404a,550,BDT,550,,,UNVERIFIED
a2330a07-e53f-5edc-85b4-57bc93b5e1f9,cf809151-f1fd-5b93-b3a6-9289d4a662d5,490,BDT,490,,,UNVERIFIED
9603c1ca-6565-5e2c-b542-1e96f8f2d87d,5f54c484-0372-5b06-afc0-52d8f1c34fec,450,BDT,450,,,UNVERIFIED
1618ba60-6dfc-517c-b26f-788a21489843,8d2b2a14-279f-52c4-ac48-5ff052ebccce,520,BDT,520,,,UNVERIFIED
e98a6b50-cede-5b0b-8428-d846c3c22742,8aa24e6c-99d4-5d08-96f1-53c750cb8528,430,BDT,430,,,UNVERIFIED
81e6f9cb-29b7-561e-aaff-c02dd9934e54,1b5b14e4-6c3c-5974-9c82-902fbb5b47fe,784,BDT,from Tk 784,,,UNVERIFIED
7a54cb35-df2d-55b6-baa0-888274f24166,094fcd6d-6475-5b9b-8e90-e3f3b565a805,917,BDT,from Tk 917,,,UNVERIFIED
4a107df4-6ffd-5bd7-add4-f3bec3836a06,b3aed262-b52d-551b-8934-a705e8e48498,1966,BDT,"from Tk 1,966",,,UNVERIFIED
5053b8f2-6566-5e79-9d35-c073f635864c,51c53e44-c386-5e90-bfa9-58fcf6297147,2636,BDT,"from Tk 2,636",,,UNVERIFIED
3bf97be7-0339-5777-9179-4f4644eb8a92,b01625b6-75c6-52fb-8f00-a41d6d7c0225,1466,BDT,"from Tk 1,466",,,UNVERIFIED
e4e9326e-3075-5222-89de-36d1b79a8820,989db463-a835-57a6-96d3-2ed879eaefaf,618,BDT,Tk 618,,,UNVERIFIED
71db1b8e-7230-59d0-bf51-d71651349da9,d6049505-d790-5235-bb7b-beb46bda2a70,397,BDT,Tk 397,,,UNVERIFIED
e8121988-6ac7-5b0d-abdc-4e9ecb7479a1,c7b793ad-7b2d-5603-88ea-fc0a52b94bb3,323,BDT,Tk 323,,,UNVERIFIED
d99f82d9-9647-5838-92be-54988d22a72a,077ad3c3-b8e3-545b-80c8-5a445d1fd385,300,BDT,Tk 300,,,UNVERIFIED
2e381e4a-d744-5af3-90a4-70bd06f6660c,092ba71e-a2d1-5700-867f-59fc6fcc7155,185,BDT,Tk 185,,,UNVERIFIED
8fffec97-27b6-5f2b-9731-df3baba40e0f,0ff73b56-16d6-582f-acde-163df603e098,300,BDT,Tk 300,,,UNVERIFIED
38be8914-fcbe-5787-bdaa-3f8f04eb2d9c,7fccd820-2c64-5da7-b7e1-251653c5714d,370,BDT,Tk 370,,,UNVERIFIED
e8ab5808-6ae9-509d-a5bd-3958a825aad3,960e2956-b91e-5a5e-8c72-df38de892776,2245,BDT,"Tk 2,245",,,UNVERIFIED
badcaf66-272c-5775-a745-9f9508f89268,32207ee7-5582-5a3e-aa06-817de8397f0d,785,BDT,Tk 785,,,UNVERIFIED
4fce9b20-adbe-5388-87d7-fa2efa704fb7,b40fd3ee-dbc3-52c0-9aa8-9acb495c493e,685,BDT,Tk 685,,,UNVERIFIED
965b5fa6-99e0-52da-859d-23073c758ba4,5961d488-61af-5125-9321-c8da0338bcd7,545,BDT,Tk 545,,,UNVERIFIED
e4bffb9b-a5bc-54c3-b6f9-0649a3cb689f,a564e94d-e526-5c2c-a9e0-03c7d36dd2e2,2685,BDT,"Tk 2,685",,,UNVERIFIED
879f4377-2146-5c0a-bf5d-2817e5fddb62,f4c9a0b7-1b85-515a-a3e1-e039e39b145a,645,BDT,Tk 645,,,UNVERIFIED
df027315-92de-5dac-9ef9-b2cbd28a7217,37564e7b-573c-5237-ac4c-e1a1d20e583e,585,BDT,Tk 585,,,UNVERIFIED
0bcc27ff-ff4d-50c8-8156-1ee074fc2271,6d27444c-25c4-5a3f-bec8-0f4b53fe734b,785,BDT,Tk 785,,,UNVERIFIED
bb58de65-446f-5d43-82dc-51444f501e6f,d8ed8c16-7a76-5161-a3a7-d5cabad96d3a,545,BDT,Tk 545,,,UNVERIFIED
73e83fab-68ed-59f0-ae7d-068d9e4d650a,3a9a5530-109d-580e-9571-f036c6c1287a,645,BDT,Tk 645,,,UNVERIFIED
85eb4f66-5462-5171-b8ab-8aad12af9b24,7c17054e-3f89-5d1d-bc40-f93ecbeae553,4245,BDT,"Tk 4,245",,,UNVERIFIED
c3a0eca2-f7b3-5fc3-b1e2-6d60a9d75927,debca066-4f23-55ac-b2ea-7d60e9921c35,1585,BDT,"Tk 1,585",,,UNVERIFIED
eefdf614-efcf-57b9-9972-1accc76548bc,0c56555b-e415-5564-a581-5ad1e7e79db9,2085,BDT,"Tk 2,085",,,UNVERIFIED
583276bc-9a61-5a7e-be67-a6ec751e07ea,70f23b44-9694-54fa-8aae-11d7d6830d3d,2445,BDT,"Tk 2,445",,,UNVERIFIED
46bb155e-8f80-5281-add2-a141a0ac92f8,18056a60-a465-56f6-97fb-e1e84272545c,2685,BDT,"Tk 2,685",,,UNVERIFIED
e3991ca5-7984-5e70-b993-50ef774bc598,a4b3a308-5f0f-510c-b930-40f11e9a9cff,785,BDT,Tk 785,,,UNVERIFIED
9f322455-df62-5e8b-89af-5bff05628d9c,f4a567b2-03bb-58d7-bcc8-448ecdcfb3d1,995,BDT,Tk 995,,,UNVERIFIED
310c238e-46c7-51b9-b8ba-f0f4494addd9,633266c7-f289-5def-b3c9-d9c502a7a862,5885,BDT,"Tk 5,885",,,UNVERIFIED
3cd477e4-304c-5d70-b436-b66b591721a9,76ea3cf5-984e-5e43-ab5f-17fe215e658e,5345,BDT,"Tk 5,345",,,UNVERIFIED
ac0e4092-0500-5a27-ab9f-570e27cf408c,3620c540-9987-5130-a160-3f5255f86ddb,4385,BDT,"Tk 4,385",,,UNVERIFIED
5129e92e-3340-54d4-b381-5cc29cd22a62,9238dfb4-28ab-5430-9b40-62b4d2f53759,356,BDT,Tk 356,,,UNVERIFIED
483dfee7-dea6-559f-bf9d-60c092c5c5db,31d43d5c-75d2-5aec-b7e6-f9930a8987cf,500,BDT,Tk 500,,,UNVERIFIED
389103ca-bf5a-5ed0-a2f7-38658f3bb232,4a17dd32-7ecd-570a-a2da-3ad97113dfe6,383,BDT,Tk 383,,,UNVERIFIED
dd87a3be-712d-5cd5-852f-71c8196649cb,f8685ed2-6c27-569c-89fd-2aeaa69ad6b3,500,BDT,Tk 500,,,UNVERIFIED
d1f02bde-3f75-52f2-a580-806ea1585619,4e8303ae-3bd0-52a9-869a-6d9ad0b820ef,716,BDT,Tk 716,,,UNVERIFIED
2249cff5-103f-5f68-b2fe-944b5cc12293,7f154d78-52d8-5ba9-9797-d8e987da409c,806,BDT,Tk 806,,,UNVERIFIED
2b43cb9a-3a6d-5374-af45-86fcff11d203,cbf64f54-0282-524a-8f34-47ea5951a064,392,BDT,Tk 392,,,UNVERIFIED
441a6456-a5b4-5098-ae7b-421fa150ac23,2d0fef4c-e7c5-522d-add8-eb902d92ec7f,446,BDT,Tk 446,,,UNVERIFIED
a935e651-a2f2-5367-9988-4b7d53635003,da9f746b-077c-531b-8663-6da1e50396b3,473,BDT,Tk 473,,,UNVERIFIED
e0cda940-be65-512f-984f-0c6c457860a8,6550a9f1-6c59-5413-a7a6-ea841b340ed6,536,BDT,Tk 536,,,UNVERIFIED
93a47406-0524-5fd0-a108-08d11b78e63b,18626b0e-2ca0-5fb0-ac15-74be97771411,500,BDT,Tk 500,,,UNVERIFIED
c10fbc3c-278c-547c-ac93-9d715a80f514,fb88d0d0-b080-5f39-bbbc-785095924c8e,446,BDT,Tk 446,,,UNVERIFIED
8af4e6a8-eb8b-506a-b91a-e9297cd1d338,c41e5b88-9b6e-5844-8e38-679993e6d634,536,BDT,Tk 536,,,UNVERIFIED
53a545e2-6cc5-56d2-a183-468565d055e4,33e0b091-d37d-596e-9906-c2d7a225e144,446,BDT,Tk 446,,,UNVERIFIED
b5ed1543-1c63-5dfc-bbaf-0a54f33a245d,12d0c6ed-00e2-5010-a57b-ebcb4a731bf3,536,BDT,Tk 536,,,UNVERIFIED
75aabf8e-da09-574e-97a3-f8897e03afe3,85828b2f-30a9-56a9-9c1b-9349046590de,500,BDT,Tk 500,,,UNVERIFIED
2331b75e-eccd-56eb-a539-d6f9236c768b,652f0082-61a5-51f3-b54f-fd57aca85aa5,536,BDT,Tk 536,,,UNVERIFIED
33fb7bc1-dcc2-5084-98bc-31d4c92311af,e996d3f0-5ff8-56b6-9009-beba22aee39e,590,BDT,Tk 590,,,UNVERIFIED
1f53b57a-2f8f-5f61-bb63-0c3de5217477,0c5f308e-ed61-533b-9680-ea669cb1fe92,446,BDT,Tk 446,,,UNVERIFIED
ff4947fd-ec21-5e62-b939-400d791b70c0,1556f0e8-4d5d-59af-bc60-40872bcdec70,518,BDT,Tk 518,,,UNVERIFIED
b3253d49-dc84-5fef-930a-909b8decdd71,70108c43-a202-50cc-bff1-3d4033871d1e,608,BDT,Tk 608,,,UNVERIFIED
49798276-0b19-558f-a47d-d987d7fb4409,34bd0c29-6040-587d-b5c8-24e52de7deea,536,BDT,Tk 536,,,UNVERIFIED
2ee9fb57-6442-5015-b4fd-371f768a2bea,e553f4e2-05fb-546a-883c-4ea67e642de6,536,BDT,Tk 536,,,UNVERIFIED
a9b69f46-c306-5af8-bd76-d693c29cc09c,c9277b0d-7117-5b45-8de7-fceb9ad35917,770,BDT,Tk 770,,,UNVERIFIED
233766a7-e1f8-558f-9a0e-bc26f2817c66,a9855d96-b604-5592-a945-61f0408a7343,770,BDT,Tk 770,,,UNVERIFIED
05d4906a-3f68-504a-84c6-378f9a70479d,6062296d-f140-5399-9d81-cce638f61fda,806,BDT,Tk 806,,,UNVERIFIED
832a5211-3328-5945-a9c1-e71e700424d3,b56283bf-b261-519c-956d-437de4f8d89f,896,BDT,Tk 896,,,UNVERIFIED
ae22449b-b335-56a3-a106-f2c257ba0483,ddf07ce2-5fb8-516d-b711-7bd4c7edcd92,716,BDT,Tk 716,,,UNVERIFIED
a7fbe07f-8d99-5599-9c63-d125ef965d3c,4c14bfc6-eafc-5904-9a5f-13159acb31ee,806,BDT,Tk 806,,,UNVERIFIED
64f26015-d529-510d-b7de-81bf9c03d034,5225a711-854e-5a80-aaaa-56a0e92d16dd,680,BDT,Tk 680,,,UNVERIFIED
1f38087e-15ca-5e18-bb76-9ff1014d9777,d0b47258-cc42-5724-b3c5-c3b846c26622,770,BDT,Tk 770,,,UNVERIFIED
73717a77-625c-556c-b8f0-14653a310801,073168ab-b910-55ca-84dd-a6bb79ccc48b,626,BDT,Tk 626,,,UNVERIFIED
a520290b-0b2b-5455-a9a5-868ec030a2a9,cb8b672e-f061-59d6-b0cf-cd5b1ffda76d,446,BDT,Tk 446,,,UNVERIFIED
0c546515-ed73-5d14-9db3-642037e59349,b782ee61-39ae-5f80-9b13-077dc6b25551,536,BDT,Tk 536,,,UNVERIFIED
49f26d4a-bbdc-5482-9590-8791abfde441,9307e03f-ebe2-5f75-92cd-45abe139b4c7,446,BDT,Tk 446,,,UNVERIFIED
a208734a-0952-5dbd-a1f9-4bdf20c2002e,c6181722-e311-5025-9dc9-e8bec09e24ad,1796,BDT,"Tk 1,796",,,UNVERIFIED
08c490de-fe63-5534-8f1f-be2539943a56,3e4f0cfb-5e6e-50e5-9a2e-5c040c08bbb2,716,BDT,Tk 716,,,UNVERIFIED
2e06add2-d85a-5872-9f41-6b43d61919e0,0c0b877b-65da-59b5-a681-812cf0c47bf6,536,BDT,Tk 536,,,UNVERIFIED
8e69812d-ed2c-58f5-8fc9-d0260696e0ae,9b29a878-9188-50fc-9195-c4743d15437d,536,BDT,Tk 536,,,UNVERIFIED
6e49f7ea-1959-5379-a483-e2c0bcef0734,7abbf9a0-eb7a-55ab-a013-c2205ee4283e,680,BDT,Tk 680,,,UNVERIFIED
1b571420-cd33-5513-a7db-1f4d4a73433a,1df9ee08-20b8-59e9-bcdf-190a233f4122,716,BDT,Tk 716,,,UNVERIFIED
72cb6135-3c8e-57f4-a6ce-6ad5dcd3c3a1,0e58dbb7-7d0e-5d47-8931-578f3e219fc0,680,BDT,Tk 680,,,UNVERIFIED
b1dd2e56-53ca-5698-9aac-b646479a2cf4,f532c3cb-c7ec-544a-8ad5-5d1825c67b1d,625,BDT,Tk 625,,,UNVERIFIED
38e33af8-e886-5d1e-84c5-bb73671d9968,99fecfd1-ffc9-559f-892a-6ce9f4a996ea,465,BDT,Tk 465,,,UNVERIFIED
a0008ec7-d01f-5983-b7fa-91a2f895334e,15736a6f-dd07-5731-aff6-cb3954c3a057,655,BDT,Tk 655,,,UNVERIFIED
ae8d57ae-0166-5381-a2cd-d9d3d1092c58,e8cd2a36-a390-5d1a-85c0-e051efd4606a,525,BDT,Tk 525,,,UNVERIFIED
de2e5b0b-4979-5745-be5f-4a324a00415b,a33d2f9c-2e49-58eb-9c9c-9d731acdb2db,445,BDT,Tk 445,,,UNVERIFIED
3b6d45f3-1acc-5b06-bd10-b6a9fa7933c7,2314e607-13d5-5dfa-a7a0-fc33f8237ce3,625,BDT,Tk 625,,,UNVERIFIED
c9bb9f8f-6c29-5307-bd11-89125c356a80,662a01b5-9304-5667-a725-b25288714a05,545,BDT,Tk 545,,,UNVERIFIED
4f70f998-d46c-5eab-abbe-383a3516b2ce,d51e1383-c281-5709-9bc2-4d0ceec9dc7f,445,BDT,Tk 445,,,UNVERIFIED
d9688cbf-2f6d-5615-a6a8-05eabf33fc4b,423b21a6-e87e-5e88-9000-d89b5051c890,425,BDT,Tk 425,,,UNVERIFIED
8436b7ed-3eaf-573c-9eaf-8d7bf80c9dbd,87d64304-8a66-5d0d-a484-0698990d874e,395,BDT,from Tk 395,,,UNVERIFIED
22202674-020e-5ced-84a1-ee28f73cdb7e,d14b7ff9-532b-5258-8400-eec5e22ef638,395,BDT,from Tk 395,,,UNVERIFIED
d95a87ff-ba4b-5293-aefd-9b0d6d12b2f5,ab287cc5-3ed4-536d-bdd2-169b79522fcf,395,BDT,from Tk 395,,,UNVERIFIED
92e91804-028b-5228-a683-3b70d513d711,b825d765-5e0a-5f24-863e-232ba4688063,395,BDT,from Tk 395,,,UNVERIFIED
5affa0f3-cd5e-5a9d-8739-fe1219725b83,90495f3d-607c-5e15-87f4-1a7e054ee61b,395,BDT,from Tk 395,,,UNVERIFIED
96155fdc-64d7-5ff7-bfb5-e29f2fc80cdb,947c7103-9730-5dd7-9541-a2e5fb26d9e8,465,BDT,Tk 465,,,UNVERIFIED
6a80d87a-f978-5177-baa6-50cb9f23a32f,9a8a0656-d95c-5263-836c-2badbe4be138,525,BDT,Tk 525,,,UNVERIFIED
eff6f0da-1b6c-5850-ab64-538600a1d519,beccb3ac-e68e-5ab3-a446-5edbb8c8f6df,585,BDT,Tk 585,,,UNVERIFIED
b1f48c34-58cb-5d4a-9b66-7a7e128102c5,8fc07a09-be36-5998-9ff4-fc0dd6e36361,365,BDT,Tk 365,,,UNVERIFIED
fcdbe3fa-1517-5c8e-a736-42e2e57b07d0,0d37cc06-8f60-5619-9c0b-19ff1f5c13d2,565,BDT,Tk 565,,,UNVERIFIED
b558df11-1114-5ad7-a7af-09f27d23a049,dd3c6a91-e5ea-57d6-8be5-f60dce0e1622,325,BDT,Tk 325,,,UNVERIFIED
60e2d879-24d6-54fc-8601-2cd03e37127a,27924711-8c82-569d-8817-4edfd57894bc,395,BDT,Tk 395,,,UNVERIFIED
d2738b1c-2a19-5530-bf46-9710e209e14c,79fb9669-ebe1-5858-b3eb-fa2ad510444b,585,BDT,Tk 585,,,UNVERIFIED
b9605f3e-f1af-5e28-894f-4d74359de49f,a18069de-b0cb-5f56-88ab-22057f194296,575,BDT,Tk 575,,,UNVERIFIED
85ea8a44-26d7-5ef1-ae28-3a4d512b9fb9,d31b9e7f-2936-5f91-8a1c-f7cd814540cb,565,BDT,Tk 565,,,UNVERIFIED
652ca0bc-018d-5edd-84f7-8c4b5882ed4a,ffa3df95-66d9-51ae-a52b-c7f01d9a95cf,445,BDT,Tk 445,,,UNVERIFIED
d2bc71c9-0186-57dc-9ebf-b82c749ab307,659dc54a-ba66-565d-a958-ad3a1cb53ba3,555,BDT,Tk 555,,,UNVERIFIED
a474290f-be2c-5a78-b27b-30b1be0b3095,7dcdc826-4d3e-5e1e-bc66-8244baef6dbe,795,BDT,Tk 795,,,UNVERIFIED
883a3b3a-305d-5658-aa43-395295705d35,bc980dd5-a989-53d2-bc21-28e15e441e12,695,BDT,Tk 695,,,UNVERIFIED
8ab3d96f-2217-5f0e-bad4-2992a94386b1,deea7cbd-c06a-511c-877f-f8b308645483,695,BDT,Tk 695,,,UNVERIFIED
b25a8c5f-e1eb-5f61-9cf0-59ee04be40d9,767befa0-e242-549e-9448-e05d8774418e,695,BDT,Tk 695,,,UNVERIFIED
b8fbb243-cc3b-58e8-9e80-45b8c897cd88,50062e97-419f-5ba7-a73a-836b9ce45232,695,BDT,Tk 695,,,UNVERIFIED
dbcf3f3d-64a6-524a-95ed-04d82231085a,a04f3052-8227-59b2-afd2-302e3604d396,795,BDT,Tk 795,,,UNVERIFIED
3640e7b2-f747-5750-8679-1e1326984f8b,411b3e88-501b-580e-a527-31c29f13eac4,695,BDT,Tk 695,,,UNVERIFIED
604577c4-d68d-53bf-be68-2698034bfb0d,8a93cb57-e6ba-5645-ad4c-67a40b5e4894,895,BDT,Tk 895,,,UNVERIFIED
1b14c3d8-b1e2-51c6-9e91-286953dca7b9,332aa55c-dc28-5075-b38b-5a726fd39440,995,BDT,Tk 995,,,UNVERIFIED
a7f11013-33b7-5bc2-8be5-39d1a249f3e8,29ed9548-cb33-58ad-a378-82db027b2864,795,BDT,Tk 795,,,UNVERIFIED
788a43dd-3220-51ee-9b8d-2695e82ab8a1,6b90ad35-da72-5950-90e3-efe84cd41139,595,BDT,Tk 595,,,UNVERIFIED
7a3994ea-9e2f-5b15-aea2-e14d19741662,5dc353c2-f4eb-5846-b37e-111ed6eb608c,795,BDT,Tk 795,,,UNVERIFIED
a0e85995-f5e4-55f1-9f97-57cf0e19da60,60a86a79-cec5-51a8-83f6-209d59928eef,995,BDT,Tk 995,,,UNVERIFIED
3348cd9d-00dd-5a31-9010-68410ea9f298,79f07411-a9ea-543f-8e12-bcde06fe3b30,695,BDT,Tk 695,,,UNVERIFIED
134d967b-3d63-5663-a987-8d918d7f82a6,01632219-6452-502f-9792-e582ad7d2aa0,695,BDT,Tk 695,,,UNVERIFIED
910fb05f-0c02-5da8-afcf-bd33eb703c3c,3faf21ea-cf37-52b7-b108-ba364f68c269,595,BDT,Tk 595,,,UNVERIFIED
e70bfe08-ba50-51f1-b871-5b25618c673a,c3f98741-dce6-5130-b092-e8d7a774272f,535,BDT,Tk 535,,,UNVERIFIED
c65d53ba-2457-5492-80fa-4e9a4f3143c5,5b160f0b-4020-5800-9775-8b202d6f1157,725,BDT,Tk 725,,,UNVERIFIED
11b07f77-fa3b-5086-b55d-47edb4393f9c,7d993f12-055b-5a59-97b8-6f2997969e55,895,BDT,Tk 895,,,UNVERIFIED
c6565b7d-4dbe-5414-a78f-82c63cacfa25,1f84d095-b71e-5044-8962-e062c0ec3e57,895,BDT,Tk 895,,,UNVERIFIED
96c48be7-4bc8-51f8-8642-c71bdf65cb48,3a91fac1-5dd9-5423-ab8d-21f887cb67a3,1095,BDT,"Tk 1,095",,,UNVERIFIED
a7e4760f-6ee3-50c4-a829-b2d883950c82,5c0b7c17-3c64-5d44-b7f9-7695ac13bf96,745,BDT,Tk 745,,,UNVERIFIED
f074fc90-4041-552a-89c9-39fd12041baa,78aa97c0-bc7e-531e-80a6-578146b6940b,1195,BDT,"Tk 1,195",,,UNVERIFIED
3b53c26c-7e5c-59ae-8116-ba5edf5ccf87,993d693a-7001-5d97-90f0-808730c28647,1495,BDT,"Tk 1,495",,,UNVERIFIED
c0beb78c-be3b-5ed6-91c5-a4e24aab2553,6f73e928-2821-5215-876f-7e98e1f553a0,695,BDT,Tk 695,,,UNVERIFIED
4ee1afc3-239e-509a-9603-d496963577ce,77f34785-06af-52e8-a2dd-b19ed29d6c95,785,BDT,Tk 785,,,UNVERIFIED
09e5ec4c-a9a1-5294-9bfd-2f91a9aab39e,c2a02c57-f01f-5ec2-b663-e69ec341e5ed,755,BDT,Tk 755,,,UNVERIFIED
aea90870-c85f-564d-835f-499a247e6f6a,efb8ba75-7b7d-5ee4-b080-c11064726545,485,BDT,Tk 485,,,UNVERIFIED
df1a7117-5403-5587-bfe8-f29e2887670e,1fb4913d-6ad3-500b-9bd1-a3724d6dabaa,585,BDT,Tk 585,,,UNVERIFIED
a6326329-ee69-52d2-bccf-e11f35685a04,7d51ce66-f3f6-5541-8d0b-2b42cb828131,585,BDT,Tk 585,,,UNVERIFIED
163a2047-c09a-5ab8-8098-3f6cbcee9f0b,650f29e5-2a79-54b7-a0a3-1e4e5ef14be6,445,BDT,Tk 445,,,UNVERIFIED
d45bce35-359d-5f6c-ad83-d833693c9b4c,fcca07f2-770a-59b3-a3f6-3b396df4dea9,485,BDT,Tk 485,,,UNVERIFIED
c3af3558-103f-5f46-9538-e569b8bfde0f,b9c116ce-0502-5190-9c61-5ed2cbaac9d3,395,BDT,Tk 395,,,UNVERIFIED
906acbaa-cd82-5cd5-af53-9b4782c795c7,21aa07aa-86a7-555d-8348-23533c972730,625,BDT,Tk 625,,,UNVERIFIED
fc85a554-2a98-5e73-899b-3339721e3d87,ddb62036-704e-5dc0-b6f7-18c7f4d8e7ae,495,BDT,Tk 495,,,UNVERIFIED
4d02b362-926e-527f-80b2-ad04b8ba620a,a3f4f590-85e6-57c1-865a-b376ea34b9ff,585,BDT,Tk 585,,,UNVERIFIED
4fd50081-800f-5c25-8f51-1128793b5bad,aa80dacd-acd7-5d27-b19e-9bca1521187a,625,BDT,Tk 625,,,UNVERIFIED
69c59043-fb5f-5ebc-8062-7b704940ed51,03ca2c2e-05c0-5a27-a569-badb83944f33,785,BDT,Tk 785,,,UNVERIFIED
f17d7604-be49-5c02-b603-49e8c12089ab,8f2fc847-8421-52ad-b4f7-3ad9ea18004a,1585,BDT,"Tk 1,585",,,UNVERIFIED
a02cdb8a-60da-5a21-b9d9-e15b76123796,6cd69ef5-d1e3-5137-9ceb-1f4e57c8d191,995,BDT,Tk 995,,,UNVERIFIED
2955fe87-2bd2-5fce-ad68-91388edfc9fe,7a6c066a-cf46-5211-b7e6-c5e88b6994d1,995,BDT,Tk 995,,,UNVERIFIED
74187299-497a-5e29-92af-db19b3ab3a91,d260d627-035d-52e5-bc60-6b1418f4adb5,695,BDT,Tk 695,,,UNVERIFIED
889ea7a0-d473-5be4-a56b-bdf897a5e107,fe804d01-6204-541a-8772-f1de85980cdc,725,BDT,Tk 725,,,UNVERIFIED
c9941e76-187d-54bd-baa5-b052504eff52,f03aaf29-b0da-51af-b82d-53aca4bfe690,180,BDT,Tk 180,,,UNVERIFIED
b5d3c1c6-e130-5208-b3a0-a8d612fd6143,3cc08382-d18d-5d0d-89cc-988e5c99dbb7,180,BDT,Tk 180,,,UNVERIFIED
47f4f98f-0cda-57ad-b965-7dea21a6b504,21b7adf9-09f2-598a-8d95-0a82110d41ac,180,BDT,Tk 180,,,UNVERIFIED
d09bd533-b3c0-5447-9d27-7639afd5a1dc,a410da37-c7a0-5bcc-8102-77ab48fabbd4,180,BDT,Tk 180,,,UNVERIFIED
6138f6da-f739-5b04-b76e-cc59172dd63c,e3a26100-f317-5f27-9b01-b14d699b4ad5,180,BDT,Tk 180,,,UNVERIFIED
837fe2ae-7fe8-5830-8344-fa24e0f16532,bdc84dcc-864a-5110-ac51-ad726e8f0a84,180,BDT,Tk 180,,,UNVERIFIED
4a8a7b76-5bf7-5d2f-8c79-e9d497bab6b9,972fbfd4-e59b-5dfd-99cb-5acae7c51134,210,BDT,Tk 210,,,UNVERIFIED
fa1597a3-0164-5e43-941d-8070ca13a196,3c31aecf-72e3-54c9-8218-92d5a381f529,300,BDT,Tk 300,,,UNVERIFIED
6399a51f-bc65-57fa-8864-2105dafd96b8,1bdf4d77-576b-5237-bf50-b27d7effcb90,180,BDT,Tk 180,,,UNVERIFIED
9f8c0a7c-ad4f-59cc-b90c-17bcafb4821a,a58ee761-6db8-5801-9a3d-cea0daa17c46,180,BDT,Tk 180,,,UNVERIFIED
7870607a-b0ac-572f-be21-f4195d4669db,249f0ccd-6d1d-5d33-b9ae-43fdf849e46e,80,BDT,Tk 80,,,UNVERIFIED
d9fed505-3691-590d-bd52-de89aa1fb2c8,0be1d435-57b6-5d35-91a8-f3b464e2ee05,80,BDT,Tk 80,,,UNVERIFIED
46ceb289-9529-51a0-9f13-c991e0967ff5,9ea4197a-61ae-5d50-9dfc-48c14a76453d,80,BDT,Tk 80,,,UNVERIFIED
3cff4778-10a6-5750-b45e-d16f0f773ffa,be0fe6db-6adc-5d32-8764-98d2aaf5653c,80,BDT,Tk 80,,,UNVERIFIED
f8edd7e3-344e-5afb-80fe-76011f93f8ee,5827d243-b4b4-5484-88f3-16bd462e99b4,80,BDT,Tk 80,,,UNVERIFIED
24cdcc31-122b-58ba-b3e1-209c15a4cb01,92fd98e3-052b-5381-a072-0c0ebb649fcf,78,BDT,Tk 78,,,UNVERIFIED
22935b8b-5101-5c59-9768-aeba5d59157a,6358ea5f-0c73-5c07-ba32-ace01ccbb182,80,BDT,Tk 80,,,UNVERIFIED
5d9a79e4-5de4-5805-ad54-78b5b3d3d78e,d241eeb5-469c-5320-ac51-8ea3903fd997,80,BDT,Tk 80,,,UNVERIFIED
89207563-0d62-531c-ab39-d63a326c3aac,a3348371-f198-5b92-ae82-236444143e9a,755,BDT,from Tk 755,,,UNVERIFIED
69c3c1ca-f14d-52fc-b94d-cf6f436506b9,1c00204e-b795-54db-a26f-981a869f85e9,495,BDT,from Tk 495,,,UNVERIFIED
0cfd971a-e08a-5493-b83d-122f0cea6cb4,5cd3fecf-668d-5dd9-af0e-5679fdeea6cc,345,BDT,from Tk 345,,,UNVERIFIED
ed402065-291e-59c6-aedd-620621e7c061,3acb08c5-867d-55cd-84f9-986a8a7aaba4,255,BDT,from Tk 255,,,UNVERIFIED
e8e1c0a7-0b5c-5b47-84e8-89c98b5a2abc,4dc5bf1f-b219-5f4f-a124-c12d1a000026,625,BDT,Tk 625,,,UNVERIFIED
a6d16a38-8df6-5726-827d-4e0a43f7c927,6d84f5b1-97cd-563e-82a4-04abd87ae834,250,BDT,from Tk 250,,,UNVERIFIED
292e4308-1f8c-5484-8353-ce7534104b22,538bd1cc-2617-5037-bbf5-8e1d91edb56b,1100,BDT,"Tk 1,100",,,UNVERIFIED
70d8652d-4889-56a8-b077-c3c6a041f5e4,e7d7f756-c278-534f-bf1b-89362fb41e21,2100,BDT,"Tk 2,100",,,UNVERIFIED
014004ff-aa87-5dc6-93fe-0dbf38358539,8f8cfb3f-5b54-55e6-b9fc-ee324337f6ab,3499,BDT,"Tk 3,499",,,UNVERIFIED
daf799ce-93e2-5ef4-9910-4d90df773b9c,c12d4698-b04d-5199-bf60-1d8dce52cbd8,1725,BDT,"Tk 1,725",,,UNVERIFIED
0510a60a-e331-54df-888a-0f4b17b791f8,59041cb1-52fb-55cd-979c-94bd0cf6a2e0,345,BDT,from Tk 345,,,UNVERIFIED
fa6921d2-629f-527b-8e33-e11444df4629,39e9ca5c-973a-58a9-b7f5-412c8a912cbb,945,BDT,from Tk 945,,,UNVERIFIED
5f9d5964-86b0-5295-9719-62bbd21116e2,43c2d7e1-793f-5aa1-9be9-9f13943d58ed,345,BDT,Tk 345,,,UNVERIFIED
dfbe8c1f-3396-54f8-b57f-cbef2830082d,48d02052-3bc8-5269-8d2c-61af4f21a3bb,745,BDT,Tk 745,,,UNVERIFIED
189b0eae-53cd-5ffb-bae6-8e2bf1f01e3e,11759f39-75c3-5372-8329-6bf98ed2f5d4,825,BDT,Tk 825,,,UNVERIFIED
6000af1f-ee0b-5645-bfef-5c56c5a8ba0f,102814d4-2741-579e-97fc-46a381d476a5,695,BDT,Tk 695,,,UNVERIFIED
c2837966-8d9d-5aaf-b1b8-cb2a53702930,db49071f-688a-5860-a92c-2cb28b677823,313,BDT,Tk 313,,,UNVERIFIED
80af7f0e-85f2-54f6-8179-f9396f7b43fb,dce83c68-7ee4-5e1f-98e5-f109e4786e5c,428,BDT,Tk 428,,,UNVERIFIED
37e6442c-ffeb-5570-b17f-753df1426bda,e52f2cd7-e329-5f9a-88e1-9564a1780cdc,209,BDT,Tk 209,,,UNVERIFIED
46671577-713a-5594-a409-a1aec33d5836,245fa85c-37b0-5e6b-a3b3-3dd1e378195d,333,BDT,Tk 333,,,UNVERIFIED
afaad319-c787-5090-9b5b-9ad56c985ab0,dd26e64a-fb72-535d-803f-93f9c306ba6e,380,BDT,from Tk 380,,,UNVERIFIED
045a5af9-3ec2-58c3-a2fd-37e919d1ca44,ccfbb485-98d4-5dc9-a9a0-e38ead8cd598,523,BDT,Tk 523,,,UNVERIFIED
cfc4a175-e3af-5edc-bf7a-3453ae895801,187bf030-ea6f-53aa-afa9-cf882cf43653,94,BDT,Tk 94,,,UNVERIFIED
e9985516-1e75-5cab-b803-e8df21c34751,f7c93af9-74af-5fc5-892e-7b4810e8ab39,123,BDT,Tk 123,,,UNVERIFIED
e7458b10-5e5e-5889-a806-d3222d1e760e,32ba02fa-011e-5d5f-9966-5d9b4e5bd63a,142,BDT,Tk 142,,,UNVERIFIED
e8fa280f-0b48-5d0b-99db-89faedb624b4,a4a602c1-4211-5702-9b7a-95bf134f3071,56,BDT,Tk 56,,,UNVERIFIED
d0cc7342-bf4d-5f72-9867-54844ad198ca,c7cb5f72-7863-575d-9f27-b4f22dfed9e5,56,BDT,Tk 56,,,UNVERIFIED
d835b3e8-4248-50ff-8acb-412617f3e796,c8478bc2-edfa-5489-b03d-3864d889c8a3,314,BDT,Tk 314,,,UNVERIFIED
ccf6cbbd-a203-5c88-9a69-2d333baf9608,1e75da1a-824c-5e8d-9fab-d78ddef59840,333,BDT,Tk 333,,,UNVERIFIED
c9115a8e-6830-5048-ae2e-d0a637a504f8,457f6c11-0469-5c5d-a6d2-fb07c9e91fce,361,BDT,Tk 361,,,UNVERIFIED
b3ba6e61-dfae-52b2-8b5e-8c9e93d44bb9,f6713b9c-81d9-5a47-b6a8-db1ffd58c3fa,380,BDT,Tk 380,,,UNVERIFIED
0f91e968-131f-56b9-8354-d2a1cf15be28,70699ef1-7311-5626-b67b-da589eeee352,75,BDT,Tk 75,,,UNVERIFIED
73cd64c7-6db5-59ef-a8e2-a8beb8cb85e5,d3236e9e-9347-57e7-955e-a5b6832729d7,85,BDT,Tk 85,,,UNVERIFIED
ac792d03-da8b-53d5-ba2f-c86297a9f26a,eb5966d5-788a-54fa-a157-fefbba0c6917,314,BDT,Tk 314,,,UNVERIFIED
7e40dff9-b719-597c-af23-d472771452b5,513134fe-195a-5d7a-bd27-43b2be6efc3a,79,BDT,Tk 79,,,UNVERIFIED
f2f20ea6-c8dd-5f13-9fe3-f6b77df33413,77b906ff-1cfe-5d26-8acb-91f7b5723a75,142,BDT,from Tk 142,,,UNVERIFIED
803dbd2f-f6b6-5e09-842d-0d467d362a24,0397fe15-82e6-5abd-9f50-6bf8cb7fdcdd,209,BDT,Tk 209,,,UNVERIFIED
793838f7-beeb-5453-9389-2ebc85a1dbb1,199dd8ed-8624-5dfb-86c9-bb28461829f9,266,BDT,Tk 266,,,UNVERIFIED
c4993294-4379-5b80-99a5-e26c66cee45a,677a5b29-d703-5eca-9e41-9d77ee2b1fe5,2147,BDT,"Tk 2,147",,,UNVERIFIED
212e2601-aa1e-58a4-a85c-6a1370f21c86,2729e0e2-2006-5cfd-a55d-593ef3bb0e18,499,BDT,Tk 499,,,UNVERIFIED
40b30c79-91ed-5a40-a2cd-f971faa08c16,bf8af2e5-efcc-5d02-849b-0fcc6e049c32,428,BDT,Tk 428,,,UNVERIFIED
e86bec8a-d915-5fc4-a9f9-7b303421274f,ef18f222-22bc-5109-a379-0b94018695c3,399,BDT,Tk 399,,,UNVERIFIED
74fccda8-1785-5784-9a59-25743c5a413c,48586d56-0d7c-5eae-9c19-08af9afa8b99,237,BDT,Tk 237,,,UNVERIFIED
0090727e-b80b-5abc-8a34-334590053ee7,1aaecfe3-111a-50a4-87fd-63eedc1993b3,123,BDT,Tk 123,,,UNVERIFIED
afcde733-188e-56ea-862d-d5b77f7e4130,c19f206a-0a6d-51b5-96c7-86634dfb9ccc,430,BDT,Tk 430,,,UNVERIFIED
71d7482f-1d7d-51a2-ba1c-53dadce0e0d2,1887e5b2-71b8-552a-9224-04f4800ddbac,460,BDT,Tk 460,,,UNVERIFIED
9bb1134d-b64e-5895-98bc-abcd34c4ecd8,bbfc6254-fe92-5c91-947f-32920bbd4276,495,BDT,Tk 495,,,UNVERIFIED
a5c11289-f9db-5cef-a310-461c9a5e5635,638a4c64-f0d3-5920-95ac-97750fd3f640,495,BDT,Tk 495,,,UNVERIFIED
1cb61850-1d89-5264-b69f-3f1ef1513138,d200d6df-6840-5cb5-ba1a-8caabce360a4,430,BDT,Tk 430,,,UNVERIFIED
61573694-dc22-5a3f-a526-855dc8b47c7e,d2d40639-a0d0-5d14-a513-e5f3ea7549a9,430,BDT,Tk 430,,,UNVERIFIED
8b8dcaee-398f-5f93-9ac6-81e44bb3876b,7f02fb2d-4793-5ba9-b1a2-98dd8927dfc6,925,BDT,Tk 925,,,UNVERIFIED
5b0e7ee2-c464-5cbe-b4af-127a550968cc,f26d220f-ec87-5dde-a9ac-aea73b52d203,925,BDT,Tk 925,,,UNVERIFIED
0a6a8cf5-842a-5990-b06d-7f9ba9dc56b6,58147ff4-1529-57c5-8e6c-46745f2abc8b,825,BDT,Tk 825,,,UNVERIFIED
4957db71-d95f-5dcf-8679-936eea6e2305,40f57aec-f925-5de8-a845-85f8e183aeec,825,BDT,Tk 825,,,UNVERIFIED
ddda39d4-18b7-5478-bccb-569f1677e2ae,367d00cf-baac-5b1d-a876-b8744ad8020d,735,BDT,Tk 735,,,UNVERIFIED
b7e86cd5-8f75-5311-a156-4a7406b93686,268f5a67-6680-537c-9805-00278ea27307,735,BDT,Tk 735,,,UNVERIFIED
4813b82a-9157-5b85-88ad-229c0594459b,77b6d94c-6192-5982-9390-b2b8bc39137e,580,BDT,Tk 580,,,UNVERIFIED
b4ee5669-a768-5093-993e-5ce02b48df77,d08e5ec0-7b9e-5f9a-8ee4-d5c29d1aeb3f,1485,BDT,"Tk 1,485",,,UNVERIFIED
77dfab7b-77ea-5f7c-af03-b34b4b77ce91,c1033776-e45f-503d-9c26-5b82d9d8daaa,1485,BDT,"Tk 1,485",,,UNVERIFIED
3adc0076-a67c-5404-ba8a-a44ca8cf9378,724da525-020f-50a6-9c12-a08afd3b9542,1485,BDT,"Tk 1,485",,,UNVERIFIED
d36a56c1-85e7-554b-af8e-1dbc5c9e523f,5942e70c-c344-5236-bf51-e4614b8c83ea,1485,BDT,"Tk 1,485",,,UNVERIFIED
4d1c8028-f4f6-50e4-b510-fc3831451c1a,afce30d5-bf8d-5f34-8232-43ae6faf9b89,410,BDT,Tk 410,,,UNVERIFIED
db81289f-6d16-5bd0-bff0-9c2d12e49bc0,c3e3a11c-25f8-567e-815f-af25c84330f9,385,BDT,Tk 385,,,UNVERIFIED
3b40d335-3d73-5603-a13b-20c2f4473081,4d7b7d59-a71c-55f7-9efa-1bda27a56e83,380,BDT,Tk 380,,,UNVERIFIED
1b87211d-f979-5604-8e36-7f26e618b472,2551bd3f-0686-50b1-89fd-a4dd01d93c05,400,BDT,Tk 400,,,UNVERIFIED
3a345aac-a7b8-5c98-8864-ffed49dbff63,177bb763-704d-5baf-a066-935039914d70,585,BDT,Tk 585,,,UNVERIFIED
6c2309a4-6fb3-56b2-acee-ce09310e52cf,21789a66-9750-5148-8d51-3030bd938ad3,340,BDT,Tk 340,,,UNVERIFIED
6caa2dea-64e9-5781-823b-68c686e23e84,3d998068-50ee-59aa-a288-45cf513147a2,220,BDT,Tk 220,,,UNVERIFIED
4ea52c7c-55b8-50c1-89ea-fe4541b8810e,c88e65b2-005b-5994-be4b-f0c38beb350b,275,BDT,Tk 275,,,UNVERIFIED
01a88012-8334-5433-a126-4727bcadf809,9ad19ff5-54b7-5e14-8797-20cde843a5c4,430,BDT,Tk 430,,,UNVERIFIED
d50a7852-c6fd-5b88-937d-b91303b13815,314d2cd5-1b3e-5319-b3cd-13ddbd9bda79,395,BDT,Tk 395,,,UNVERIFIED
156e3fd1-d6af-52a3-905e-2e061b38ed9e,89b27345-10b9-5816-805e-07367fcb5d2b,395,BDT,Tk 395,,,UNVERIFIED
ed94cef5-1daf-590d-bfb6-c8b5f63edfe4,0f464e97-4438-5883-9c1a-eb086023828e,395,BDT,Tk 395,,,UNVERIFIED
28586ae5-ecdd-520c-8f26-fdbd406a28c1,21a28eae-2a86-5680-ad3f-205ba4ec8312,855,BDT,Tk 855,,,UNVERIFIED
ab2e1854-cfd8-501e-a312-fb209850a8a0,6c33ebb9-09e2-5314-b6ad-ea2a7ef819be,895,BDT,Tk 895,,,UNVERIFIED
e7cdb775-e1c6-59b2-aae6-5ff45d2482c9,7db85648-149d-53e5-bbd2-956b7910cd94,625,BDT,Tk 625,,,UNVERIFIED
dd00749e-e3b6-5927-a639-84b6eae7fc9a,d6abebe5-0580-5cca-a153-85e3d90b0ee5,595,BDT,Tk 595,,,UNVERIFIED
b7cdac0d-1e24-571b-b515-df0553c7b32c,deb82771-af32-50d4-a305-2ef2eafc8d6d,914,BDT,Tk 914,,,UNVERIFIED
0671a05a-d67d-5613-86b0-67582875ab2d,273118fc-3454-5b5b-96a3-7e98816ee6f6,895,BDT,Tk 895,,,UNVERIFIED
9c27be7c-5149-549d-b696-ec40c2bd3611,3a72cb72-d624-540c-a714-0877e1d2e6e9,627,BDT,Tk 627,,,UNVERIFIED
875b2828-36e9-5ce0-a836-e0db1c4c6583,ace3b63c-5fb0-5b35-affe-145b1eb53493,1098,BDT,"Tk 1,098",,,UNVERIFIED
235cfab8-736e-5638-80e4-471bb28ef4c2,de33df0d-e550-54bd-85a3-6f28b9483c10,627,BDT,Tk 627,,,UNVERIFIED
e39dccdc-6919-55e4-8499-e299e3eeecb9,21af7f60-a861-562f-b4a6-9103df63c113,420,BDT,Tk 420,,,UNVERIFIED
79cbd486-cfe4-5cfc-be50-0b4718ef1e41,e123caa8-cdc7-5a95-9ad2-a2bfab82039f,565,BDT,Tk 565,,,UNVERIFIED
0edf5b64-0bd0-544d-8bb4-a2d360d4992a,86a1c70b-8ac6-572a-8d12-dec10dba8e2f,425,BDT,Tk 425,,,UNVERIFIED
6993d795-e592-5e2b-8964-41e70436770d,ab4dee77-984a-54fc-8114-aae354b2c8a2,475,BDT,Tk 475,,,UNVERIFIED
7c876481-8b09-5543-b2cb-e83b1ec087fd,c39cb24d-4985-548b-baa7-b598d9c57d80,325,BDT,Tk 325,,,UNVERIFIED
b59855ef-c1a8-5933-874b-0835846ef6ef,59ef3b72-60c8-57e2-8036-5445401dd68f,325,BDT,Tk 325,,,UNVERIFIED
8d0e2209-dcbe-52c2-937a-9bdab46a4586,87da4916-c6e3-5faa-9961-865540294f2c,385,BDT,Tk 385,,,UNVERIFIED
4bfdfb87-dcf9-58e4-a844-b48a30a68024,452bba9c-0c98-5a77-9629-3088a18673f2,485,BDT,Tk 485,,,UNVERIFIED
57a23bf2-7a58-538d-92f0-70c039a0eefe,0b7e50a0-1336-5ade-ba82-4351e73ca7c3,295,BDT,Tk 295,,,UNVERIFIED
c6605cfe-bfed-5ef6-9e9c-f7a595f9b5a3,ae6090c4-b4a3-592d-8eeb-d7c8d544b0e7,684,BDT,Tk 684,,,UNVERIFIED
6b57888f-f38e-50f4-b430-f340f9b075c9,4f9f7f46-df5e-58f1-a5b5-994f4aecdb6f,454,BDT,Tk 454,,,UNVERIFIED
092eaa63-186d-5c3e-8528-4833b61f0ad3,b52437a2-0936-5896-957a-b40702a9b95f,495,BDT,Tk 495,,,UNVERIFIED
5f5536c0-64b0-5c38-bacb-32458105c032,b06cbc64-fe50-5223-8a2e-5f7284e51fcc,495,BDT,Tk 495,,,UNVERIFIED
00e4f491-0472-502e-9712-77f4c3fd0095,e3d9dc06-7003-5165-a313-08c10ba83f5b,595,BDT,Tk 595,,,UNVERIFIED
d95e5f2e-9e01-51d6-892d-005ce88fae9a,23ed1209-ffdf-56ed-8980-15f8fb9bece8,684,BDT,Tk 684,,,UNVERIFIED
db68cf86-a9e9-5ae7-b786-cc6a73c8bc3f,6f10d857-989d-5c5f-af23-7f8f4df0626a,489,BDT,Tk 489,,,UNVERIFIED
81268a7f-d9e6-5a98-8d05-ed7012acf367,bd922040-f848-557d-9f0b-de8fd13be0c7,495,BDT,Tk 495,,,UNVERIFIED
894ba835-2921-5727-b111-c3773013193b,421fa729-3afe-5619-acf9-34ab1e717c7e,595,BDT,Tk 595,,,UNVERIFIED
9126e090-53da-5357-bc56-b8dd972f1ed9,69690d13-56c3-5675-b4f6-6e14e3164d6a,595,BDT,Tk 595,,,UNVERIFIED
67a0704f-74ce-59c0-a7a6-7f4dc8786cda,79c2fbd9-700b-5709-887a-012c414fdd06,495,BDT,Tk 495,,,UNVERIFIED
5c0cff2a-748e-520e-aa91-d50b52fcb528,ed933d97-1f79-5f1f-9193-e1dff1e53bb1,475,BDT,Tk 475,,,UNVERIFIED
4d409126-50ce-5b51-823c-5db888e770fa,f7fdd8f3-ac1d-5298-8a0e-a120377adbed,325,BDT,Tk 325,,,UNVERIFIED
6bcc3e9f-bd19-5c29-be60-f8bca2984431,94cc84b1-efa5-5d2b-8ee7-ea968e5e4d2d,1295,BDT,"Tk 1,295",,,UNVERIFIED
03536622-e05b-583f-aa0b-c8f0fe28af9f,16bb1843-d24d-5d09-aa9c-2df7699dd745,455,BDT,Tk 455,,,UNVERIFIED
4d6419c7-c2a8-51fc-b683-10baa4ae7a18,cd60b829-6411-5ba2-bf7b-49d612e034ac,455,BDT,Tk 455,,,UNVERIFIED
5933ed6e-510c-50e2-a63e-a0e1e46987ed,75cc0504-a419-5de2-9be9-6e5c2912f027,455,BDT,Tk 455,,,UNVERIFIED
29425a08-03b9-5c2f-b54d-1f925ba59589,60f91a4a-ffec-58e1-84a7-44cc2c900f21,1295,BDT,"Tk 1,295",,,UNVERIFIED
21f33f27-274e-50a8-9e84-f86d7f11a9b2,73e030c6-4ac8-5ec3-b553-5021b07e1294,914,BDT,Tk 914,,,UNVERIFIED
dc3e726a-1530-56ac-9b37-5af00563186e,a0525ea5-a20d-5880-a353-8a85113feab3,1895,BDT,"Tk 1,895",,,UNVERIFIED
1efae385-edf1-5d17-8727-e5ea1fb2c263,65f33810-13e5-52ef-9c04-61b93b60f1ef,1295,BDT,"Tk 1,295",,,UNVERIFIED
ffe2ac73-c6b3-5789-b86d-80ffbb46750d,5c512ba9-93e8-5fe7-b692-6c9e70b2b118,645,BDT,Tk 645,,,UNVERIFIED
aed8d588-1e1c-5938-b253-e4fb223c4a2c,246b66e2-9e81-5083-a162-a398378e4142,1295,BDT,"Tk 1,295",,,UNVERIFIED
a1fcb4f5-dca7-53bd-a6b0-9681b7f5eaef,3aed5c5e-1949-5b1b-9363-bef6c8342366,585,BDT,Tk 585,,,UNVERIFIED
9e58058e-8bc8-57e4-a0bc-a125455d884a,83e8409a-6440-5b07-8530-b5549c4e064c,1895,BDT,"Tk 1,895",,,UNVERIFIED
90250529-babf-5411-9008-5f5dc2124cbe,0d607c93-0b1f-5b3d-97e6-0e22913a1a2f,645,BDT,Tk 645,,,UNVERIFIED
1738fe08-fb30-5c78-aeac-85393462f3ec,7568710c-02de-5824-872d-cdfe006af157,795,BDT,Tk 795,,,UNVERIFIED
a1c98839-7701-571f-a53d-2c2f363b441f,b1551a6d-cfed-51c4-a245-01afa9a40928,695,BDT,Tk 695,,,UNVERIFIED
e414d279-d7b8-5b66-944a-ee91cb029743,5d04c717-658e-51a6-ab1d-87c71ee56b35,595,BDT,Tk 595,,,UNVERIFIED
c07af566-9fcf-5592-9e7a-ba5081491a48,b33f56f9-46bf-5b04-a1a2-4d2061633edb,695,BDT,Tk 695,,,UNVERIFIED
1a70fdc9-3416-5354-ac52-6bbccb26f593,dfad8057-a683-5dc5-a675-9c357cfea7f7,495,BDT,Tk 495,,,UNVERIFIED
fc8c129e-2f19-58a6-acfe-e356cfb142a9,46997c1f-eb26-535f-931a-c7ca3b6f96d0,885,BDT,Tk 885,,,UNVERIFIED
178088c0-070c-5a39-870a-0d33c1bf96b5,a0067881-b94f-5855-bc0d-5a5ef2017bec,525,BDT,Tk 525,,,UNVERIFIED
85b54063-e8dc-5882-a292-4232d6d4785d,f64432a4-9cf1-5e46-b3f7-c194822dab92,485,BDT,Tk 485,,,UNVERIFIED
d605d364-4d55-578f-910c-d06a205e216c,62246bd8-1a6c-5e6f-83b8-b220e4865bfb,745,BDT,Tk 745,,,UNVERIFIED
1d88c02c-3b84-516a-bf05-94160381df1a,a930beb9-aba5-55c5-b4fe-39d8c436c6f7,625,BDT,Tk 625,,,UNVERIFIED
b6a64e59-bba6-5ad2-82e6-515ed2f51528,9ff95fee-58ad-56f6-aa25-5708bf1de1b9,595,BDT,Tk 595,,,UNVERIFIED
80030dd6-f25f-5df8-baf7-500f4ab14741,4d3b1970-637b-52f4-87db-ef01dad25078,495,BDT,Tk 495,,,UNVERIFIED
0d1f1684-993e-587f-9206-a7e950a5424e,a23e84a6-cb56-5bb2-806b-b60a88d73029,595,BDT,Tk 595,,,UNVERIFIED
6f7c61ad-9299-56e2-b9f8-e84878e9bba6,e83da773-9ec9-5acf-b147-a6373d8bed0e,1195,BDT,"Tk 1,195",,,UNVERIFIED
369c7d06-e255-540b-b871-b4ce7f655c8a,d8a56277-f283-5e60-85ce-1b5302237333,595,BDT,Tk 595,,,UNVERIFIED
b00cc63c-d7fb-56c0-99b8-7262f105b4ae,89a3e221-95bb-585a-b983-bf5fd108d1c3,585,BDT,Tk 585,,,UNVERIFIED
debcfbcb-632c-5d64-8cd7-47e7a53b26b8,0f946075-72b1-5584-a72f-22efb7173b24,595,BDT,Tk 595,,,UNVERIFIED
f1254b78-0ec5-5aa8-bd2e-bea3c9441527,86b7e384-6761-5e87-8e96-dcdc85973758,395,BDT,Tk 395,,,UNVERIFIED
b421f265-55e5-54f2-8452-d59ba01e0696,91c79964-9f1a-5556-9d81-cb651df5d5ac,545,BDT,Tk 545,,,UNVERIFIED
aebe8377-852b-5232-9abe-d54695dba452,fdf7fa34-e4af-501a-89d9-167eb3e76fa3,545,BDT,Tk 545,,,UNVERIFIED
a0fc44ad-4dfb-524b-881a-95d9daaef24d,14dde56d-44e1-52c0-aea9-8ea0ce1e9055,945,BDT,Tk 945,,,UNVERIFIED
026e738e-f439-5fd4-9357-8869f89d9f16,b3bafe43-3f9e-5ed3-ba83-2618a14cc456,545,BDT,Tk 545,,,UNVERIFIED
29cd0d5b-0fc4-5885-8253-5f189b797d9d,5d9f5fd9-0b68-5d7f-8e6e-8cc13296fbf3,700,BDT,Tk 700,,,UNVERIFIED
19b75456-71ea-5acc-808d-d2eeeccd8d80,32ee467e-f84c-5039-87ae-2c0a93c6541e,985,BDT,Tk 985,,,UNVERIFIED
ee5218b0-d1ca-5626-aa26-d74cf406b338,f276ac07-758d-5595-91e5-561dc065f4c6,700,BDT,Tk 700,,,UNVERIFIED
44452b04-29a9-5a4d-9bdd-86b017d14129,e8150455-8c91-5bf4-92ce-38d3eff8e68f,985,BDT,Tk 985,,,UNVERIFIED
77d322ce-e7d8-56fc-9d0f-ddb675e130f8,90769997-cd00-529e-a57d-32653b4c2a9c,265,BDT,Tk 265,,,UNVERIFIED
8a6fd954-d6df-55f9-af79-1afcf83659c1,aa909a30-9787-5858-aa4b-04596ef5ec23,280,BDT,Tk 280,,,UNVERIFIED
e753ef53-e412-5ea7-aa57-b2a99f5bbcc5,ce60fe94-44fc-5296-a992-10f8cb04e070,1355,BDT,"Tk 1,355",,,UNVERIFIED
5cc880b8-a62c-5752-b499-5bd777a6a291,1648089e-b827-53e9-9c95-734ca4c5a9f5,1355,BDT,"Tk 1,355",,,UNVERIFIED
454c06b6-abcb-506b-96f8-12a070b1f674,9d1e04d5-caa7-56b0-acca-8dc681593cc4,1355,BDT,"Tk 1,355",,,UNVERIFIED
446f3e8f-8d5e-5db9-9248-11ab42652f3d,94b863c9-c513-592b-9e1c-73fa5cc4becc,330,BDT,Tk 330,,,UNVERIFIED
c67461e7-4b43-546c-915f-25a57a861520,beda9104-bf81-56d5-9b94-01a23a7cadd3,355,BDT,Tk 355,,,UNVERIFIED
360754b4-4c26-5b77-8e47-2880cdc80037,db859db3-5070-566b-b038-62fe93faad90,210,BDT,Tk 210,,,UNVERIFIED
64ecb6aa-0a9b-5020-856f-c2d2e166fda0,e3f435b1-60f6-5d47-8211-98d8dc8dbaa0,260,BDT,Tk 260,,,UNVERIFIED
e4a64c4f-1d34-595a-aafd-03e404fd5218,6e2852a7-48ea-509a-8268-3abbd2e40f55,145,BDT,Tk 145,,,UNVERIFIED
73b904e6-16f2-5d3f-9d80-546af30b0e64,b152c6a4-466a-51ad-8607-bcb481f75359,270,BDT,Tk 270,,,UNVERIFIED
231c1e86-4d6f-562e-8ab0-29822593909a,d72a2f09-0f83-5987-a817-9c02cbba09b7,160,BDT,Tk 160,,,UNVERIFIED
e78f5c72-aa15-5bd1-bcc8-eeed3490ca37,780e635a-85ac-5591-af0b-a033e78c0d65,280,BDT,Tk 280,,,UNVERIFIED
f5f289af-5f6b-5aa1-a579-c42e307ced15,8b60cbc7-4854-5a97-bae3-bcde933e6b3c,290,BDT,Tk 290,,,UNVERIFIED
3cd47fda-f7e3-5e53-b812-dd98dff2a2e6,e71295dc-7dfe-599b-98f4-dfafa4bf973e,285,BDT,Tk 285,,,UNVERIFIED
788e6f0e-0c44-5614-9605-cbe0e80a8196,db149f86-5932-540a-bcff-ba6d7103cc2c,280,BDT,Tk 280,,,UNVERIFIED
25232fd0-cae2-522f-8006-fcd775776260,d38accdc-e5b7-5906-a24e-093e7fd0590e,270,BDT,Tk 270,,,UNVERIFIED
5a0ddecc-b187-5bf6-915a-c7f41665ab59,92de2192-4c02-56f7-a29b-00963a3b740d,270,BDT,Tk 270,,,UNVERIFIED
282c22ae-d530-51e3-9bbe-c5156f8ea0c7,e1641392-1e0a-5951-a3f3-b16e9bd3f7d6,310,BDT,Tk 310,,,UNVERIFIED
3de66a14-f796-579a-bb97-9706a82076fe,47d9d268-2f14-5bd9-b82a-1acf65bc209a,265,BDT,Tk 265,,,UNVERIFIED
9a033dee-561b-54e2-9606-0519e6054599,589845c0-2e04-5cc9-a191-0cf75a9bd01b,275,BDT,Tk 275,,,UNVERIFIED
5ccc90fe-35df-58e9-867f-a8f68a7d6b87,bab30ca0-eeb5-5f07-bb29-c8efb42857f6,325,BDT,Tk 325,,,UNVERIFIED
2689c288-cb7a-5ed7-8fb9-43762c66e268,0e3b0e14-9278-531d-9950-ec58656c2827,2685,BDT,"Tk 2,685",,,UNVERIFIED
1064230a-7ada-5e81-90b1-6eb16933a33e,77025f6c-fe42-500e-b0fc-88c4523e7187,3285,BDT,"Tk 3,285",,,UNVERIFIED
314e6417-162d-5371-8e28-08034e16332a,8e62fcfc-5eb0-5958-8946-c78f6566de29,3785,BDT,"Tk 3,785",,,UNVERIFIED
6bf0d3f2-71e2-5453-b806-0342e392548a,9dce182c-5532-5da3-a6f7-e67aad39a277,5845,BDT,"Tk 5,845",,,UNVERIFIED
768941ab-3dc4-5181-8949-e561ca677e10,3fbf2422-402e-569d-a13e-c3005fb1a15f,4985,BDT,"Tk 4,985",,,UNVERIFIED
bb72e9e5-5dfc-5bc3-a9d4-02558a3adaef,9734d40e-5ff3-56d0-ad8a-9ac4c3dfcf8f,4245,BDT,"Tk 4,245",,,UNVERIFIED
e65f998f-f5a9-5417-8cd9-0d992007e82f,718d1272-dfa9-5f37-abfd-6bc7498fd0af,2345,BDT,"Tk 2,345",,,UNVERIFIED
9864bfa7-3535-56f5-ba4e-3710ec241d1d,2fd5ee02-7b58-59cc-b27b-a515e356660c,4485,BDT,"Tk 4,485",,,UNVERIFIED
690d2f2e-6bbf-52c1-816a-f7b50d5ef57f,ed76358e-1061-553b-b4ec-d74eb8c24e4f,5545,BDT,"Tk 5,545",,,UNVERIFIED
d24ffca1-84fe-583f-8ce6-6d5684470d31,f38b7149-7958-50ef-84a4-2e7b4700889f,3985,BDT,"Tk 3,985",,,UNVERIFIED
ad0bf91f-15d7-5133-b269-722dd61e1562,f35e27eb-904a-532e-9937-1386fdb3c1bc,2595,BDT,"Tk 2,595",,,UNVERIFIED
3d6890da-226d-5034-bb70-6c6ec8d05d91,2af4c17c-a66c-5313-9275-72e8c1e8e847,2785,BDT,"Tk 2,785",,,UNVERIFIED
2dc60b84-a797-5414-9414-458c4c46a780,d3b69eca-b4cc-51de-9666-57ebdfdaec3b,2545,BDT,"Tk 2,545",,,UNVERIFIED
cfe459ed-bfda-5cea-89b2-e6b1b43d1e94,d72b7709-aa52-5551-879e-4ba9a455ad7c,3245,BDT,"Tk 3,245",,,UNVERIFIED
bfe87046-bada-5783-b466-bde026eed5d7,6407623e-1b44-5b3a-9ff0-2b9d7b184891,2885,BDT,"Tk 2,885",,,UNVERIFIED
17032f2b-2faf-5d71-9940-be4d73a07783,dca1a607-708b-52b8-9900-17dcde758030,3185,BDT,"Tk 3,185",,,UNVERIFIED
dde5b579-3fe5-5ad8-b757-056d0d8a5ab3,174027a9-ff6a-5683-8aad-f0137bd9f84c,3245,BDT,"Tk 3,245",,,UNVERIFIED
2a6e2861-b8f4-5db1-a597-16e9d03d2408,ab24ae8b-a83c-59a5-a45b-57a28016c3e7,335,BDT,Tk 335,,,UNVERIFIED
30b17873-029c-54aa-8466-e2cd8b3b93d3,662cb177-39c8-52e4-a22b-1483884da6cd,310,BDT,Tk 310,,,UNVERIFIED
e01caddb-b3b2-5ab6-96a4-f532107c8bf8,da9d569e-dde3-51a6-ad9c-24c5d5f3091e,360,BDT,Tk 360,,,UNVERIFIED
4eebf424-f4c4-54d9-9927-96d1dfd0483c,56268d2f-9eec-5b38-896a-241ce2000607,335,BDT,Tk 335,,,UNVERIFIED
7edb22ef-370e-5c68-bd6e-9a1838a86ecd,63645eb0-9344-5815-983b-a592c5b3ee1e,545,BDT,Tk 545,,,UNVERIFIED
a1522828-2563-5e45-aff4-7541330b01da,be420ffe-1eeb-5781-90a8-dc4998815261,485,BDT,Tk 485,,,UNVERIFIED
1a330285-6380-51bf-a666-a3c8735ef448,0385dc44-702d-5db7-bf36-e9e05d3e2536,155,BDT,Tk 155,,,UNVERIFIED
c31b7bcd-42bd-5845-b032-3f678c65404f,6806418c-0859-595f-b6c8-3e5aa81be110,155,BDT,Tk 155,,,UNVERIFIED
4b3396bf-7f36-525a-a291-87312de4bc77,27e7a6fb-ecc2-5016-8237-c2da0fd97332,145,BDT,Tk 145,,,UNVERIFIED
7963e829-f3a4-5f2a-bfa3-52ca23611d7b,98dc9784-afbb-5837-b456-fbb4462e7730,145,BDT,Tk 145,,,UNVERIFIED
559f10d6-0dbc-5f61-b4d1-3735a44e7157,c6e091ce-62d6-5f6e-bd60-8e73b0c959f0,2595,BDT,"Tk 2,595",,,UNVERIFIED
0024ca40-9abb-5627-b578-9a5736d240c9,04106176-1b1a-5808-9698-b4afb19081f0,3845,BDT,"Tk 3,845",,,UNVERIFIED
2a55e135-3d0f-5cfd-86a1-65f45e6a6520,52e6fef2-641b-5345-bc32-fdb0eee354c8,195,BDT,from Tk 195,,,UNVERIFIED
8a836057-30ab-570a-bc8c-eebbe214dc1b,8f19700d-dbfa-59fa-b1cb-5227c04d64e4,435,BDT,from Tk 435,,,UNVERIFIED
dc07879f-643d-5d1e-a002-8d2b75095717,fd848f96-e42f-5bb5-8474-37523c106ddc,285,BDT,from Tk 285,,,UNVERIFIED
d8e88683-8e60-56e4-b5cc-f08516a1fe81,0d636a65-bcec-5259-8fee-690a01f10143,285,BDT,from Tk 285,,,UNVERIFIED
1fab989d-2a4e-57eb-a51e-4d7732f3fcc9,8c1bbb0a-6513-543e-99d0-a666f67d9b34,365,BDT,from Tk 365,,,UNVERIFIED
3c065661-a0c6-5a9f-9b48-98bc7ec1ae12,902745bb-fa0b-57c9-9255-da327dcaf16c,345,BDT,from Tk 345,,,UNVERIFIED
c48b0730-10a0-52e6-8e41-ffc2f770cc77,21ba8b07-d882-5ba1-8976-19101d8fd620,425,BDT,from Tk 425,,,UNVERIFIED
00787523-dfa2-558e-8c5a-60f5a072b194,c2745892-5b11-5a50-b92e-e616ca0c90c1,195,BDT,from Tk 195,,,UNVERIFIED
d7edd09d-585f-5310-9dd2-77cf4e17eb1d,b53b1714-b106-5ed5-93e1-54c2036027b7,235,BDT,from Tk 235,,,UNVERIFIED
f12910da-75a8-5a89-99ea-561785bbc572,a4536008-91c1-51cd-b721-2c1d36509fdb,235,BDT,from Tk 235,,,UNVERIFIED
3617b897-ff98-5912-a5f2-a0033ff08444,5929d727-39e3-5b32-a01f-726366004818,235,BDT,from Tk 235,,,UNVERIFIED
61b9d13e-58e3-5e11-a293-d12752b887a9,54be2563-bb14-5dd0-aaea-8ba4f7413877,215,BDT,from Tk 215,,,UNVERIFIED
967c26fd-0106-5ed4-a5ed-0bea15effaba,9c672c73-39c1-5d96-9fcb-aae61ec67098,215,BDT,from Tk 215,,,UNVERIFIED
98f4881c-aaa6-5c34-b0e2-64d78188dc61,9d3d290f-62e9-55a6-b5d6-cce626594e76,75,BDT,Tk 75,,,UNVERIFIED
2f69a9c2-7324-55be-a90c-1d87babeca7c,1b0c2b00-cbbd-5a5a-ab0b-368581b90f8e,185,BDT,Tk 185,,,UNVERIFIED
16a95b54-682c-5682-84ce-e11dd7e4fa59,8f9cea6a-e559-5ca7-bd23-0ad95345d8d3,465,BDT,from Tk 465,,,UNVERIFIED
29b7fb8e-a2ff-57a2-ad8d-fa96220849dd,672e0601-81f0-5b9f-901d-0f1c2d84acdb,435,BDT,from Tk 435,,,UNVERIFIED
842767a1-5e90-5aed-84f4-0e6c8c72c0a2,a21d55bb-df33-5203-b172-12ac136132f3,25,BDT,Tk 25,,,UNVERIFIED
8d5e48e0-d15a-58c9-9375-4337342d46b2,10b78219-ca90-596a-a8de-d89e8a104637,25,BDT,Tk 25,,,UNVERIFIED
59752274-1155-5374-90b7-edd587a4da14,03763c34-ff80-5b43-8bec-70ffb3ba7adb,25,BDT,Tk 25,,,UNVERIFIED
4aba3b36-2db9-54aa-9065-77108cd0cc1a,37a95069-8093-53da-b319-d67949b2af19,25,BDT,Tk 25,,,UNVERIFIED
f96fc3a1-5152-5983-acb5-a05d6b03b364,19af5f9a-282c-54da-b1ae-bd3485af2f31,25,BDT,Tk 25,,,UNVERIFIED
f08f0947-c049-5c73-8514-3be3944c4dc1,40c8878d-1e04-51b0-b1ae-d0f89dc1eb44,389,BDT,389,,,UNVERIFIED
da7a1866-5cb3-588b-bf84-2aa5276c830d,2798d145-0150-5ed3-9f23-3f2b2bfde0ad,319,BDT,319,,,UNVERIFIED
4055891d-125c-5287-8d9b-625f18dfd185,54a7b303-d3d6-5789-b81f-71648e9801e6,229,BDT,229,,,UNVERIFIED
4e878433-e43e-5fb3-a212-61a1eaad8df0,d53bb173-9eb7-5ef9-85fd-2f27c44934a7,169,BDT,169,,,UNVERIFIED
b0c2d0e8-8a17-58f4-ab86-730ee794eed5,5e744c52-287d-5af6-a5f8-a5f9bb8df1bd,1179,BDT,1179,,,UNVERIFIED
c813a17b-ef36-55de-891a-80d0b411e59e,e8501d8a-36c8-5ce4-a8f6-d3f860689541,489,BDT,from 489,,,UNVERIFIED
9dd74e9e-cfd0-5c2a-996e-7747395941c1,3083a7ab-2008-5253-85f6-10ccfb605a90,669,BDT,from 669,,,UNVERIFIED
972e61e1-25a0-58eb-ba54-7aa9f9a1c34b,44fa3f88-17d4-5f7f-801a-3940f2bc86e7,459,BDT,from 459,,,UNVERIFIED
6e8baedc-fde3-5593-805c-ef13ab0cb67b,a21c1c10-a142-54e7-bc8c-95c2e2b1dbe0,379,BDT,from 379,,,UNVERIFIED
6b8f4640-5805-5bd7-9620-764e9324aa89,233e4a85-441e-59db-9c1e-d924a168236b,389,BDT,from 389,,,UNVERIFIED
7d9b592d-5826-5424-baea-b200f7583ee3,93e7f20d-f95b-5208-ad1b-6afca9c80a01,568,BDT,568,,,UNVERIFIED
db882177-027a-57af-ba0e-f34961ecdbf1,a020e898-23ce-58f2-a984-6b9f04760cec,319,BDT,from 319,,,UNVERIFIED
3acbbeee-c387-592f-87f4-22eef15ada9b,c39a2652-be38-5ff4-841c-9c631ddcefc0,199,BDT,199,,,UNVERIFIED
4c1f64c7-9392-515d-a0a1-31a767b1b570,fc89eb4b-1aa5-593d-a4db-2ac45792846a,229,BDT,from 229,,,UNVERIFIED
6264de49-cc8a-5386-b9ba-c02a61de9891,f65c8586-a3db-594d-8065-901c15313099,159,BDT,from 159,,,UNVERIFIED
8f742280-a78e-50c9-be98-1374b5414950,8369d972-6d74-5802-8e81-ba33452d2fa1,450,BDT,450,,,UNVERIFIED
a516936e-9865-532f-b8eb-4425f8ef44cb,110d2dbe-2fbc-561e-ac60-ba2401be680c,230,BDT,230,,,UNVERIFIED
6cd0f012-3453-585a-8fba-4e444ba6ce18,581df570-896a-57f3-a812-5227b736befd,515,BDT,515,,,UNVERIFIED
3a77e0be-b08a-5997-8b18-55651239fde4,a3407246-0f6f-5a9d-9934-f1aeb5bc63aa,495,BDT,495,,,UNVERIFIED
eb2315c9-c29e-56af-846d-7cf464067837,c5efb9c2-4dd4-58e1-8386-54064cf9da16,460,BDT,460,,,UNVERIFIED
d28476ed-dfa1-53ab-8c05-243d3dbbe81e,c67d7ac1-421e-56d5-acb4-3d3b04df9a3b,410,BDT,410,,,UNVERIFIED
e20e2936-c712-518b-9a1c-6535c35dfa78,790268de-fe46-5200-86f8-0b348f65d88b,570,BDT,570,,,UNVERIFIED
1874f1c2-0cc9-5686-95db-a8ace916f59d,c83c0d12-bedd-512e-b64f-cbad36f97bd1,515,BDT,515,,,UNVERIFIED
eb82ed04-6957-5493-a256-7a2a89c13389,41062c67-caf3-5a76-933a-19710d670410,305,BDT,from 305,,,UNVERIFIED
86e49a95-b180-5ba2-959a-c9c2f7e1121d,37c9896b-7737-50fe-9103-ec09ac1da713,555,BDT,from 555,,,UNVERIFIED
24ca217f-04f0-5601-8782-4cd8e28bc38d,2fe2ac7c-deda-5afc-8cf8-a901036e60d9,565,BDT,565,,,UNVERIFIED
532d1c63-4e89-5d65-935b-14ec35b71fd3,d53c4e3f-df75-53d8-9c9d-08bcb979f2be,680,BDT,680,,,UNVERIFIED
ec51acdf-e70d-5e92-a16e-2f6e92d80cfd,e78aca67-4388-5023-8596-03f282626388,680,BDT,680,,,UNVERIFIED
6355844d-83f4-509f-a0a0-075761d74be6,332c31b2-c03c-52d8-9596-99cbe1a36332,553,BDT,553,,,UNVERIFIED
230663e5-856b-5c1b-b358-af8743981362,ed274f91-dc2e-5bd5-896e-3b06bf0e03f8,638,BDT,638,,,UNVERIFIED
ea032746-a849-5049-9b13-1bb796f198aa,6033ec0f-093f-5b23-89e1-88ac7949ce97,893,BDT,893,,,UNVERIFIED
6b55372c-2c96-5803-bd99-d5c60472144a,1079ae84-db4d-5d61-855d-54a210bf5044,553,BDT,553,,,UNVERIFIED
59bf5e96-917d-5e0c-be7f-01d0232e3a33,0987cfda-5fc1-5da2-b597-80d4abfc921b,595,BDT,595,,,UNVERIFIED
f13e5d6a-719c-53b5-898b-ecba845ebcf3,7ac4e223-0681-55d6-805a-379de5c4e295,638,BDT,638,,,UNVERIFIED
f1c5d294-ba11-50ab-bfdc-ceebb9a81799,1d6a0ccb-27dc-5197-aae3-a4a25700d2a1,1105,BDT,1105,,,UNVERIFIED
979c1b2d-455c-572e-9796-18147900da9a,6884d9ad-7751-587c-ba8b-d6fafb5cb19f,323,BDT,323,,,UNVERIFIED
57fb6f6f-ef01-5128-9014-72f31e17ad81,1c16a8a3-43b4-539d-bc9a-eae5603cec94,136,BDT,136,,,UNVERIFIED
8387cc26-cc85-5ef6-bd44-bc6545ee3d39,f079ee29-7ff6-5f1d-8256-e566f6329f23,591,BDT,591,,,UNVERIFIED
e7df512b-d8c7-5fa6-a799-eef527318ed4,77877aaf-c532-5592-b472-0f9adfaac6b5,591,BDT,591,,,UNVERIFIED
db8fe5da-fc6d-5df2-8393-2d93513cb576,9a3eb1e1-1b99-5636-8b9b-08e4eed1d77d,633,BDT,633,,,UNVERIFIED
4fd411e3-2f76-5705-bb9d-a5c47afbf440,142c6553-67ac-58e7-88da-f52c47e0e8fc,1126,BDT,1126,,,UNVERIFIED
4dd385c0-d297-57a9-b04b-886f922f247b,cdd50746-c7be-532f-8d4b-2c8cfafc0273,1772,BDT,1772,,,UNVERIFIED
1e538be1-3671-5228-b03e-4436c406c5d1,cf1c3b61-5ca1-5377-8b41-a44f01b9f62e,1772,BDT,1772,,,UNVERIFIED
0ba1fa70-5559-57c6-ac3f-641d971ea6fb,1c175b8e-eb76-52da-8f63-147a4abd63f9,1126,BDT,1126,,,UNVERIFIED
d537d965-436e-5338-b450-fd19f8f0735f,d75655c9-1e92-57dd-a42f-330dbcca43f2,695,BDT,695,,,UNVERIFIED
76b2a27e-0cfa-5b22-b942-d3173479f01a,6e95ed67-f874-5f1b-8c04-736049596375,785,BDT,785,,,UNVERIFIED
795893f5-9386-57be-987d-0dae3b485aa6,6a215152-1162-5b17-84a1-b74f4997c572,765,BDT,765,,,UNVERIFIED
facbc22b-fd66-576c-a394-dfc72fb928f1,5b9197fe-4723-5225-bfee-f274d5aca166,730,BDT,730,,,UNVERIFIED
fd6fda54-2d8c-5bed-b634-8c30460bf85e,de8cc792-af5a-5da8-8fd4-c6ac9ebc3ee3,835,BDT,835,,,UNVERIFIED
983b8a11-df0b-5982-9c84-e5a04c590556,05d26c9c-5bde-538b-a9db-e7c9f00c541e,895,BDT,895,,,UNVERIFIED
f986ea32-5c09-58b3-8b73-68ab2ac3ddb4,5fb2691e-01ca-51eb-9673-080eeda91ff3,845,BDT,845,,,UNVERIFIED
40fb8860-a46a-51ce-9d53-15857150e5ad,7945064b-2f1c-5d11-9d25-71cbde29f50e,995,BDT,995,,,UNVERIFIED
9a0b45ab-ec08-5bdd-85c3-b404e15d1f4b,bc6aa64f-6696-51c3-ba68-610d660ab78d,835,BDT,835,,,UNVERIFIED
a01d1898-d532-50c7-85d9-470e8856a4ff,b8a9e546-2b8e-5abd-b090-b2129debb5a0,950,BDT,950,,,UNVERIFIED
d03b5a32-0b7c-594c-aec3-3dfb1cce7d0b,b224b456-110b-5388-a50f-6dee712e2290,1945,BDT,1945,,,UNVERIFIED
bab33936-2624-562e-b4cd-67d66d825e73,01d98451-19f2-5131-a05f-419ec4bb0c21,995,BDT,995,,,UNVERIFIED
a3cd98f7-2c4d-5fd6-a76d-24ce5c2d4c6c,9a9cd9db-a810-5ca5-9b45-1a72d367e55f,595,BDT,595,,,UNVERIFIED
e4321da6-abb0-57ec-9c45-108103971f65,d2d9449d-6d97-516a-a999-4713a22d6301,795,BDT,795,,,UNVERIFIED
71e4e9ea-1e08-5c45-a6a4-1f9ca196c3b6,7c83b488-cbed-5909-a47e-8e1e8a67d0c8,595,BDT,595,,,UNVERIFIED
62859940-a618-52b6-867e-243d791830cd,84e6e81f-7ede-5ff3-b5d4-7e8ab5f3f781,500,BDT,500,,,UNVERIFIED
a84e1132-32d1-5d14-8322-99f2d5916a0b,53b30b26-997c-52d1-a9c1-19e48de740b4,563,BDT,563,,,UNVERIFIED
385df9e0-1f00-579f-af8a-7c1eb0a87c60,863e5b21-9d51-55da-ba8d-a8923b4f9a36,650,BDT,650,,,UNVERIFIED
b839cc38-f7e2-565e-b5b7-22ba7b1aa193,65feb3aa-df1c-5ed8-9409-658ef4f2edb5,750,BDT,750,,,UNVERIFIED
5ae68f8e-a3f3-5b81-94e2-83c419841149,520eb6ea-ae48-5587-b1fc-fb96a93f9045,656,BDT,656,,,UNVERIFIED
c0a7990e-22c4-51a7-95dc-c3519dbfa5ea,aeb2b8b1-3f6f-5708-a14c-127f9bf871d3,475,BDT,475,,,UNVERIFIED
8d269b0b-0afa-57a9-9bdb-54c700ed04d0,c7eb0d1f-057e-50a4-a714-35afe7de72fd,475,BDT,475,,,UNVERIFIED
0eacd233-d55d-5fbd-91c1-4c260e32c477,17c2a2d2-865a-5389-83f8-233660386e34,640,BDT,640,,,UNVERIFIED
8a85ed85-cfb6-5c82-922f-1fdfd7906048,3fa6c732-1192-5c4b-b299-cbb77cb749cf,625,BDT,625,,,UNVERIFIED
12ee424c-2d6e-53d7-8b09-d1d600daebb2,a947fff5-68a9-500e-8b40-a73ec388fc53,750,BDT,750,,,UNVERIFIED
5c406747-738a-59eb-b1cf-4c08c371ac60,b3ed48e5-ede5-5f3b-810e-9cf854ce14f2,700,BDT,700,,,UNVERIFIED
eb6a8a19-d287-58bc-9ad0-7cb7dae99d2f,70eadad8-b304-5855-8242-eb1713927b70,522,BDT,522,,,UNVERIFIED
8ebf58c3-53d8-5393-82ce-64861f15f01b,5f156be5-8100-5901-a55f-cd97d3f2ba94,513,BDT,513,,,UNVERIFIED
e7cb36b2-11e2-5777-8aa0-d4375b9809d7,91c3f0da-b601-5e97-bc42-4dbac9b33625,513,BDT,513,,,UNVERIFIED
b3f41d68-3e0a-51cc-90a3-ea4c915b53d7,60ded6bf-eeaa-51f1-aabf-01e683d1c2eb,468,BDT,468,,,UNVERIFIED
8c484c4b-59a9-515f-ba6e-9ef701ec5b44,afd84725-f841-5651-b174-a7206b3bf674,279,BDT,279,,,UNVERIFIED
a7a57814-3293-58c0-b84d-642d83859fba,351f0686-e2dc-5a41-b77c-975ecb988ca4,194,BDT,194,,,UNVERIFIED
f7fc8bd3-11f6-50fb-b44d-158b8a9d9f1a,79fb8d8c-2769-503f-8cbf-d09f7a13df9e,207,BDT,207,,,UNVERIFIED
a1bc05e8-7cda-57c1-b45a-2b124f68268f,6e2f38dc-dd12-517f-b3b5-b44fbaad4c80,405,BDT,405,,,UNVERIFIED
72705f71-5f50-55d0-9327-2afed9bf778a,e801cd12-729a-53cf-adcf-918eddb40eac,765,BDT,765,,,UNVERIFIED
7a378c8e-72d5-531f-a540-19dce339c0bd,7bd938d1-e777-564b-935d-0ba255966e4d,504,BDT,504,,,UNVERIFIED
be8c642e-9e42-5494-97c0-01912b1dfa11,c7caf084-65ee-579e-8217-12e5b6cfea8a,612,BDT,612,,,UNVERIFIED
0693254c-56d3-5b46-b31d-d82be9fbb31b,577a66e6-d9e9-5e28-b6cf-12be280897e6,80,BDT,80,,,UNVERIFIED
7f170240-e656-57eb-a326-80c56ee1d343,49d55ef0-003b-54dc-b382-7d89ec25fdb4,235,BDT,235,,,UNVERIFIED
a7d2aa90-a630-5f32-97fc-3442f5a904a9,f8ea82af-d788-5368-81a2-c3e1ffec9a21,135,BDT,135,,,UNVERIFIED
206c9e64-e3a0-5349-9bb9-aefda8011b74,42e118e3-c9a1-5166-beb5-29da9be161bc,325,BDT,325,,,UNVERIFIED
1157a2eb-90c5-51d3-a4ce-f0a366447901,78dc4d1d-213a-5c64-9a1b-b4c8c67c7f48,175,BDT,175,,,UNVERIFIED
99a32d61-f328-58c9-889b-c0f018aa06b7,6bdeb765-1a4a-58ba-b7d1-bd5c285176b3,130,BDT,from 130,,,UNVERIFIED
19314932-21ed-539f-8152-f6b40fbf6da9,32ae67c6-d3f7-599b-8ec3-fbe9a926aa6f,270,BDT,270,,,UNVERIFIED
e7429006-a750-5853-9f19-97c63a127838,10d4c564-2a4a-5093-b1fd-2f4e692196ba,284,BDT,284,,,UNVERIFIED
1a3abe8e-5a7a-590b-baed-36507ea09f06,95a5917a-1ef8-508e-8c0f-e5f1f46eb61e,284,BDT,284,,,UNVERIFIED
211cfd03-bc9a-53a8-bb8f-db2e1863432d,4a46768d-9738-5728-a27f-98c0792abf22,295,BDT,295,,,UNVERIFIED
fe1cb923-a515-5b7f-95f5-b3bb7bf42fd5,e41166f9-2d8c-57e4-a595-d42ea9b934f9,270,BDT,from 270,,,UNVERIFIED
7c2aa72d-072e-5992-9b90-7db3412e20fd,2657b75e-7846-5caf-ac5e-68cc5cc827e3,323,BDT,323,,,UNVERIFIED
105c54e8-e1c7-551a-b057-d7181451c885,dffc5005-9305-57ba-b4de-953d2972b547,645,BDT,645,,,UNVERIFIED
e83ba74d-78de-5f25-9f2b-1e13f71cc908,185a268d-9e7a-546f-94a1-7ddfb013e032,511,BDT,511,,,UNVERIFIED
9a95331d-d975-503f-9165-784bfa08480d,1002c474-77e9-579c-8e50-0e2030e1da8d,645,BDT,645,,,UNVERIFIED
16c7a212-4b3c-5709-93d9-c98a0e538308,3feab9de-b7f1-596d-8d00-1c55d56ea074,849,BDT,849,,,UNVERIFIED
a62db924-b64d-5686-9206-06e514347d2c,b478f573-0224-5fe9-b7ad-f32683a287d6,430,BDT,430,,,UNVERIFIED
8de55a3f-acff-5876-b4c9-21bdda902ca6,5e08fe49-e2a5-59df-ba9a-9240dac917de,430,BDT,430,,,UNVERIFIED
57241d97-7235-5a5f-8721-6b50fbdda513,b63da333-4b23-5bba-9272-f2f9bd6be6e6,860,BDT,860,,,UNVERIFIED
2909416c-a304-580f-b740-a1a8baa43d97,cd3a453c-5d37-5d6d-8b1f-7d8b3c217d2e,592,BDT,592,,,UNVERIFIED
ef83d27b-54f6-5bd2-812a-9cfc99b34ad7,431b35bf-da4d-5815-b8f9-9b7bcc46936a,3289,BDT,3289,,,UNVERIFIED
2e58c10d-cf6e-5293-8f62-8aeedceb27ba,54935dea-122a-5218-b8e2-3b2247b23b14,3605,BDT,3605,,,UNVERIFIED
b6aabded-7ea4-5ac9-9ee2-2d20d3247bde,d88da036-f531-515e-9d45-70aa50c3d8a4,1037,BDT,1037,,,UNVERIFIED
bee5a1e6-1faa-5afe-9c80-6f383bfd9d52,7aa71080-918f-58f2-bd7a-acc4a61951d1,329,BDT,329,,,UNVERIFIED
547684df-6dcd-552b-a625-0cdae8d41889,8f8c17ef-0610-5d68-9806-4d4a851d749a,390,BDT,from 390,,,UNVERIFIED
54e8db7a-8dd0-56a5-9535-2cb3aeb4bee6,2309371e-1760-5180-b80e-529dee6afe15,410,BDT,from 410,,,UNVERIFIED
e262a6f4-8210-5e30-b012-7bf07031d644,83854b5b-da1c-5379-911e-1eeb351812cc,440,BDT,from 440,,,UNVERIFIED
14b0d695-789e-5f02-9515-9f2d0c9582eb,9c00be8a-715d-562c-b6b6-42af14b37d0b,410,BDT,from 410,,,UNVERIFIED
70720ef0-6303-5390-862e-a9cb81a2c60d,1654d708-e1e1-5612-94e5-936c5182d4ed,330,BDT,from 330,,,UNVERIFIED
e0e0318f-8256-5cb6-afaa-c9a97637c4dd,62f70654-a776-5e71-8c80-de4c36b51837,500,BDT,500,,,UNVERIFIED
1673c32a-8aab-5e56-855f-e658783da91c,e4d83ef7-ec32-5e03-9ba6-06a2a494f187,550,BDT,550,,,UNVERIFIED
33167459-3c62-5fc6-8d3e-8f6852404e56,ac26a939-074a-525c-a564-7c24e774b3d2,374,BDT,374,,,UNVERIFIED
507aa82d-ce87-51af-b7e9-f565e8d98ce3,98703d0f-7ef9-5055-8f1b-e4479a8c5e4d,417,BDT,417,,,UNVERIFIED
096df2c4-65a8-5d6c-bd9f-3b96f0f6b554,f8c86491-56dc-5a05-9201-2853981f6974,349,BDT,349,,,UNVERIFIED
df3d6e34-59b1-563a-aace-615342720f6f,fe5186d3-2786-5533-aece-13997bfc7ddc,591,BDT,591,,,UNVERIFIED
05b0474b-dfbc-533d-8bc0-0214389f00ad,749a88b8-5889-5e18-ae6b-01fdb47cece7,238,BDT,238,,,UNVERIFIED
7ffd55dc-3ab5-5355-9ef4-776263a03b43,d0bc087e-b7df-5f21-a1b0-757e576eea7b,468,BDT,468,,,UNVERIFIED
4c87d966-2e34-5012-ad68-5cc0cef33f3e,458e390a-a677-5538-9035-aa62b5009f62,442,BDT,442,,,UNVERIFIED
797cd80e-0709-5892-b9b8-290016fe79f1,a5b103c8-5a02-5ff2-9aed-d63343d1d498,383,BDT,383,,,UNVERIFIED
1bf0c8a2-24ee-5ecd-85a7-5b04182b43e2,a7dc6bcf-03b9-5638-8473-756431a237f6,383,BDT,383,,,UNVERIFIED
ba642998-c6b0-5bed-bdfd-12a9e4181ea8,ed0ca676-2008-5ac1-b3d5-90ad0ec7cb06,366,BDT,366,,,UNVERIFIED
4845b00b-a64a-5403-8bad-5d2820cf2a49,7d6227bf-b3ac-559d-9c49-99a93db651ff,383,BDT,383,,,UNVERIFIED
ae50c0f6-e5bc-5bd8-a443-de2197072469,b18e92dc-6798-5570-ae0c-7cc48bfe89c3,442,BDT,442,,,UNVERIFIED
98f09b04-da47-50d7-86f8-0a64cfb195df,72fa388b-aca8-539b-aefe-770fc9f4327c,1550,BDT,1550,,,UNVERIFIED
0346069d-a54d-5868-8bf7-f90b36c80cc3,09ac2552-8d53-56b4-b20a-4836ca116842,1550,BDT,1550,,,UNVERIFIED
ef32536c-c67e-5043-96a6-1b3fbf6cef23,5b3ecda7-8e59-5e55-9c99-5c4c947c428f,1250,BDT,1250,,,UNVERIFIED
2397e884-67e7-5901-9222-09e96a71217e,9816bd27-9e57-588f-bc39-1c0e70af7430,1499,BDT,1499,,,UNVERIFIED
9ac147c9-5117-5575-8804-d29426ac963f,4d611191-30a4-5928-b402-3299e5e1345b,350,BDT,350,,,UNVERIFIED
9e2bfed4-06fa-526d-958a-71d72939d685,0d0ee136-4908-51cd-a845-c20c3951d6d2,630,BDT,630,,,UNVERIFIED
0495c7aa-49d0-50f5-8873-25803cd25ec1,fa2a6a8f-e634-533d-a1ce-6ca23f4096c3,650,BDT,650,,,UNVERIFIED
24cebf79-d60a-5238-b7db-52060bc81cc9,ab7562e1-0e09-5c9e-9d1a-5e23836e5993,660,BDT,660,,,UNVERIFIED
5ade8cf3-c387-583a-9c87-08711b35811e,8010603d-f281-56d4-bd59-2d5b40729c53,450,BDT,450,,,UNVERIFIED
f040af78-dcbc-579c-967d-592ecbe7179a,1de6a465-5d4d-5463-8881-ab2e65c82b17,480,BDT,480,,,UNVERIFIED
1d9c1536-75cb-5d9f-9086-6faf226ed93c,ad65a03f-38ce-5c1a-819c-1b6303176f71,450,BDT,450,,,UNVERIFIED
6b0143f8-b6e5-5d87-b998-a4fc4b6c6d2c,07888a99-2935-524e-880d-3da8f1eb5cfd,550,BDT,550,,,UNVERIFIED
62f43f9c-cbac-5771-9843-e244ea16d71e,0c2ed9c1-eb98-5d90-bb7d-1b8c4b1acb2e,110,BDT,110,,,UNVERIFIED
5f0ea000-ff59-593e-bb04-2e88c2f5c8cc,639580ac-c724-57e0-84ee-1a3b0f107207,160,BDT,160,,,UNVERIFIED
3a71073d-ed55-57f6-a37f-4def6366b794,ddfc2275-9411-5a34-a0de-02bdab6c8544,799,BDT,799,,,UNVERIFIED
742bcc64-5163-5c38-bfcb-85774f2a2ad9,d8fafb1b-311f-51db-8ed0-45f8fe6bf95a,599,BDT,from 599,,,UNVERIFIED
500da4b1-a35b-5c41-9bcb-3f710bae9a31,214f868f-65ba-5f39-aeaa-c5af682a9d23,850,BDT,850,,,UNVERIFIED
25fa3a77-25ec-5cbe-a69c-b08122cc7f84,772d9ff4-d711-579a-a196-233c9c05c2ee,899,BDT,899,,,UNVERIFIED
674422d1-ee1c-57da-b70d-c22632297613,265916dc-4ff4-5ed1-b4f5-e8842548ee67,950,BDT,950,,,UNVERIFIED
1a6e4671-0bef-5a14-8cdd-fde74eb8e260,7c3569c6-769e-50d3-9727-abcc3c233833,750,BDT,750,,,UNVERIFIED
a0fb3d85-c819-5ad2-a264-8512d420809a,83008fdf-53d0-5e3b-b030-3575476dcf3b,174,BDT,174,,,UNVERIFIED
164dfa20-efe0-5be6-b946-327fc4a43e81,738f97d0-3a40-5ebb-a918-1e77bec7a71a,259,BDT,259,,,UNVERIFIED
68f95751-2b28-5e22-b1ad-310c41fe48f3,2d6f096b-46b9-534b-b00f-cc4ce981b7d7,164,BDT,164,,,UNVERIFIED
19edeb7c-3547-5228-b19f-a0aa3d6bd54f,6ffebf93-f57d-5119-8cea-0482ab3f994f,239,BDT,239,,,UNVERIFIED
b62cf638-a6d2-5fc7-a45e-da7bd2f51cef,920090de-d897-5d9f-a5c1-7e19433dc656,174,BDT,174,,,UNVERIFIED
c986abbb-b67e-5ede-95a5-af3068508650,7f11d599-90da-5555-a156-bd71f248c3df,834,BDT,834,,,UNVERIFIED
e8a712b9-febf-57fe-997f-6dba6564e467,a001ffee-190a-56c6-b94c-101422d89214,569,BDT,569,,,UNVERIFIED
d6fb4402-ff39-52e5-9ada-eca67f48d77c,3593ded2-4322-5f85-962a-e9cb92127a9d,294,BDT,294,,,UNVERIFIED
fdd8fbbf-9010-5a10-98a2-c6b6f07a0d95,c3695cca-a3c8-5901-bb18-2f18b3f81ad6,429,BDT,429,,,UNVERIFIED
12907549-2d30-5676-9a24-2a103a76bf3f,f617a8bc-4fef-53da-98f2-a963199d929e,344,BDT,344,,,UNVERIFIED
501e0536-9882-5d73-8b18-7807af993c71,5ee4da32-21cd-5387-b69d-79944652622e,384,BDT,384,,,UNVERIFIED
68169019-2078-57fe-ae54-aba057c47b39,9d01489c-e30c-54f0-91f1-064f3e202ce4,274,BDT,274,,,UNVERIFIED
57219d72-b312-5e01-ac28-411f9f0c6702,94ed0350-9f2e-5aec-81e3-38081f3703ee,570,BDT,from 570,,,UNVERIFIED
b0e6d8b4-73ed-59aa-96c0-4fccb247da04,1934378f-dced-5e16-842f-055934500107,2083,BDT,from 2083,,,UNVERIFIED
0c64e4f6-2e63-59c0-99ce-35998b36eadc,cb7ad405-88df-5ec3-a522-1b56c019ecee,689,BDT,from 689,,,UNVERIFIED
684991c0-407b-50ae-b384-9ed640d68e0f,403a6fa8-9c15-5e14-87d7-6b99cae841d0,570,BDT,from 570,,,UNVERIFIED
d5274cd3-36ae-5a6e-8825-eb041caf0831,8a97fe36-f72f-572b-b1df-a1193715c4f9,383,BDT,from 383,,,UNVERIFIED
79065b26-1d3a-5f99-9b7f-60a1d10d7531,2eb3e911-aae1-5836-877a-deaa66630449,638,BDT,from 638,,,UNVERIFIED
31245dfe-96c7-543d-9168-6fa56ecde7f7,df66bce1-a431-5d15-b068-8ef53c0c497e,570,BDT,from 570,,,UNVERIFIED
4b909e24-6b29-547a-889f-0a31563b3667,78be3edd-bd54-5bf8-a820-3bc03013cc6e,638,BDT,from 638,,,UNVERIFIED
e246a07c-72c6-5c31-96a1-54144829ab6e,21d07b94-18ee-5aa1-905a-9e26e6f7e2b8,740,BDT,from 740,,,UNVERIFIED
fbc0b679-871f-5303-ad5a-4e54bd6483a4,0646bac1-ed4e-5569-845e-5e2d6de28b85,782,BDT,from 782,,,UNVERIFIED
e6818567-c363-5a68-9e78-91aade60d015,4842e8ba-5d8e-5bbc-a533-1a003cf9ea09,1352,BDT,from 1352,,,UNVERIFIED
be7c1580-0c0c-52a6-90c4-f9276fa9e4c1,dccc8f1d-e2a2-5903-b504-83b9b4a27ad9,1318,BDT,from 1318,,,UNVERIFIED
dded71aa-b60a-5c66-b61d-281c0ea3be55,177c30b9-6b9a-5901-bb78-59eb50fc4c29,1063,BDT,from 1063,,,UNVERIFIED
46473152-37ba-5c85-8d73-7acff2c7ae40,86019f44-ed20-562e-be89-40d9592b658e,893,BDT,from 893,,,UNVERIFIED
f4531c1f-eda8-55fd-a380-ee61a831c517,7f3bbd85-68a8-58c3-9f3c-100bbaf784a9,468,BDT,from 468,,,UNVERIFIED
51647fcd-0c6c-5e0e-82b2-6c3d8bc34689,20cf8386-3b75-52d8-a557-3588c3b01967,187,BDT,from 187,,,UNVERIFIED
bc9d9133-9b38-53af-9e63-5412ba16b416,ad60e1f5-8ff7-555b-84dd-d20a04cdf854,323,BDT,323,,,UNVERIFIED
5d27e6d9-5a19-5c14-a090-6a8325359da1,c9cb0843-0c48-56f4-9970-d3c18baae5f9,349,BDT,349,,,UNVERIFIED
19c85bbf-2ee7-52b6-9c84-3d32a2c05672,f35cb7fa-a3c1-557f-9d22-ac91c11480ab,476,BDT,476,,,UNVERIFIED
6eca21d6-51ac-53ca-9e94-43b9285e1b04,61ae532f-5ec4-592e-90c4-5c3eacf22a86,502,BDT,502,,,UNVERIFIED
f6d0ac87-2e34-5002-96d1-92cd9e716eae,5e37cedf-fc97-5497-ae55-3ebab9370689,250,BDT,250,,,UNVERIFIED
594cddec-cb5e-5b61-87c7-0870424d0744,bfdd6e9f-0152-5829-bdb8-8b3153f06e40,525,BDT,525,,,UNVERIFIED
d150d1c7-8824-504a-a1c4-5cdc8e2e2eef,84083d45-ee0c-590f-8ce6-2feae2d22666,450,BDT,450,,,UNVERIFIED
8ad6f523-3547-524e-8dfa-6350ec09dedb,343a064d-762c-5825-9d55-fd6aecc1f3ce,350,BDT,350,,,UNVERIFIED
0c7edd0c-26a5-5e80-a4f9-f0b9113b8428,134cb9f0-770f-5c1c-9aed-a63dd2b5d439,350,BDT,350,,,UNVERIFIED
8d1cb3ab-def3-5345-97e6-b46351a46b54,46094222-a8ad-5a65-aeec-ccdb28e7f6d7,450,BDT,450,,,UNVERIFIED
8bd2839e-b899-5840-a47f-4b12ba4e7249,49ff7d31-6346-5d3a-b35f-4f4f6b3e2fa4,450,BDT,450,,,UNVERIFIED
ed8dda71-ed2a-540b-b9b0-75433968ae46,7132dbf6-1fd8-5c21-8605-ac1b878fd0c3,450,BDT,450,,,UNVERIFIED
9c8b923d-a133-5a54-9eed-9b7e66a66f8d,f7603d98-d608-5253-b471-6b8637a92db7,450,BDT,450,,,UNVERIFIED
addae34c-6a40-5143-bccf-0710ac7cb0d0,3dd167bc-e53c-5582-89d7-c9bebdf7eee1,450,BDT,450,,,UNVERIFIED
ae7aa5d0-4db0-54dd-acf6-24b3b8b6d063,f0bcf244-22b6-5817-99b7-b566bc67c803,450,BDT,450,,,UNVERIFIED
755f3f65-44d9-5a1c-beee-3c54c54ccb77,9a3eac80-d55a-545c-9232-525d365114f6,2000,BDT,from 2000,,,UNVERIFIED
3aedcac4-584c-5361-b2bd-5ac02e67eb21,0ee7bc6e-03e5-568d-ad20-a8f0cfa0c6ea,2000,BDT,from 2000,,,UNVERIFIED
9c5d5953-0b15-5f93-a76f-8eec09596ae2,5cda3277-7c4d-581b-b17e-f0853eff3b14,2400,BDT,from 2400,,,UNVERIFIED
dad588f6-56d4-5aaa-ac3b-67f19225e730,0a8b7981-fafb-5d58-9bad-393d536d04c6,2600,BDT,from 2600,,,UNVERIFIED
f0d19541-8b4c-5b48-9730-105eb3c62b6b,9ff0880d-ec00-5776-a0c0-32706193883e,1399,BDT,1399,,,UNVERIFIED
f601528d-139c-52d9-9b79-07f02019b520,abe8c835-9ac6-5a1e-868f-f89f19ff439b,649,BDT,649,,,UNVERIFIED
2ddfb420-18fd-5d2a-8207-f891a48d760c,1b36c044-1b9b-5937-bd33-9af3431c12de,499,BDT,499,,,UNVERIFIED
fbb416e4-94e9-557c-bf39-7f79d1f92d8c,92a19eb9-da7d-5edb-89e7-708b2481a2a8,699,BDT,699,,,UNVERIFIED
0de91cda-90f0-561d-9c97-5c836c4061ad,660598a4-8840-5ad6-8788-32d66bdc5cd5,599,BDT,599,,,UNVERIFIED
b72a2959-44a8-56f1-b68c-0034dba27c11,853ea018-bd80-5902-9b16-648dc14969be,360,BDT,from 360,,,UNVERIFIED
fc4222fe-2bba-5ee7-be7f-be0f64165335,25e05778-522f-5d39-9ebb-30d75205d4ee,430,BDT,from 430,,,UNVERIFIED
8a7c43d5-b02e-5b57-bcbc-60d8dd4090f8,78bc5b47-996d-58c5-9d5c-7cb1942b2cd5,490,BDT,from 490,,,UNVERIFIED
536e9dc5-6903-5c68-8f8a-9b2fd8189cd7,ef517cfe-85ee-53c4-a6fb-d2fe28287121,130,BDT,130,,,UNVERIFIED
dadc8168-9a7e-5808-8219-4196086f5ee4,cf8226df-9484-5d4c-9074-2203b514dc77,490,BDT,490,,,UNVERIFIED
dec43cbd-9ed0-5b1f-8d28-3d38e777fa41,376eb44d-8b89-513d-ae72-55b03bc17b73,650,BDT,650,,,UNVERIFIED
740a4924-4796-5dca-b2b2-30824ad733c3,8b058d81-84c7-5bd5-be65-fb242615ff69,570,BDT,570,,,UNVERIFIED
f8e2a44d-7d2e-5a54-97f6-d87b951a7a66,8d407265-91ff-51e1-946b-08e2cc0affdd,580,BDT,580,,,UNVERIFIED
58e95a1d-6aba-5eef-b222-0b56ba0aaee4,8d463a80-800d-5741-853d-ade1d8b994f4,650,BDT,650,,,UNVERIFIED
71df159d-9ae5-5f79-a622-319c673d04bc,468fa5b0-aa61-55e7-9087-ca5c06b0ebb6,570,BDT,570,,,UNVERIFIED
538045e3-c8f9-576f-9a6e-2101acba51c9,edbc474b-9d15-5941-9fae-a04143c4ba8c,650,BDT,650,,,UNVERIFIED
38f3408c-3322-50a2-8cee-a6c4531a8f0c,e9f6df27-79e4-5281-9268-dad16a64c8ac,890,BDT,890,,,UNVERIFIED
f4a68b4c-415b-54f5-8eb3-8fac3655b971,9c3c1b37-06b9-5d29-8259-e7b98c64147a,890,BDT,890,,,UNVERIFIED
6fb903ce-bea7-5a01-a1a3-3b2c568b8b28,55ea6baa-5f0a-5247-a0fe-70671ac42e43,890,BDT,890,,,UNVERIFIED
a611582d-b57b-5bec-a392-6d0f443b45f5,550f0f58-ada7-5d08-b3cf-0a3b33af38ea,790,BDT,790,,,UNVERIFIED
e86893d8-973b-5cf1-b090-8f08e25a30a3,4fb64bce-2276-565c-9e85-682eb992e442,890,BDT,890,,,UNVERIFIED
37f1ff2e-c5ef-5f8b-a5f5-2731dc405fba,6c8407ff-c6cd-5896-90f1-8f1cdf133bfa,650,BDT,650,,,UNVERIFIED
156a62c2-96b1-5cb9-b879-7744b1e1bad4,dfe820b1-eec4-5249-9b13-d448753a88e7,650,BDT,650,,,UNVERIFIED
3bc0a3b3-29e6-588e-b8f7-ac3b736c6911,cfcf12b8-c7dd-5314-bf27-c7806c824a30,650,BDT,650,,,UNVERIFIED
5c6a4ed3-ec57-5c16-9ed0-629186fa520a,58495934-bfdc-5a6d-8f62-c5482044258e,650,BDT,650,,,UNVERIFIED
24e779d7-04e0-5272-b40b-30d1179758cd,bad26e74-f867-504b-91a9-46bd634343fd,170,BDT,170,,,UNVERIFIED
1e617812-c5ed-54cc-87b5-f86ad8fba8c6,674382ee-4526-5997-8c01-7a03578d0039,390,BDT,390,,,UNVERIFIED
11602289-80c4-51ed-8598-6074bbadc808,5a470ace-a520-5621-a6b1-af326b11b08d,490,BDT,490,,,UNVERIFIED
0f1d26ef-bab6-5ba1-a037-1d8aef969e39,87b4fa94-723f-579a-a74a-25eb3ef77875,618,BDT,from 618,,,UNVERIFIED
3ccd0c81-e4cb-5a0c-a742-6a0cb9a1a307,90122b61-45c3-5242-b19b-da78b1414fc7,476,BDT,from 476,,,UNVERIFIED
0051e88c-f91f-5d68-8ea7-c8fc99f2ab9b,e2359904-be02-51f0-a54a-d8ca830be9cb,666,BDT,from 666,,,UNVERIFIED
e3886a59-9209-53f1-a30e-5feb7edf10f1,a3a82f70-c7d4-56b5-a92e-f2fadee81ac1,857,BDT,from 857,,,UNVERIFIED
eacc8dd8-f1da-5e2e-ae0b-4e5b82e73d83,8f139d40-cc9c-5805-8c56-b0f435c3e5d2,809,BDT,from 809,,,UNVERIFIED
f049506f-e321-5b51-a37c-8e79865d250d,c2f4f990-c30c-5c1c-9f5f-4344fae3c731,1000,BDT,from 1000,,,UNVERIFIED
97a9d5a0-4fc4-5c85-80ad-b2bb5d706f67,eea6598d-b246-5162-8dbd-7b0e442b1b25,899,BDT,from 899,,,UNVERIFIED
7c45089b-b46e-5bad-b8ec-6a5ecf7ba6e7,4ac37e8d-2b74-58a6-bcb8-cb1a7c19e037,240,BDT,240,,,UNVERIFIED
45cf78de-1469-5f45-b388-ab611b724d15,e4309547-6370-506a-9e86-ca2706db055f,340,BDT,340,,,UNVERIFIED
86c7c729-69e0-53d3-876b-6a77aedcd3f2,7ad85d04-5d18-5e87-92e0-74d90aedc29f,320,BDT,320,,,UNVERIFIED
4e685ad0-541b-5aef-bf79-2ad9d056e0aa,ca704aa8-beb2-515a-aefc-869db6a25f60,340,BDT,340,,,UNVERIFIED
489154a5-1157-537e-bcbe-409561f2851f,08d01059-dd6b-51dc-b91a-f0c8b2c6e4e4,420,BDT,420,,,UNVERIFIED
0fb78057-c819-5c9d-bc77-5e34179f3b26,5609d2c8-0f06-5a22-83fa-a8f5ca8205f2,135,BDT,135,,,UNVERIFIED
ff530b26-0953-522b-9185-b918008dbd41,5cb4f589-aa46-5100-9088-2af5db012447,165,BDT,165,,,UNVERIFIED
e70a7156-b874-59ca-86c4-16fb2106b08c,c53fef37-8856-5fbd-85f1-66dcc0dda11a,200,BDT,200,,,UNVERIFIED
03e691ed-2936-5268-9b6d-489b8bedcdc0,794054b1-a37d-578a-b160-6402f6fc06cc,210,BDT,210,,,UNVERIFIED
32fee8bd-c820-5f5f-a317-9caa8b916793,3c18de83-87dd-5b0f-a766-15cc381f402f,430,BDT,430,,,UNVERIFIED
5f2e8272-8356-5bd5-a827-ad393f69254a,6f5b7c6e-b9a7-5ff5-ac4b-da02ac6afe31,300,BDT,300,,,UNVERIFIED
60ddb54e-f818-5eb3-98fa-a6e06e15ba92,19828773-2872-5f7f-8141-e9fa5df95731,275,BDT,275,,,UNVERIFIED
eef70ad2-9da4-5565-ae85-0d3b4dee32a0,fade7401-43ef-567d-8874-c487ac1daed4,210,BDT,210,,,UNVERIFIED
367d0e57-ef21-5983-8077-ff09bc0dd026,7f088602-aced-5f89-8c97-71d97e22673f,375,BDT,375,,,UNVERIFIED
6736963e-6e49-57b0-ac65-e6b4dfb87175,314f31ec-9a37-5bfd-ab57-4a34353a00b9,180,BDT,180,,,UNVERIFIED
6394b334-5453-550b-9410-723bfd69be20,fbbde75c-8461-5cbf-8a00-4ee4c5960cbb,170,BDT,170,,,UNVERIFIED
a10b17a7-e4dd-5680-9499-c3b0a42a9b03,aacaf57f-cac3-5ccd-ac18-16815673c119,220,BDT,220,,,UNVERIFIED
44265abb-52a0-5eee-9131-e33d54288677,eb95bc13-98f9-533c-b7d9-bb7e79407327,265,BDT,265,,,UNVERIFIED
6a52bd7a-2645-5cb6-89d5-32ce52fc3a39,31722021-40ff-593a-8566-51ab69ab1369,265,BDT,265,,,UNVERIFIED
34052583-71dc-5dc4-9a08-d5864e885670,51e65860-5bd4-526d-8e96-510dd142a61f,275,BDT,275,,,UNVERIFIED
828c6a8a-7b96-502c-b4db-676532b17b77,a8b60797-68fd-55ac-bccb-77de3e70f51e,210,BDT,210,,,UNVERIFIED
165e9bbd-55d8-5cd9-8fd7-a89f49fd2eb7,39ac3338-cf2f-522c-a430-2a9bf56961c9,295,BDT,295,,,UNVERIFIED
60dda031-57eb-5876-9723-bc8f0f0d6d8b,47a520d6-db8c-5755-8b0a-098ddcb26e17,320,BDT,320,,,UNVERIFIED
8199ce48-9098-56e3-9275-8385d01bf701,822c9331-944f-5469-a12f-5e507d34818b,340,BDT,340,,,UNVERIFIED
82ca4b72-be85-5f72-ac13-1b756ea9ac96,8890c364-b9d2-5728-b796-9ceeb64a7d97,430,BDT,430,,,UNVERIFIED
17bfd8a7-3b15-5fb3-92b2-1b4e74de1bb2,18f1d449-6b2a-5246-b1f2-e1686bc7ede7,445,BDT,445,,,UNVERIFIED
1312e2a6-8f61-58f1-950b-8920e03e53a1,1714c91b-b828-55de-bd86-2744742c58f5,730,BDT,730,,,UNVERIFIED
46f9d424-3471-55b0-8e30-9589dd4c0ba3,8bfed916-ae60-5b51-bf10-bfc7952d3df5,520,BDT,520,,,UNVERIFIED
165291bd-cf8f-5fed-8635-d07134f67378,b2b5cefe-4191-5ac5-b96f-a8bf552f589c,385,BDT,385,,,UNVERIFIED
4fd2afd9-1056-56d4-afbe-ed5dbd6cbcc7,1c559916-cc71-5d4d-8ae2-44830f1eebae,465,BDT,465,,,UNVERIFIED
2c8a7291-6a0f-5282-a9b9-4f52b8f3b29b,e73367d4-a90e-519e-ae49-b2a671e08c15,385,BDT,385,,,UNVERIFIED
51766f04-fb1a-5976-8588-e1b892bbb84c,1a0df5f4-afb9-5e31-8d57-9beb20df5e72,1985,BDT,1985,,,UNVERIFIED
7f105ebc-221b-58b0-b7b0-3b7d6f668f2e,e25d8700-17f5-5154-8312-bbf0293a0364,2195,BDT,2195,,,UNVERIFIED
cd8d58d6-9d8b-5244-9c7a-a4b66d703311,ec5c6a1d-d976-5553-a8ad-2e7ee30c9153,1775,BDT,1775,,,UNVERIFIED
3c552a26-797d-52e0-b574-e899321351af,1dd36a0f-e87c-5c6e-984e-1edaa367be38,495,BDT,495,,,UNVERIFIED
8af830e5-89cb-5ffe-82ee-808fd113f8a3,fe76f582-a0f8-5fca-8edc-a77e00a7ba6e,495,BDT,495,,,UNVERIFIED
e8b7adc1-ee69-5848-85ad-1bfe19cea340,4dd5bddc-99c1-56cb-a7cd-d9edb82c41a1,495,BDT,495,,,UNVERIFIED
33345258-c4ac-50bd-884e-02c99fe26c75,7861b12f-a8fd-5131-a59c-a080894629f8,495,BDT,495,,,UNVERIFIED
c5ffe66f-244b-50c0-8d5c-28aba2f9c8f2,6302c9c3-2e39-54fc-a53e-b81f6beeec11,625,BDT,625,,,UNVERIFIED
e3eed512-7cad-5b11-a1a3-5e8343c05687,619a1439-5a64-56bc-829b-a730a2b87385,625,BDT,625,,,UNVERIFIED
ba25eef8-90bf-5655-8ff9-e94e72715f60,dcaab222-0eea-5aa4-bd39-a2099852de4e,730,BDT,730,,,UNVERIFIED
fa68a0e5-70df-5af1-95a3-993a40d0fe51,55d61a3b-7a23-50f4-99ba-6f7bfba764d3,625,BDT,625,,,UNVERIFIED
e893b089-4f38-54f2-ac0b-face1cd8aec5,57a4606f-6a57-5692-a5c0-102d777217bd,445,BDT,445,,,UNVERIFIED
4c883c5f-2f5c-5205-b7b8-1111a5123ed2,7e5098eb-6afe-551c-b158-941ae6370809,630,BDT,630,,,UNVERIFIED
411fcb31-3c7c-5259-b192-f73df8cc086d,464d0baf-a46c-52ef-b6b7-5d8ffdb22b02,630,BDT,630,,,UNVERIFIED
3a196a79-108b-5c57-a189-f957b4205a8a,23f5de0f-afd1-56d5-939f-2e905026911a,630,BDT,630,,,UNVERIFIED
400e6f5d-0cc8-53ad-ad29-e7de39b096e1,12880c8d-169c-517a-9eee-b2daf58c1041,800,BDT,800,,,UNVERIFIED
67087100-4c6b-53cc-a2c7-c51094e46564,2d80d33b-b2a4-5960-b239-3d1da7a8a026,400,BDT,400,,,UNVERIFIED
16502b51-a539-5ca8-9dbc-94beb2963cd4,9fa6a316-4a38-5a52-bff5-621a8bcc3835,700,BDT,700,,,UNVERIFIED
e9b4b80e-4bfd-5e39-a3a8-b1a117e95232,61da7d49-57b5-5c11-b38c-1a29991cc7c1,850,BDT,850,,,UNVERIFIED
2e4f4a9c-14bf-53cd-8587-bcb11b5dff97,36a0e8ec-f2cb-5511-8170-5a2859abef1a,800,BDT,800,,,UNVERIFIED
36a647f9-10f7-5165-a67a-f1bf196e451f,08b1153e-96b5-54bb-b718-9f63eea9f324,900,BDT,900,,,UNVERIFIED
9350566e-fc97-5319-b7da-a487e8d1adcc,da338f14-9809-5eaa-8283-8df78bf55cec,100,BDT,Tk 100,,,UNVERIFIED
b75ec048-ffdd-50bd-a0fa-a50ea594bae2,40b1cc8a-41c9-5fc3-b5c8-1fead99bd3af,80,BDT,Tk 80,,,UNVERIFIED
accca5eb-8bde-517e-8f6e-a78713412e25,412914ee-8d8e-57d3-ac30-c33e54bcd110,490,BDT,Tk 490,,,UNVERIFIED
fff33de0-c7e0-541c-bfa5-199166d34673,a9139d91-2d79-529d-8386-fa94a8fa8e50,490,BDT,Tk 490,,,UNVERIFIED
7ab22665-41eb-57c8-a546-6b865e009ce7,fa634556-8df8-5bcb-8ed2-d947c5a31d6a,550,BDT,Tk 550,,,UNVERIFIED
07ab3aab-da79-5424-941f-a9e7061c559e,b61baacf-e7e6-54df-bf0c-6c72f0557650,490,BDT,Tk 490,,,UNVERIFIED
b62b00e6-f554-57a9-a593-f05ab8523820,c4cdbc9b-80d9-54d3-adeb-51bd30f33dcd,540,BDT,Tk 540,,,UNVERIFIED
55d88525-0cef-5686-9a4c-a67fcdbad295,3b7bf923-826e-50b0-aeb8-a1a5686d8e31,670,BDT,Tk 670,,,UNVERIFIED
4f205ba2-b5ec-530e-9b33-889a4955d5eb,58996f44-7246-5b34-a222-3c7dacd38535,170,BDT,Tk 170,,,UNVERIFIED
acca0835-bfbd-58e8-b2c1-4a93aa377962,2bf90611-3272-584b-b83d-5b45b895e69b,2290,BDT,"Tk 2,290",,,UNVERIFIED
87a0034c-8ab7-555e-a108-dd26295a44d0,099eaff6-bb40-585f-ba99-9e808961d914,750,BDT,Tk 750,,,UNVERIFIED
4225e200-4d9b-583a-a1b7-d784dc8a6c5a,9eaee498-68fb-520c-a310-73939d6ce12e,1000,BDT,"Tk 1,000",,,UNVERIFIED
338418e0-1d02-5a60-abf2-aaa0063f5e24,c19131b2-0c63-5daa-b584-d9e7f7a90f71,650,BDT,Tk 650,,,UNVERIFIED
a570d3ac-48f7-5611-8ff3-d81990520329,c0f0c916-60d6-52fb-a198-7d1b258e8831,950,BDT,Tk 950,,,UNVERIFIED
7935624f-af70-51f8-9b40-3dcdbbc8684e,6fab289d-af7d-5d89-b85b-fa1c37a23eaf,950,BDT,Tk 950,,,UNVERIFIED
724aa090-4f07-54a9-a277-b46afe87d0d3,4920f327-fdf8-59eb-9708-c66eed0d4e2f,750,BDT,Tk 750,,,UNVERIFIED
53d9f0b8-b5fe-5e07-8536-415156365c35,4c1cf5ff-c732-560c-bbc9-eff88a4532ee,750,BDT,Tk 750,,,UNVERIFIED
02bd2575-5280-5226-9c34-7aa2ac2d65e3,928f7c55-ad9a-589c-8dee-b5b4cb9bb937,1350,BDT,"Tk 1,350",,,UNVERIFIED
319100e2-683a-510a-bef3-9edf03db17da,7d231706-fa30-5dc4-a582-8a4c80d7d183,1100,BDT,"Tk 1,100",,,UNVERIFIED
0fc17938-758d-5837-8ceb-a8ae3bb58798,1a02a541-d9da-5a14-829e-36beab05da05,800,BDT,Tk 800,,,UNVERIFIED
2a8bd571-7261-5f6c-b6ff-1bf2c62e4ede,b3e19cb3-4b47-57b0-ba73-84f752c69eed,1200,BDT,"Tk 1,200",,,UNVERIFIED
96f7e41b-be99-5d6a-b9fa-10a723932d04,712d04fc-8a27-5917-9a27-5d985b684676,399,BDT,Tk 399,,,UNVERIFIED
269b48fc-f406-51ae-acb6-7ae8d324062c,27dbdf40-a8a5-507a-a2d3-e78624e8a5e8,279,BDT,Tk 279,,,UNVERIFIED
a1c1f3c5-a86f-564d-9047-e654eae6ec92,58e03c2e-90bb-5f61-b5ad-1ef28397406d,399,BDT,Tk 399,,,UNVERIFIED
c6feb3eb-c927-55d6-b5cf-8b631c675763,94620507-1d76-5928-a6ae-d343ac503439,349,BDT,Tk 349,,,UNVERIFIED
b40a07da-4178-5028-9300-9b83e6fc3cca,df531db5-df5b-5d90-a849-f6244cf594d9,329,BDT,Tk 329,,,UNVERIFIED
3c3554e1-69f0-5c33-a446-29804fe282e7,7974cb5d-5d62-50a1-970d-c78e07f0d598,309,BDT,Tk 309,,,UNVERIFIED
c198ef43-607b-5c73-b689-f80bfaf9a65f,286f7fe9-a1b1-50a7-bfa4-a0b869adfcac,548,BDT,Tk 548,,,UNVERIFIED
b63947e6-ca28-5e96-9b24-78409313f077,819a61bd-87ea-5db5-be08-9ddbe65d8ed0,538,BDT,Tk 538,,,UNVERIFIED
e05e3f74-2800-538f-ab98-7e3801855803,18f242f4-c81a-5f20-947b-7717db0b451c,169,BDT,Tk 169,,,UNVERIFIED
9867f573-d47a-5b04-84e7-e2031fff54b7,7968ede4-87db-595c-961b-54d69855294d,269,BDT,Tk 269,,,UNVERIFIED
a8d5ed73-422e-52a5-aee0-e8acc9006871,87f69b62-bf3d-5333-804b-bbd2b96ced2d,219,BDT,Tk 219,,,UNVERIFIED
a4e11b36-7dc8-5f54-ba58-917d7a402dfe,f390c1ec-47ab-53de-878c-af4122d2ef7c,424,BDT,from Tk 424,,,UNVERIFIED
7cb3195b-c2e1-57d0-9aa5-e25524af884f,27a26f89-9f0d-5706-aa5b-fd1b92252088,424,BDT,from Tk 424,,,UNVERIFIED
284d92e2-dcc5-5722-ba9e-26cbd57ee2ce,ad590c44-3583-5a0c-bc4d-c1998c009576,424,BDT,from Tk 424,,,UNVERIFIED
fc19bb30-8c93-5c37-be43-6dae907d4b8b,ef112c24-f2b8-5163-a52e-ba1a27828e2f,299,BDT,from Tk 299,,,UNVERIFIED
557a72ad-cf71-56b2-9a9e-d62937a94a7e,b5a1655e-0b93-54f8-be8a-495a67832a5b,349,BDT,from Tk 349,,,UNVERIFIED
aa473378-4061-5eef-aec2-80bbb1da469c,f8a2d973-2c21-52ab-802f-e411a952ce4f,509,BDT,from Tk 509,,,UNVERIFIED
4d690db9-836e-5a78-b993-f5c63e00d721,62bbe2ea-0194-5383-b11a-3dd5442e3fb6,399,BDT,from Tk 399,,,UNVERIFIED
86ea7787-7baa-5bed-bbbb-c72d10e397a6,7c58cdba-811f-5b98-9ada-af515641df08,424,BDT,from Tk 424,,,UNVERIFIED
c4aa66ad-60dd-54f4-bc72-9ea52295b4b8,ae84515f-dcb6-5a61-a358-24e9c3c5154c,530,BDT,Tk 530,,,UNVERIFIED
0a356cb1-f45e-5696-8145-4fe2a6b9ebeb,db6cae51-5bca-5139-84d9-85cebdae6c17,585,BDT,Tk 585,,,UNVERIFIED
60da4895-c0b6-579c-a2bf-4658e618317f,10dfb61a-2bdb-5d31-87bc-60c85c964f4b,899,BDT,Tk 899,,,UNVERIFIED
327f0c76-77a0-52f4-97cd-cbf76240c1f0,be354287-6ff2-512e-9d9f-1b22736aab96,610,BDT,Tk 610,,,UNVERIFIED
2ed6bdc2-df5d-5dfd-b6a6-5177eb421f47,a52cfa30-d73e-5fdd-a7ac-cfc7ad0e2cae,799,BDT,Tk 799,,,UNVERIFIED
0514b709-74b8-5c89-8433-64ee00bbb138,e49c488d-f411-5d93-affd-965d99fd1485,624,BDT,Tk 624,,,UNVERIFIED
f08b2750-e7be-5bd8-9808-122c0ad31825,8fcf6cdc-db96-59f8-8b60-ef902bcd3d00,575,BDT,Tk 575,,,UNVERIFIED
78f5db10-47d1-5871-98e9-45be6610bd36,e062611f-cfc4-5c42-9bbb-feac9cb27e76,240,BDT,Tk 240,,,UNVERIFIED
b1e28a33-afcf-5daf-8f66-251ca1bfd08e,a4f366eb-bd66-5e88-8c54-4534c08f37fc,149,BDT,Tk 149,,,UNVERIFIED
4e8fecff-622f-56fc-bffb-beba29b2ceac,0f361006-a0e4-5e13-9b78-e6d5b2dd5053,330,BDT,from Tk 330,,,UNVERIFIED
40bedcfe-bd6c-5b5e-b722-e0fade89ced8,7786183c-8cbd-5a5b-9f3c-691491980a73,999,BDT,from Tk 999,,,UNVERIFIED
097d48b9-9c87-5a71-8bd4-c1fa3893bcc9,68b1a81f-2c8e-5e79-9036-a066deafd61e,150,BDT,Tk 150,,,UNVERIFIED
6b0af89e-05c0-5657-8d9a-ba9bdb2df9be,598c4ac4-004e-5073-b42b-9afc0ee96266,75,BDT,Tk 75,,,UNVERIFIED
1c9febc3-8738-5db9-a2af-f4e08fbd2269,7ef9f04c-8919-532e-85a8-83bf0fd0962b,75,BDT,Tk 75,,,UNVERIFIED
c85597fe-cbac-526b-9970-169d70b0474d,5d917c1f-52ad-56aa-9395-b1abd3067e4a,80,BDT,Tk 80,,,UNVERIFIED
4123cb03-017e-56c9-9961-b6de63f46947,8f081122-3ea8-599e-8b29-9bab364e8c17,120,BDT,Tk 120,,,UNVERIFIED
e5af9149-f119-57e2-a7fc-a92bb698621c,40c9181e-41d4-5eff-94e7-d05848ab5335,320,BDT,Tk 320,,,UNVERIFIED
b7c97f6f-8440-51c4-a046-2450bef9427a,fed3a0eb-c1ac-5422-9ff8-d84b6d8d18b9,70,BDT,Tk 70,,,UNVERIFIED
792b4ee2-da5c-5059-932f-0cf925e31e44,347d370c-fb19-517a-a709-300d79ffb407,60,BDT,Tk 60,,,UNVERIFIED
26bebbc2-20ff-58d6-bf97-eec61851f8ae,47b36c1b-52a4-500d-bb0a-43c2bcf0f314,50,BDT,Tk 50,,,UNVERIFIED
75bcc6d6-69bf-5130-8208-c4076632d050,82a31aae-4e73-50e6-b59c-a8915e4c9ffd,275,BDT,Tk 275,,,UNVERIFIED
1593229c-b4d7-5211-9b97-2218003756f6,9c7cf7b2-c603-5307-8a85-51520612f505,300,BDT,Tk 300,,,UNVERIFIED
d882de30-76bb-5e06-ac6d-7ea5485045f6,ae545182-b50b-5208-bc82-14815c128676,500,BDT,Tk 500,,,UNVERIFIED
c2e2374f-d78f-5d1f-9e74-02b7a95c1267,31ce4da6-ab2a-5df2-8707-c478c45aee19,250,BDT,Tk 250,,,UNVERIFIED
bfc99c9e-dec5-5cd2-b5d3-8606d4cf3157,d75a7b9e-8a1c-5d2f-92da-c2cf0bff2033,450,BDT,Tk 450,,,UNVERIFIED
c774ed22-408c-5c4a-ab70-c4c776435c07,41a20e45-4577-5293-a90d-8225a6be32db,100,BDT,Tk 100,,,UNVERIFIED
aa8d86a8-da8c-5e8a-83fe-8f3c82b29683,206622e9-e8fd-5d3b-9ec1-c223a2320283,689,BDT,Tk 689,,,UNVERIFIED
214a091b-9e6a-5237-af3d-7e90a5d14b03,73f0254d-4100-5de2-92dd-fc91f1ee02bc,549,BDT,Tk 549,,,UNVERIFIED
eb709a25-2268-502e-b84b-8eb01d96cdad,6655b864-1655-5cef-99f2-0b4f931e7897,699,BDT,Tk 699,,,UNVERIFIED
6ceabe73-e88a-5545-a590-c4bce078e36a,6cb34fae-2def-571f-a57c-5b7f5eda2f15,559,BDT,Tk 559,,,UNVERIFIED
220190ed-cce6-52c6-a932-303c9dc395c9,f5978264-84f6-5fce-80e7-87dd128f2c01,559,BDT,Tk 559,,,UNVERIFIED
d9c0de38-4633-5fca-9a45-fe6becae436c,76ada542-d7a7-5862-a096-587023dba5a5,549,BDT,Tk 549,,,UNVERIFIED
05541c3b-f21c-589d-85ed-d2191ec3f7d4,1b60f755-ecbc-5904-b1a1-a3609e3e24e6,499,BDT,Tk 499,,,UNVERIFIED
76cd9f2e-3fb4-537f-8255-f216dbc9927b,d1d58cdc-7bc0-50f6-b810-9d72bf7004aa,779,BDT,Tk 779,,,UNVERIFIED
4feaa33d-3546-5288-8e7f-1e0e3623eb18,62675d8e-8b68-5234-9ca4-af78cfbfe357,499,BDT,Tk 499,,,UNVERIFIED
4a05e0d9-da75-562b-b1b9-6d1bc17fc163,0dc8ddbd-878f-507a-9f9d-fb719a85f10d,735,BDT,Tk 735,,,UNVERIFIED
b8cd0ec6-11ad-5b55-a824-af60900f31e4,72cade38-eb02-553a-9ca1-0a2a9ec104cf,449,BDT,Tk 449,,,UNVERIFIED
9942c219-8338-5267-b684-215f91f1455f,2b864788-a9aa-5f95-a9ed-03f58d2ccce7,1199,BDT,"Tk 1,199",,,UNVERIFIED
a2924165-415c-50e8-94c3-71309787b892,12ebe4d5-734b-5a3c-bc1a-0ec26fce90d3,799,BDT,Tk 799,,,UNVERIFIED
326a9049-ca07-585e-aa26-4da0a0ab6548,7aa6ae3f-3b2f-5b95-8c58-17ad90d860db,729,BDT,Tk 729,,,UNVERIFIED
ab5f8b02-2772-57c9-b1f4-393270450120,a6b98a6d-e460-58ef-8859-3285cfc1ef6f,689,BDT,Tk 689,,,UNVERIFIED
0a7c476a-7215-5948-a2b3-f471394b4874,dfa56922-53e0-5b0f-869b-0f9c98a754c8,833,BDT,Tk 833,,,UNVERIFIED
c1d6fd20-c718-5626-90f6-e6cac117eab5,ed1075b9-e54d-53fa-b9d9-a50115273708,748,BDT,Tk 748,,,UNVERIFIED
2466ef6e-6ab9-5400-96ab-eb16ff558b18,eb1cf5e6-e66e-5382-81fc-dce89ddd3d6d,578,BDT,from Tk 578,,,UNVERIFIED
a36c9499-fc0b-5896-be2a-8cdf523b6b4d,fd8eba3c-89d4-5ecc-8360-e0dce35ca0bb,663,BDT,Tk 663,,,UNVERIFIED
e186ab5a-9f61-53af-a77f-5bb44f8694bc,2c799abb-3b9f-57a7-9c3e-676940c72e4c,629,BDT,Tk 629,,,UNVERIFIED
37009327-464e-52da-b89c-d58f9e57d0da,718d6d72-bd47-5cc4-a115-0a6adef41ce9,833,BDT,Tk 833,,,UNVERIFIED
462d49b8-e667-5d7e-a5cc-f35587e6832c,b2d21dff-73d6-59ed-accd-384087c5279c,1088,BDT,"Tk 1,088",,,UNVERIFIED
ec15fb5f-74d9-5cef-9d4e-ec3791d4a65c,802a1a4b-db04-524c-b1d4-8fae51751850,833,BDT,Tk 833,,,UNVERIFIED
c0b45310-f09a-55ba-bbee-4a7f1c0d65c8,f8398518-5b3e-5976-8d9b-f2fca303425f,187,BDT,Tk 187,,,UNVERIFIED
d6dff5e3-3e78-5fd9-a556-db13a41bfd50,2472f196-f543-524f-bc1a-118661d35d9d,833,BDT,Tk 833,,,UNVERIFIED
c77be272-7c4e-55e9-a715-6c0594dcbec3,5dda5efa-77e5-53b6-b4f7-6b6595e7e8ac,1088,BDT,"Tk 1,088",,,UNVERIFIED
617e72ca-903a-508a-b1fd-66421d3e13f5,52f4e583-312a-589d-9dfe-1c05fdfb38b7,493,BDT,Tk 493,,,UNVERIFIED
ee8ccae4-f0a5-5496-83b8-f69a680889c9,eaf6c484-c1ea-54ab-8317-538fb18b8e70,370,BDT,From 370.00,,,UNVERIFIED
a224eee1-132b-5b35-b950-09538403778c,c44319cd-0cc2-5e1b-bb56-20ed97034a86,370,BDT,From 370.00,,,UNVERIFIED
abdab3de-d0bb-5f75-8d1d-c57ddc664cfe,f0706f46-e8af-5772-9103-84851806501d,450,BDT,From 450.00,,,UNVERIFIED
14d3a2ae-3c69-5994-8af7-663cfd01fba1,e841aeb0-2078-5089-aa9f-cee588a6bf68,525,BDT,From 525.00,,,UNVERIFIED
12326468-2761-5bb4-a101-eb811c4a0230,40c3577b-9d26-51d8-a28e-a5d67fcb9ddb,550,BDT,From 550.00,,,UNVERIFIED
2b8ea55b-b4a6-5931-86d7-7bde0aeeef24,a7a6ff96-0281-5230-a31b-a4f326e9e40e,480,BDT,From 480.00,,,UNVERIFIED
e0247193-2065-5ba2-b6b0-899e0e0dbd1e,9665cd9e-56f5-5f6c-959e-2f3b13c9b436,545,BDT,From 545.00,,,UNVERIFIED
d70394d9-0d1d-551c-8cb7-9e39f46f43a6,0ec8a438-3a5c-5f8d-b294-bb897e3c428c,550,BDT,From 550.00,,,UNVERIFIED
522193e6-664a-5ed3-bbab-7011cf708797,3588ab8e-df68-551e-a784-f14e7bccf76b,950,BDT,From 950.00,,,UNVERIFIED
1fafaadb-e54e-5585-854c-cc4cd922770c,cf5012b1-0565-5013-add3-3cad427950c2,1080,BDT,"From 1,080.00",,,UNVERIFIED
6c86b2ed-24ff-5b16-a6f1-81ef563e1fe8,1ac29bbe-7f70-5924-a5e9-3632e98cd8a1,750,BDT,750.00,,,UNVERIFIED
99d49bfb-407b-53f7-bc79-869eb4839a4c,fbbb7fdb-20c1-52cb-a7b3-61fe09e340dc,390,BDT,From 390.00,,,UNVERIFIED
251ac17e-811e-5e2d-8eb4-b5d85b340fb2,1e86f984-8686-59cd-a884-4d011854a7ca,490,BDT,From 490.00,,,UNVERIFIED
f8ed9092-0928-5e9f-b7ee-f9eaa6fb7c30,2004f99e-580d-5a1d-ae20-8d29f39f3178,925,BDT,From 925.00,,,UNVERIFIED
48538864-1c60-58e3-a406-f13d8c4e016d,fc2df120-07bf-5e40-b2c9-282e0d75f431,1200,BDT,"From 1,200.00",,,UNVERIFIED
7af3bf68-698b-50ce-8004-0da147cbcee4,ae076512-41d4-5664-bfdd-1f022aa48c8a,1050,BDT,"1,050.00",,,UNVERIFIED
551bc045-0ca1-50c5-9f8b-439267c59905,3595d12e-780c-5060-9b30-0dd7fb783ff4,260,BDT,Tk 260,,,UNVERIFIED
e5e8ed31-6ec9-5393-bb38-42c9e729f97e,3ba402b9-bb2b-516d-8290-904708ab619a,275,BDT,Tk 275,,,UNVERIFIED
abd557d0-4dcc-52a3-8eb6-858e8e277def,87c17c96-f7e3-5082-83c1-281123eb8830,260,BDT,Tk 260,,,UNVERIFIED
e665011e-f347-5173-a23f-e88cdde582a6,bc968feb-b7b5-5605-b01f-615c1a39d906,1150,BDT,"Tk 1,150",,,UNVERIFIED
7ab6b1fd-a663-5fa2-8f19-bf37ccae6e2b,754addaa-4c01-5bb8-a87b-d26bdcfb9b8a,250,BDT,Tk 250,,,UNVERIFIED
a9a8fae3-6bfd-5b57-85fe-252cc0a5825a,10028cc6-cdb2-58bb-be68-a7baf68065a9,270,BDT,Tk 270,,,UNVERIFIED
b68149b5-5e27-5ccc-a0eb-f3f7511a857d,14a67940-24f2-5b25-aacf-b626bf484e69,345,BDT,Tk 345,,,UNVERIFIED
f1770ef9-694c-5140-a84f-7bf132241306,043ce3bd-1e99-507d-96b2-8f910cc6307e,345,BDT,Tk 345,,,UNVERIFIED
66a91579-bfd2-5ae9-9a89-70077434bc6b,e9b693b3-0c54-510b-aa19-c2c3b24a46ba,340,BDT,Tk 340,,,UNVERIFIED
562ab0e2-4502-573b-a39d-23e0d3cab6ff,ce475ded-d045-5116-a07f-5d1a30c4dad2,325,BDT,from Tk 325,,,UNVERIFIED
175f645c-ab45-5da5-a8d4-469d7e9cd376,d0ca6a17-bf88-5794-b8c0-955931eb477d,295,BDT,from Tk 295,,,UNVERIFIED
0f318f5c-97b5-5745-a36b-7b1853f25cb8,634e6a98-edf1-55c0-9c6e-e4b15f3b0845,310,BDT,from Tk 310,,,UNVERIFIED
d327f05f-a2b4-5e6f-9321-86ee6da18b7c,7fc5ecbf-d1d7-58ab-90ff-c16e435cf25a,275,BDT,from Tk 275,,,UNVERIFIED
6b598933-4fb8-538d-b8a2-9e061c705f98,23dd7e14-3e60-5fd9-96ec-b58c2d1925a7,305,BDT,from Tk 305,,,UNVERIFIED
1bd4efd4-1e1b-557f-ae81-fda4213f0fc1,eed12e0d-d49e-5345-81db-8b4fe45ac8f1,250,BDT,৳250.00,,,UNVERIFIED
a914a206-d045-5e38-86d9-1bd6c287def0,04c55e3d-a01f-570e-a4b7-a3a59ec6afa6,320,BDT,৳320.00,,,UNVERIFIED
1d99e38f-4332-507d-8ae6-7d5ebb2debf0,66cf4f57-dcc1-5c3e-8b31-5f6712b9f167,250,BDT,৳250.00,,,UNVERIFIED
989bd543-30fb-5bea-b8b2-515ac9d7006e,189706bf-9abc-5319-a2fe-a53af1c1b0fb,70,BDT,৳70.00,,,UNVERIFIED
528a9238-7816-52e6-bf50-1d3b4cb21620,1b82fb91-282a-5859-9d04-c29302d5ed26,160,BDT,৳160.00,,,UNVERIFIED
f0d0d1cf-6c49-540f-b19a-8bb5fd3ecda1,2f3261fd-4e62-55a0-bfee-cc56b44eb8d1,50,BDT,৳50.00,,,UNVERIFIED
2341ac28-bf43-5bb5-85b4-b3c91bef9feb,34a88c6f-1ebd-5a8e-addc-302c167a486d,240,BDT,৳240.00,,,UNVERIFIED
2bb8c459-ad58-592f-a85e-02f768585470,30209583-348c-54cf-ad53-8ce1aff3a7e2,70,BDT,৳70.00,,,UNVERIFIED
6bf04e81-3e91-5adc-be77-6dadd61f2f19,6a4ed707-88e4-5b09-9353-1aafd131ea35,60,BDT,৳60.00,,,UNVERIFIED
aca386ae-8881-5eb2-bd9a-d7bda36e5566,997b03a8-f0a0-54aa-91d2-7deb55b911b0,220,BDT,৳220.00,,,UNVERIFIED
adca0265-0e31-5ea4-a5bd-a121ba0b9412,51accf96-6392-5c65-aa81-6449e38d35cf,999,BDT,৳999.00,,,UNVERIFIED
f3e16ed8-8b7a-5cb7-a183-ce44e053ee70,db8da9e5-b8ad-52f0-8e40-7d388bd50be8,390,BDT,৳390.00,,,UNVERIFIED
8e24e421-b8b0-5e22-aff2-0911aa4aebaa,9ac47779-d92b-5a26-b6c8-9dc3b75640ed,65,BDT,৳65.00,,,UNVERIFIED
08f9a942-3abf-5763-902b-9533f520d6ba,14bc7892-7d38-554b-88ca-f12c93be9998,160,BDT,৳160.00,,,UNVERIFIED
0fc51218-6ac9-511e-a961-31364b789f60,8754cc50-1692-54c1-b1ff-9eaf7fc250b6,165,BDT,৳165.00,,,UNVERIFIED
376723cc-63f0-5abc-9b2f-6c8bf40a1742,23fa25ff-0dc6-573b-af0f-9f5c0ad66723,200,BDT,Tk 200,,,UNVERIFIED
5b3b3394-45f9-5570-ab4f-b0981886b583,28a6e183-fcac-5325-8ade-d640aee7330d,390,BDT,Tk 390,,,UNVERIFIED
5962f19f-257d-5042-a45a-146dde4d12b4,1aa65941-a8a5-5c43-b036-a5136c9f5779,320,BDT,Tk 320,,,UNVERIFIED
ef1138b7-472b-5e6d-a6ca-73ccbbb512f0,ee0d7d78-1b02-52b2-8f45-6e799ed7059a,450,BDT,Tk 450,,,UNVERIFIED
7bf96ba2-91a1-5d37-8ada-7b2bd70a06bc,cc49da67-c74d-5994-bd18-114311be5eb1,790,BDT,from Tk 790,,,UNVERIFIED
d1da0481-07c8-5b50-a945-46dd0811c0aa,1826e24b-2606-5433-b8d1-eeff9476df7c,750,BDT,from Tk 750,,,UNVERIFIED
3c34fea0-6378-548b-85bc-a79e3d02e772,c6b3b000-d63d-5673-870a-2b7a7e11c440,790,BDT,from Tk 790,,,UNVERIFIED
7c2762e8-87ec-56bb-bc1a-0a5d07164047,8e8ed0fc-c344-53ad-a1d3-f2d4784668c5,320,BDT,from Tk 320,,,UNVERIFIED
c733dd2d-db46-5ff9-86ca-e1ea381e9ad5,54f9110c-c30e-5f0f-9588-ff66ee50d945,390,BDT,from Tk 390,,,UNVERIFIED
335e29da-aa52-5cae-b8cf-40ee8ad51266,f3589565-916d-5cca-ba20-c096e7c42dd0,290,BDT,Tk 290,,,UNVERIFIED
37df3dce-d81d-5697-926f-a48e45220e16,bcb5ab20-40e2-5a58-b342-f5dd86dcecea,290,BDT,Tk 290,,,UNVERIFIED
29caa326-67e8-5aeb-9f93-47c0b40de894,6c5f0a81-b943-5fae-b15d-22caef3da23a,250,BDT,Tk 250,,,UNVERIFIED
6469dbcd-d9ad-59a1-978c-74d2e1c6ec75,e4f1eadf-35df-5dd2-b59b-ef48302688d0,50,BDT,Tk 50,,,UNVERIFIED
ab37d7a8-af38-58e3-aada-15ec66eec3ee,2ac44e6f-a31d-5441-9a43-eaca87f79836,50,BDT,Tk 50,,,UNVERIFIED
b2484ce3-24fa-5043-9ac4-76ee339e591a,fb6acf77-953c-5c7a-808c-fbd2158a45e1,280,BDT,Tk 280,,,UNVERIFIED
e89bff2f-48d7-5e20-ad58-6a6a282d4c84,aca635ec-b99f-52d4-8e8c-db6912355493,350,BDT,Tk 350,,,UNVERIFIED
6f97c89f-f343-54fe-b811-11da617c0c3f,f5178724-60c7-5455-bce0-9e91599365e4,320,BDT,320,,,UNVERIFIED
9d090a8b-be64-5cbd-a37b-8cd932c9f00d,1f039394-911f-58bd-b368-5975266e2172,290,BDT,290,,,UNVERIFIED
1ab82ab0-fd2f-5f60-ad74-717ffc17de4a,350a8b0b-4545-5b05-97fe-ccf18c9cdeca,120,BDT,120,,,UNVERIFIED
af480298-500b-52a7-9bb0-b45569c6d7f6,8f651c0c-a3e5-5d79-bcbc-b2695820536d,290,BDT,290,,,UNVERIFIED
bf8e13c8-5697-52b3-9d69-3d8c6e743217,358baa4b-86bd-56cf-8b3a-a612d8022f30,290,BDT,290,,,UNVERIFIED
cd44f3e9-5e13-5ddd-a5e7-90a53b5341be,1f9b7de7-71c9-5005-b48d-33cc2c7868df,280,BDT,280,,,UNVERIFIED
3e46d6a8-749c-562c-93dd-b21aac6a625f,9798bec6-7a44-584e-8bd0-4aceebe16305,290,BDT,290,,,UNVERIFIED
a8972072-7f44-54d9-9f1a-f9cda44b3cef,cbe7b3c2-9406-5c47-ad79-1cb7e3cb446c,30,BDT,30,,,UNVERIFIED
5ad9d762-1abd-5773-a61a-22c7ebb112c0,370cdf57-99d3-5b1f-af7d-9e49424a8d1c,30,BDT,30,,,UNVERIFIED
ae9a4af2-d49e-5616-bb9e-a7dc1d149312,647bf8db-b219-5e58-8dab-f26e70e2b342,645,BDT,645,,,UNVERIFIED
dccaf073-d3ee-5d6f-9784-7b7aced7e247,122e71a7-426d-5c16-8ef6-61693c1e4a88,645,BDT,645,,,UNVERIFIED
d7f8b7c0-c4bf-5e6b-a608-ec29143dfabc,fbf97e2a-5884-5a7d-b124-79d993dce5d3,625,BDT,625,,,UNVERIFIED
df88ec49-4d83-5ab7-94ec-11b99b5f96fa,49afb9b5-b213-5779-9755-addc236abda5,635,BDT,635,,,UNVERIFIED
4c50eb64-f334-50d3-8abf-8c66308bb8c7,df54f331-ec75-54c7-8c69-96c06f418b74,615,BDT,615,,,UNVERIFIED
4c637dc0-094c-5b95-b173-8162a91aed4f,8fd10aaa-bae7-5824-b54c-b9b9a5b76479,620,BDT,620,,,UNVERIFIED
f266b141-4762-50bb-b04a-b2cc9898fa20,d829fdb4-0942-5ffb-9f84-4b2825e1adb6,545,BDT,545,,,UNVERIFIED
03fb04c6-7901-5200-82f7-e05a4dd9f94c,841dd0d0-4f4f-5332-b12e-c51c0c3a19d8,595,BDT,595,,,UNVERIFIED
1f6dba07-a004-5c13-9a6c-ba078751f9f4,3a46c6a6-2875-5831-9021-66eb7da2d174,595,BDT,595,,,UNVERIFIED
f481c274-8496-5d73-8acd-aa84ceef334d,f1833a2d-715c-5a93-842e-381de4a82224,525,BDT,525,,,UNVERIFIED
9f57766b-0f52-57f2-aa41-d6d431c29585,65d7a688-76ab-5ead-9639-248d6296f1f9,565,BDT,from Tk 565,,,UNVERIFIED
f33a63e9-3691-55e5-b3d5-5f2deed8a4cf,76268786-994d-5b1e-91ad-bb79ed7e3448,625,BDT,625,,,UNVERIFIED
d20639f2-9262-5292-a650-a9753b7e60de,afb74576-65ef-5bd5-a82b-b8f7dc4bcea8,610,BDT,610,,,UNVERIFIED
4d72bf52-bb5f-5104-8eb0-30c916c870d4,8083d42a-be94-53e5-bf53-1a4c3d39dbde,595,BDT,595,,,UNVERIFIED
acc43d74-5303-510e-9e27-d1ba14ffab3b,7e7505f6-f37f-5d26-9e2e-91c178a5b651,635,BDT,635,,,UNVERIFIED
5f327621-9fb2-5cc9-ad2d-c3097f97bbab,e45a3e43-47df-53a4-955e-83d97165db3f,625,BDT,from Tk 625,,,UNVERIFIED
8de4d3ec-ab0d-5394-bb49-a1c9d7dff0c8,db85a13d-1c59-539f-b32a-4356cefb314b,595,BDT,from Tk 595,,,UNVERIFIED
e47cdd9e-95d9-59e8-ad18-ed71eca39b04,68102d37-b4a0-53c9-be71-90da491ebbe7,615,BDT,615,,,UNVERIFIED
cca480cd-06cf-52b8-b030-c09a237b1cb6,93ee5e9a-0248-5065-9569-491cf7a75d21,585,BDT,585,,,UNVERIFIED
00c10f9d-c0be-53fc-b331-24ce6bc6f1f6,b77934ec-0e20-57d2-805c-7e3a1e54e1ed,635,BDT,635,,,UNVERIFIED
71b280eb-4c5d-50bb-abcc-340209d62091,4f44a0fe-0100-58c8-af7e-f43c59175ecf,645,BDT,645,,,UNVERIFIED
385b631e-4e8b-5f72-a95c-13d14f561608,2c29d407-8161-5c26-a616-113d680b52e2,585,BDT,585,,,UNVERIFIED
18cdda01-945a-557f-89cc-f42541d0601c,1ebfcebc-0fb2-54a1-9aa5-52008c94125c,595,BDT,595,,,UNVERIFIED
f4ee2e06-dcc4-5c03-954d-69d13a9d631c,0dbc7d93-b450-5407-a5a1-3b62be6edd6e,615,BDT,615,,,UNVERIFIED
36aed9b9-54cb-55dc-a82e-2550d5c533f7,1f2c46d0-aa42-597c-a230-5fa26fd65cd1,545,BDT,545,,,UNVERIFIED
dc1e8209-3142-5771-9964-32567eef0864,c6805cf6-b20a-5a17-a052-c19d81c18379,595,BDT,595,,,UNVERIFIED
1b04e5c4-f5f7-55a4-9721-17e70c925969,8d6625da-a775-5931-be65-f6591e6780ed,595,BDT,595,,,UNVERIFIED
a2c9bf50-95e1-5869-abc3-d07cdedfc52c,be1d9f60-ce13-503e-9d80-1c79ad015cb5,595,BDT,595,,,UNVERIFIED
85f7f3ad-5e0b-557a-8c99-07496e995aa2,1017c394-49c0-5b0c-aac9-c603d6549d51,625,BDT,625,,,UNVERIFIED
a10fd564-ac28-59c0-8aff-63c77f7e3be4,a5b9c029-a175-536f-84df-e78af4ea97a5,960,BDT,960,,,UNVERIFIED
4a4028ed-d300-5d67-a908-3d6e2ca4e672,2d4d0c5d-cece-5cea-8be0-2bc44497ad65,635,BDT,635,,,UNVERIFIED
2859ce47-e40f-5fa7-88b0-1a2a3d0be454,d8605842-c0fe-5bcf-8dc8-f4c5e44720e4,635,BDT,635,,,UNVERIFIED
50ef47db-8251-5fa1-9d20-f596eed237ac,464da63b-0e00-59f6-9e74-b650cb82b8a9,635,BDT,635,,,UNVERIFIED
509f62b2-01bf-5b31-9fef-33d66c56968c,48ba27e5-04b1-547b-b581-ec91f585f48d,635,BDT,635,,,UNVERIFIED
e3272c85-df62-531f-8f8d-fa594f563957,ec6acd7b-acaf-5542-aa47-51b5c1ad9c69,635,BDT,635,,,UNVERIFIED
b10c6c16-af64-5870-81dd-0c8562fd2b61,1faf06da-5769-5ebb-9839-9e57b3b79db9,635,BDT,635,,,UNVERIFIED
14d201ac-9544-53dd-8bd0-11bcd2610076,8afd8223-6900-50ad-afb1-6bed6a0b5b37,635,BDT,635,,,UNVERIFIED
3a37134d-2eef-5db8-a251-74cbee83b676,b4e10b9a-3e8c-57ed-9dcb-43f38663c356,645,BDT,645,,,UNVERIFIED
dc53e5bd-78eb-5add-b6d0-e30033125fe1,8238d4ac-43f5-5a48-a0db-545f4b684d73,645,BDT,645,,,UNVERIFIED
2fa22d84-14f5-5605-acab-e180f4fe32b1,1dcf2a41-0c85-5189-a30d-91474442cc11,645,BDT,645,,,UNVERIFIED
479a2f7b-3f31-5d3b-8b14-69a9f659ac3d,4dc53652-7bdf-5623-a6f9-1f1319e49a89,635,BDT,635,,,UNVERIFIED
6aa141d4-00da-5b00-9b25-4cb6317f833e,366c2723-de49-5d33-90a4-55c96af7b06b,645,BDT,645,,,UNVERIFIED
59aae874-ca9e-52fe-aa66-23c3ac78f52c,42e377c7-a3c5-5bab-8296-db493db1b3fc,675,BDT,675,,,UNVERIFIED
d6230642-7839-5b17-a6ad-56808b2055cf,4e7b1be4-e4b9-529f-a23b-9877fdf80ab8,625,BDT,625,,,UNVERIFIED
99e67b03-03ca-52f7-89fd-1b887e18a3c4,646d4059-1b34-591c-af6a-68f9fec52554,635,BDT,635,,,UNVERIFIED
da06ffb5-9933-5e42-b632-0fbd25cf63bc,f56a4455-72b3-5bdc-b52b-b1771d070161,635,BDT,635,,,UNVERIFIED
5f010473-c7ea-5518-87e5-332351c1ea16,51a2712e-d881-5395-804a-9d5a940fd89d,645,BDT,645,,,UNVERIFIED
54b33fe0-d5b5-53d3-9d3e-34da650e1fd3,c79ed594-b95d-592f-92fa-229f1f9c58fa,645,BDT,645,,,UNVERIFIED
49ce75d7-db76-5659-92b8-181fc007ad3e,e514b563-02ea-578c-a66d-e37b2d9fa76b,635,BDT,635,,,UNVERIFIED
ed2fdff4-f64b-56f0-b8d2-208cd4da0978,09d73d68-4672-5e9a-af2a-0ad1deafc57d,645,BDT,645,,,UNVERIFIED
f9ed66c8-7238-5c1d-8b90-5695689480a4,34de903f-8803-5b79-9355-61b95a5033be,645,BDT,645,,,UNVERIFIED
317ebec1-2b91-53f6-9938-3aee249b5f59,461e1a43-0df8-5074-9b8b-d21db7bb35a0,625,BDT,625,,,UNVERIFIED
591c117c-978d-5c57-878c-e97bf89fa500,bf88287e-1fd9-5e79-b681-fd523d9ca781,635,BDT,635,,,UNVERIFIED
ce51485c-591e-5cff-aedf-6b2aa36e626b,7bdc0431-c496-5c0c-83d6-5ff5f25d66f1,635,BDT,635,,,UNVERIFIED
e0d16b91-eb2e-5220-8d68-b2df3aed0839,d0d4d14f-3f0c-524e-94e5-dd000966963c,645,BDT,645,,,UNVERIFIED
462f4908-a550-54bb-9e51-86a5689bb861,7aa72fa5-7634-53d6-acd9-335ffcb8a6f0,625,BDT,625,,,UNVERIFIED
9eefb1a4-8bbc-56e2-a8b8-3bf962a54025,f9a9986d-2387-5b97-9110-809cf58e5b9b,645,BDT,645,,,UNVERIFIED
e1dead18-5858-5e3c-95fa-82cd2cfa5d67,2dc83436-85f4-5eed-b79d-69e48e013b58,635,BDT,635,,,UNVERIFIED
bb54d8cf-c6c2-54d2-93e1-c37034d3f024,b2468c6d-c0da-59d4-9b9d-70684ace9fa0,635,BDT,635,,,UNVERIFIED
5a79de4f-b6ce-5b96-ad9d-f87657c8fc15,3a0ecb96-d68f-5209-8323-560194c08268,645,BDT,645,,,UNVERIFIED
495b4d2f-0330-5c3f-8d49-3cd7c483031f,8b26c20e-0641-5381-882a-0f3b002596c5,645,BDT,645,,,UNVERIFIED
1ebbb862-9ad9-5ee8-8e04-d5e45a53427a,ea4f4bed-00fa-5eee-adbb-829da850fe99,645,BDT,645,,,UNVERIFIED
536831f8-b164-58b9-8828-2f820b73f5a1,6da1669a-e113-5f0c-9c11-49f30123b798,675,BDT,675,,,UNVERIFIED
57fdf855-7533-54de-804f-9138f9508640,5d17aa7f-61f9-5cae-aab4-54e27a8bedca,525,BDT,525,,,UNVERIFIED
1505af22-e266-5db0-b33f-5783027abf87,69397fc1-e129-54d5-bf11-0295a4e139fc,525,BDT,525,,,UNVERIFIED
52e6cf74-39e1-5fa0-a8ec-20e478e2f8ec,d17f4d32-88d2-59d6-98e1-45d0cdb26746,525,BDT,525,,,UNVERIFIED
a2c75b49-36c1-53a7-9dbd-11176ec8bdf4,b7240486-b29d-56a8-966d-7090efe41e42,525,BDT,525,,,UNVERIFIED
880c55d2-7fbe-598d-897d-83bdc5fc8d84,1710ec99-d667-5e74-a722-c0b131154cef,595,BDT,595,,,UNVERIFIED
c6dbab49-8396-516a-b3f4-fa9825138009,3e4360be-9712-5554-a616-d1cf24aa020e,525,BDT,525,,,UNVERIFIED
48dc84a9-30d3-57cb-bb50-69ca162bc745,74b877e7-b308-5d02-a180-fe6ce18911a1,565,BDT,565,,,UNVERIFIED
3a023289-b60e-5ee3-8a18-1463f7d1a0db,581a7eda-2f30-5fac-bd48-efdbaee8e71d,585,BDT,585,,,UNVERIFIED
94acea84-8642-5465-a079-24432ecf3df9,9a9ae13b-643e-5116-b733-bf2ac270c092,625,BDT,625,,,UNVERIFIED
4214ad29-1dc4-5062-9ff0-d6f6c99fccc0,20079266-6808-53c1-b67d-1160f988329a,585,BDT,585,,,UNVERIFIED
9a888b86-4862-5705-b1bf-2a89c44960f9,b346dc66-a1e8-5ec3-b6dd-1cc96a117ae1,260,BDT,260,,,UNVERIFIED
b6295c5e-2e01-594c-a1f1-cec23770eb6b,869569d5-5f2a-5642-8804-6ba2679a898e,800,BDT,800,,,UNVERIFIED
c23daf82-d7f7-5a45-b7dd-4fa720a35782,552d00aa-5851-5bc8-8e19-7d509af43c00,800,BDT,800,,,UNVERIFIED
f7246f8f-ac0e-56b2-b740-0a249ba016b6,0988d2bd-6d6a-56d6-8302-717280664175,800,BDT,800,,,UNVERIFIED
13b6ca06-d7d7-596f-9aba-911b69091a3a,fc3e6a40-2eee-57db-aacb-6657ba3d26cf,186,BDT,186,,,UNVERIFIED
413daf76-1da3-5f3a-882f-88ed2314146e,5611fc58-920e-5dba-abac-d29b66ec4cdc,259,BDT,259,,,UNVERIFIED
2c72ecab-2816-54a5-b354-acc8e7b3dfd7,7555f485-9012-50c6-a085-3826582f74e1,319,BDT,319,,,UNVERIFIED
f6f60225-4d96-5517-a8f1-a31ffe38c57b,bb69ea05-af62-5b91-a893-61f1b9e227b1,263,BDT,263,,,UNVERIFIED
7c678144-e01f-5274-8923-02dc34177ef7,5c6d8bd4-2752-5411-8d1c-6945247a7ceb,186,BDT,186,,,UNVERIFIED
bdb0f9dd-d0c2-56f9-a8ca-65b046a78df3,5e69c44c-e7ad-5d66-aec8-d35b2dbb8cdd,286,BDT,286,,,UNVERIFIED
2acb24be-a1d2-5f33-b3e7-86c123a7c0dd,8730849c-1dad-577d-9533-9fd859f9d31d,308,BDT,308,,,UNVERIFIED
fff30043-dbae-5f93-b966-dc30ec852d9a,b2feab8f-4cfd-55de-a293-719e8463370e,164,BDT,164,,,UNVERIFIED
245a31a5-d0fc-5e1d-9954-be038ec3dea8,58d4fa3c-94ba-51e5-aefd-5a06ed916446,186,BDT,186,,,UNVERIFIED
9f08b753-1a23-553d-8f40-3553783333b8,49232a53-7e0a-5eb5-8b7c-22d340bd8a3f,208,BDT,208,,,UNVERIFIED
4a1e81cf-39cc-5ad3-b89d-ee16b294390e,5b57adf7-46b7-5391-ae47-65639c95980f,219,BDT,219,,,UNVERIFIED
0f33825c-719e-5e68-9c8a-c53658c822b5,ad7abf04-0dff-5d4d-8408-d9205f1d7a89,219,BDT,219,,,UNVERIFIED
6062e63e-ea17-51da-953d-da4108cd85a4,4841e591-8f35-5fd8-8cc1-f6795190805a,175,BDT,175,,,UNVERIFIED
1f23ba52-1a7d-5c77-99e6-063ddab9797c,d5f05138-28db-5fb8-8582-db0987e30fdb,204,BDT,204,,,UNVERIFIED
63376237-68c6-5d3a-a602-75c36329d932,d00f27a4-37a2-53ce-b5f6-266bc77aee1d,506,BDT,506,,,UNVERIFIED
ff9dbeea-4d1f-5e82-969d-51ad37361ceb,c17933b4-5b22-5355-adbf-8ddfc3498871,70,BDT,70,,,UNVERIFIED
7f18ec44-7301-57d6-bc90-2b0247299c61,7a904558-02df-59a8-ba02-9ade840ab90e,90,BDT,90,,,UNVERIFIED
26b93ca5-7245-5e21-b86c-4fb9d67ed3ad,37a8ce77-7685-5cc4-9f8c-b24eb26d56d6,95,BDT,95,,,UNVERIFIED
a3e3022b-9d88-55ef-8807-bdd72a52b333,4addf485-36fd-5a46-b8d8-facb6b7e88f1,95,BDT,95,,,UNVERIFIED
1e8d51f0-4abf-5335-88f7-26badd70972c,5e9d610c-1901-5720-a0e7-15b5be335e04,65,BDT,from Tk 65,,,UNVERIFIED
5e981029-d54f-5274-b0db-969a9df2f15a,734551f4-a95c-5bcd-ac32-de05d075b156,65,BDT,from Tk 65,,,UNVERIFIED
d1962b17-3f30-5fbb-a7d1-1eb16b4f758f,5aa568ed-0b2e-553b-8729-40f121ab55aa,65,BDT,from Tk 65,,,UNVERIFIED
96fd7f38-e78a-50bf-851e-d9744bb6c7b7,4cd5c2c7-0f12-55f1-836f-82798135f228,125,BDT,from Tk 125,,,UNVERIFIED
01c0b93c-4d37-5e25-b335-285052c2fa3e,60be5744-8517-530a-b467-b15acd273895,50,BDT,from Tk 50,,,UNVERIFIED
658e2664-a274-5afe-ba8e-284f9b84225b,b4d782fb-c30d-583f-ba42-18363f7fcb9d,125,BDT,125,,,UNVERIFIED
d0009a9e-21f5-5ea7-a34b-edf7c7f0f3c2,0453fd1d-e4a9-599b-876f-6ec289bbae49,145,BDT,145,,,UNVERIFIED
a210d101-0d70-5e55-abc0-cfa590f53c3c,1cc6c396-8059-52c2-b5ad-3ceadcc08059,145,BDT,145,,,UNVERIFIED
bafe50ac-9a2a-5882-aeff-4940c6aada97,d48e17b6-f623-5fc3-af97-40e054e62071,125,BDT,125,,,UNVERIFIED
94b7b366-b217-5879-bafe-a1822202f1ce,8b7e4a42-0216-5c93-bce4-30ba5141f3d0,399,BDT,399,,,UNVERIFIED
a9a7293b-cc45-58ae-aea2-eec3b1e2d8a3,37cbac1e-6032-581c-b635-63b467e13a65,499,BDT,499,,,UNVERIFIED
75eaa287-e7ac-5580-b6b7-3fa3232eb57d,aac61bb1-e532-5c04-ac25-738efc367df3,519,BDT,519,,,UNVERIFIED
9d9f66ab-5c49-5eb4-8814-890508fb3df9,53d606b0-19c1-58df-88e9-d55f4257acdd,459,BDT,459,,,UNVERIFIED
79224d52-f7de-5396-84a3-952ce6aaccb1,56940497-a93b-5f02-aa82-8a6e1f33ab22,459,BDT,459,,,UNVERIFIED
71930c2e-b906-5994-a9fa-19d2bd05c87f,3022840b-8853-5a9b-93ce-564561f5d322,1099,BDT,1099,,,UNVERIFIED
78c1c058-c56e-54d7-92cf-cca4d5a84dd6,9cd942e4-d66f-5d65-8bfc-acc77e93d7c9,1099,BDT,1099,,,UNVERIFIED
3ad5e45f-1774-5db2-8b27-e1188c2e1ca7,e7cafc0d-95b7-581d-856a-52c6a2ed0b6a,1099,BDT,1099,,,UNVERIFIED
1fdb3108-9fac-502f-99b4-8151d7f98fd2,bf527a69-b4e2-5985-8a66-2f57340324c8,1799,BDT,1799,,,UNVERIFIED
46e7bc07-ebc8-54e7-9f9f-036916d478ca,95bceafc-9aa7-58ce-ae08-4b0086d10ab3,1099,BDT,1099,,,UNVERIFIED
0012fc32-df6d-55f2-b349-9295b9c48194,91d158a1-0daf-5473-87cb-8086eac479b4,949,BDT,949,,,UNVERIFIED
0adde193-2201-58f7-af22-2c30c12504c6,ca103433-4ff9-5980-9135-9da7ff1d1e63,1399,BDT,1399,,,UNVERIFIED
39bee581-01fd-5bf5-90a6-5e520e6fa9b2,5e0bfc1f-c0be-5b0e-8b60-70dc8e06aba9,1499,BDT,1499,,,UNVERIFIED
d40e4d52-5bce-5c59-bf57-113a18a1eaf5,9b890b1a-1bbb-595c-ad93-782a40ae765c,1499,BDT,1499,,,UNVERIFIED
cccb898e-ef1c-5d78-bc66-bb7d3ddd3c02,6bd4ef87-1a32-5300-adfd-bff45fd587fd,1499,BDT,1499,,,UNVERIFIED
534c6e27-7be5-5f40-b4fa-533231d1ebde,f1008b8a-f00e-5283-8a94-afff859c7c26,1499,BDT,1499,,,UNVERIFIED
471f4a74-7786-5f24-b5f9-25aae07769e8,abf20101-16d1-5053-b2ff-dae73db7fdf7,1499,BDT,1499,,,UNVERIFIED
d29b6bb5-70af-5b3b-9eb9-bb331ef60059,109d2f60-9052-53d1-ba8d-cb35fa492067,1499,BDT,1499,,,UNVERIFIED
a64927de-f143-5a52-9191-a887a6c7ff39,3898da1b-9d62-5dbb-93ac-0dbdbb6bca2d,1499,BDT,1499,,,UNVERIFIED
5ee1b858-3114-5ce4-979f-96f67555d08d,a8ec18c8-f72f-5e73-bc4f-e52ea72cd0a4,749,BDT,from 749,,,UNVERIFIED
727b9e16-6f59-5b6a-836b-2aac326fbb54,9f5f9377-9f4e-5cab-9a6b-0ce3804d1f72,849,BDT,from 849,,,UNVERIFIED
2fef409c-1048-555e-a479-7dccbcf65d95,cda26c2b-d6fa-522c-ada5-9da8ec7ed080,849,BDT,from 849,,,UNVERIFIED
de1a123d-aadd-532f-bd86-3d62361824ee,478d936c-cd3f-554d-8d77-c4f34caf2b0b,749,BDT,from 749,,,UNVERIFIED
4162620a-4907-55d3-9b8a-42a118022896,5ff2243f-dab7-5707-82b9-440ff3c4d53a,749,BDT,from 749,,,UNVERIFIED
259cc91b-8f19-5c0e-b27f-5feec4594b4d,71d6b32b-ed2d-5b90-a3e7-c5b21b56e883,849,BDT,from 849,,,UNVERIFIED
1405e162-132b-5b7f-8411-6941f4229c92,f2ac14fd-00de-5b01-ad50-b9878914b7ce,849,BDT,from 849,,,UNVERIFIED
df81acbc-de1a-5cdb-8d1c-df4d6c0c322d,570449e3-9f1d-5e73-aa0b-7c021ceef94c,849,BDT,from 849,,,UNVERIFIED
643c8b48-bdfc-5dcc-9fbf-4da169f6e90b,78483d74-4fba-57ff-8d97-19d5aea09b3e,949,BDT,from 949,,,UNVERIFIED
29b42ad0-f738-585f-bb53-3197021512c2,bb96301b-62cf-5006-b221-511ac77b1eaa,949,BDT,from 949,,,UNVERIFIED
f35bc1f1-9cff-5740-b81e-2d0a41c775ea,bf7537ee-a82f-5366-b7c2-267848e280cd,949,BDT,from 949,,,UNVERIFIED
60c0c9a2-afd3-5da4-a14f-867e43011769,42b9da91-226e-581b-b429-a4e5da0789a1,399,BDT,399,,,UNVERIFIED
1b854ea7-2b1c-5df9-adca-d91f8c52c617,962137bb-3e6a-51e5-8802-856bca51ecd0,849,BDT,from 849,,,UNVERIFIED
e2c74096-d01c-5290-a28e-83287e57e4b2,3a9db958-efb9-5772-8ce0-c134a3d3513f,339,BDT,339,,,UNVERIFIED
e5e9bf14-5822-5577-b1e9-7e06a335727c,a9065da2-35c4-5161-9551-bd3bf1557005,299,BDT,299,,,UNVERIFIED
1e17b41f-4553-515e-b733-810ff5b256ea,445a0d8d-02ff-5bda-ada9-8bff4293235e,329,BDT,329,,,UNVERIFIED
86f552c4-36b4-5699-8b13-5397f2aeae37,325077bf-2c3b-5e74-9c3f-c8835f4e036c,329,BDT,329,,,UNVERIFIED
c0254874-0d6e-517e-9076-237f15007b28,7040a073-c423-554f-96d5-e5a211c499cf,219,BDT,219,,,UNVERIFIED
94770e31-6160-5867-a4c2-fb2e3f574d77,425e2702-1cb1-5ed5-bca5-fc5cb4548a01,629,BDT,629,,,UNVERIFIED
d6d6dbef-cd2f-5d89-a39e-d3f1c6fa3baf,4be761f6-27b2-5b5d-ac75-2cf1e297c194,349,BDT,349,,,UNVERIFIED
099e2348-7848-59cb-a660-085d76b50f77,bb0da904-c263-5af0-b7e9-49dbea06eb62,669,BDT,669,,,UNVERIFIED
4dd2ac30-3d42-5cec-8088-3d151d9a9849,f442eeff-8946-505a-a96a-48fc183e44a0,1319,BDT,1319,,,UNVERIFIED
9ab9bc54-c6cd-5622-8f40-2b92a2d29062,32e27de2-e3c8-5cfe-bd9f-c854f441a66b,1919,BDT,1919,,,UNVERIFIED
24fbbfea-67e1-5f0e-831f-6eb7a78683d2,dd134e3f-4a5f-52a3-beac-d5f87c399f85,399,BDT,399,,,UNVERIFIED
6c40b7da-d95c-5024-a717-6e6c778bb0d4,f2b01a07-a260-56fe-9827-93794cf15b2d,359,BDT,359,,,UNVERIFIED
2a1119a8-b857-5c4f-952a-fca8d8f5b976,7f304c41-b301-514c-a958-4962e9bf0651,699,BDT,699,,,UNVERIFIED
a946bef1-20ee-5290-80e5-41a3357bb957,a689b08f-619e-53f5-a6c7-14ef83170342,599,BDT,599,,,UNVERIFIED
843e4b36-d4c9-5f97-9549-2ecdea44639f,fb71e106-e231-50f5-917f-1ddce0fadb0e,659,BDT,659,,,UNVERIFIED
052911ee-a831-552f-80b2-feee0dfe4732,b53b9d80-724e-51f4-a763-4c5577ad2a6c,669,BDT,669,,,UNVERIFIED
c05992cc-7f77-5312-9e64-abf825a5edc7,18638d28-d077-5660-90e0-305a71ef743c,499,BDT,499,,,UNVERIFIED
5d4b2a77-e866-51c6-ba3d-c9299a8eb2c3,c6bcd520-3f1d-5b03-bce1-d8fe7b985800,869,BDT,869,,,UNVERIFIED
198a56cd-b905-5bce-97ec-53624587b4ed,59c00e39-424f-5a50-863d-f820af45c260,999,BDT,999,,,UNVERIFIED
27ca769a-3c54-577f-8f4c-8f9c4aec9b18,6deb9ed7-e30a-5a3f-904b-7b29b8442c8c,1399,BDT,1399,,,UNVERIFIED
bde4bca8-982e-54a4-be6e-c60aaf5c3ce2,3b3b616b-8d5e-5d5e-8c83-90e365ed591d,1399,BDT,1399,,,UNVERIFIED
f2bd0369-3efe-5734-a583-74f3b249e1cb,046bb329-520a-5dc8-a72f-1947f223bb34,999,BDT,999,,,UNVERIFIED
ee7b9879-505c-5441-ac67-ebff319a88d2,b69bcc97-4129-5ac3-af7b-d39b4bdd012c,179,BDT,from 179,,,UNVERIFIED
448e97fe-8190-5ff6-b648-4971d97513b4,0364e06b-4794-5987-90b0-f45c498bc07b,329,BDT,329,,,UNVERIFIED
ebf184bf-cbea-5112-a4be-fc6830c0b564,1e3b44d1-e515-56d0-a871-7dfd2ed30c0a,629,BDT,629,,,UNVERIFIED
92396075-fd0f-5a66-90af-856eea1008f3,faeaed34-a4ed-55b9-8336-7866fd3247d6,329,BDT,329,,,UNVERIFIED
0780817b-5adc-5e34-aad4-95c10ca1fb1d,4bbc0c03-0d69-5259-b76a-471328495ebf,629,BDT,629,,,UNVERIFIED
fbc33a02-6fdf-5e48-9420-1de8ed9b0b0e,587fd911-1db7-57e6-8913-09b0d89aa827,179,BDT,from 179,,,UNVERIFIED
d409c821-f337-5dd3-a0a5-459a2003f463,b447dd10-3f39-5139-8a82-00c93bf623c8,329,BDT,329,,,UNVERIFIED
e1a68dbd-95d5-5679-94ca-3f02bc6e012e,62425a86-b941-5b2c-8ed5-6fb22800ef28,279,BDT,from 279,,,UNVERIFIED
32df24e7-15e6-5d78-9a75-f8801919e64b,de12185b-a226-5b68-820e-94f089405e33,529,BDT,529,,,UNVERIFIED
d16b1dc6-9897-562d-b32f-c9777e7a6632,852c0377-c7b6-520f-8954-89f91a05b87a,179,BDT,from 179,,,UNVERIFIED
4282dc01-828b-564a-b9f9-5863c038954e,0d3a8ca3-97e3-505c-8e0f-fc319d701e17,199,BDT,from 199,,,UNVERIFIED
3532bf7b-f6f4-5ad2-ada3-c2757d9a2f15,687daaf9-1969-592f-82b2-7c7a20c30a67,199,BDT,from 199,,,UNVERIFIED
8bc0e77c-d706-5739-bf35-bc1179c589cf,35c4a840-8a3c-5b85-8330-59bd9810485b,219,BDT,from 219,,,UNVERIFIED
7ddd1b6e-8978-5480-8c71-e2c6dae6f177,e7ba631f-cb58-536f-9a96-d3fa32ebbd11,189,BDT,from 189,,,UNVERIFIED
86a2d11a-a0c4-5d0f-bf6b-cf6990598db9,54d899a5-c59c-5d31-a452-55e3b36a8963,239,BDT,from 239,,,UNVERIFIED
45dcabac-ee68-5582-8f33-ef05166f8921,3af27749-d0a4-57ad-99a5-38a3ef5c5e09,299,BDT,from 299,,,UNVERIFIED
7600ff26-2c75-55c6-8b1d-afb01b4d07af,9399d60d-1772-5799-bf82-ed46afecf3be,129,BDT,from 129,,,UNVERIFIED
85031a29-2c55-539d-b534-d0e2cc437595,ee00b709-2f4c-5ab1-b652-e363ccdaab77,299,BDT,from 299,,,UNVERIFIED
85f0efbd-dd9b-565b-90b6-d382962e8e37,84c3ff7f-adee-5aaf-8e9f-1ded4dc2c77c,515,BDT,515,,,UNVERIFIED
8b7d3c52-f3cf-5b3a-8fbf-ad05a6785463,9f732f3a-6af6-503d-9aaf-14255939ca06,436,BDT,from 436,,,UNVERIFIED
c04da3bd-130c-551c-a9f9-b3576c34ca47,4ad28a24-dbe8-54ba-a8bf-cd8ad37a0203,515,BDT,515,,,UNVERIFIED
c9d8fd2e-f796-5e32-aec2-a4e9bd7f0ad8,201f999e-a567-5b13-ac1e-c0a710242cd6,373,BDT,from 373,,,UNVERIFIED
cc23d759-42cf-55ab-b7c3-825444e59c92,62efff17-f59b-5408-8df7-8fa84e51af1b,299,BDT,from 299,,,UNVERIFIED
68d86067-de70-579e-983e-db146656afa5,a926dc5b-5b09-5b61-9436-1e8f13deb349,378,BDT,378,,,UNVERIFIED
4a726f62-8904-5687-889c-1ea108227d83,065c551f-1f5b-52be-92f2-9ab6da62cdeb,460,BDT,460,,,UNVERIFIED
5bdf4994-b1d6-554f-b734-9e70c3f00979,1e2aa00e-311a-545a-b0bc-631462e4d269,480,BDT,480,,,UNVERIFIED
c7050d2c-992d-5e88-ade8-c6c807a16eea,621af33e-bb08-555c-a971-59b4af8cd53c,532,BDT,from 532,,,UNVERIFIED
7e4870b5-70b0-5c2c-b911-c5623f206075,c2727fab-aa21-5bfc-9ec6-d551c1018534,480,BDT,480,,,UNVERIFIED
8b98d70b-caac-5334-9e60-142d0a631940,9b1601c9-e64d-519e-9875-0bff3301be67,373,BDT,from 373,,,UNVERIFIED
1fc09b1a-119f-50b1-91b7-096f24010891,945a8cd9-5763-5360-83c4-b34bf868393e,373,BDT,373,,,UNVERIFIED
218187d2-fd93-5567-b0bc-b0805179e1f8,9fba1115-8833-55d8-b74d-bfa767ba4fcb,412,BDT,from 412,,,UNVERIFIED
3dda470d-0453-5232-a52b-fb6ab0bacf76,6677944b-63bf-5e83-8775-cc5a6a9ec1f2,412,BDT,from 412,,,UNVERIFIED
3d33d9bd-322c-53df-8a83-674f8b364f15,12942f77-0e3d-54ca-ae9c-66c3409fdf0b,412,BDT,from 412,,,UNVERIFIED
253834ff-3c4a-5552-8551-7ea03d0ff897,f9aafedd-eb6b-5fba-b0c0-2332e97a62de,436,BDT,from 436,,,UNVERIFIED
cd6fa8a4-713a-5b84-88a8-aea90f34b491,c39e8743-6063-5f41-a244-910e3c013106,373,BDT,from 373,,,UNVERIFIED
db182a96-3d99-55ef-908d-ad01be855e54,c05ae66f-7f0c-5e92-af3d-80248221d34b,299,BDT,from 299,,,UNVERIFIED
896fbdc5-707c-5a47-982e-e64c6c8ac853,0f2794ea-da07-58d1-8696-4a4cb2283541,343,BDT,from 343,,,UNVERIFIED
e0f076b8-adb5-5510-b210-76147910789c,4117333a-502a-5827-93cc-db934f1848fe,343,BDT,from 343,,,UNVERIFIED
d2fceaf0-2c1c-5ac8-8aed-c4f5add9bc09,5cb824b8-3e64-58f0-b8c5-d62324ad1d41,515,BDT,515,,,UNVERIFIED
430ce646-7039-5b18-affa-9205dc28908e,0620fc11-fcd2-5e05-94db-4e6f317c74c8,515,BDT,515,,,UNVERIFIED
8f599e38-7c75-5769-85c1-07ebc8977919,573ac6ac-f8c0-5903-b375-48861bfbb6f8,246,BDT,246,,,UNVERIFIED
d47936a7-1f00-5ec3-94df-3dfcf4c3a8e1,014371f2-1bc8-5c63-a1f5-1f446ba0a269,308,BDT,308,,,UNVERIFIED
f577086c-fef5-5f41-88f6-92fec778a9a2,a9d5b325-92e1-57e2-8032-2c16e2cfdf24,229,BDT,from 229,,,UNVERIFIED
1a21b47a-ab63-5320-af23-8ceca8bdfecc,3e27c3d7-1fc7-55d8-82c0-4edc7d869d98,229,BDT,from 229,,,UNVERIFIED
4b0e5039-c330-5eaa-803b-f4ed7e75e8d2,df25ebc2-6284-5b03-91d8-de45ba14786e,414,BDT,414,,,UNVERIFIED
ab0d90ce-732e-544a-9f2a-1cc0700e7fb9,5a919b16-31d6-578a-85ee-22eeab1269b5,326,BDT,326,,,UNVERIFIED
9cc51661-b0f5-5293-b969-df4840ee29fd,e1e407b0-59a6-5712-81e5-7ee8a63d6313,202,BDT,from 202,,,UNVERIFIED
6a5e4f42-f231-516b-b307-2fa006b5635a,49530383-56b9-516a-833c-0fb1dd1e92e1,295,BDT,from 295,,,UNVERIFIED
4f21b7a1-830c-54eb-b26c-51c2b6b72fc8,d7eac0af-46a9-5406-8720-160cbaebc9f5,273,BDT,from 273,,,UNVERIFIED
fd5fcf04-815a-5f5e-b0c6-3e94cde4ac35,e5b707a8-bb83-50f8-95d5-03aa0d2fc815,273,BDT,from 273,,,UNVERIFIED
a33fd0b6-bd96-5287-a4ed-712e544f2354,be4c4dcd-08c5-54e6-af0c-a5878f48e355,229,BDT,from 229,,,UNVERIFIED
853e828c-28cb-5108-b9c2-3098016b2a54,e53f00fc-e1f8-5ae6-adec-460de36d40fa,273,BDT,273,,,UNVERIFIED
00e50d5c-6408-5b44-87c4-42ad42a6ef57,40f4cf4b-aaaa-5bfd-884a-66d73bf4c1ad,399,BDT,399,,,UNVERIFIED
79065b7e-1e38-5021-8081-2ab670007dd3,fe8834cd-7cca-5c68-ba2d-a9210c0e84e4,499,BDT,499,,,UNVERIFIED
63705144-ec5b-5986-a37e-5dea19418ffc,59fbed49-4331-5547-bf9c-3b9f3406d5f6,399,BDT,399,,,UNVERIFIED
cffc00d5-526b-548f-9e18-babc3f2a1c30,7694fcff-d3bc-58e3-9004-f11f1b0e066a,99,BDT,99,,,UNVERIFIED
fdf1f83e-05a1-5bac-a2b0-9adb2dfa39e9,4021ac07-efc9-5768-8034-b1d3daa85c68,995,BDT,995,,,UNVERIFIED
ffee00ac-9f60-5c77-87bb-a4555cfdc1a4,b82c2eba-2c80-5a87-ab6b-852e6d004ad7,995,BDT,995,,,UNVERIFIED
91995dbb-a23a-5079-b16e-47e3d0b3b679,a0b207fc-27b2-5092-899e-2d06b0e09cf0,99,BDT,99,,,UNVERIFIED
8333702b-04fc-5ef2-abba-46dd8a7f8f6d,1937f66d-1908-5628-91c1-608d8b9868d1,120,BDT,120,,,UNVERIFIED
d50b48ba-0a27-5c84-a8b0-4c7dca4e439d,6d31c72c-6062-54d8-b6ef-5c9af5f8e172,200,BDT,200,,,UNVERIFIED
93e0ce26-35a3-5f01-aced-0fe8b91c651c,abbfbea4-2eff-5a15-b29c-f9f76b89ecfe,120,BDT,120,,,UNVERIFIED
daca6ff2-a960-54ef-b773-267e801945b7,078071f5-e110-58a0-ad8a-ab11593e9936,120,BDT,120,,,UNVERIFIED
5d1da9fc-5e9f-527f-b20f-063a263b2214,d298fb3f-bdfc-5e0e-8ccc-e89bc71ccf14,120,BDT,120,,,UNVERIFIED
33c6fc13-7ebb-5e43-a7aa-8ff54fd6684e,c37f013c-b7f8-51f9-8482-54ce37b6392d,150,BDT,150,,,UNVERIFIED
d500e5dd-7c3c-5da8-b43c-3798af5c95ec,9898a9d5-9bfc-5d67-9987-64b087bda5ae,200,BDT,200,,,UNVERIFIED
26bfcafa-91a8-5d31-8ea3-f8642cf96ea0,00869b76-e882-5c35-b9a3-6fd14bcb6968,200,BDT,200,,,UNVERIFIED
92e871cb-7083-53bf-92c9-0e9199ec32f3,b2790903-2b91-578a-aa2f-f6723f81228e,995,BDT,995,,,UNVERIFIED
cd797d85-0c27-5fdc-95dc-d3cad71b0245,feb26fcc-92a2-575d-8274-ace83f681df1,995,BDT,995,,,UNVERIFIED
887227a0-fbe8-554e-bbdc-56abbd38123a,b0470900-37a1-5f83-ba40-14ff7e1ada5a,1095,BDT,1095,,,UNVERIFIED
32320f1c-9d67-5a9a-975f-cbf76bc17ed9,99a5cc31-0e19-5804-87d1-44fe632cc6c0,795,BDT,795,,,UNVERIFIED
6cdee0a2-f82f-5e3d-8ad9-f9ae779a296d,99821aec-d701-5ef3-8453-4f6841b2a379,795,BDT,795,,,UNVERIFIED
f20ef16b-40e0-51da-9b48-5d2f390f2e77,f27901ea-6581-57ae-b126-05870b9de2b0,895,BDT,895,,,UNVERIFIED
f0d19375-986e-5785-9df6-6ff3522a5a3e,20c31ad5-c77f-552f-b243-76a225e763be,995,BDT,995,,,UNVERIFIED
464883c4-50ba-5479-aef9-d26871f3f8d9,ca61f92c-0d72-5015-a71a-1d7a621500af,695,BDT,695,,,UNVERIFIED
5f74e0f2-b9f2-5142-ad4a-fb9d5246d0b4,51ef89ba-c2f1-5019-917d-6de97227b9e4,895,BDT,895,,,UNVERIFIED
36a251ba-a906-5491-8515-d17b2357b8a7,d4c8b992-08ef-54a0-900a-0cb97f0a11ef,695,BDT,695,,,UNVERIFIED
602e6270-a053-5311-9d82-a9131c91db03,e2287028-80c0-5059-9ec0-6c45ec6d0c1c,795,BDT,795,,,UNVERIFIED
1d50cb6a-64c1-5a77-9a5d-150b0bb23390,c6ea4d43-2d85-57bc-b16b-5e6545be5b21,695,BDT,695,,,UNVERIFIED
f457666a-897b-5e30-b1ca-f3df8a4ce0d6,3d7efb88-541f-5786-90a9-fba8ae2a2723,795,BDT,795,,,UNVERIFIED
72e2894f-4fe8-542c-8a77-c959d704ff23,4635a32e-6ece-58ce-9065-67f67241e985,895,BDT,895,,,UNVERIFIED
6da81385-e320-56e0-aea0-9db671393f1a,78d840cb-b13e-5ae8-a2d2-aea445c07734,695,BDT,695,,,UNVERIFIED
3530d01c-22f9-5efd-a246-9b9bf8bade62,fe3f00f6-fc79-54a3-b024-12f1d5546991,695,BDT,695,,,UNVERIFIED
d17101e5-fadc-5556-bb41-5882b820001c,5525c8c8-b432-525a-921d-2ebe084deb34,795,BDT,795,,,UNVERIFIED
20fb3cb8-fc53-5920-a708-f426b2b65f59,5c8ff2da-d261-5147-aa97-432f0dd842e8,995,BDT,995,,,UNVERIFIED
c9575190-a705-539c-8d22-ba945a7bbf28,9d93740e-5fc9-5d66-81ee-b808336b8f17,695,BDT,695,,,UNVERIFIED
c0f2c8c4-a64d-5a4e-9917-90a1fb4b0561,74549d95-1368-5e85-84f7-7cafb5ae4b4a,695,BDT,695,,,UNVERIFIED
9e5cc3ec-fe66-5662-87ad-371e0da1e1a5,15738144-4ccb-5445-b2d6-425b348453fc,695,BDT,695,,,UNVERIFIED
396bc255-db74-52db-b8e7-52cbdf2241eb,6d52a80f-a9c6-5648-b118-e9c1be74331e,695,BDT,695,,,UNVERIFIED
953cebc2-65ab-5dd9-bf13-70b59a049a6f,9c279426-07a6-5b86-bc3a-9f33327d1226,695,BDT,695,,,UNVERIFIED
59332993-b198-5bbf-b126-4c50bda30df2,b924533c-7ac1-5392-9b03-79114e54b53d,795,BDT,795,,,UNVERIFIED
a7b380a4-5e16-53fb-bd4c-1f2f382c748a,760c4a44-19c8-5cb1-a9d6-96aabddf2020,995,BDT,995,,,UNVERIFIED
62f24faa-dd03-5dcc-a6dd-dbd68e251284,85f13f4f-4dd6-5cf9-b273-fb261a7828cc,995,BDT,995,,,UNVERIFIED
bc322335-ebf1-5e5c-8e61-0d390978040f,5e36e325-af5e-54fa-b51c-d939074264ca,995,BDT,995,,,UNVERIFIED
c7d98f45-fa09-591c-bb8c-9fb6b841c100,c62c5f4a-e7da-595b-99c6-2c2120391b36,895,BDT,895,,,UNVERIFIED
82d43781-42de-5e19-aac5-0cef7f2ac334,8096fc97-69b6-54f6-b625-42f4014a8bee,995,BDT,995,,,UNVERIFIED
a32467ce-e817-50d6-8f99-6470fe1c3de7,ed34206a-abe1-5306-814a-af8ab450f970,695,BDT,695,,,UNVERIFIED
781939fd-07a1-566a-b9fd-4eb72dcee9f1,9a3dbb90-4893-5c73-8df8-23caed044b75,595,BDT,595,,,UNVERIFIED
f19b936d-009c-54f1-9e2e-8cc9ed4f1ad0,0c295365-a5e7-5659-967d-d477d9b3a314,995,BDT,995,,,UNVERIFIED
eb745dbe-5427-5fbb-a2fe-66ec5faad8ec,3ea17bbc-e43e-504d-9d6a-482ea8e403d4,995,BDT,995,,,UNVERIFIED
5b0c4416-fa89-5a65-a471-e016cd2c2192,874ba1ba-3463-592d-af4c-1012bf758c7a,895,BDT,895,,,UNVERIFIED
e8b2fde1-699a-5058-a60b-4f5c819311c8,50384ab1-067e-5bc1-84d2-5c866255cc33,995,BDT,995,,,UNVERIFIED
c0894ac6-9cc4-5010-9c2a-abe0cc194ead,806f6696-343f-51fd-910b-c530ab22fa63,995,BDT,995,,,UNVERIFIED
091709cc-dfc9-5dd1-96be-6dfec5854c83,6d01d663-b72f-537b-9749-a20bf5627ece,995,BDT,995,,,UNVERIFIED
d48d9e9c-d008-5556-9f99-44efdf4a30a9,421145ff-8b30-57fd-abd5-4741066f9a05,995,BDT,995,,,UNVERIFIED
e9bd3db9-8343-5897-bbca-dd98c53faf4a,565f90d1-edf0-5242-991f-89a24e4f71eb,695,BDT,695,,,UNVERIFIED
7b0daff0-c38c-5733-88bd-413e06cd3022,52e24592-46be-5089-9521-05d789de0503,695,BDT,695,,,UNVERIFIED
bae34383-19c9-5d44-a3db-b8d4da07b695,78c75f42-efe4-5fbd-bf49-d6e9b1d0f5dd,695,BDT,695,,,UNVERIFIED
be0d216b-e5a4-5047-b1f2-f77c9b3e8f86,ffdab156-c5c6-5875-8217-3562eb9304d1,995,BDT,995,,,UNVERIFIED
be52fc20-6e80-5602-b3f5-a5ad06466e95,8b42067b-c8c4-54a4-a77a-f76260d7a0dc,595,BDT,595,,,UNVERIFIED
0af22921-b8cf-5a9b-8f0b-7237628d6f13,12812ae0-c7dc-5afd-8726-daac9c2ef4ae,695,BDT,695,,,UNVERIFIED
e52e4903-c44f-50b9-9a88-9a2b9a4b45e9,f4e0e0e2-76fd-54ea-8b06-8124daeeafad,695,BDT,695,,,UNVERIFIED
7ec10ee7-ede4-55f4-ae20-7d9545d50de3,c405264a-007f-5b7c-b295-8c3de3fd3f36,995,BDT,995,,,UNVERIFIED
9150e343-b1e9-5d9c-9bae-01c90f22df58,b41e60f4-fcc9-55d8-af28-2da925b039a6,995,BDT,995,,,UNVERIFIED
7215425f-ac97-5706-bc43-b0100985197e,89de4753-c86d-57bf-a902-e77afa6b4354,695,BDT,695,,,UNVERIFIED
ebf90c9a-94fc-538e-afec-beb79df652f3,4082bb2a-8e93-5614-8e47-9281983667b5,695,BDT,695,,,UNVERIFIED
97d263ea-1c8e-5a52-ba40-38a360f2d7b7,40eff63e-030f-5dec-8a52-406410347714,695,BDT,695,,,UNVERIFIED
17266e55-c0bc-531a-a57a-44b087f0cae7,640cca5f-52e2-5c4a-b2df-128bf86cb17a,695,BDT,695,,,UNVERIFIED
210d0558-d54e-5002-b8a3-a0db789584df,18be6a2e-e31b-50bd-8c00-cdb273f654bf,695,BDT,695,,,UNVERIFIED
f7e70d39-0379-53bd-9ad1-5c6d11938621,46d379b3-94a5-5669-ad96-f5cba65912db,695,BDT,695,,,UNVERIFIED
17d3f21d-5616-5317-bdca-6dd73782bb7c,92f58f2a-e7d8-5992-8136-b7f192502276,695,BDT,695,,,UNVERIFIED
bfae1f21-f34a-53c6-b94a-58da0ab8e84f,02b8d431-e3c0-5c85-9650-2ce5c983865f,995,BDT,995,,,UNVERIFIED
ac3687b5-25a5-5036-ba86-820cc7037742,8e2eb5b3-9174-5698-b3a2-92dcc324fa82,595,BDT,595,,,UNVERIFIED
b4c5440c-cab3-5fcd-b26b-cbb681b8787c,2dc6e24b-bad6-5837-9c04-188b22989ace,1095,BDT,1095,,,UNVERIFIED
ad3e83dd-817d-5c17-a318-4f28643e5627,5f10c705-3f7f-5684-b112-d4516b790322,1095,BDT,1095,,,UNVERIFIED
e313fa5d-82af-5ec3-882c-d923fbc79eaa,62fcb0f4-8bbc-5fa2-8bcf-8f24e15367b5,995,BDT,995,,,UNVERIFIED
7f549907-c007-5f6c-9a4e-788358f2b11f,32786a39-39e5-5215-ba5a-8ef731d760b2,795,BDT,795,,,UNVERIFIED
b82b5719-cbb1-5047-a5e2-2c334dc0a7bc,acd944c0-63a9-5a13-b53d-fee183c85e3e,1095,BDT,1095,,,UNVERIFIED
7d8d68c9-2703-549a-a937-cfb232d509e0,05794470-a06f-51bd-bbbb-7044bbbd532b,1095,BDT,1095,,,UNVERIFIED
3dfeb69e-a70b-5dec-a3d3-5edfed5307a2,25f8706c-07e1-5196-8b0e-b9fbdd9e6a10,1095,BDT,1095,,,UNVERIFIED
b1f0bc1e-ee40-5973-832f-b94d4e812446,e0bd9f48-94f6-574c-b826-2cc061d6c399,795,BDT,795,,,UNVERIFIED
13503704-ab2e-535b-8d17-dd0de0cd67ad,2b9abd91-2b94-539c-adfe-c5d8fc00fcb0,1095,BDT,1095,,,UNVERIFIED
17607567-bac6-5853-a11e-30030f43f966,efd3f8f4-3362-5209-ad52-898dda939b00,495,BDT,495,,,UNVERIFIED
2698446d-595d-58b2-bc7b-e99d1249a4f8,48dda81d-294e-5a06-b36f-1e8bb88af5e7,495,BDT,495,,,UNVERIFIED
2bb69f99-3321-5129-bae0-2c957ff50b3a,6c0fa407-25b5-5020-85fb-aeb91ae5b9fa,795,BDT,795,,,UNVERIFIED
7f2f2ace-0663-5bf8-9577-86296103f146,07953609-2fd8-5d8e-af37-93f04bc13bfd,695,BDT,695,,,UNVERIFIED
ba79c9bc-1bf2-52a0-a362-7378a432f818,dd0b1f9e-4fdb-5cf4-8deb-cf6ffaefaa31,995,BDT,995,,,UNVERIFIED
1b6c6595-02e6-5f10-8ee3-3da4a971fa8f,8005a002-1903-571e-a343-fe74f9ee626e,995,BDT,995,,,UNVERIFIED
9260f8be-7e20-5dd2-aed1-ceae7163915c,0e747096-f84e-5362-9192-c39a03eb9a07,695,BDT,695,,,UNVERIFIED
71c4a542-f3c5-5ba2-9b40-dcf76623b6b7,b99cfbbb-c0d1-5ddf-b048-9bacd31aa93f,2995,BDT,2995,,,UNVERIFIED
b57b4291-77ae-5eb7-9df4-296058ab6ea4,c9b00780-2666-590f-b63b-e11a29750b4a,2095,BDT,2095,,,UNVERIFIED
9dc9917d-9f24-5349-86c2-6319ee337734,0e60e7a2-ceaa-51f5-9bfb-1596304e6e93,1595,BDT,1595,,,UNVERIFIED
d2be7f91-a2d1-51c5-ac80-8da6691dbfa2,276d1617-550a-5a5d-a6ae-fa2a631b42ff,495,BDT,495,,,UNVERIFIED
a2238098-c13b-5d80-91b3-282129e14fb5,f2e6ca50-530c-58e5-8d64-20402256cc82,495,BDT,495,,,UNVERIFIED
a6029910-663f-587a-8a7c-ce12d8113a90,9fdc31cb-960b-5bf1-9d39-e8a6c38284a1,395,BDT,395,,,UNVERIFIED
87580291-5aa0-54cc-972e-c2c2c69b280a,0be231d4-e9e4-5a1a-8af8-b1954a57b357,395,BDT,395,,,UNVERIFIED
6fdaba5c-d54e-5374-8e8b-341443006a7e,b2ce51be-4146-5a3f-a39d-3e61ab89a79b,735,BDT,735,,,UNVERIFIED
e467d404-73e9-5938-8c25-ef291bc15edc,115222c2-f454-5bbc-989c-8750fc1404c2,765,BDT,765,,,UNVERIFIED
906a3611-e749-5f78-bbaf-b8636c33a5b8,0e72ace3-c53f-5627-b1f3-43d2811e84d9,895,BDT,895,,,UNVERIFIED
f382aac1-0ae4-512c-99b6-1cec5ba2e078,356ba74c-3c8d-51fc-9e7f-d52014748017,1095,BDT,1095,,,UNVERIFIED
6c0f2b6f-30cb-577b-8614-028bc7dc94a5,6f06e13f-1d9f-5e35-9101-5fbedff09697,895,BDT,895,,,UNVERIFIED
e7ad7543-d871-5611-8a86-15e6b27f9667,7d1e49ea-9d83-508d-816f-002bb2c1b2e9,1070,BDT,1070,,,UNVERIFIED
cc999b15-1130-5d17-9c47-c371c72370c1,97645cfa-6a02-56f4-bc13-c341fdba615a,880,BDT,880,,,UNVERIFIED
d7e9a266-4262-547b-b494-5d152a0deb63,e2a5104b-485e-5f6f-af2b-4b8481081d42,875,BDT,875,,,UNVERIFIED
5a3dd822-cdc0-54fe-a660-d21de3cfec01,ffde08ac-b270-5e9b-a790-30494e7382cb,880,BDT,880,,,UNVERIFIED
36f7c264-3f91-599c-a73f-3ed9b8dac60f,507d9d01-440b-5bf8-88c7-5c4306db770b,705,BDT,705,,,UNVERIFIED
7a0aa361-d6b0-5621-9b00-fb04a0e31fc1,eb973c50-c13e-5c7a-9810-7d856e9d7ff8,855,BDT,855,,,UNVERIFIED
31925a32-dcc4-5ba4-b064-4d3034e78c86,6c4d22df-8577-5bcd-89a8-765587328672,595,BDT,595,,,UNVERIFIED
fad8f6e8-afcc-5d84-a959-e023270d2b1b,7b8212ed-622e-5948-a4f6-2944bf822eca,675,BDT,675,,,UNVERIFIED
8ff75bca-a918-5c3e-85b6-daa7fbb9599b,01cb33fe-eb83-5202-b9f2-b87bf5ba872d,835,BDT,835,,,UNVERIFIED
a42bd1d6-3762-5746-a773-d2cce2067684,b9892170-86b4-5b23-a246-5cd490bade24,990,BDT,990,,,UNVERIFIED
6a88b28e-94f1-58a1-a1fe-14d1bb8a7443,95ce99ec-a99e-5dde-8596-6d34320fb94f,1195,BDT,1195,,,UNVERIFIED
3c6df2b4-918d-5768-96ab-362ac3baac3d,78ca6688-89e1-54ea-8d64-e7c86a3878a9,945,BDT,945,,,UNVERIFIED
2f9b1d6c-d43e-5a4e-af2e-c637f5a18ef2,3dc4536f-224e-596e-84dc-e29d6d99ed8d,695,BDT,695,,,UNVERIFIED
341c81bd-8104-51e2-8abc-5cfe102640b7,67f9123e-96e3-528e-b550-e27d4a4075a4,735,BDT,735,,,UNVERIFIED
0b41eec1-7750-57a5-9cff-3e83cab51633,ff3194e3-f210-572a-8013-675281e393fb,705,BDT,705,,,UNVERIFIED
c4586eec-5bfb-5d39-bec4-78a624421585,07e53d6c-2b20-5c8f-92ad-4d8c3665f2be,835,BDT,835,,,UNVERIFIED
a5159f87-c110-5c2e-a861-a78bb2f6a888,493549f8-5ede-5833-87e2-bf2a7fe5a097,705,BDT,705,,,UNVERIFIED
659e4b54-226a-5a64-a505-264ab84f1016,32c1acdc-81bd-50db-ba86-98354dc9b9fe,615,BDT,615,,,UNVERIFIED
48e94dae-0122-5286-804c-4c445fff146e,bd2c1b18-6d7d-5683-beba-4ee677f39807,715,BDT,715,,,UNVERIFIED
d34cd6b9-2cb8-57c6-b1f3-43ce38c564fe,ce4d6aa5-a6d0-5f84-ac4b-f122a44fac95,655,BDT,655,,,UNVERIFIED
0c69a38f-bc3e-56a5-ac9e-8eb6ef7c8356,bbec2d23-5a02-5f2d-a948-4af016404c1c,830,BDT,830,,,UNVERIFIED
9e9b66ee-039d-56b4-a6bb-74ad254df9fb,aaa48cd7-fd79-519b-953b-81802216c7ef,1095,BDT,1095,,,UNVERIFIED
85ca1846-03db-5212-a380-561d1f593c6c,25477f49-95a1-522c-872d-cc65e80b1dcf,1325,BDT,1325,,,UNVERIFIED
199f06f0-59d7-5a79-9dd7-10ff670b3c44,c89e6461-5177-5dd3-ae16-fbeb6b4aab61,1030,BDT,1030,,,UNVERIFIED
d48f07d0-a88a-575e-a6ba-5adac6dab694,21310358-ac71-5e84-8145-f0a7df5b47df,1120,BDT,1120,,,UNVERIFIED
b8e25dd4-2a8f-559c-99d5-6a715cac8662,155fe247-3445-5391-a9cd-3c382f8c807c,1495,BDT,1495,,,UNVERIFIED
d888ad53-1e87-58c0-891b-1df6da18485d,1a80bcc5-0e9d-599c-94ab-89b88f3004bf,1875,BDT,1875,,,UNVERIFIED
c2a5e28a-64b0-5072-84ab-d1e90f0115ca,89717f1a-3a28-5615-835e-8793a71e03cf,880,BDT,880,,,UNVERIFIED
e53258c7-4a2d-5b96-b82f-b9d43b7d07bb,ba77850a-fa06-5fe6-a079-95225d4bf693,895,BDT,895,,,UNVERIFIED
33e8ae2d-7226-5fec-814c-f9a6f537529e,479c5dc6-4d72-51ee-b69c-f6005860e2ab,935,BDT,935,,,UNVERIFIED
04f8f0dc-9b55-5ce8-8a23-84002f60998c,d039360b-b250-5df5-a5ed-2b390096ddc6,875,BDT,875,,,UNVERIFIED
606f773c-98f6-5845-bb33-1eb707107a5f,9757257d-6657-58e1-bc25-9b24d7940f2d,935,BDT,935,,,UNVERIFIED
d06d1b9f-1301-54ad-a01d-64eb04b013f7,40a8a4ca-82d3-5cb8-94e9-6943b8568a47,1195,BDT,1195,,,UNVERIFIED
a3fc9feb-3f01-5a77-847b-63d75ef3fbf4,948de5ad-91b7-5f65-bb3c-3babffd9b13b,1095,BDT,1095,,,UNVERIFIED
d182b47b-cb38-57f0-a914-49bf9ac433bc,8d8a8648-448f-5e1d-8c72-44bf526bc580,945,BDT,945,,,UNVERIFIED
52e98783-fbb3-5d8c-9b3a-580c2c1615bb,3decf68f-1613-5705-8c6f-960f28c09f12,440,BDT,440,,,UNVERIFIED
14d5faa0-798a-5eb1-a092-2b893dad7f11,75ddaf75-36ca-5388-8367-f77b71729420,995,BDT,995,,,UNVERIFIED
b02dd7ba-8f31-51f0-abb9-920182e4559c,573dff39-ae45-5232-b625-58eeae0ea1e3,990,BDT,990,,,UNVERIFIED
2e88ada2-cb2d-5b2d-8bbf-b71dcbf47339,51d7163f-e2c5-5f14-8f74-be32c422c9a1,885,BDT,885,,,UNVERIFIED
59c040d1-2d17-58d3-a4ba-6cddd6745e21,d3ba6355-b223-5a6a-96b7-2313262fcc23,795,BDT,795,,,UNVERIFIED
be7d5093-d96f-5b26-a149-34c858890e27,629313b5-b5fc-51d0-b9e5-4f54025a70da,630,BDT,630,,,UNVERIFIED
0dbeb99a-7787-5134-86d6-753c84847c2d,ffc53635-95e9-58b7-8f1e-ded6ff85ac58,1325,BDT,1325,,,UNVERIFIED
af61a7cd-9859-530d-8017-b698b70e78e6,b63f3c4d-7fc5-58d1-b8b0-8e7f9135e70a,1315,BDT,1315,,,UNVERIFIED
1fda47f8-cebf-589a-82e7-c4cb66cf551e,bc230542-083f-509e-a4bb-5154ab30bd9a,1545,BDT,1545,,,UNVERIFIED
f0efb64e-0e98-5e22-a3de-28d5a4a5f759,fa04c9b4-5985-51c1-bb75-a7e13d3213cc,760,BDT,760,,,UNVERIFIED
d831b602-1c02-536a-bcd1-df5ff9140e42,a0e7269e-0358-5fbe-bd7f-99553c4abee4,825,BDT,825,,,UNVERIFIED
89c0f7bd-605b-5df3-93f7-8a3e924288e9,154c08a0-a22e-5097-8f7b-5279fd6d9221,695,BDT,695,,,UNVERIFIED
0d8711fb-3b9a-563f-b031-6cd4dae66df1,3e302bd1-2cda-5e6b-a7ae-c4ead0a34173,805,BDT,805,,,UNVERIFIED
091dcc1b-8b28-561c-a487-f310e90666c4,9a5a3ccc-c7be-5441-b5ae-8e0ca21d413b,825,BDT,825,,,UNVERIFIED
2ca1b8eb-e1b1-577f-b8d1-a572f4552924,0093df7d-fa8c-5d8d-8aac-cdbdb5acc376,820,BDT,820,,,UNVERIFIED
0e01569b-2cca-512d-a3bc-d67af7d97878,0d92fff1-7809-52c8-9bac-386d3f193e10,795,BDT,795,,,UNVERIFIED
9c7445c5-6d35-584c-8b56-2d690925dfab,03fc6010-db8d-56dd-a7a8-b4a7e93f9bfd,915,BDT,915,,,UNVERIFIED
e6c4a245-afbc-56f1-b6a4-5990c59cf4cf,7f8b9833-1683-5c91-b5d0-86ac17e16dea,765,BDT,765,,,UNVERIFIED
e9962a80-4cde-5b0a-832d-caddb4df5cee,3322059d-7767-5dac-8718-3164c76c12fe,705,BDT,705,,,UNVERIFIED
3a3559e6-b6e4-5053-bd60-8e82ac7b6f59,1fa02741-58ed-5e9d-83b5-b760e01ad7c7,725,BDT,725,,,UNVERIFIED
13e331ab-2663-5e39-9b26-bf1f6d20d414,569bb76d-1765-582c-bb01-fc3ddffbfd89,735,BDT,735,,,UNVERIFIED
8a9a7b40-161e-531a-936b-c4aa35412bd6,2504b08a-734e-5941-b5e5-3e6225c6d587,750,BDT,750,,,UNVERIFIED
2f4aca28-09cc-537e-98b6-2c075ab36928,63e6503b-d446-5b97-a300-9f6be567056b,795,BDT,795,,,UNVERIFIED
1b6bd497-9f9e-568a-9d3c-74a186365270,9be6da09-ab54-5480-a617-f8fe14034881,765,BDT,765,,,UNVERIFIED
b1838a63-3ada-5840-934d-bd81c45e4aab,210d08a3-c5f0-5cda-ae4e-bbe8adf7da40,765,BDT,765,,,UNVERIFIED
cff7d087-b4b7-5a2c-878f-afe3f2b706ea,dc34b781-8e07-5195-91d1-bc58a8069978,750,BDT,750,,,UNVERIFIED
57b1575c-16c3-57ee-a412-af492c5d10ab,12aa53ab-fcec-57cc-a610-e43b508550d9,1245,BDT,1245,,,UNVERIFIED
2bf6390b-ff81-5e33-bed4-b5b9ff37414b,8b5a600d-465d-5ab4-a3e7-ae85118c6f19,1115,BDT,1115,,,UNVERIFIED
7f74ec49-63db-5d9f-b17d-531f0df93984,2e59d2ef-2b65-57de-9c5a-b998d63ba666,1175,BDT,1175,,,UNVERIFIED
c6854a20-a7cc-5d6c-a0d6-7cf1f025c2bf,1ba0120b-d198-5730-8aa9-532000c170f4,1150,BDT,1150,,,UNVERIFIED
989bbc70-eefd-52af-8958-3265e995fb30,d1516c0b-118d-5db4-bfb4-f4a826bab6cc,1150,BDT,1150,,,UNVERIFIED
77b96026-71e9-5619-9ef3-4b46d266c20c,38c6573a-a8c4-5042-af49-380d99b445c9,1095,BDT,1095,,,UNVERIFIED
5b09c443-1dc0-5526-9f09-bc10977e2a88,fa010793-2707-50ff-ad63-97827e98bbdc,1095,BDT,1095,,,UNVERIFIED
0048404f-7dbd-5784-8da0-62e0d36224cb,0131cd99-c3ff-51af-8a1f-97d45412e8f3,1095,BDT,1095,,,UNVERIFIED
16599aeb-2989-52eb-ad5b-57fefd892b80,afa6088e-6bb4-5dea-8e4a-496099302c21,1050,BDT,1050,,,UNVERIFIED
0145f165-1b88-5242-b419-448a51d59848,c011a769-6de9-575c-b0dd-c2fb95d72478,1070,BDT,1070,,,UNVERIFIED
bb649985-1512-5697-ac65-1fc3b50eae52,edf87058-7671-55d0-9003-aaad7fc031c2,1195,BDT,1195,,,UNVERIFIED
45111cf7-888c-59ee-b295-2d99c4aa60d7,3da3b2c4-2edd-53c9-b2df-22e9e43e0a5f,1225,BDT,1225,,,UNVERIFIED
2e87d3a4-3098-5532-9891-fc6a61bc9a90,b59b493a-ef9b-56f0-977a-5667ecb90691,1295,BDT,1295,,,UNVERIFIED
90456daa-5191-5279-9758-95bec4f1c898,aa972cf8-6cc8-5385-ae73-abe1d29013c9,1095,BDT,1095,,,UNVERIFIED
76c2f724-0faa-5b60-90ff-20d21e6e9e8d,18e497ca-e66c-5978-8fc2-dde02c081f94,950,BDT,950,,,UNVERIFIED
611cac59-a1c3-5a86-9276-7b8edc053ede,442e2cd9-a320-5916-a1b9-2e076baea91c,1295,BDT,1295,,,UNVERIFIED
7a3b8bde-534d-5b8d-8817-c592eeebafca,6b9da7e7-ba83-57ee-8ede-4f8fd112c201,895,BDT,895,,,UNVERIFIED
d7450ccb-c65f-58fb-84fa-5d1c79666d6a,582a7c0c-e9f5-5c4d-bcc4-346e75ddc944,895,BDT,895,,,UNVERIFIED
8798c638-fb08-5a23-884c-506bde22a224,b7b6578f-caff-5fa5-93aa-26e31a822277,715,BDT,715,,,UNVERIFIED
f4c66120-b31c-51f1-a501-c83f8e916e16,18d4655c-6679-5d32-910d-1327b923b07a,895,BDT,895,,,UNVERIFIED
8d75ec81-0244-54c4-a977-abb6c0ef48cc,06e01c98-7f22-5427-8341-7d26b37b33f7,925,BDT,925,,,UNVERIFIED
bd4111a0-ccf7-543f-8616-3dae27b8f9c1,0cf9cac3-0df6-544f-bff2-243f8ece3b2b,915,BDT,915,,,UNVERIFIED
e5120932-92d1-5943-808e-7ebbd3fab141,01cb3de2-d880-566f-8f48-6758db48d4b8,915,BDT,915,,,UNVERIFIED
8dffc6c2-3320-5dbc-95b4-5d32685d6839,b66f4587-e64d-57c9-9772-9eafa22628ea,895,BDT,895,,,UNVERIFIED
1099913f-3ab1-5cd0-bfde-5eb42bc836ff,fa723d33-83a9-529e-8d98-23ad4a5e72d2,1250,BDT,1250,,,UNVERIFIED
0bff09cf-8226-5685-a46e-3b06d1c9c6e2,d37ade0f-6a8f-5a4d-86a7-da476685c794,995,BDT,995,,,UNVERIFIED
18b3df3a-b830-5933-ba71-8103ef937d08,c59b68cf-5522-5b15-9bfe-ac889cbcd3d9,995,BDT,995,,,UNVERIFIED
7eb45211-cda1-5885-8492-319f2df54f8c,31079c33-39c2-5c94-a64f-e2b8a517a385,1595,BDT,1595,,,UNVERIFIED
9943932c-3d0f-503d-b012-285c5088cf3d,d3e13134-c290-5e92-b174-313e7fed4842,380,BDT,380,,,UNVERIFIED
4ba3588e-f30f-557d-b859-71fcff8680df,3c6dc9ab-6d3b-54d7-b8b2-aa08bcf1b980,450,BDT,450,,,UNVERIFIED
2f65ceb6-b323-52e3-b7eb-90a5196d1eee,5b186f3c-a219-5638-807e-d782b59369be,580,BDT,580,,,UNVERIFIED
826161b6-6c98-5930-9dfe-d39eb9921f6b,fea1e631-dac9-53a8-abfb-c4640619ddd1,360,BDT,360,,,UNVERIFIED
67dfeafa-7970-5bd1-bf41-23dacecd932a,bd094db0-91ec-5356-8553-9ba7ef0b238e,580,BDT,580,,,UNVERIFIED
dc83f70d-78ba-5d4f-b78a-f41c143f478e,62b6c8f7-bda4-5e93-a1b0-21ae6293298e,780,BDT,780,,,UNVERIFIED
b2109a48-35c2-5575-b6b7-6a28687f7b6d,cc52129d-883a-5e10-8f8d-3f0f895d24ef,310,BDT,from 310,,,UNVERIFIED
469ccfc4-89c8-5fb8-99f3-bbf831e538cd,eae56a25-c774-5be2-8cff-50f44eb5fb0e,340,BDT,from 340,,,UNVERIFIED
e6e30bfb-0766-5eff-b005-9eb70528b2d5,5810ef58-7efe-5b2a-851c-7862869f8fe1,280,BDT,from 280,,,UNVERIFIED
d3fe76e5-0c59-5bdb-98ab-7d1eb7c9796d,b885896d-1aa9-574b-a91d-0d990a1671b1,350,BDT,from 350,,,UNVERIFIED
43e2c23d-9652-57d8-bb4a-a5d6688c7b40,4dc5946e-b751-5f59-a2e4-f4d71b22acb8,340,BDT,from 340,,,UNVERIFIED
fe24fb98-9f5e-5667-8f4c-983754b81413,cb207e11-b4b8-5ad1-a742-3d1221bb8daa,360,BDT,from 360,,,UNVERIFIED
729d5b6e-e86c-561c-aa64-7fa219b2a46a,4c5dfee9-2483-52d5-b119-8cf9a920c0ab,280,BDT,from 280,,,UNVERIFIED
857ca69b-7418-53b4-b768-1bea8c7f4099,34b4deac-f26a-5df8-a67f-0e0713cbea52,450,BDT,450,,,UNVERIFIED
bfc2df83-314f-5072-ad83-a5bba2029aba,c5784f74-d9a2-512c-a547-6c9ae0286f3e,585,BDT,585,,,UNVERIFIED
d0e45c2b-9dce-5626-b3d7-377ff5a1f3e9,6bc9a135-aba3-5d12-8309-4697c5a1c474,410,BDT,410,,,UNVERIFIED
3f5c19ce-eff7-501d-b09c-43b949ea6e5d,03420f93-8a06-59ce-bb35-39829e41d7cd,410,BDT,410,,,UNVERIFIED
31db5e8f-f11b-57cf-8dfa-12c774a1e6f1,dc4cfcda-1796-5503-8203-8d3d7f81327f,450,BDT,450,,,UNVERIFIED
9ad5148b-aed4-5817-9ea7-b7bc527d89a2,53473ac8-0c03-5203-81e8-8d7cb0477dd7,650,BDT,650,,,UNVERIFIED
32971b19-bd9c-54f1-b728-9ec32ea933d5,9ce4accf-53a2-57d4-b54f-140f7a59ee63,580,BDT,from 580,,,UNVERIFIED
98d64fa8-5470-5e4c-81a9-f78a64562041,a71c2fee-4a83-5eaf-92ba-1761316a84bf,740,BDT,from 740,,,UNVERIFIED
20019a61-cd85-506a-a3a0-39efbfbc8229,e6221a6f-7f5b-5314-973c-6c632eddf6a0,620,BDT,from 620,,,UNVERIFIED
27a3af07-952c-5690-9efe-4be1d1c570da,b2f98c22-95f9-51ae-8f2f-7a760597efee,820,BDT,from 820,,,UNVERIFIED
a832c3d6-96ae-5cc2-8bf4-a31851cf41cc,e2a83de8-c420-55df-83bb-88f937854622,3550,BDT,from 3550,,,UNVERIFIED
b937851e-8772-5781-b913-c109f5bfbb95,51c6ee6f-4e1d-506d-be7f-29b0ec2f692c,1780,BDT,from 1780,,,UNVERIFIED
91a38ac8-bd96-54dd-b76d-45be85d2ae04,599a68c2-8902-5e4a-a53f-d1d0b7c20403,550,BDT,from 550,,,UNVERIFIED
7c2d3ad1-d703-5c1a-894e-1bd2b1cc7a38,510d6a32-a3c5-550a-bda0-d7af36c79ae4,280,BDT,from 280,,,UNVERIFIED
7afaa9aa-c3d7-54f8-94f2-c334254f9331,031ef1e0-9984-594c-8a39-60b854662ee3,340,BDT,from 340,,,UNVERIFIED
f10329ae-124c-5732-bd9f-09eabac760fe,f2bebf5e-a478-5562-bf69-252f46807a7a,640,BDT,640,,,UNVERIFIED
8776aad8-507d-505f-baeb-6787ceaa8048,40e2aad9-17b2-5acb-b746-86f5822cda82,780,BDT,780,,,UNVERIFIED
a7618ab8-99c0-55ef-a02e-b7e09c297105,cf5a6014-2443-52c8-9db2-f13d04d1bd7b,450,BDT,from 450,,,UNVERIFIED
217be146-8b01-5f13-bdb1-2e55d50b7c76,398aace4-42fe-54d7-8365-ce265b04dc39,580,BDT,from 580,,,UNVERIFIED
948790ac-83e6-5576-97ee-786e2867603d,517a4c71-53af-559c-8009-92a239b286e1,380,BDT,from 380,,,UNVERIFIED
e120a542-b934-5aef-bcdd-19ae03f1ae22,d483eb60-9344-546e-a801-586bf0b74137,480,BDT,from 480,,,UNVERIFIED