id,menu_id,item_name,category
1e8795a4-5d38-57c5-9328-4b4972a9811e,b67578fe-9216-5074-8de3-8c6baa39f7fe,Salted Caramel Freddo,Cafè Freddo
41b98ad4-058a-5bff-b690-9c94ece7d350,b67578fe-9216-5074-8de3-8c6baa39f7fe,Watermelon,Fresh Juice
ae58bdca-45df-543d-a396-19430dacb705,b67578fe-9216-5074-8de3-8c6baa39f7fe,Mango,Fresh Juice
bafd089a-c978-5e32-a74c-fdc3e8dbc819,b67578fe-9216-5074-8de3-8c6baa39f7fe,Orange,Fresh Juice
53f977e4-bd53-5c5f-92eb-8754aae71f40,b67578fe-9216-5074-8de3-8c6baa39f7fe,Red Velvet Slice Cake,Slice Cakes
ba13e742-31df-559e-b320-07f82eab0df1,b67578fe-9216-5074-8de3-8c6baa39f7fe,NY Cheese Slice Cake,Slice Cakes
9f523e0b-a367-5ab8-93c4-ea6acf3d5de5,b67578fe-9216-5074-8de3-8c6baa39f7fe,Chocolate Delight Slice Cake,Slice Cakes
f130bab6-2854-5640-8592-0e1b80b3b5a3,b67578fe-9216-5074-8de3-8c6baa39f7fe,Basque Burnt Cheese Slice Cake,Slice Cakes
ed7e3096-6342-5ec2-8f38-17d1e44f430f,b67578fe-9216-5074-8de3-8c6baa39f7fe,Carrot Cheese Slice Cake,Slice Cakes
32904145-428b-54d8-aa95-bb8739641e37,b67578fe-9216-5074-8de3-8c6baa39f7fe,Red Velvet,Cup Cakes
696b94a5-0477-5f31-8e93-5d6d9740356b,b67578fe-9216-5074-8de3-8c6baa39f7fe,Chocolate,Cup Cakes
dbe7dee5-b6b6-5864-b07b-f9e751b0226b,b67578fe-9216-5074-8de3-8c6baa39f7fe,Red Velvet Cookie,Cookies
66e7c92d-8314-595c-bfe2-dbeba9513ab8,b67578fe-9216-5074-8de3-8c6baa39f7fe,Chocolate Chip Cookie,Cookies
a6ae3a2e-49f4-5e52-b1e0-224202fb4673,b67578fe-9216-5074-8de3-8c6baa39f7fe,Fudgy Chocolate Cookie,Cookies
1eaff2a7-ca35-500d-818a-3c9b4765357a,b67578fe-9216-5074-8de3-8c6baa39f7fe,American Chocolate Brownie,Brownies
e89f2c3b-992a-5665-bd33-29b081ad9d89,b67578fe-9216-5074-8de3-8c6baa39f7fe,Cheesy Marble Brownie,Brownies
d77c3b5c-71b5-5385-92ec-b46e2fd20683,b67578fe-9216-5074-8de3-8c6baa39f7fe,Caramel Coconut Freddo,Cream Freddo
17f586fc-7dc9-5681-8164-601187fa545f,b67578fe-9216-5074-8de3-8c6baa39f7fe,Nutty Mango Shake,Shakes
fb349201-e345-5492-b12f-6cc0ae8b011f,b67578fe-9216-5074-8de3-8c6baa39f7fe,Chocolate Brownie Shake,Shakes
7f8834ad-02d4-50ba-86ab-0e035a8aa855,b67578fe-9216-5074-8de3-8c6baa39f7fe,Red Velvet Shake,Shakes
9c6edb15-74c4-5a99-bc91-f14e272fbf81,b67578fe-9216-5074-8de3-8c6baa39f7fe,Ferrero Rocher Shake,Shakes
6ef76c3f-e956-5988-9e43-fdfdf61b4ca6,b67578fe-9216-5074-8de3-8c6baa39f7fe,Classic Milk Tea,Hot Tea
5d80b8fa-fab4-5ffe-85ce-56d00e87e60a,b67578fe-9216-5074-8de3-8c6baa39f7fe,Regular Black Tea,Hot Tea
aa70cf59-afdc-5cd5-bcdb-cbe3843e0e62,b67578fe-9216-5074-8de3-8c6baa39f7fe,Honey Lime Tea,Hot Tea
8a0794d6-f2a4-55d1-a168-17375f40704a,b67578fe-9216-5074-8de3-8c6baa39f7fe,Ginger Tea,Hot Tea
cdef3cf6-be92-57da-9836-40480d48bded,b67578fe-9216-5074-8de3-8c6baa39f7fe,Earl Grey Tea,Hot Tea
3783170c-3b3d-59ec-a389-44f794c61b60,b67578fe-9216-5074-8de3-8c6baa39f7fe,Green & Lime Tea,Hot Tea
57cff673-dceb-5c70-a76d-7408fb991a31,b67578fe-9216-5074-8de3-8c6baa39f7fe,Lemon Iced Tea,Frost Tea
1fd893e9-4cba-5b49-b344-07db825a6af4,b67578fe-9216-5074-8de3-8c6baa39f7fe,White Chocolate Freddo,Cream Freddo
431f216a-e2fc-539e-b647-8a387c633d0c,b67578fe-9216-5074-8de3-8c6baa39f7fe,Dark Chocolate Freddo,
ac16310c-f4c0-580e-b584-8ec7ce742eff,b67578fe-9216-5074-8de3-8c6baa39f7fe,Red Velvet Freddo,Cream Freddo
483a6530-532c-562f-86a4-939feafcfcd3,b67578fe-9216-5074-8de3-8c6baa39f7fe,Vanilla Shake,Shakes
f735ac65-b124-5104-af8f-bb1f25c40421,b67578fe-9216-5074-8de3-8c6baa39f7fe,Oreo Shake,Shakes
be3c39dd-634c-58c2-8b15-42c3ee9df0a6,b67578fe-9216-5074-8de3-8c6baa39f7fe,Chicken Katsu,Mains
600071cd-1819-58e5-9a92-2059dbd959e3,b67578fe-9216-5074-8de3-8c6baa39f7fe,Scallopine Al Limone E Funghi,Mains
9ad832ab-a612-5fd2-92d0-371246b9bbe3,b67578fe-9216-5074-8de3-8c6baa39f7fe,Grilled Dory,Mains
a8185782-d966-5ec8-98a0-d81645e752c7,b67578fe-9216-5074-8de3-8c6baa39f7fe,Prawn Dry Red Chili,Mains
f544ee52-2294-5944-9249-9bcc69b75858,b67578fe-9216-5074-8de3-8c6baa39f7fe,Beef Teriyaki,Mains
34a86b91-7e91-5dec-819c-bfe095625c8c,b67578fe-9216-5074-8de3-8c6baa39f7fe,Tom Yum Chicken,Mains
07f9d31b-8a81-5420-a85d-0255fef27b66,b67578fe-9216-5074-8de3-8c6baa39f7fe,Harissa Chicken Steak,Mains
96787720-d6c9-5621-87b5-849b345c7c13,b67578fe-9216-5074-8de3-8c6baa39f7fe,Korean Spicy Chicken Steak,Mains
b2361d72-0449-5188-a7db-3b3f0ab764c9,b67578fe-9216-5074-8de3-8c6baa39f7fe,Original Beef Burger,Burgers
5b77158f-f148-5ec7-8570-b3358ff7938c,b67578fe-9216-5074-8de3-8c6baa39f7fe,Saucy Delight Beef Burger,Burgers
21233c98-a2c1-5f0c-896e-7f01eecc3c06,b67578fe-9216-5074-8de3-8c6baa39f7fe,Smoked Chicken Sandwich - White Bread,Sandwiches
df07bf83-17af-5192-9e60-6ef5267f489d,b67578fe-9216-5074-8de3-8c6baa39f7fe,Sriracha Chicken Steak,Mains
cb0f20d0-c6bb-5a7d-8dcb-482ec0dd063c,b67578fe-9216-5074-8de3-8c6baa39f7fe,French Fries,Appetizers
ebb9c481-9cc6-50e1-bd93-5303b8559f59,b67578fe-9216-5074-8de3-8c6baa39f7fe,Buffalo Hot Wings,Appetizers
de8b1b80-f36b-56df-ab86-3abcd606c9d4,b67578fe-9216-5074-8de3-8c6baa39f7fe,Prawn Tempura,Appetizers
916f315f-773c-5416-8711-c69040b48ab5,b67578fe-9216-5074-8de3-8c6baa39f7fe,Zen Hen Burger,Burgers
5473466b-a1a6-58f3-b8fb-189a327d8be7,b67578fe-9216-5074-8de3-8c6baa39f7fe,Prawn Har Gow,Dim Sum
d14e00af-a37b-5c9b-8db0-47f2b33fd1de,b67578fe-9216-5074-8de3-8c6baa39f7fe,Pasta Salad with Chicken Salami,Salads
e14a5b8c-6156-5abf-9573-bc0cefdd62eb,b67578fe-9216-5074-8de3-8c6baa39f7fe,Roasted Beef Salad with Vinaigrette Dressing,Salads
7532b44a-9bc8-5cbb-9926-48298497de10,b67578fe-9216-5074-8de3-8c6baa39f7fe,Thai Soup,Soups
295eb5b2-8d0e-5ff3-bf00-a4107322a6fd,b67578fe-9216-5074-8de3-8c6baa39f7fe,Thai Clear Soup,Soups
c6a0b430-ed0f-519d-b087-737d7d156f2e,b67578fe-9216-5074-8de3-8c6baa39f7fe,Chicken Corn Soup,Soups
21374e39-2118-5a6c-b202-a38340c849db,b67578fe-9216-5074-8de3-8c6baa39f7fe,Tom Yum Soup,Soups
e243a022-e0d3-580e-807e-3062fee1b6b2,b67578fe-9216-5074-8de3-8c6baa39f7fe,Chicken & Veggie Soup,Soups
01333a3d-6126-50cc-b92f-c96e755d7fea,b67578fe-9216-5074-8de3-8c6baa39f7fe,Chicken Chow Mein,Chow Mein
4b638f95-4649-5ccb-bb3d-281fa59ea022,b67578fe-9216-5074-8de3-8c6baa39f7fe,Prawn Chow Mein,Chow Mein
84c29183-26ee-5888-b510-cc9df1540d68,b67578fe-9216-5074-8de3-8c6baa39f7fe,Mixed (Chicken & Prawn) Chow Mein,Chow Mein
03bedbe1-07ba-598a-a352-9f9f90e3b154,b67578fe-9216-5074-8de3-8c6baa39f7fe,Smoked Chicken Sandwich - Brown Bread,Sandwiches
f4e010e3-1de6-55d2-9cd7-8d97d9c94590,b67578fe-9216-5074-8de3-8c6baa39f7fe,Vegetable Sandwich - White Bread,Sandwiches
46576b53-57c0-5ef4-94c4-3327dea0cde4,b67578fe-9216-5074-8de3-8c6baa39f7fe,Vegetable Sandwich - Brown Bread,Sandwiches
3fedf7ec-011e-5002-942b-99959ac396e2,b67578fe-9216-5074-8de3-8c6baa39f7fe,Lemongrass Chicken Dim Sum,Dim Sum
af85d558-1be8-5265-98b9-ecdfc5ef40cc,b67578fe-9216-5074-8de3-8c6baa39f7fe,Beef Basil Dim Sum,Dim Sum
dbf9de79-681d-5aaf-912a-351bf3b6b4fd,b67578fe-9216-5074-8de3-8c6baa39f7fe,Sirloin (250gm),Steaks
49f7fc75-d3e7-550b-b8e0-c9c4fa4f6ae8,b67578fe-9216-5074-8de3-8c6baa39f7fe,T-Bone (250gm),Steaks
28446e02-72c1-5a05-b4f4-7bb83076f397,b67578fe-9216-5074-8de3-8c6baa39f7fe,Chicken Bechamel,Oven Baked Pasta
f159f895-ef0c-5039-bae2-dc71f3851447,b67578fe-9216-5074-8de3-8c6baa39f7fe,Prawn Penne,Pasta
1c0ce0a3-1bc5-5ae1-9ed9-47c38149289f,b67578fe-9216-5074-8de3-8c6baa39f7fe,Chicken Mushroom Alfredo,Pasta
ab7aac1d-a119-5790-9bea-f40cda005d59,b67578fe-9216-5074-8de3-8c6baa39f7fe,Rib-Eye (250gm),Steaks
4688cdda-83f6-52ac-ad43-c66aa96feaa4,b67578fe-9216-5074-8de3-8c6baa39f7fe,White Rosemary Chicken (Half),Steaks
039b5b57-fbf0-59ba-8a17-20ee8ea8c8b0,b67578fe-9216-5074-8de3-8c6baa39f7fe,BBQ Chicken,Steaks
cd1ebf84-6387-5cf1-a8c9-9620bf02ac2b,b67578fe-9216-5074-8de3-8c6baa39f7fe,Prawn Platter,Platters
3e12bd5b-4ac3-5db3-97ed-2bae88278c79,b67578fe-9216-5074-8de3-8c6baa39f7fe,Platter B - For 4 Person,Platters
7c242da6-7c48-5580-becc-05830a026879,b67578fe-9216-5074-8de3-8c6baa39f7fe,Platter B - For 2 Person,Platters
08118890-6d18-5f32-9faf-dbbaa15a5e70,b67578fe-9216-5074-8de3-8c6baa39f7fe,Platter A - For 4 Person,Platters
35f43302-0c38-5b8e-9a97-edf2cfea765e,b67578fe-9216-5074-8de3-8c6baa39f7fe,Platter A - For 2 Person,Platters
db9f90f5-d003-5db8-b236-191b32f6950a,b67578fe-9216-5074-8de3-8c6baa39f7fe,Bento Quatro,Bento Box
a2e46416-6660-5508-8dfa-8026e8d9f345,b67578fe-9216-5074-8de3-8c6baa39f7fe,Chicken Platter,Platters
e01f4da3-55ba-5102-a01a-7173439a9529,b67578fe-9216-5074-8de3-8c6baa39f7fe,Fudge Brownie,Brownies
abf40798-6cbb-50f1-be6c-f903ccb3b50b,b67578fe-9216-5074-8de3-8c6baa39f7fe,Baklava,Turkish Treats
28e99f95-5fae-5221-8e90-9571a2a9f15c,b67578fe-9216-5074-8de3-8c6baa39f7fe,Kunafa,Turkish Treats
85850691-a993-5272-bb55-32af1df847ba,b67578fe-9216-5074-8de3-8c6baa39f7fe,Date Bar,Bars
32954a34-3b66-5c0e-8189-e53a56327daf,b67578fe-9216-5074-8de3-8c6baa39f7fe,Honey Nut Bar,Bars
a038340b-720e-5760-943a-30bfcfcb1952,b67578fe-9216-5074-8de3-8c6baa39f7fe,Sesame Seed Bar,Bars
dfcf239b-bd8a-58fa-a741-aa21ee16a3ee,b67578fe-9216-5074-8de3-8c6baa39f7fe,Omelette & Frittata,Brunch
54028e39-24f5-564a-98bb-7fbd0809f76a,b67578fe-9216-5074-8de3-8c6baa39f7fe,Sausage & Omelette,Brunch
7d84dab0-0892-56d2-8717-29097e6e323d,b67578fe-9216-5074-8de3-8c6baa39f7fe,Smoked Chicken & Frittata,Brunch
89fce816-f2e6-5d59-90a8-b861d541a42b,b67578fe-9216-5074-8de3-8c6baa39f7fe,BBQ Chicken Steak,Mains
6a612615-2658-59b7-9574-cd6fc40c1239,b67578fe-9216-5074-8de3-8c6baa39f7fe,Mexican Chicken,Mains
8a614719-592f-5adb-9e70-00d1b65c3e5f,b67578fe-9216-5074-8de3-8c6baa39f7fe,Chicken Teriyaki,Mains
0f8e9b0f-aa56-5f90-bbed-3575de38f1e0,b67578fe-9216-5074-8de3-8c6baa39f7fe,Orange Iced Tea,Frost Tea
63c4b4d9-ae67-5c71-a209-17c569543a39,b67578fe-9216-5074-8de3-8c6baa39f7fe,Strawberry Iced Tea,Frost Tea
75d3ea9b-adb0-57b1-8ed6-4108c073326b,b67578fe-9216-5074-8de3-8c6baa39f7fe,Peach Iced Tea,Frost Tea
569d68f9-90d9-5117-95a9-9fcffe40197a,b67578fe-9216-5074-8de3-8c6baa39f7fe,Pineapple,Fresh Juice
7538e09c-d43d-56ff-a8e8-7b8d719b729c,b67578fe-9216-5074-8de3-8c6baa39f7fe,Papaya,Fresh Juice
5e36c303-62d9-515f-b1af-2449f3552607,b67578fe-9216-5074-8de3-8c6baa39f7fe,Iced Chocolate (dark/white),Chocolate Series
245d35e0-19d1-5d1f-919b-c7d7054d65ef,b67578fe-9216-5074-8de3-8c6baa39f7fe,Hot Dark Chocolate,Chocolate Series
9e263e1e-44f8-5b95-b3a9-29581e88738a,b67578fe-9216-5074-8de3-8c6baa39f7fe,Strawberry Mojito,Mocktails
569c251d-b38c-576d-a1a7-db999077582c,b67578fe-9216-5074-8de3-8c6baa39f7fe,Watermelon Mojito,Mocktails
7492a3cc-c9cc-5b5f-930d-3c22206b0be9,b67578fe-9216-5074-8de3-8c6baa39f7fe,Orange Soda,Fizz
183d0bbd-b7b8-5e5f-b73c-0a00e0d173f9,b67578fe-9216-5074-8de3-8c6baa39f7fe,Fresh Lime Soda,Mocktails
28f89bd0-bd01-5dbf-8f21-40f979f378d2,b67578fe-9216-5074-8de3-8c6baa39f7fe,Peach Fizz,Fizz
8ad48957-1a87-5ca0-97d7-0d6279475fa8,b67578fe-9216-5074-8de3-8c6baa39f7fe,Orange Soda,Fizz
b7ee5a09-f367-588b-bf67-546a7e946fe4,b67578fe-9216-5074-8de3-8c6baa39f7fe,Strawberry Fizz,Fizz
065e12e6-5f88-532d-8c8c-e747a9c24493,b67578fe-9216-5074-8de3-8c6baa39f7fe,Fresh Honey Lime,Fizz
7be368aa-7e0d-5402-9ef5-e1e3feb9470e,b67578fe-9216-5074-8de3-8c6baa39f7fe,Espressoda,Fizz
e3d5aa49-498f-53da-a509-39cca6ecf21f,b67578fe-9216-5074-8de3-8c6baa39f7fe,Peach Lemonade,Limey
da7bf644-7aa3-5d71-8653-58916d8882c2,b67578fe-9216-5074-8de3-8c6baa39f7fe,Strawberry Lemonade,Limey
fb2321b5-00ad-540a-a040-e4f6f2106a0b,b67578fe-9216-5074-8de3-8c6baa39f7fe,Masala & Spicy Lemonade,Limey
30ce0520-9b86-5412-b6d2-842066fd5985,b67578fe-9216-5074-8de3-8c6baa39f7fe,Classic Lemonade,Limey
3b0fc0fa-5df0-56c0-9ce3-b48f065d1de6,b67578fe-9216-5074-8de3-8c6baa39f7fe,Iced Mochaccino,Cold/Frozen Coffee
4bea2f18-822d-52ab-b5be-b72f15d04e4f,b67578fe-9216-5074-8de3-8c6baa39f7fe,Fruity Americano,Cold/Frozen Coffee
c3bfc943-81d5-5362-b63f-59f28e4b613b,b67578fe-9216-5074-8de3-8c6baa39f7fe,Brownie Mocha,Cafè Freddo
e21e6161-528e-5b68-9693-6d9b5a7cd63c,b67578fe-9216-5074-8de3-8c6baa39f7fe,Nutty Cookie Freddo,Cream Freddo
930b9add-8a3f-52dd-aa3d-f97628da19c9,b67578fe-9216-5074-8de3-8c6baa39f7fe,Salted Caramel Freddo,Cafè Freddo
4119a16d-9ba7-5a56-ad0e-c3725b9f12d3,b67578fe-9216-5074-8de3-8c6baa39f7fe,Hazelnut Freddo,Cafè Freddo
32de0160-770f-544d-9213-33b0eebcd9de,b67578fe-9216-5074-8de3-8c6baa39f7fe,White Mocha Freddo,Cafè Freddo
e040e593-a54c-53f3-ae22-63c99ed62281,b67578fe-9216-5074-8de3-8c6baa39f7fe,Dark Mocha Freddo,Cafè Freddo
a16fb5d3-481e-50ca-a6be-f66caf6404ae,b67578fe-9216-5074-8de3-8c6baa39f7fe,Caramel Freddo,Cafè Freddo
ac2fa97c-4305-5ef6-958a-af8c85303ff1,b67578fe-9216-5074-8de3-8c6baa39f7fe,Hot White Chocolate,Chocolate Series
1cc6efa6-819d-5784-93da-c6c5b306fc75,b67578fe-9216-5074-8de3-8c6baa39f7fe,Café Freddo,Cafè Freddo
42b26cec-fb06-5e29-a3e2-70208c2758ce,b67578fe-9216-5074-8de3-8c6baa39f7fe,Kids Hot Chocolate,Chocolate Series
17dc36a3-6062-55f3-b5fb-6ea3494fb89b,b67578fe-9216-5074-8de3-8c6baa39f7fe,Vanilla Freddo,Cafè Freddo
95b1b97d-6cba-510d-9566-6e0ff5ab0a25,b67578fe-9216-5074-8de3-8c6baa39f7fe,Espresso,Coffee
1d7b4f79-982c-59ce-ba43-7ba02f6e2484,b67578fe-9216-5074-8de3-8c6baa39f7fe,Macchiato,Coffee
dbdbebcd-7a29-5acb-b614-92ff2aebbc39,b67578fe-9216-5074-8de3-8c6baa39f7fe,Cortado,Coffee
b2664b97-872c-5b69-9d7b-35dc4bc78200,b67578fe-9216-5074-8de3-8c6baa39f7fe,Americano,Coffee
f852536e-3514-5c52-80d1-a2b3785e22e1,b67578fe-9216-5074-8de3-8c6baa39f7fe,Cappuccino,Coffee
bdfdd827-aba7-5e7d-823e-24cf8163a31c,b67578fe-9216-5074-8de3-8c6baa39f7fe,Latte,Coffee
f12bfdd7-b229-5aac-a787-9252d803dd8f,b67578fe-9216-5074-8de3-8c6baa39f7fe,Vanilla Flavored Coffee,Flavored Coffee/Latte
6bfef4ce-4d01-56d4-969f-e644a5bf0e50,b67578fe-9216-5074-8de3-8c6baa39f7fe,Hazelnut Flavored Coffee,Flavored Coffee/Latte
886aef65-0e7a-530c-8908-bb52fe3985d8,b67578fe-9216-5074-8de3-8c6baa39f7fe,Caramel Flavored Coffee,Flavored Coffee/Latte
3f02d65f-b059-5185-8e8e-d220601a4276,b67578fe-9216-5074-8de3-8c6baa39f7fe,Mocha,Flavored Coffee/Latte
1957ac25-0c65-538e-b027-339a04f37973,b67578fe-9216-5074-8de3-8c6baa39f7fe,Salted Caramel,Flavored Coffee/Latte
5eccdc4d-d541-58d1-be7b-237bae8a1b7f,b67578fe-9216-5074-8de3-8c6baa39f7fe,Iced Americano,Cold/Frozen Coffee
c8b0a20e-79a7-5364-a00e-cc4454dbceef,b67578fe-9216-5074-8de3-8c6baa39f7fe,Iced Cappuccino,Cold/Frozen Coffee
d93f7772-28ff-5f15-a297-c50f9de6c1d2,b67578fe-9216-5074-8de3-8c6baa39f7fe,Iced Latte,Cold/Frozen Coffee
addaeabf-f5c5-5202-b3bf-ad0416719ea1,473af2d7-d6ad-5a5b-a6c5-d3518d6e704f,Tandoori Chicken,Popular
03e31dd4-0538-5d44-ac3d-3d76f06f38ae,473af2d7-d6ad-5a5b-a6c5-d3518d6e704f,Chicken Butter Masala,Popular
31be17aa-d319-5f54-bcc9-bce4a7a6c9ca,473af2d7-d6ad-5a5b-a6c5-d3518d6e704f,Chicken Biryani,Popular
69e017c0-e199-575e-90b1-63b375f4ac3b,473af2d7-d6ad-5a5b-a6c5-d3518d6e704f,Yellow Dal Butter Fry,Popular
e15df89b-4940-5b24-bcb6-3e9278db9363,473af2d7-d6ad-5a5b-a6c5-d3518d6e704f,Combo - 1,Combo
1d48ec92-a67e-5fb8-90a0-7cc565819e8b,473af2d7-d6ad-5a5b-a6c5-d3518d6e704f,Biryani Package - 1,Biryani Package
9cd005d2-7403-5045-9a0d-6f15cfdd3550,473af2d7-d6ad-5a5b-a6c5-d3518d6e704f,French Fries,Appetizer
c98f2234-0abe-5163-a0e0-d6ccaaf3e9d4,473af2d7-d6ad-5a5b-a6c5-d3518d6e704f,Fried Wonton,Appetizer
ae7a9da4-77c5-57b4-873d-c8eddc129f2f,473af2d7-d6ad-5a5b-a6c5-d3518d6e704f,Prawn Tempura,Appetizer
d0506f61-d137-5080-beb8-dc54f0c422cd,473af2d7-d6ad-5a5b-a6c5-d3518d6e704f,Vegetable Spring Roll,Appetizer
6ad9d3f2-582c-560c-b3d1-3e9d7cddb33e,473af2d7-d6ad-5a5b-a6c5-d3518d6e704f,Chicken Chowmein,Appetizer
318ac036-ff9d-5978-bc98-d55c8c9930f4,473af2d7-d6ad-5a5b-a6c5-d3518d6e704f,Chicken Corn Soup,Soup
63ac2693-03c8-5571-aa6e-1cd5ea05a0d8,473af2d7-d6ad-5a5b-a6c5-d3518d6e704f,Thai Vegetable Soup,Soup
7d709f1e-130b-53c6-b1ba-ec88b72a2579,473af2d7-d6ad-5a5b-a6c5-d3518d6e704f,Hot & Sour Soup,Soup
a74063ba-d0a1-5d3e-bda9-d33b6c2a500c,473af2d7-d6ad-5a5b-a6c5-d3518d6e704f,Tom Yum Goong,Soup
465c96a7-7f3d-5774-9103-863e8a386e72,473af2d7-d6ad-5a5b-a6c5-d3518d6e704f,Tom Yum Gai,Soup
d8e949a9-26fb-5686-9aac-19c08b89bcfc,473af2d7-d6ad-5a5b-a6c5-d3518d6e704f,Green Salad,Salad
9ed47fc7-0133-5c96-bdba-cc0e96362b9c,473af2d7-d6ad-5a5b-a6c5-d3518d6e704f,Mixed Salad,Salad
05ddca54-59db-5dfa-8748-f90aea2fb1f6,473af2d7-d6ad-5a5b-a6c5-d3518d6e704f,Handi Special House Salad,Salad
c2e7cf8d-d0c5-51eb-ace4-cee7c18ab260,473af2d7-d6ad-5a5b-a6c5-d3518d6e704f,Chicken Vegetable Salad,Salad
8d0d2292-b15a-5ddd-a4dc-ead57b96012d,473af2d7-d6ad-5a5b-a6c5-d3518d6e704f,Chicken Cashewnut Salad,Salad
f0dfd486-738a-5bce-a1e5-bf9c47434ca6,473af2d7-d6ad-5a5b-a6c5-d3518d6e704f,Chicken Prawn Cashewnut Salad,Salad
04a2d2d4-4990-5172-83ed-80d120965566,473af2d7-d6ad-5a5b-a6c5-d3518d6e704f,Beef Vegetable Salad,Salad
592830ab-15f0-5bac-85e2-42525a1b6ae9,473af2d7-d6ad-5a5b-a6c5-d3518d6e704f,Alu Raita,Raita
d78f37de-fa10-5b45-8271-fbf64d87a40e,473af2d7-d6ad-5a5b-a6c5-d3518d6e704f,Kashmiri Raita,Raita
0acb1563-ffed-54c4-a0e2-5b4027f67456,473af2d7-d6ad-5a5b-a6c5-d3518d6e704f,Mixed Raita,Raita
ddebe966-e055-5353-b77d-5bc422b7bfcf,473af2d7-d6ad-5a5b-a6c5-d3518d6e704f,Rumali Roti,Roti & Kulcha
9e40608b-a91f-5d45-a56f-670e84ea7554,473af2d7-d6ad-5a5b-a6c5-d3518d6e704f,Laccha Paratha,Roti & Kulcha
2e0449b7-d7e9-5b83-a8fb-5fb6387203e0,473af2d7-d6ad-5a5b-a6c5-d3518d6e704f,Pudina Paratha,Roti & Kulcha
30fbcaf5-d17e-5161-85d2-9f7bcd27ee3d,473af2d7-d6ad-5a5b-a6c5-d3518d6e704f,Alu Ka Paratha,Roti & Kulcha
de742599-c644-516d-b584-682aef196bd1,473af2d7-d6ad-5a5b-a6c5-d3518d6e704f,Paneer Naan,Naan
1df3047f-4eab-5da2-8e4a-a1b92d8989af,473af2d7-d6ad-5a5b-a6c5-d3518d6e704f,Butter Naan,Naan
bdad8a5b-48e2-53e7-be06-573d70fa0a9a,473af2d7-d6ad-5a5b-a6c5-d3518d6e704f,Garlic Naan,Naan
790ed739-2b10-5dfe-98e6-6b05f4b3b3bd,473af2d7-d6ad-5a5b-a6c5-d3518d6e704f,Pudina Naan,Naan
ad1a1500-7b4b-5394-b3ad-dd1232952e98,473af2d7-d6ad-5a5b-a6c5-d3518d6e704f,Plain Naan,Naan
3ac6f5d8-57d6-550b-9257-7ab184132d23,473af2d7-d6ad-5a5b-a6c5-d3518d6e704f,Masala Naan,Naan
f7e1927f-0698-5201-9db4-95ed82e85bb6,473af2d7-d6ad-5a5b-a6c5-d3518d6e704f,Family Naan,Naan
9773591d-69d4-54c4-ac06-86b3395846ab,473af2d7-d6ad-5a5b-a6c5-d3518d6e704f,Handi Special Naan,Naan
047631d9-bf64-56b8-a057-ac65e0b949f4,473af2d7-d6ad-5a5b-a6c5-d3518d6e704f,Chicken Egg Roll,Roll
1996a67b-46db-5174-b941-24e60edf1134,473af2d7-d6ad-5a5b-a6c5-d3518d6e704f,Chicken Green Roll,Roll
72e6d308-f85e-5f69-b39a-e8fd7ef157d8,473af2d7-d6ad-5a5b-a6c5-d3518d6e704f,Chicken Roll,Roll
535f3019-b8e4-5723-97a0-f9ad988eff25,473af2d7-d6ad-5a5b-a6c5-d3518d6e704f,Beef Roll,Roll
9d407431-fbda-592b-89a4-32f36dab002b,473af2d7-d6ad-5a5b-a6c5-d3518d6e704f,Beef Egg Roll,Roll
f4eeaee0-7a30-587f-b02d-24053587099d,473af2d7-d6ad-5a5b-a6c5-d3518d6e704f,Handi Special Roll,Roll
dfc0b665-3ca8-5e25-b6ec-b5f7ed934ea7,473af2d7-d6ad-5a5b-a6c5-d3518d6e704f,Handi Special Tawa Kebab,Tawa Kebab
d11dd924-2e2d-5d1d-a9cc-50f430a68271,473af2d7-d6ad-5a5b-a6c5-d3518d6e704f,Chicken Tawa Kebab,Tawa Kebab
b0cba8a9-e894-5874-8603-236487832434,473af2d7-d6ad-5a5b-a6c5-d3518d6e704f,Beef Tawa Kebab,Tawa Kebab
37e6d88f-edfb-5bf5-9f9b-eaa807108ea6,473af2d7-d6ad-5a5b-a6c5-d3518d6e704f,Dal Tarka,Vegetable
88965a04-3709-5b4c-a557-1a44c93de459,473af2d7-d6ad-5a5b-a6c5-d3518d6e704f,Paneer Butter Masala,Vegetable
85940953-ef1f-526b-bdf6-67b5006b723c,473af2d7-d6ad-5a5b-a6c5-d3518d6e704f,Garlic Mushroom,Vegetable
6eb408d6-c5f6-5862-a349-4cde041e8ae6,473af2d7-d6ad-5a5b-a6c5-d3518d6e704f,Vegetable Kofta,Vegetable
a1736ded-34ee-56ef-94fe-d87fabbe2a16,473af2d7-d6ad-5a5b-a6c5-d3518d6e704f,Paneer Shahi Korma,Vegetable
37fdca66-eeeb-50cb-a39a-eb253ebb4d36,473af2d7-d6ad-5a5b-a6c5-d3518d6e704f,Paneer Karahi,Vegetable
8ad5253f-d7fe-5eab-8c85-e04ac32835d1,473af2d7-d6ad-5a5b-a6c5-d3518d6e704f,Alu Matar Tomato,Vegetable
ad7be6f3-96a2-5e29-9852-7bd2fe64c1c9,473af2d7-d6ad-5a5b-a6c5-d3518d6e704f,Matar Paneer,Vegetable
6a7c3e8c-7a4d-553b-a91a-c9d80d9332cf,473af2d7-d6ad-5a5b-a6c5-d3518d6e704f,Dal Maharani,Vegetable
f6fed1b9-5502-5700-b3b6-52a634608b70,473af2d7-d6ad-5a5b-a6c5-d3518d6e704f,Kaju Masala,Vegetable
92a850bd-1350-5eee-ae07-82f3c532b6d9,473af2d7-d6ad-5a5b-a6c5-d3518d6e704f,Chicken Karahi,Chicken
1fd795ca-a380-5c41-a8d9-549cea5bdda3,473af2d7-d6ad-5a5b-a6c5-d3518d6e704f,Thai Fried Chicken,Chicken
b5196888-c6aa-5102-b985-c12466e3d943,473af2d7-d6ad-5a5b-a6c5-d3518d6e704f,Chicken Basil Leaf,Chicken
674b0ddd-5bd3-5618-947e-e9bec47b8fe0,473af2d7-d6ad-5a5b-a6c5-d3518d6e704f,Chicken Sizzling,Chicken
cc80bed0-ff64-5e85-ad2a-2e1d9dda9234,473af2d7-d6ad-5a5b-a6c5-d3518d6e704f,Chicken Chili Onion,Chicken
3a22dcbf-4680-54a2-8421-a051c06035e2,473af2d7-d6ad-5a5b-a6c5-d3518d6e704f,Beef Achari,Beef
a4beff12-6bff-552a-a35e-e4bf8c560512,473af2d7-d6ad-5a5b-a6c5-d3518d6e704f,Beef Bhuna,Beef
b16d7e7c-194f-54db-a701-295089d2c0f5,473af2d7-d6ad-5a5b-a6c5-d3518d6e704f,Mutton Masala,Mutton
5b2b8a79-535d-581c-8f25-f0f3e9fcdc8d,473af2d7-d6ad-5a5b-a6c5-d3518d6e704f,Mutton Rogan Josh,Mutton
3c5cee77-ae24-5368-bc29-f153f534f7e7,473af2d7-d6ad-5a5b-a6c5-d3518d6e704f,Mutton Kolapuri,Mutton
647993dd-dfa9-5993-af86-e7d7e4f2dad3,473af2d7-d6ad-5a5b-a6c5-d3518d6e704f,Mutton Shagwala,Mutton
99e0ea75-2e97-5d5d-a579-fb684ae97219,473af2d7-d6ad-5a5b-a6c5-d3518d6e704f,Fish Dopiaza,Fish
66dfff34-95ae-5cd0-960d-fe63181fb782,473af2d7-d6ad-5a5b-a6c5-d3518d6e704f,Fish Karahi,Fish
5845f28b-897a-579e-8248-6dd38eafbe12,473af2d7-d6ad-5a5b-a6c5-d3518d6e704f,Chicken Reshmi Kebab,Tandoori
5925dde1-1968-57f1-8aff-d3fa7dbc5f5c,473af2d7-d6ad-5a5b-a6c5-d3518d6e704f,Chicken Tikka Kebab,Tandoori
99e43a6d-f39f-50b8-bf19-152a7d66427a,473af2d7-d6ad-5a5b-a6c5-d3518d6e704f,Chicken Malai Kebab,Tandoori
313c102a-d186-535f-a77c-a3305091de4a,473af2d7-d6ad-5a5b-a6c5-d3518d6e704f,Tandoori Chicken,Tandoori
20aa2e65-213c-5ee1-8bd3-c5e25fc5661e,473af2d7-d6ad-5a5b-a6c5-d3518d6e704f,Tandoori Pomfret,Tandoori
f6ad0adc-7446-5268-b60d-273851628f2e,473af2d7-d6ad-5a5b-a6c5-d3518d6e704f,Tandoori Prawn,Tandoori
7d9cf861-9ad2-5773-9913-e9874ba5a0f6,473af2d7-d6ad-5a5b-a6c5-d3518d6e704f,Handi Special Kebab Platter,Tandoori
9d1d5ebe-9f7d-573d-a963-8fbebe98795f,473af2d7-d6ad-5a5b-a6c5-d3518d6e704f,Fish Hariyali Kebab,Tandoori
4611c4ba-0ba9-54d9-8da5-e1eed820d96f,473af2d7-d6ad-5a5b-a6c5-d3518d6e704f,Fish Kolapuri Kebab,Tandoori
7328de42-2963-5601-8b46-085492aca140,473af2d7-d6ad-5a5b-a6c5-d3518d6e704f,Fish Tikka Kebab,Tandoori
51c0553f-40ad-5409-89ed-372f72224462,473af2d7-d6ad-5a5b-a6c5-d3518d6e704f,Tandoori Paneer,Tandoori
aac9a2ba-db78-5e00-9887-0f3d0cdac3b0,473af2d7-d6ad-5a5b-a6c5-d3518d6e704f,Vegetable Biryani,Rice
98c6ccb7-f4d8-5d93-9a10-a695573cf79a,473af2d7-d6ad-5a5b-a6c5-d3518d6e704f,Mixed Fried Rice,Rice
af423ef3-b544-5353-a75c-10912a3d7b51,473af2d7-d6ad-5a5b-a6c5-d3518d6e704f,Chicken Fried Rice,Rice
cdb0725d-fc21-5dd6-bb15-91d6455fdb09,473af2d7-d6ad-5a5b-a6c5-d3518d6e704f,Basil Leaf Fried Rice,Rice
bc189e03-ce16-5d70-8d8d-9c921c186b33,473af2d7-d6ad-5a5b-a6c5-d3518d6e704f,Vegetable Fried Rice,Rice
d36008e7-ce4d-58c2-a15b-7a239a34e792,473af2d7-d6ad-5a5b-a6c5-d3518d6e704f,Plain Polao,Rice
979b2e0c-57df-567e-b3ab-e85890e2a749,473af2d7-d6ad-5a5b-a6c5-d3518d6e704f,Jeera Polao,Rice
29ca8d34-e733-57aa-9eeb-53c469b3d088,473af2d7-d6ad-5a5b-a6c5-d3518d6e704f,Steamed Rice,Rice
06693206-ea0b-5a94-9b46-d1f3a216e3e7,473af2d7-d6ad-5a5b-a6c5-d3518d6e704f,Nav Raton Polao,Rice
7a4ad105-7a41-5f35-a18c-e6b537842678,473af2d7-d6ad-5a5b-a6c5-d3518d6e704f,Kashmiri Polao,Rice
871dc287-65bd-5b1e-8bc4-b05bda52e967,473af2d7-d6ad-5a5b-a6c5-d3518d6e704f,Biryani Package - 2,Biryani Package
475a54b0-1e91-5da7-9416-f2fe7505ca0c,473af2d7-d6ad-5a5b-a6c5-d3518d6e704f,Mixed Fruit Salad,Dessert
24a12661-1102-588b-b9f3-7da129bee66f,473af2d7-d6ad-5a5b-a6c5-d3518d6e704f,Chocolate Sundae,Dessert
9c9d4863-f389-5ba3-966b-2474236042a8,473af2d7-d6ad-5a5b-a6c5-d3518d6e704f,Icecream with Fruits Salad,Dessert
484a457f-3b8a-51a2-bcfe-62f264642aa9,473af2d7-d6ad-5a5b-a6c5-d3518d6e704f,Banana Split,Dessert
b2ce51be-4146-5a3f-a39d-3e61ab89a79b,2f953cc5-fd17-5fbc-a3b5-098a7395265b,C- 02 Special Corn Soup,Popular
115222c2-f454-5bbc-989c-8750fc1404c2,2f953cc5-fd17-5fbc-a3b5-098a7395265b,C- 69 Mixed Chowmein,Popular
0e72ace3-c53f-5627-b1f3-43d2811e84d9,2f953cc5-fd17-5fbc-a3b5-098a7395265b,C- 30 Chicken Chilli Onion,Popular
356ba74c-3c8d-51fc-9e7f-d52014748017,2f953cc5-fd17-5fbc-a3b5-098a7395265b,T-24 Thai Fried Chicken,Popular
6f06e13f-1d9f-5e35-9101-5fbedff09697,2f953cc5-fd17-5fbc-a3b5-098a7395265b,S-02 Chicken Prawn Cashew- Nut Salad,Popular
7d1e49ea-9d83-508d-816f-002bb2c1b2e9,2f953cc5-fd17-5fbc-a3b5-098a7395265b,C- 48 Sizzling Chicken,Popular
97645cfa-6a02-56f4-bc13-c341fdba615a,2f953cc5-fd17-5fbc-a3b5-098a7395265b,A-01 Fish Cake,Appetizers
e2a5104b-485e-5f6f-af2b-4b8481081d42,2f953cc5-fd17-5fbc-a3b5-098a7395265b,A-02 Prawn Cake,Appetizers
ffde08ac-b270-5e9b-a790-30494e7382cb,2f953cc5-fd17-5fbc-a3b5-098a7395265b,A-03 Fish Finger,Appetizers
507d9d01-440b-5bf8-88c7-5c4306db770b,2f953cc5-fd17-5fbc-a3b5-098a7395265b,A-04 Fried Chicken Wings,Appetizers
eb973c50-c13e-5c7a-9810-7d856e9d7ff8,2f953cc5-fd17-5fbc-a3b5-098a7395265b,A-05 Prawn On Toast,Appetizers
6c4d22df-8577-5bcd-89a8-765587328672,2f953cc5-fd17-5fbc-a3b5-098a7395265b,A-06 Fried Wonton,Appetizers
7b8212ed-622e-5948-a4f6-2944bf822eca,2f953cc5-fd17-5fbc-a3b5-098a7395265b,A-07 Spring Roll,Appetizers
01cb33fe-eb83-5202-b9f2-b87bf5ba872d,2f953cc5-fd17-5fbc-a3b5-098a7395265b,A-10Thai Chicken Satay,Appetizers
b9892170-86b4-5b23-a246-5cd490bade24,2f953cc5-fd17-5fbc-a3b5-098a7395265b,A-11 Prawn Tempura,Appetizers
95ce99ec-a99e-5dde-8596-6d34320fb94f,2f953cc5-fd17-5fbc-a3b5-098a7395265b,A-08 Mixed Appetizers,Appetizers
78ca6688-89e1-54ea-8d64-e7c86a3878a9,2f953cc5-fd17-5fbc-a3b5-098a7395265b,A-09 Shrimp Roll,Appetizers
3dc4536f-224e-596e-84dc-e29d6d99ed8d,2f953cc5-fd17-5fbc-a3b5-098a7395265b,A-12 Chilli Special Wonthon,Appetizers
67f9123e-96e3-528e-b550-e27d4a4075a4,2f953cc5-fd17-5fbc-a3b5-098a7395265b,C- 02 Special Corn Soup,Chinese Soup
ff3194e3-f210-572a-8013-675281e393fb,2f953cc5-fd17-5fbc-a3b5-098a7395265b,C- 03 Thai Thick Soup,Chinese Soup
07e53d6c-2b20-5c8f-92ad-4d8c3665f2be,2f953cc5-fd17-5fbc-a3b5-098a7395265b,C- 04 Sze-chuan Soup,Chinese Soup
493549f8-5ede-5833-87e2-bf2a7fe5a097,2f953cc5-fd17-5fbc-a3b5-098a7395265b,C- 05 Hot And Sour Soup,Chinese Soup
32c1acdc-81bd-50db-ba86-98354dc9b9fe,2f953cc5-fd17-5fbc-a3b5-098a7395265b,C- 06 Chicken Vegetable Soup,Chinese Soup
bd2c1b18-6d7d-5683-beba-4ee677f39807,2f953cc5-fd17-5fbc-a3b5-098a7395265b,C- 07 Wonthon Soup,Chinese Soup
ce4d6aa5-a6d0-5f84-ac4b-f122a44fac95,2f953cc5-fd17-5fbc-a3b5-098a7395265b,C- 08 Chicken Corn Soup,Chinese Soup
bbec2d23-5a02-5f2d-a948-4af016404c1c,2f953cc5-fd17-5fbc-a3b5-098a7395265b,C- 09 Special Thai Soup With Mushroom,Chinese Soup
aaa48cd7-fd79-519b-953b-81802216c7ef,2f953cc5-fd17-5fbc-a3b5-098a7395265b,T-02 Cream of Mashroom Soup,Thai Soup
25477f49-95a1-522c-872d-cc65e80b1dcf,2f953cc5-fd17-5fbc-a3b5-098a7395265b,T-06 Sea Food Clear Soup,Thai Soup
c89e6461-5177-5dd3-ae16-fbeb6b4aab61,2f953cc5-fd17-5fbc-a3b5-098a7395265b,T-07 Steam Chicken Soup,Thai Soup
21310358-ac71-5e84-8145-f0a7df5b47df,2f953cc5-fd17-5fbc-a3b5-098a7395265b,"T-01 Tom Yam-gai, Goong",Thai Soup
155fe247-3445-5391-a9cd-3c382f8c807c,2f953cc5-fd17-5fbc-a3b5-098a7395265b,T-03 Tom Kha Thale,Thai Soup
1a80bcc5-0e9d-599c-94ab-89b88f3004bf,2f953cc5-fd17-5fbc-a3b5-098a7395265b,T-04 Tom Yam Goong Yai,Thai Soup
89717f1a-3a28-5615-835e-8793a71e03cf,2f953cc5-fd17-5fbc-a3b5-098a7395265b,S-01 Sze-chuan Salad With Cashew - Nut,Salad
ba77850a-fa06-5fe6-a079-95225d4bf693,2f953cc5-fd17-5fbc-a3b5-098a7395265b,S-02 Chicken Prawn Cashew- Nut Salad,Salad
479c5dc6-4d72-51ee-b69c-f6005860e2ab,2f953cc5-fd17-5fbc-a3b5-098a7395265b,S-03 Prawn Papaya Salad,Salad
d039360b-b250-5df5-a5ed-2b390096ddc6,2f953cc5-fd17-5fbc-a3b5-098a7395265b,S-04 Larb Gai,Salad
9757257d-6657-58e1-bc25-9b24d7940f2d,2f953cc5-fd17-5fbc-a3b5-098a7395265b,S-06 Chicken & Prawn Salad,Salad
40a8a4ca-82d3-5cb8-94e9-6943b8568a47,2f953cc5-fd17-5fbc-a3b5-098a7395265b,S-07 Mixed Sea Food Salad,Salad
948de5ad-91b7-5f65-bb3c-3babffd9b13b,2f953cc5-fd17-5fbc-a3b5-098a7395265b,S-08 Honey Mustard Chicken Salad,Salad
8d8a8648-448f-5e1d-8c72-44bf526bc580,2f953cc5-fd17-5fbc-a3b5-098a7395265b,S-09 Crab Salad,Salad
3decf68f-1613-5705-8c6f-960f28c09f12,2f953cc5-fd17-5fbc-a3b5-098a7395265b,S-10 Green Salad,Salad
75ddaf75-36ca-5388-8367-f77b71729420,2f953cc5-fd17-5fbc-a3b5-098a7395265b,S-12 Thai Mixed Mushroom Salad,Salad
573dff39-ae45-5232-b625-58eeae0ea1e3,2f953cc5-fd17-5fbc-a3b5-098a7395265b,S-05 Yan Neau Yang,Salad
51d7163f-e2c5-5f14-8f74-be32c422c9a1,2f953cc5-fd17-5fbc-a3b5-098a7395265b,S-11 Yan Gai Yang,Salad
d3ba6355-b223-5a6a-96b7-2313262fcc23,2f953cc5-fd17-5fbc-a3b5-098a7395265b,T-38 Chilis Special Vegetable,Vegetable
629313b5-b5fc-51d0-b9e5-4f54025a70da,2f953cc5-fd17-5fbc-a3b5-098a7395265b,C-42 Chicken Vegetable,Vegetable
ffc53635-95e9-58b7-8f1e-ded6ff85ac58,2f953cc5-fd17-5fbc-a3b5-098a7395265b,SP - 21 Pla Neung Pad Prik Manad,Seafood
b63f3c4d-7fc5-58d1-b8b0-8e7f9135e70a,2f953cc5-fd17-5fbc-a3b5-098a7395265b,SP - 23 Grilled Fish,Seafood
bc230542-083f-509e-a4bb-5154ab30bd9a,2f953cc5-fd17-5fbc-a3b5-098a7395265b,SP - 28 Squid Chilli Onion,Seafood
fa04c9b4-5985-51c1-bb75-a7e13d3213cc,2f953cc5-fd17-5fbc-a3b5-098a7395265b,SP - 05 Chicken Dumpling,Dumpling
a0e7269e-0358-5fbe-bd7f-99553c4abee4,2f953cc5-fd17-5fbc-a3b5-098a7395265b,SP - 01 Har Gow Prawn Dumpling,Dumpling
154c08a0-a22e-5097-8f7b-5279fd6d9221,2f953cc5-fd17-5fbc-a3b5-098a7395265b,SP - 02 Chicken Siu Mai Dumpling,Dumpling
3e302bd1-2cda-5e6b-a7ae-c4ead0a34173,2f953cc5-fd17-5fbc-a3b5-098a7395265b,SP - 03 Prawn Siu Mai Dumpling,Dumpling
9a5a3ccc-c7be-5441-b5ae-8e0ca21d413b,2f953cc5-fd17-5fbc-a3b5-098a7395265b,SP - 04 Beef Siu Mai Dumpling,Dumpling
0093df7d-fa8c-5d8d-8aac-cdbdb5acc376,2f953cc5-fd17-5fbc-a3b5-098a7395265b,SP - 06 Chilis Special Dim Sum Dumpling,Dumpling
0d92fff1-7809-52c8-9bac-386d3f193e10,2f953cc5-fd17-5fbc-a3b5-098a7395265b,SP - 07 Beef Basil Dumpling,Dumpling
03fc6010-db8d-56dd-a7a8-b4a7e93f9bfd,2f953cc5-fd17-5fbc-a3b5-098a7395265b,SP - 08 Crab & Sweet Corn Dumpling,Dumpling
7f8b9833-1683-5c91-b5d0-86ac17e16dea,2f953cc5-fd17-5fbc-a3b5-098a7395265b,C- 63 Sze-chuan Chowmein,Chowmein
3322059d-7767-5dac-8718-3164c76c12fe,2f953cc5-fd17-5fbc-a3b5-098a7395265b,C- 64 Chicken Chowmein,Chowmein
1fa02741-58ed-5e9d-83b5-b760e01ad7c7,2f953cc5-fd17-5fbc-a3b5-098a7395265b,C- 65 Beef Chowmein,Chowmein
569bb76d-1765-582c-bb01-fc3ddffbfd89,2f953cc5-fd17-5fbc-a3b5-098a7395265b,C- 66 Prawn Chowmein,Chowmein
2504b08a-734e-5941-b5e5-3e6225c6d587,2f953cc5-fd17-5fbc-a3b5-098a7395265b,C- 67 Chinese Chop-suey,Chowmein
63e6503b-d446-5b97-a300-9f6be567056b,2f953cc5-fd17-5fbc-a3b5-098a7395265b,C- 68 American Chop-suey,Chowmein
9be6da09-ab54-5480-a617-f8fe14034881,2f953cc5-fd17-5fbc-a3b5-098a7395265b,C- 69 Mixed Chowmein,Chowmein
210d08a3-c5f0-5cda-ae4e-bbe8adf7da40,2f953cc5-fd17-5fbc-a3b5-098a7395265b,C- 70 Chilis Special Chowmein,Chowmein
dc34b781-8e07-5195-91d1-bc58a8069978,2f953cc5-fd17-5fbc-a3b5-098a7395265b,C- 62 Efu-chowmein,Chowmein
12aa53ab-fcec-57cc-a610-e43b508550d9,2f953cc5-fd17-5fbc-a3b5-098a7395265b,C-19 Fried Pomfret With Bar-B-Q Sauce,Fish
8b5a600d-465d-5ab4-a3e7-ae85118c6f19,2f953cc5-fd17-5fbc-a3b5-098a7395265b,C-22 Fish Masala,Fish
2e59d2ef-2b65-57de-9c5a-b998d63ba666,2f953cc5-fd17-5fbc-a3b5-098a7395265b,C-18 Mandarin Fish,Fish
1ba0120b-d198-5730-8aa9-532000c170f4,2f953cc5-fd17-5fbc-a3b5-098a7395265b,C-20 Burnt Garlic Fish With Seasonal Vegetable's,Fish
d1516c0b-118d-5db4-bfb4-f4a826bab6cc,2f953cc5-fd17-5fbc-a3b5-098a7395265b,C-21 Pan Fried Chilli Fish,Fish
38c6573a-a8c4-5042-af49-380d99b445c9,2f953cc5-fd17-5fbc-a3b5-098a7395265b,T-34 Neau Pad King,Beef
fa010793-2707-50ff-ad63-97827e98bbdc,2f953cc5-fd17-5fbc-a3b5-098a7395265b,T-35 Neau Kiew Waan,Beef
0131cd99-c3ff-51af-8a1f-97d45412e8f3,2f953cc5-fd17-5fbc-a3b5-098a7395265b,C- 36 Hunan Beef,Beef
afa6088e-6bb4-5dea-8e4a-496099302c21,2f953cc5-fd17-5fbc-a3b5-098a7395265b,C- 39 Beef Cumin,Beef
c011a769-6de9-575c-b0dd-c2fb95d72478,2f953cc5-fd17-5fbc-a3b5-098a7395265b,C- 48 Sizzling Chicken,Sizzling
edf87058-7671-55d0-9003-aaad7fc031c2,2f953cc5-fd17-5fbc-a3b5-098a7395265b,C- 49 Sizzling Beef,Sizzling
3da3b2c4-2edd-53c9-b2df-22e9e43e0a5f,2f953cc5-fd17-5fbc-a3b5-098a7395265b,C- 50 Sizzling Prawn,Sizzling
b59b493a-ef9b-56f0-977a-5667ecb90691,2f953cc5-fd17-5fbc-a3b5-098a7395265b,C- 51 Sizzling Fish,Sizzling
aa972cf8-6cc8-5385-ae73-abe1d29013c9,2f953cc5-fd17-5fbc-a3b5-098a7395265b,T-24 Thai Fried Chicken,Chicken Curry
18e497ca-e66c-5978-8fc2-dde02c081f94,2f953cc5-fd17-5fbc-a3b5-098a7395265b,T-25 Dry Red Chilli Chicken,Chicken Curry
442e2cd9-a320-5916-a1b9-2e076baea91c,2f953cc5-fd17-5fbc-a3b5-098a7395265b,T-26 Honey Grilled Lemon Chicken,Chicken Curry
6b9da7e7-ba83-57ee-8ede-4f8fd112c201,2f953cc5-fd17-5fbc-a3b5-098a7395265b,C-24 Chicken with Garlic Sauce,Chicken Curry
582a7c0c-e9f5-5c4d-bcc4-346e75ddc944,2f953cc5-fd17-5fbc-a3b5-098a7395265b,C-26 Chicken Chilli Dry,Chicken Curry
b7b6578f-caff-5fa5-93aa-26e31a822277,2f953cc5-fd17-5fbc-a3b5-098a7395265b,C-27 Fried Spring Chicken,Chicken Curry
18d4655c-6679-5d32-910d-1327b923b07a,2f953cc5-fd17-5fbc-a3b5-098a7395265b,T-20 Gai Pad King,Chicken Curry
06e01c98-7f22-5427-8341-7d26b37b33f7,2f953cc5-fd17-5fbc-a3b5-098a7395265b,T-21 Gai Pad Prew Waan,Chicken Curry
0cf9cac3-0df6-544f-bff2-243f8ece3b2b,2f953cc5-fd17-5fbc-a3b5-098a7395265b,T-22 Panang Gai,Chicken Curry
01cb3de2-d880-566f-8f48-6758db48d4b8,2f953cc5-fd17-5fbc-a3b5-098a7395265b,T-23 Chicken Green Curry,Chicken Curry
b66f4587-e64d-57c9-9772-9eafa22628ea,2f953cc5-fd17-5fbc-a3b5-098a7395265b,C-23 Peking Chicken Boneless,Chicken Curry
fa723d33-83a9-529e-8d98-23ad4a5e72d2,2f953cc5-fd17-5fbc-a3b5-098a7395265b,C-25 Bar-b-q Chicken Cury with Bone,Chicken Curry
d37ade0f-6a8f-5a4d-86a7-da476685c794,2f953cc5-fd17-5fbc-a3b5-098a7395265b,C-32 Orange Chicken,Chicken Curry
c59b68cf-5522-5b15-9bfe-ac889cbcd3d9,2f953cc5-fd17-5fbc-a3b5-098a7395265b,C-33 Mongolian Chicken,Chicken Curry
31079c33-39c2-5c94-a64f-e2b8a517a385,2f953cc5-fd17-5fbc-a3b5-098a7395265b,T- 28 Duck Chilli Paste,Duck Curry
40f4cf4b-aaaa-5bfd-884a-66d73bf4c1ad,fc552b48-fc82-5b9f-be72-dc310d8948d9,Dal Multani Soup,Soup
fe8834cd-7cca-5c68-ba2d-a9210c0e84e4,fc552b48-fc82-5b9f-be72-dc310d8948d9,Kashmiri Gost Yakni Soup,Soup
59fbed49-4331-5547-bf9c-3b9f3406d5f6,fc552b48-fc82-5b9f-be72-dc310d8948d9,Badam Soup,Soup
7694fcff-d3bc-58e3-9004-f11f1b0e066a,fc552b48-fc82-5b9f-be72-dc310d8948d9,Bakorkhani,Snacks
4021ac07-efc9-5768-8034-b1d3daa85c68,fc552b48-fc82-5b9f-be72-dc310d8948d9,Beef Nalli Nihari,Snacks
b82c2eba-2c80-5a87-ab6b-852e6d004ad7,fc552b48-fc82-5b9f-be72-dc310d8948d9,Beef Gosht Nihari,Snacks
a0b207fc-27b2-5092-899e-2d06b0e09cf0,fc552b48-fc82-5b9f-be72-dc310d8948d9,Butter Naan,Naan & Paratha
1937f66d-1908-5628-91c1-608d8b9868d1,fc552b48-fc82-5b9f-be72-dc310d8948d9,Garlic Naan,Naan & Paratha
6d31c72c-6062-54d8-b6ef-5c9af5f8e172,fc552b48-fc82-5b9f-be72-dc310d8948d9,Staffed Naan,Naan & Paratha
abbfbea4-2eff-5a15-b29c-f9f76b89ecfe,fc552b48-fc82-5b9f-be72-dc310d8948d9,Cheese Naan,Naan & Paratha
078071f5-e110-58a0-ad8a-ab11593e9936,fc552b48-fc82-5b9f-be72-dc310d8948d9,Alu Paratha,Naan & Paratha
d298fb3f-bdfc-5e0e-8ccc-e89bc71ccf14,fc552b48-fc82-5b9f-be72-dc310d8948d9,Laccha Paratha,Naan & Paratha
c37f013c-b7f8-51f9-8482-54ce37b6392d,fc552b48-fc82-5b9f-be72-dc310d8948d9,Safron Sesami Naan,Naan & Paratha
9898a9d5-9bfc-5d67-9987-64b087bda5ae,fc552b48-fc82-5b9f-be72-dc310d8948d9,Staffing Dry Fruit Naan,Naan & Paratha
00869b76-e882-5c35-b9a3-6fd14bcb6968,fc552b48-fc82-5b9f-be72-dc310d8948d9,Staffed Kulcha,Naan & Paratha
b2790903-2b91-578a-aa2f-f6723f81228e,fc552b48-fc82-5b9f-be72-dc310d8948d9,Mutton Gosht Sheek,Kashmiri Kebab
feb26fcc-92a2-575d-8274-ace83f681df1,fc552b48-fc82-5b9f-be72-dc310d8948d9,Tandori Pomfret,Kashmiri Kebab
b0470900-37a1-5f83-ba40-14ff7e1ada5a,fc552b48-fc82-5b9f-be72-dc310d8948d9,Tabak Maaz,Kashmiri Kebab
99a5cc31-0e19-5804-87d1-44fe632cc6c0,fc552b48-fc82-5b9f-be72-dc310d8948d9,Chicken Dudhia,Kashmiri Kebab
99821aec-d701-5ef3-8453-4f6841b2a379,fc552b48-fc82-5b9f-be72-dc310d8948d9,Chicken Kanti,Kashmiri Kebab
f27901ea-6581-57ae-b126-05870b9de2b0,fc552b48-fc82-5b9f-be72-dc310d8948d9,Beef Kanti,Kashmiri Kebab
20c31ad5-c77f-552f-b243-76a225e763be,fc552b48-fc82-5b9f-be72-dc310d8948d9,Fish Frahi,Kashmiri Kebab
ca61f92c-0d72-5015-a71a-1d7a621500af,fc552b48-fc82-5b9f-be72-dc310d8948d9,Paneer Zafrani Tikka,Kashmiri Kebab
51ef89ba-c2f1-5019-917d-6de97227b9e4,fc552b48-fc82-5b9f-be72-dc310d8948d9,Mutton Galawati Kebab,Lucknow Kebab
d4c8b992-08ef-54a0-900a-0cb97f0a11ef,fc552b48-fc82-5b9f-be72-dc310d8948d9,Chicken Tikka Angara Kebab,Lucknow Kebab
e2287028-80c0-5059-9ec0-6c45ec6d0c1c,fc552b48-fc82-5b9f-be72-dc310d8948d9,Chicken Chandni Kebab,Lucknow Kebab
c6ea4d43-2d85-57bc-b16b-5e6545be5b21,fc552b48-fc82-5b9f-be72-dc310d8948d9,Chicken Karawali Tikka,Lucknow Kebab
3d7efb88-541f-5786-90a9-fba8ae2a2723,fc552b48-fc82-5b9f-be72-dc310d8948d9,Nawabi Chicken Sheek Kebab,Lucknow Kebab
4635a32e-6ece-58ce-9065-67f67241e985,fc552b48-fc82-5b9f-be72-dc310d8948d9,Beef Chapli Kebab,Lucknow Kebab
78d840cb-b13e-5ae8-a2d2-aea445c07734,fc552b48-fc82-5b9f-be72-dc310d8948d9,Chicken Rasuni Kebab,Lucknow Kebab
fe3f00f6-fc79-54a3-b024-12f1d5546991,fc552b48-fc82-5b9f-be72-dc310d8948d9,Chicken Barrha,Lucknow Kebab
5525c8c8-b432-525a-921d-2ebe084deb34,fc552b48-fc82-5b9f-be72-dc310d8948d9,Zafrani Prawn,Lucknow Kebab
5c8ff2da-d261-5147-aa97-432f0dd842e8,fc552b48-fc82-5b9f-be72-dc310d8948d9,Tandori Fish Tikka,Lucknow Kebab
9d93740e-5fc9-5d66-81ee-b808336b8f17,fc552b48-fc82-5b9f-be72-dc310d8948d9,Paneer Tikka Angara,Lucknow Kebab
74549d95-1368-5e85-84f7-7cafb5ae4b4a,fc552b48-fc82-5b9f-be72-dc310d8948d9,Chicken Sada Korma,Kashmiri Curry
15738144-4ccb-5445-b2d6-425b348453fc,fc552b48-fc82-5b9f-be72-dc310d8948d9,Chicken Daniwal Korma,Kashmiri Curry
6d52a80f-a9c6-5648-b118-e9c1be74331e,fc552b48-fc82-5b9f-be72-dc310d8948d9,Dum Chicken,Kashmiri Curry
9c279426-07a6-5b86-bc3a-9f33327d1226,fc552b48-fc82-5b9f-be72-dc310d8948d9,Chicken Mirch Korma,Kashmiri Curry
b924533c-7ac1-5392-9b03-79114e54b53d,fc552b48-fc82-5b9f-be72-dc310d8948d9,Chicken Badami Korma,Kashmiri Curry
760c4a44-19c8-5cb1-a9d6-96aabddf2020,fc552b48-fc82-5b9f-be72-dc310d8948d9,Mutton Marchewagan Korma,Kashmiri Curry
85f13f4f-4dd6-5cf9-b273-fb261a7828cc,fc552b48-fc82-5b9f-be72-dc310d8948d9,Mutton Daniwal Korma,Kashmiri Curry
5e36e325-af5e-54fa-b51c-d939074264ca,fc552b48-fc82-5b9f-be72-dc310d8948d9,Mutton Aaab Gost,Kashmiri Curry
c62c5f4a-e7da-595b-99c6-2c2120391b36,fc552b48-fc82-5b9f-be72-dc310d8948d9,Beef Korma,Kashmiri Curry
8096fc97-69b6-54f6-b625-42f4014a8bee,fc552b48-fc82-5b9f-be72-dc310d8948d9,Prawn Masala,Kashmiri Curry
ed34206a-abe1-5306-814a-af8ab450f970,fc552b48-fc82-5b9f-be72-dc310d8948d9,Dal Makhani,Kashmiri Curry
9a3dbb90-4893-5c73-8df8-23caed044b75,fc552b48-fc82-5b9f-be72-dc310d8948d9,Alur Dum,Kashmiri Curry
0c295365-a5e7-5659-967d-d477d9b3a314,fc552b48-fc82-5b9f-be72-dc310d8948d9,Mutton Rara Gosht,Kashmiri Curry
3ea17bbc-e43e-504d-9d6a-482ea8e403d4,fc552b48-fc82-5b9f-be72-dc310d8948d9,Mutton Haak Wala,Kashmiri Curry
874ba1ba-3463-592d-af4c-1012bf758c7a,fc552b48-fc82-5b9f-be72-dc310d8948d9,Beef Keema Muttar,Kashmiri Curry
50384ab1-067e-5bc1-84d2-5c866255cc33,fc552b48-fc82-5b9f-be72-dc310d8948d9,Beef Rogani,Kashmiri Curry
806f6696-343f-51fd-910b-c530ab22fa63,fc552b48-fc82-5b9f-be72-dc310d8948d9,Tomato Fish,Kashmiri Curry
6d01d663-b72f-537b-9749-a20bf5627ece,fc552b48-fc82-5b9f-be72-dc310d8948d9,Pomfret Curry,Kashmiri Curry
421145ff-8b30-57fd-abd5-4741066f9a05,fc552b48-fc82-5b9f-be72-dc310d8948d9,Fish Haak Gaad,Kashmiri Curry
565f90d1-edf0-5242-991f-89a24e4f71eb,fc552b48-fc82-5b9f-be72-dc310d8948d9,Paneer Zafrani,Kashmiri Curry
52e24592-46be-5089-9521-05d789de0503,fc552b48-fc82-5b9f-be72-dc310d8948d9,Mutter Paneer,Kashmiri Curry
78c75f42-efe4-5fbd-bf49-d6e9b1d0f5dd,fc552b48-fc82-5b9f-be72-dc310d8948d9,Mushroom Korma,Kashmiri Curry
ffdab156-c5c6-5875-8217-3562eb9304d1,fc552b48-fc82-5b9f-be72-dc310d8948d9,Zafrani Gucchi,Kashmiri Curry
8b42067b-c8c4-54a4-a77a-f76260d7a0dc,fc552b48-fc82-5b9f-be72-dc310d8948d9,Haak,Kashmiri Curry
12812ae0-c7dc-5afd-8726-daac9c2ef4ae,fc552b48-fc82-5b9f-be72-dc310d8948d9,Butter Chicken,Lucknow Curry
f4e0e0e2-76fd-54ea-8b06-8124daeeafad,fc552b48-fc82-5b9f-be72-dc310d8948d9,Chicken Karahi,Lucknow Curry
c405264a-007f-5b7c-b295-8c3de3fd3f36,fc552b48-fc82-5b9f-be72-dc310d8948d9,Mutton Dopiaza,Lucknow Curry
b41e60f4-fcc9-55d8-af28-2da925b039a6,fc552b48-fc82-5b9f-be72-dc310d8948d9,Mutton Daal Gosht,Lucknow Curry
89de4753-c86d-57bf-a902-e77afa6b4354,fc552b48-fc82-5b9f-be72-dc310d8948d9,Kadai Paneer,Lucknow Curry
4082bb2a-8e93-5614-8e47-9281983667b5,fc552b48-fc82-5b9f-be72-dc310d8948d9,Paneer Makhani,Lucknow Curry
40eff63e-030f-5dec-8a52-406410347714,fc552b48-fc82-5b9f-be72-dc310d8948d9,Paneer Butter Masala,Lucknow Curry
640cca5f-52e2-5c4a-b2df-128bf86cb17a,fc552b48-fc82-5b9f-be72-dc310d8948d9,Chicken Labadar,Lucknow Curry
18be6a2e-e31b-50bd-8c00-cdb273f654bf,fc552b48-fc82-5b9f-be72-dc310d8948d9,Afgani Murg,Lucknow Curry
46d379b3-94a5-5669-ad96-f5cba65912db,fc552b48-fc82-5b9f-be72-dc310d8948d9,Awadi Murg Masala,Lucknow Curry
92f58f2a-e7d8-5992-8136-b7f192502276,fc552b48-fc82-5b9f-be72-dc310d8948d9,Murg Awdhi Korma,Lucknow Curry
02b8d431-e3c0-5c85-9650-2ce5c983865f,fc552b48-fc82-5b9f-be72-dc310d8948d9,Mutton Dum Ka Gosth,Lucknow Curry
8e2eb5b3-9174-5698-b3a2-92dcc324fa82,fc552b48-fc82-5b9f-be72-dc310d8948d9,Daal Sultani,Lucknow Curry
2dc6e24b-bad6-5837-9c04-188b22989ace,fc552b48-fc82-5b9f-be72-dc310d8948d9,Mutton Rogan Josh,Curry
5f10c705-3f7f-5684-b112-d4516b790322,fc552b48-fc82-5b9f-be72-dc310d8948d9,Beef Namkeem Gosht,Curry
62fcb0f4-8bbc-5fa2-8bcf-8f24e15367b5,fc552b48-fc82-5b9f-be72-dc310d8948d9,Beef Yakhni,Curry
32786a39-39e5-5215-ba5a-8ef731d760b2,fc552b48-fc82-5b9f-be72-dc310d8948d9,Chicken Yakhni,Curry
acd944c0-63a9-5a13-b53d-fee183c85e3e,fc552b48-fc82-5b9f-be72-dc310d8948d9,Mutton Rishta,Curry
05794470-a06f-51bd-bbbb-7044bbbd532b,fc552b48-fc82-5b9f-be72-dc310d8948d9,Mutton Gushtaba,Curry
25f8706c-07e1-5196-8b0e-b9fbdd9e6a10,fc552b48-fc82-5b9f-be72-dc310d8948d9,Mutton Harisa,Curry
e0bd9f48-94f6-574c-b826-2cc061d6c399,fc552b48-fc82-5b9f-be72-dc310d8948d9,Chicken Dum Masala Biryani,Rice
2b9abd91-2b94-539c-adfe-c5d8fc00fcb0,fc552b48-fc82-5b9f-be72-dc310d8948d9,Kabuli Beef Polao,Rice
efd3f8f4-3362-5209-ad52-898dda939b00,fc552b48-fc82-5b9f-be72-dc310d8948d9,Jeera Rice,Rice
48dda81d-294e-5a06-b36f-1e8bb88af5e7,fc552b48-fc82-5b9f-be72-dc310d8948d9,Plain Rice,Rice
6c0fa407-25b5-5020-85fb-aeb91ae5b9fa,fc552b48-fc82-5b9f-be72-dc310d8948d9,Chicken Jahangiri Biryani,Rice
07953609-2fd8-5d8e-af37-93f04bc13bfd,fc552b48-fc82-5b9f-be72-dc310d8948d9,Kashmiri Polao,Rice
dd0b1f9e-4fdb-5cf4-8deb-cf6ffaefaa31,fc552b48-fc82-5b9f-be72-dc310d8948d9,Mutton Yakhni Polao,Rice
8005a002-1903-571e-a343-fe74f9ee626e,fc552b48-fc82-5b9f-be72-dc310d8948d9,Guechi Ki Polao,Rice
0e747096-f84e-5362-9192-c39a03eb9a07,fc552b48-fc82-5b9f-be72-dc310d8948d9,Kashmiri Mutter Polao,Rice
b99cfbbb-c0d1-5ddf-b048-9bacd31aa93f,fc552b48-fc82-5b9f-be72-dc310d8948d9,Waza Celebration Thali,Platter
c9b00780-2666-590f-b63b-e11a29750b4a,fc552b48-fc82-5b9f-be72-dc310d8948d9,Kashmiri Kebab Platter,Platter
0e60e7a2-ceaa-51f5-9bfb-1596304e6e93,fc552b48-fc82-5b9f-be72-dc310d8948d9,Lucknow Kebab Platter,Platter
276d1617-550a-5a5d-a6ae-fa2a631b42ff,fc552b48-fc82-5b9f-be72-dc310d8948d9,Shahi Tukra,Dessert
f2e6ca50-530c-58e5-8d64-20402256cc82,fc552b48-fc82-5b9f-be72-dc310d8948d9,Gajorer Halwa,Dessert
9fdc31cb-960b-5bf1-9d39-e8a6c38284a1,fc552b48-fc82-5b9f-be72-dc310d8948d9,Sheer Korma,Dessert
0be231d4-e9e4-5a1a-8af8-b1954a57b357,fc552b48-fc82-5b9f-be72-dc310d8948d9,Supta,Dessert
aa5649ab-23ab-5123-b4c0-6935024f5a8d,8cfcfcbc-4e20-59ea-b0c3-a18b21e3eb77,Koral Fish Finger,Modern Dishes
76f71bc7-38e1-57f4-a47b-d65bf444a5b8,8cfcfcbc-4e20-59ea-b0c3-a18b21e3eb77,Sauteed King Prawn with Soy Sauce,Seafood
1d0ea507-426b-57b6-9c88-cee5f3b2f390,8cfcfcbc-4e20-59ea-b0c3-a18b21e3eb77,Mid - Cut Steam Prawn with Garlic Sauce,Seafood
49d16546-8930-5fe2-a887-668498d09031,8cfcfcbc-4e20-59ea-b0c3-a18b21e3eb77,Prawn with Garlic Sauce,Seafood
00c289d7-d271-5827-b847-6b946dbebcac,8cfcfcbc-4e20-59ea-b0c3-a18b21e3eb77,Steamed Lemon Koral Fish with Soy Sauce,Seafood
657236ea-fdba-5591-8638-4eb888ebe326,8cfcfcbc-4e20-59ea-b0c3-a18b21e3eb77,Fried Koral Fish with Black Bean Sauce,Seafood
adfc5de8-00f4-547b-b00b-50e11e722747,8cfcfcbc-4e20-59ea-b0c3-a18b21e3eb77,Sweet & Sour Koral Fish,Seafood
0ec62600-8539-5026-a64c-1e977bea150e,8cfcfcbc-4e20-59ea-b0c3-a18b21e3eb77,Steamed Koral Fish with Black Bean Sauce,Seafood
7e0472bc-0efd-5db2-af7d-0598b8929702,8cfcfcbc-4e20-59ea-b0c3-a18b21e3eb77,Sweet & Sour Prawn,Seafood
168f308e-7d85-530f-be13-4ab9f0ffb2ce,8cfcfcbc-4e20-59ea-b0c3-a18b21e3eb77,Plain Fried Rice Noodles,Noodles & Dumpling
e6a58408-e951-512b-aeaa-07dc116f11d1,8cfcfcbc-4e20-59ea-b0c3-a18b21e3eb77,Fried Rice Noodles with Soy Sauce,Noodles & Dumpling
d1662210-c8f4-51f3-a51a-4fcc06400215,8cfcfcbc-4e20-59ea-b0c3-a18b21e3eb77,Beef with Rice Noodles,Noodles & Dumpling
7f1a30c4-55ff-59dd-8331-1494f12035d9,8cfcfcbc-4e20-59ea-b0c3-a18b21e3eb77,Rice-Flour Noodles Soup,Noodles & Dumpling
f390917a-9a84-5f6c-8c65-f9e1d136b25b,8cfcfcbc-4e20-59ea-b0c3-a18b21e3eb77,Rice Noodles Soup,Noodles & Dumpling
5c557ba5-6216-5cdc-a5a1-b4aa8a7d4901,8cfcfcbc-4e20-59ea-b0c3-a18b21e3eb77,Flour Noodles Soup,Noodles & Dumpling
a5cfe7c2-de84-5f01-8846-c3d930e51782,8cfcfcbc-4e20-59ea-b0c3-a18b21e3eb77,Vegetables with Noodles Soup,Noodles & Dumpling
df7035e6-e0c0-5065-94a8-b1fd6523bbc1,8cfcfcbc-4e20-59ea-b0c3-a18b21e3eb77,Fried Prawn with Spicy Salted Pepper,Seafood
ac650633-4540-5261-b6b4-33d2972b1620,8cfcfcbc-4e20-59ea-b0c3-a18b21e3eb77,Beijing Dumpling - Beef,Noodles & Dumpling
7365113f-843b-5375-b9b5-5530722cb0e2,8cfcfcbc-4e20-59ea-b0c3-a18b21e3eb77,Chicken Fired Noodles,Noodles & Dumpling
603ed3be-9607-50bb-93a1-40df435c5f85,8cfcfcbc-4e20-59ea-b0c3-a18b21e3eb77,Beef Fried Noodles,Noodles & Dumpling
7d79040c-11f0-5602-bd66-22b0e0703339,8cfcfcbc-4e20-59ea-b0c3-a18b21e3eb77,Singapore Fried Rice Noodles,Noodles & Dumpling
10dfb906-c140-54cd-85f2-b3e8ccc744c2,8cfcfcbc-4e20-59ea-b0c3-a18b21e3eb77,Cheong Shing's' Special Fried Noodles,Noodles & Dumpling
7a1f7bbc-7505-5bf4-8d32-c930da684c54,8cfcfcbc-4e20-59ea-b0c3-a18b21e3eb77,Chicken with Rice Noodles,Noodles & Dumpling
d5d40350-94a2-5b4e-8cce-391092b959f4,8cfcfcbc-4e20-59ea-b0c3-a18b21e3eb77,Beijing Dumpling - Chicken,Noodles & Dumpling
6216f2f9-9282-53a6-85cc-1fc1a5d0d613,8cfcfcbc-4e20-59ea-b0c3-a18b21e3eb77,Fried Noodles with Soy Sauce,Noodles & Dumpling
efa6e912-90f4-5a1e-b8e7-cac7e5b13636,8cfcfcbc-4e20-59ea-b0c3-a18b21e3eb77,Seafood Soup with Bean Curd,Soup
cd3162cf-c76b-5bc7-b84b-a190195b7273,8cfcfcbc-4e20-59ea-b0c3-a18b21e3eb77,Hot & Sour Soup,Soup
02b59a77-5c9c-509c-ac5e-8b12db00fe58,8cfcfcbc-4e20-59ea-b0c3-a18b21e3eb77,Vegetable Seafood Soup,Soup
15f6ca85-d66e-56a1-b659-aad02ae0bf1d,8cfcfcbc-4e20-59ea-b0c3-a18b21e3eb77,Beijing Dumpling Soup,Soup
427ff3d2-c788-5928-91d3-7f84d5308f6b,8cfcfcbc-4e20-59ea-b0c3-a18b21e3eb77,Vegetable Chicken Soup,Soup
c2d1e301-629c-5dd6-a263-6748e14df5e3,8cfcfcbc-4e20-59ea-b0c3-a18b21e3eb77,House Special Food Hotpot,Clay Pot
43cdae60-99fb-5a3a-8c0d-01c415959027,8cfcfcbc-4e20-59ea-b0c3-a18b21e3eb77,Chicken Meat Hotpot,Clay Pot
009a8c64-111e-54f2-84a8-7a39f934a60c,8cfcfcbc-4e20-59ea-b0c3-a18b21e3eb77,Eggplant with Salted Fish Sauce Hotpot,Clay Pot
4bc4dee3-04ec-583a-b09a-dab79384af5f,8cfcfcbc-4e20-59ea-b0c3-a18b21e3eb77,Bitter Guard in Stuffed with Minced Fish,Special Cuisine
2853a800-14d2-5d60-a42b-13d6dc51c19b,8cfcfcbc-4e20-59ea-b0c3-a18b21e3eb77,Three BAO in Stuffed with Minced Fish,Special Cuisine
96966351-5ae9-5054-9285-0d46e9e2e2c1,8cfcfcbc-4e20-59ea-b0c3-a18b21e3eb77,Steamed Egg with Shrimp,Special Cuisine
59642c5d-e002-5f3a-a4ec-422a5850c119,8cfcfcbc-4e20-59ea-b0c3-a18b21e3eb77,Fried Egg with Bitter Gourd,Special Cuisine
787544e5-bf59-547b-a7df-6491d02780eb,8cfcfcbc-4e20-59ea-b0c3-a18b21e3eb77,Chili in Stuffed with Minced Fish,Special Cuisine
e9b0584e-8eee-5742-aa7d-5e13ce3c7f25,8cfcfcbc-4e20-59ea-b0c3-a18b21e3eb77,Steamed Egg with Salted Egg Preserved Egg,Special Cuisine
782f718f-dd37-56db-8e26-39266a8b7877,8cfcfcbc-4e20-59ea-b0c3-a18b21e3eb77,Scrambled Egg with Shrimp,Special Cuisine
995ad5d0-256c-5c4f-bb37-420bc756932a,8cfcfcbc-4e20-59ea-b0c3-a18b21e3eb77,Fried Egg with Tomato,Special Cuisine
ae853590-de2b-5f65-8461-31eb93777d3f,8cfcfcbc-4e20-59ea-b0c3-a18b21e3eb77,Beef with Green Cucumber,Beef
dc652c5e-ab71-5021-94ef-b3fd9920863a,8cfcfcbc-4e20-59ea-b0c3-a18b21e3eb77,Beef with Black Mushroom,Beef
13d422d8-877a-5023-adb4-6f1b7be3f159,8cfcfcbc-4e20-59ea-b0c3-a18b21e3eb77,Spicy Fried Beef,Beef
36aa54ad-c6b3-5c2c-9f7b-faf63485ee16,8cfcfcbc-4e20-59ea-b0c3-a18b21e3eb77,Fried Spicy Beef,Beef
fa614160-283c-5d98-8078-7f4942d57569,8cfcfcbc-4e20-59ea-b0c3-a18b21e3eb77,Sweet & Sour Chicken,Special Cuisine
0dddf087-8118-5361-92b6-5040d9845238,8cfcfcbc-4e20-59ea-b0c3-a18b21e3eb77,Salted Fish with Chicken & Bean Curd,Special Cuisine
6ea5b3ac-47d2-5f76-b7f2-3e968c43f5ec,8cfcfcbc-4e20-59ea-b0c3-a18b21e3eb77,Cook Shrimp with Bean Curd,Special Cuisine
becb5ece-9e8c-5cc9-bda4-4853a00746fb,8cfcfcbc-4e20-59ea-b0c3-a18b21e3eb77,Braised Bean Curd with Hot Spicy Sauce,Special Cuisine
6600e2f0-e195-54b3-b968-9161f4ee383e,8cfcfcbc-4e20-59ea-b0c3-a18b21e3eb77,Beef with Green Pepper,Beef
d944b8e4-f44e-5778-a427-c09b7f142f4d,8cfcfcbc-4e20-59ea-b0c3-a18b21e3eb77,Beef with Ginger Onion,Beef
39e2fbf8-c496-515b-ad75-d1cec5ff1d57,8cfcfcbc-4e20-59ea-b0c3-a18b21e3eb77,Beef with Vegetables,Beef
a9c5dcec-a55c-527b-974a-20fd2ab535bc,8cfcfcbc-4e20-59ea-b0c3-a18b21e3eb77,Beef with Chili Spicy,Beef
d0e94de3-432e-5657-a47b-9b10a29876d5,8cfcfcbc-4e20-59ea-b0c3-a18b21e3eb77,Beef with Bitter Gourd,Beef
b640d680-87be-5700-aed1-9ba920a07360,8cfcfcbc-4e20-59ea-b0c3-a18b21e3eb77,Beef with Tomato,Beef
d08bf2e5-4a5a-5e3f-80ef-1061774da6d8,8cfcfcbc-4e20-59ea-b0c3-a18b21e3eb77,Braised Beef with Eggplant,Beef
13dc5660-38ee-55c4-9e64-d6f7ff56b9d3,8cfcfcbc-4e20-59ea-b0c3-a18b21e3eb77,Beef with Poached Style,Beef
147ccd54-b3ca-5ed5-95e6-b6c7ba5824a8,8cfcfcbc-4e20-59ea-b0c3-a18b21e3eb77,Bokchoy Fried Vegetable with Garlic,Vegetables
d51b946b-4049-52f6-887a-8ad38b0d8b92,8cfcfcbc-4e20-59ea-b0c3-a18b21e3eb77,Stew Vegetable,Vegetables
fac2967d-903b-5f35-b29b-ff1fec11df05,8cfcfcbc-4e20-59ea-b0c3-a18b21e3eb77,Vegetables with Supreme Soup,Vegetables
8505ffce-7348-5c36-85fd-1139bb94321d,8cfcfcbc-4e20-59ea-b0c3-a18b21e3eb77,Vegetables with Oyster Sauce,Vegetables
db21a8a9-530d-5793-85f1-e8c7901fa923,8cfcfcbc-4e20-59ea-b0c3-a18b21e3eb77,Kangkong Fried Vegetable with Garlic & Mushroom,Vegetables
62fff766-575b-55fb-823f-d5fb7159f3ca,8cfcfcbc-4e20-59ea-b0c3-a18b21e3eb77,Bokchoy Fried Vegetable with Garlic & Mushroom,Vegetables
0f0d492e-cfdf-5e57-978e-e31a3b97a9b7,8cfcfcbc-4e20-59ea-b0c3-a18b21e3eb77,Steamed Eggplant with Garlic,Vegetables
5b0473d1-2b1e-5471-ae21-3262fca5031d,8cfcfcbc-4e20-59ea-b0c3-a18b21e3eb77,A Special Vegetarian Dish,Vegetables
114aad3a-26a5-561a-93f6-b5dd711cc594,8cfcfcbc-4e20-59ea-b0c3-a18b21e3eb77,Fried Rice with “Yeung Chow” Style,Rice
9ad5622e-1787-5684-b2d8-747decb64000,8cfcfcbc-4e20-59ea-b0c3-a18b21e3eb77,Fried Rice with Vegetable,Rice
1a8bc144-7296-5bed-a7e7-1ea97e0d2845,8cfcfcbc-4e20-59ea-b0c3-a18b21e3eb77,Fried Rice with Chicken,Rice
a6537137-fec3-5fa7-9b37-f7f0ad61cc0b,8cfcfcbc-4e20-59ea-b0c3-a18b21e3eb77,Fried Rice with Fujian Style,Rice
1d695bac-0520-5e6c-9c29-decd631b0e2f,8cfcfcbc-4e20-59ea-b0c3-a18b21e3eb77,Beef Fried Rice,Rice
aa71be62-26c3-50b1-8d6b-91fa51d88cb5,8cfcfcbc-4e20-59ea-b0c3-a18b21e3eb77,Steamed Rice,Rice
11265bcd-3e53-5a0e-b084-091033d9bdf3,8cfcfcbc-4e20-59ea-b0c3-a18b21e3eb77,Fried Rice with Egg,Rice
55b191df-9ab3-5f34-80a7-111d3ff6ce75,8cfcfcbc-4e20-59ea-b0c3-a18b21e3eb77,Mixed Fried Rice with Yellow Chow Style,Rice
82644523-8dfc-59bb-9168-5037ab3ac345,8cfcfcbc-4e20-59ea-b0c3-a18b21e3eb77,Salted Fish with Chicken Fried Rice,Rice
2fdbd9c9-661f-51bb-9114-6ad24cb4fe59,8cfcfcbc-4e20-59ea-b0c3-a18b21e3eb77,Minced Fish with Vegetables,Special Cuisine
88ea3546-c66a-5a7c-a1eb-f684b1cbc0d7,8cfcfcbc-4e20-59ea-b0c3-a18b21e3eb77,Mixed Seafood,Special Cuisine
2666b7f7-a24c-5195-8b10-c1ac86f56ded,8cfcfcbc-4e20-59ea-b0c3-a18b21e3eb77,Squid with Black Bean Sauce,Special Cuisine
1d081ffe-f136-5a76-aef7-6da5f796ec00,8cfcfcbc-4e20-59ea-b0c3-a18b21e3eb77,Chicken with Lemon Sauce,Special Cuisine
97e378c0-24d4-5adb-bfb3-7e0aed5fab78,8cfcfcbc-4e20-59ea-b0c3-a18b21e3eb77,Vegetables Prawn with Cashew Nut,Special Cuisine
57a31197-6a50-5bc1-bb25-731362142f4b,8cfcfcbc-4e20-59ea-b0c3-a18b21e3eb77,Stir Fried Slice Potato,Special Cuisine
dc195e89-2721-5981-a253-87c988b921fb,8cfcfcbc-4e20-59ea-b0c3-a18b21e3eb77,Spicy Vegetable Chicken with Peanut,Special Cuisine
d562d40c-8898-5add-ba91-c2b461ff1d14,8cfcfcbc-4e20-59ea-b0c3-a18b21e3eb77,Bean Curd in Stuffed with Minced Fish,Special Cuisine
b6e21357-8695-57f9-a080-5ea3b43b8a22,8cfcfcbc-4e20-59ea-b0c3-a18b21e3eb77,Corn with Cashew Nut,Special Cuisine
72dfb83e-adc3-500d-adde-80b7913abec6,8cfcfcbc-4e20-59ea-b0c3-a18b21e3eb77,Vegetables Chicken with Cashew Nut,Special Cuisine
e0dd54be-7a2a-5e46-9393-dd550108aa61,8cfcfcbc-4e20-59ea-b0c3-a18b21e3eb77,Fried Egg with Leek,Special Cuisine
66b869b8-ce6e-5f2e-a5dd-304f362cdcbc,8cfcfcbc-4e20-59ea-b0c3-a18b21e3eb77,Za-Chai Chicken,Special Cuisine
f6a67a72-49b9-5b44-937b-145700fb9d3b,8cfcfcbc-4e20-59ea-b0c3-a18b21e3eb77,Za-Chai Prawn,Special Cuisine
888b3ed0-4887-52f3-a752-f5f55ff3d26e,8cfcfcbc-4e20-59ea-b0c3-a18b21e3eb77,Za-Chai Beef,Special Cuisine
d717b84f-98c8-55cb-9571-ea4b486b656e,8cfcfcbc-4e20-59ea-b0c3-a18b21e3eb77,Stir Fried Spicy Chicken Liver & Gizzard,Special Cuisine
e94492b5-3b47-5904-8349-6e4c510407b2,8cfcfcbc-4e20-59ea-b0c3-a18b21e3eb77,Bean Sprout with Squid,Special Cuisine
dd35be13-e95f-520a-8812-695c34f2d415,8cfcfcbc-4e20-59ea-b0c3-a18b21e3eb77,Beef Soup with Egg White Hangzhou Style,Soup
759432bd-929f-56f2-8328-226df0239e13,8cfcfcbc-4e20-59ea-b0c3-a18b21e3eb77,Chicken Wonton Vegetable Soup,Soup
97158255-a00a-521c-836e-ab4a827c914d,8cfcfcbc-4e20-59ea-b0c3-a18b21e3eb77,Special Porridge,Soup
603131d3-4034-5856-a754-696ba30e5c35,8cfcfcbc-4e20-59ea-b0c3-a18b21e3eb77,Braised Duck with Special Sauce,Curry
845c9c3d-c36a-5d49-8106-81524a678dd9,8cfcfcbc-4e20-59ea-b0c3-a18b21e3eb77,Roasted Salted Duck,Curry
3cec7cff-6397-5613-9ce5-b8e34c4954e4,8cfcfcbc-4e20-59ea-b0c3-a18b21e3eb77,Assorted Duck,Curry
1ba524fe-41a6-57bf-8003-7ea51baee42e,8cfcfcbc-4e20-59ea-b0c3-a18b21e3eb77,Special Chicken,Curry
71ca8f99-41b3-5443-b4d7-b59468123d15,8cfcfcbc-4e20-59ea-b0c3-a18b21e3eb77,Duck with Curry Sauce,Curry
9fef4585-7dca-5cb6-bd58-0b1de408855b,8cfcfcbc-4e20-59ea-b0c3-a18b21e3eb77,Chicken with Curry Sauce,Curry
e0517617-bae0-52ee-9b0f-356cc8e65bef,8cfcfcbc-4e20-59ea-b0c3-a18b21e3eb77,Mixed Vegetables,Vegetables
d473278d-b372-5c9d-8d67-241b5804cead,8cfcfcbc-4e20-59ea-b0c3-a18b21e3eb77,Kangkong Fried Vegetable with Garlic,Vegetables
c31de046-c10c-5e53-86b8-754b77c5467b,8cfcfcbc-4e20-59ea-b0c3-a18b21e3eb77,Steamed Chicken with Mushroom,Curry
972e596a-3823-550b-908c-87efd3195e93,8cfcfcbc-4e20-59ea-b0c3-a18b21e3eb77,Boiled Plain Chicken with Ginger Sauce,Curry
c2416afc-dbb6-5148-bb73-9b33ce7732ee,8cfcfcbc-4e20-59ea-b0c3-a18b21e3eb77,Salted Chicken with Ginger Sauce,Curry
ab48cda4-4de9-58c5-b8ec-a689b3e221e5,8cfcfcbc-4e20-59ea-b0c3-a18b21e3eb77,Chicken with Soy Sauce,Curry
b2699633-917f-591f-bc53-1c7b3cc497db,8cfcfcbc-4e20-59ea-b0c3-a18b21e3eb77,Roasted Salted Chicken,Curry
7e22e8ee-27c9-518b-8764-ae04311f59aa,8cfcfcbc-4e20-59ea-b0c3-a18b21e3eb77,Fried Spicy Chicken,Curry
799d6a22-d97b-53be-8132-a152b2d06f66,8cfcfcbc-4e20-59ea-b0c3-a18b21e3eb77,Dry Garlic Fired Chicken,Curry
e2eb58b6-5505-5863-be59-367f7f2b7eb9,8cfcfcbc-4e20-59ea-b0c3-a18b21e3eb77,Fried Salted Duck,Curry
318d53ea-b003-5044-a2ce-6e4eede1528a,8cfcfcbc-4e20-59ea-b0c3-a18b21e3eb77,Beef Flank Radish Hotpot,Clay Pot
e2e120cb-da8e-50f4-807c-8ef0533abd05,8cfcfcbc-4e20-59ea-b0c3-a18b21e3eb77,Fish Ball Curry Hotpot,Clay Pot
d1e32db6-eed6-5664-b1ae-210fcb2de174,8cfcfcbc-4e20-59ea-b0c3-a18b21e3eb77,Beef Flank Curry Hotpot,Clay Pot
a934044e-c70b-5c4c-9a05-6a3e067531d9,8cfcfcbc-4e20-59ea-b0c3-a18b21e3eb77,Minced Fish with Bean Curd Hotpot,Clay Pot
a3fc2ddb-eb8e-566b-8bf5-0acbf327583d,8cfcfcbc-4e20-59ea-b0c3-a18b21e3eb77,Seafood with Silver Noodles Hotpot,Clay Pot
f439f9a3-8bb6-55de-87d0-284c7e599f91,8cfcfcbc-4e20-59ea-b0c3-a18b21e3eb77,Silver Noodles with Fried Egg Hotpot,Clay Pot
2c9b715c-af16-5e30-9116-24797b815866,8cfcfcbc-4e20-59ea-b0c3-a18b21e3eb77,BBQ Chicken,Curry
c0d6dd45-e627-56a4-870e-db11cd5a6b5d,8cfcfcbc-4e20-59ea-b0c3-a18b21e3eb77,Deep Fried Crispy Chicken,Curry
868815a8-8155-53c9-a4df-67319d7138a4,8cfcfcbc-4e20-59ea-b0c3-a18b21e3eb77,Rich & Honored Prawn,Seafood
bff51ca5-71df-5105-a780-0764d1765c82,8cfcfcbc-4e20-59ea-b0c3-a18b21e3eb77,Prawn with Tomato Sauce,Seafood
d4ea14ef-54f6-5f3e-847b-2c037cf3b6a5,8cfcfcbc-4e20-59ea-b0c3-a18b21e3eb77,Braised Koral Fish with Tomato,Seafood
b5b4696f-4272-543d-8909-c4b19958abd9,8cfcfcbc-4e20-59ea-b0c3-a18b21e3eb77,Deep Fried Buttered Prawn,Seafood
297b56ad-1f06-52f8-9534-b21f33ff4211,8cfcfcbc-4e20-59ea-b0c3-a18b21e3eb77,Steamed Koral Fish with Chili Oil,Seafood
f13d7b5d-dd8f-5393-9758-1d489fca2d46,8cfcfcbc-4e20-59ea-b0c3-a18b21e3eb77,Cucumber with Chili Sauce & Sugar,Appetizer
d589d633-a635-5fd4-b8c9-169787e913c5,8cfcfcbc-4e20-59ea-b0c3-a18b21e3eb77,Hot & Spicy Beef,Appetizer
856cee98-1091-57cb-be9d-370d6cc841a4,8cfcfcbc-4e20-59ea-b0c3-a18b21e3eb77,Peanut Salad,Appetizer
1b3ec3b5-7790-5c12-b98b-4fe475a5c46a,8cfcfcbc-4e20-59ea-b0c3-a18b21e3eb77,Vegetable Green Salad,Appetizer
e76b01fa-1a7b-5e46-af35-09e76539a930,8cfcfcbc-4e20-59ea-b0c3-a18b21e3eb77,Vegetable Soup with Egg,Soup
862d0de1-e0c7-5e29-af65-fa0d8bdfecbc,8cfcfcbc-4e20-59ea-b0c3-a18b21e3eb77,Laver Soup with Egg,Soup
cbfc0de0-037e-5a8e-b22a-1fd728a82cad,8cfcfcbc-4e20-59ea-b0c3-a18b21e3eb77,Chicken Corn Soup,Soup
8647da01-3d4a-5f89-b32d-19c49382a049,8cfcfcbc-4e20-59ea-b0c3-a18b21e3eb77,Fresh Fish Soup with Bean Curd,Soup
b8207157-1f7e-58fb-acc7-88feeb1e0786,8cfcfcbc-4e20-59ea-b0c3-a18b21e3eb77,Fried Fish Cake,Appetizer
f9473d96-aae1-5f0c-8504-acc9e852f8d4,8cfcfcbc-4e20-59ea-b0c3-a18b21e3eb77,French Fries,Appetizer
181385aa-f056-5589-8fe6-73e902789e77,8cfcfcbc-4e20-59ea-b0c3-a18b21e3eb77,Fried Chicken Wings,Appetizer
a8556917-8256-5614-9348-081b98bcd4f9,8cfcfcbc-4e20-59ea-b0c3-a18b21e3eb77,Salted Spicy Fried Squid (Calamari),Appetizer
63616065-8ac1-5cff-aea0-bcfa2e9b3b76,8cfcfcbc-4e20-59ea-b0c3-a18b21e3eb77,Hot & Spicy Slice Beef (Cold Beef),Appetizer
700c6c9c-eb77-5aa4-8ca5-b546ca4eae31,8cfcfcbc-4e20-59ea-b0c3-a18b21e3eb77,Deep Fried Prawn Wonton,Appetizer
5fe62ade-d775-5819-a889-099b0c3ec770,8cfcfcbc-4e20-59ea-b0c3-a18b21e3eb77,Fried Bean Card (Fried Tofu),Appetizer
f9b2e26b-fed4-5f07-b4e5-58c6d990090c,8cfcfcbc-4e20-59ea-b0c3-a18b21e3eb77,Three Kinds Silk Meat Noodles,Appetizer
d42bb355-3d1f-5ac9-a4a6-043f297cbbb5,8cfcfcbc-4e20-59ea-b0c3-a18b21e3eb77,Prawn Tempura,Modern Dishes
6d8adbb1-33a3-54b1-903b-4f2c8ee9dc90,8cfcfcbc-4e20-59ea-b0c3-a18b21e3eb77,Chicken Nuggets,Modern Dishes
c5f0adf3-76c1-5d32-bfc0-ad1f76d4accd,8cfcfcbc-4e20-59ea-b0c3-a18b21e3eb77,Spicy Fried Chicken,Modern Dishes
3f00059a-49ed-5393-b0f1-9b67a733fca3,8cfcfcbc-4e20-59ea-b0c3-a18b21e3eb77,Nasi Goreng,Modern Dishes
11f634c3-d49e-579a-81eb-f24d933984fa,8cfcfcbc-4e20-59ea-b0c3-a18b21e3eb77,Stir Fried Chicken Noodles,Modern Dishes
b0e6e1fa-df12-5732-9cb3-bf1edf4518f8,8cfcfcbc-4e20-59ea-b0c3-a18b21e3eb77,Stir Fried Beef Noodles,Modern Dishes
867a6d21-a67a-5fc7-adf8-268f30317f67,8cfcfcbc-4e20-59ea-b0c3-a18b21e3eb77,Deep Fried Chicken Wonton,Appetizer
74f08151-01d4-5cdf-9df6-3a636d0fb74a,8cfcfcbc-4e20-59ea-b0c3-a18b21e3eb77,Spring Roll,Appetizer
2a7afde6-496e-544c-a85c-712b1f133bd0,8cfcfcbc-4e20-59ea-b0c3-a18b21e3eb77,Fried Rice with Fujian Style,Popular
cd310271-52ff-58f7-a8ac-dfe0dce69507,8cfcfcbc-4e20-59ea-b0c3-a18b21e3eb77,Deep Fried Crispy Chicken,Popular
6f9f821b-0769-5397-984a-5613dcef2fce,8cfcfcbc-4e20-59ea-b0c3-a18b21e3eb77,Beef Fried Noodles,Popular
cdf67050-646e-5659-8cb7-a53810073423,8cfcfcbc-4e20-59ea-b0c3-a18b21e3eb77,Salted Spicy Fried Squid (Calamari),Popular
f9c49cc2-631a-53e6-bf13-a85666fe423b,8cfcfcbc-4e20-59ea-b0c3-a18b21e3eb77,Fried Rice with Chicken,Popular
8a8a48cc-65bf-5afb-85f0-6036e27e2038,8cfcfcbc-4e20-59ea-b0c3-a18b21e3eb77,Salted Chicken with Ginger Sauce,Popular
f3deb7b1-a7f3-5afe-9793-6b8c72986d92,3536b36c-7f93-5c01-b46e-a49d0cc441e2,Sweet & Sour Fish,Seafood
25e9090c-93a6-5818-afc9-ad09ad2a4d6c,3536b36c-7f93-5c01-b46e-a49d0cc441e2,Sweet & Sour Prawns,Seafood
ed8394b2-0b3b-5af4-ae45-e1ec800733e4,3536b36c-7f93-5c01-b46e-a49d0cc441e2,Papdi Chaat,Appetizer (Vegetarian)
274e2535-8c85-5446-bf3a-b3a6c19cf28c,3536b36c-7f93-5c01-b46e-a49d0cc441e2,Subzi Harra Bharra,Appetizer (Vegetarian)
e2fa9a9f-6c58-5ec1-bc9d-fade90d573e9,3536b36c-7f93-5c01-b46e-a49d0cc441e2,Chicken Satay,Starters
b4dea9b9-fba5-5c28-a957-20bc51f15309,3536b36c-7f93-5c01-b46e-a49d0cc441e2,Drumstick Pakora,Appetizer
107e58d5-53d9-57b3-ac41-5f6583e8240c,3536b36c-7f93-5c01-b46e-a49d0cc441e2,Mahi Anarkali,Appetizer
27398f1e-0a24-5cad-88d7-8154ce78b00f,3536b36c-7f93-5c01-b46e-a49d0cc441e2,Murgh Kurkuri,Appetizer
3152085a-f96a-5aec-a858-902da0b5c1ed,3536b36c-7f93-5c01-b46e-a49d0cc441e2,Murgh Nawabi Chaat,Appetizer
f6d8c4c7-4b41-556c-b10c-2b41fed9d4c5,3536b36c-7f93-5c01-b46e-a49d0cc441e2,Shahi Chicken,Appetizer
02f3be50-c69e-55f9-a0e4-6228df420cba,3536b36c-7f93-5c01-b46e-a49d0cc441e2,Prawn Ball,Starters
0da5b481-6cd1-5fc7-875b-cd6286d23fa8,3536b36c-7f93-5c01-b46e-a49d0cc441e2,Prawn On Toast,Starters
c0020f4c-3dd6-58dc-98e9-0cbf3888c6f5,3536b36c-7f93-5c01-b46e-a49d0cc441e2,Vegetable Spring Rolls,Starters
85796102-06f8-55ae-9395-c96dc988823c,3536b36c-7f93-5c01-b46e-a49d0cc441e2,Cheese Kurkuri,Appetizer (Vegetarian)
2d688525-84e8-5310-aeee-c6d87e7fdf6b,3536b36c-7f93-5c01-b46e-a49d0cc441e2,Cocktail Samocha,Appetizer (Vegetarian)
8ddc892d-2448-51f6-a5cd-03a5cabf0663,3536b36c-7f93-5c01-b46e-a49d0cc441e2,Masala Bhelpuri,Appetizer (Vegetarian)
6d4e71fa-e4c8-5435-8ec2-27db6157b92c,3536b36c-7f93-5c01-b46e-a49d0cc441e2,Paneer Chana Chaat,Appetizer (Vegetarian)
46fef900-521b-5bf5-88f2-efaf7755a953,3536b36c-7f93-5c01-b46e-a49d0cc441e2,Paneer Pakora,Appetizer (Vegetarian)
d61bfbaf-7122-5841-a437-df413933b694,3536b36c-7f93-5c01-b46e-a49d0cc441e2,Vegetable Fried Noodles,Noodles & Rice
441f5669-062c-5107-8547-4ed3f192736b,3536b36c-7f93-5c01-b46e-a49d0cc441e2,Vegetable Fried Rice,Noodles & Rice
5e10a455-a012-5f4a-9884-5521652d9488,3536b36c-7f93-5c01-b46e-a49d0cc441e2,Green Peas Soup,Soup & Shorba
cf4a30f6-242f-59d8-9485-1fbed42873f5,3536b36c-7f93-5c01-b46e-a49d0cc441e2,Chicken Wonton,Starters
7e527f35-4ff3-5efa-8acc-24f93811c9d4,3536b36c-7f93-5c01-b46e-a49d0cc441e2,Crispy Fried Beef,Starters
58a12d11-8934-5913-ad84-591de07c088d,3536b36c-7f93-5c01-b46e-a49d0cc441e2,Fish Cake,Starters
96594185-30cf-5d2e-8744-7e90027ee9bf,3536b36c-7f93-5c01-b46e-a49d0cc441e2,Fish Finger,Starters
655e8866-5656-5865-851e-b63ab890d5cb,3536b36c-7f93-5c01-b46e-a49d0cc441e2,Fried Shell Prawns,Starters
61a57929-3477-5b7e-b97e-77262071796c,3536b36c-7f93-5c01-b46e-a49d0cc441e2,Chicken & Prawns Fried Noodles,Noodles & Rice
6802d65e-5fbf-5568-8e0f-1fca28b40de8,3536b36c-7f93-5c01-b46e-a49d0cc441e2,Fried Rice Chicken & Prawn,Noodles & Rice
19bd0c5e-6eaa-5502-9dbe-5037d7a867ae,3536b36c-7f93-5c01-b46e-a49d0cc441e2,Fried Rice With Chicken & Basil Leaf,Noodles & Rice
7dc10c92-82b9-585e-aa4b-420b78b7e08b,3536b36c-7f93-5c01-b46e-a49d0cc441e2,Pad Thai Noodles With Shrimps,Noodles & Rice
44e1062d-3429-5737-9aa9-da0a8844a054,3536b36c-7f93-5c01-b46e-a49d0cc441e2,Steamed Rice,Noodles & Rice
1a3d052e-80ee-5a00-879a-9efac2ba09a0,3536b36c-7f93-5c01-b46e-a49d0cc441e2,Prawn & Chicken Mint Salad,Salad (Thai)
a52a0d6a-2858-5eb0-8490-3b4deee09dcc,3536b36c-7f93-5c01-b46e-a49d0cc441e2,Thai Prawns & Chicken Salad with Cashew Nuts,Salad (Thai)
0299ab33-e360-5c15-834b-f61c6cd2a5df,3536b36c-7f93-5c01-b46e-a49d0cc441e2,Aatish Kebab,Kebab & Tikkas (From The Clay Oven)
3ec7aafe-f0f5-5096-9651-36f655a07fba,3536b36c-7f93-5c01-b46e-a49d0cc441e2,Mulligatawny Soup,Soup & Shorba
7e0ed448-647f-5f1f-ac51-1156368fd69f,3536b36c-7f93-5c01-b46e-a49d0cc441e2,Tomato Shorba,Soup & Shorba
a224a60c-ace6-5a8b-9d45-b35625b1bcd7,3536b36c-7f93-5c01-b46e-a49d0cc441e2,Bukhara Special Soup,Soup (Thai)
ed53033b-d79c-54be-8a9a-11c11ab6618a,3536b36c-7f93-5c01-b46e-a49d0cc441e2,Chicken Corn Soup,Soup (Thai)
d5ab6366-3952-5c1e-9b6d-1a1b8519d28a,3536b36c-7f93-5c01-b46e-a49d0cc441e2,Hot & Sour Soup With Chicken,Soup (Thai)
d223b0b4-00aa-564d-a572-2bfb9971ccad,3536b36c-7f93-5c01-b46e-a49d0cc441e2,Kesari Jumbo Prawns,Kebab & Tikkas (From The Clay Oven)
dce38241-fd29-5a89-b36c-bee48bedfe39,3536b36c-7f93-5c01-b46e-a49d0cc441e2,Mahi Gulnar,Kebab & Tikkas (From The Clay Oven)
190b9c53-2746-5bbf-b8b7-6ddf15abdfcb,3536b36c-7f93-5c01-b46e-a49d0cc441e2,Mahi Tikka Ajwaini,Kebab & Tikkas (From The Clay Oven)
af739749-ec4c-5d84-9fc5-efe81c80b98b,3536b36c-7f93-5c01-b46e-a49d0cc441e2,Seafood Clear Soup Or With Coconut Milk,Soup (Thai)
48526d7f-fa43-57b0-84a6-95bee2348c93,3536b36c-7f93-5c01-b46e-a49d0cc441e2,Vegetable Clear Soup,Soup (Thai)
bc7618e0-9dd4-516b-ab2f-e9740fcc6310,3536b36c-7f93-5c01-b46e-a49d0cc441e2,Glass Noodles Salad With Chicken & Prawns,Salad (Thai)
04ccfe7e-1930-535f-9282-767d2a4cc172,3536b36c-7f93-5c01-b46e-a49d0cc441e2,Larb Gai,Salad (Thai)
de47c4a4-8055-58ef-8a1d-8c9674fc689a,3536b36c-7f93-5c01-b46e-a49d0cc441e2,Papaya Salad,Salad (Thai)
e38d0f93-e274-57c8-b2b2-2181417b05ca,3536b36c-7f93-5c01-b46e-a49d0cc441e2,Tandoori Murgh,Kebab & Tikkas (From The Clay Oven)
ca9e372a-f6cc-5287-b49e-88aea49d0bda,3536b36c-7f93-5c01-b46e-a49d0cc441e2,Tandoori Pomfret,Kebab & Tikkas (From The Clay Oven)
98932a0c-da2f-50d0-897a-b761a45e816f,3536b36c-7f93-5c01-b46e-a49d0cc441e2,Tandoori Salad,Kebab & Tikkas (From The Clay Oven)
7b63e208-372e-58f8-a30a-09cc85542a13,3536b36c-7f93-5c01-b46e-a49d0cc441e2,Achari Paneer Tikka,Kebab & Tikkas (From The Clay Oven)
56ef9a9d-e165-5ad4-9f33-ac3c5823d082,3536b36c-7f93-5c01-b46e-a49d0cc441e2,Afghani Murgh,Kebab & Tikkas (From The Clay Oven)
28a1b2a7-73ff-5dbb-be25-0c1516eac727,3536b36c-7f93-5c01-b46e-a49d0cc441e2,Bukhara Mix Grill,Kebab & Tikkas (From The Clay Oven)
f3927a12-a745-5124-95d1-ea3852134d59,3536b36c-7f93-5c01-b46e-a49d0cc441e2,Chicken Tikka,Kebab & Tikkas (From The Clay Oven)
a427b8dc-c908-54ba-b2bf-c28ec5705636,3536b36c-7f93-5c01-b46e-a49d0cc441e2,Jumbo Prawn Shashlik,Kebab & Tikkas (From The Clay Oven)
9ddb3e6c-58b1-51f7-8230-92e9ed2560aa,3536b36c-7f93-5c01-b46e-a49d0cc441e2,Alu Chaat,Appetizer (Vegetarian)
ffd45081-89ad-5c7d-879e-140e9900d528,3536b36c-7f93-5c01-b46e-a49d0cc441e2,Alu Moti Tikki,Appetizer (Vegetarian)
f6eec19c-f680-5ff4-a727-fe1c187a5e72,3536b36c-7f93-5c01-b46e-a49d0cc441e2,Assorted Vegetable Pakoras,Appetizer (Vegetarian)
cc8576e1-82d9-53c8-bdef-9ffd3c0b61b7,3536b36c-7f93-5c01-b46e-a49d0cc441e2,Murgh Malai Kebab,Kebab & Tikkas (From The Clay Oven)
72b6a2f2-146d-57df-bb0f-907e95ae4958,3536b36c-7f93-5c01-b46e-a49d0cc441e2,Mutton Gilafi,Kebab & Tikkas (From The Clay Oven)
754860be-2cb3-528d-9537-966bca057cd8,3536b36c-7f93-5c01-b46e-a49d0cc441e2,Mutton Seekh Kebab,Kebab & Tikkas (From The Clay Oven)
2c636c4c-f4f6-5579-918c-ea3aabd841cf,3536b36c-7f93-5c01-b46e-a49d0cc441e2,Paneer Tikka Shashlik,Kebab & Tikkas (From The Clay Oven)
eff46f4e-bbde-5227-8b44-f6814b3fed44,3536b36c-7f93-5c01-b46e-a49d0cc441e2,Subzi Kakori,Kebab & Tikkas (From The Clay Oven)
aa5e178a-3983-5eda-903a-5d4c90d75b89,3536b36c-7f93-5c01-b46e-a49d0cc441e2,Chicken With Spicy Vegetable,Chicken & Duck
5d3834cd-eb53-5f6b-8d5d-30503b4f5eca,3536b36c-7f93-5c01-b46e-a49d0cc441e2,Chicken With Thai Basil,Chicken & Duck
a5cb506a-843d-52b2-bbcc-898b9b86f5b6,3536b36c-7f93-5c01-b46e-a49d0cc441e2,Fried Duck With Hot Sauce,Chicken & Duck
d9396eb9-8c17-5a64-b8c0-569d78c1286e,3536b36c-7f93-5c01-b46e-a49d0cc441e2,Tangri Kebab,Kebab & Tikkas (From The Clay Oven)
8f376f36-0f38-5fa9-af80-92603f787e39,3536b36c-7f93-5c01-b46e-a49d0cc441e2,Vegetable Mixed Platter,Kebab & Tikkas (From The Clay Oven)
0f6f6508-2799-51a0-8d91-c9ed4d3e6a7b,3536b36c-7f93-5c01-b46e-a49d0cc441e2,Beef Sizzling,Beef
4ea5aa9e-c51c-50bb-928e-9e86a8cfbb05,3536b36c-7f93-5c01-b46e-a49d0cc441e2,Beef With Baby Corn & Mushroom,Beef
106f1154-303d-5822-8561-cfc10fde203d,3536b36c-7f93-5c01-b46e-a49d0cc441e2,Beef With Basil Leaf,Beef
471205d8-1c36-59b2-8c52-8e7f1b4b416e,3536b36c-7f93-5c01-b46e-a49d0cc441e2,Kadhai Murgh,Murgh Ki Mejbani (The Chicken Selection)
a9cce653-7950-5d1a-8182-b3cbea2bcea4,3536b36c-7f93-5c01-b46e-a49d0cc441e2,Murgh Bhuna,Murgh Ki Mejbani (The Chicken Selection)
8e383a4b-2d30-5b8a-ac87-d86e98e02597,3536b36c-7f93-5c01-b46e-a49d0cc441e2,Murgh Makhani,Murgh Ki Mejbani (The Chicken Selection)
4c77abd4-fe28-51f0-ba3b-2323cec58b91,3536b36c-7f93-5c01-b46e-a49d0cc441e2,Chicken with Cashew Nuts,Chicken & Duck
43a04555-0cc6-5728-b4e4-c652df8bee48,3536b36c-7f93-5c01-b46e-a49d0cc441e2,Chicken With Garlic & Pepper,Chicken & Duck
4ef9aeb0-1a7a-5833-b188-0e14c6caa071,3536b36c-7f93-5c01-b46e-a49d0cc441e2,Chicken With Ginger & Onions,Chicken & Duck
af2fa045-2dfe-5ef1-95bb-bfaa2d8e5401,3536b36c-7f93-5c01-b46e-a49d0cc441e2,Chicken With Green Chili & Onions,Chicken & Duck
a6bd985e-7927-5d5c-bbc1-034d4eb20e51,3536b36c-7f93-5c01-b46e-a49d0cc441e2,Chicken With Red Curry,Chicken & Duck
402277fa-6408-5a38-9a58-a36da77125a8,3536b36c-7f93-5c01-b46e-a49d0cc441e2,Kadhai Gosht,Mutton Ki Handi (Mutton From The Chef's Pan)
cf4d9903-38e6-5db1-beea-7313c38080e4,3536b36c-7f93-5c01-b46e-a49d0cc441e2,Khade Masale Ka Gosht,Mutton Ki Handi (Mutton From The Chef's Pan)
4e599a18-1848-5d29-a5e4-7b1b28734614,3536b36c-7f93-5c01-b46e-a49d0cc441e2,Mutton Dopiyaza,Mutton Ki Handi (Mutton From The Chef's Pan)
f76870a3-4fa3-5ff6-b7aa-66f474de12ef,3536b36c-7f93-5c01-b46e-a49d0cc441e2,Fried Spring Chicken,Chicken & Duck
0e47fe8b-ce06-583e-a2c5-b3662d250af3,3536b36c-7f93-5c01-b46e-a49d0cc441e2,Roast Duck,Chicken & Duck
7f228b2d-1fc9-59f7-b52f-d5bc6856555c,3536b36c-7f93-5c01-b46e-a49d0cc441e2,Sizzling Chicken,Chicken & Duck
84e8d8cb-b534-5f4f-ab98-1ec1e92cd22b,3536b36c-7f93-5c01-b46e-a49d0cc441e2,Achari Murgh,Murgh Ki Mejbani (The Chicken Selection)
69beeb73-c8ee-503e-89cb-2d0a8fa8b333,3536b36c-7f93-5c01-b46e-a49d0cc441e2,Chicken Tikka Masala,Murgh Ki Mejbani (The Chicken Selection)
489b1cee-3cc4-5da5-8092-75e22fc5af79,3536b36c-7f93-5c01-b46e-a49d0cc441e2,King Prawn Soup,Soup (Thai)
f59b4ea5-8330-5dd3-a745-a98f50ced721,3536b36c-7f93-5c01-b46e-a49d0cc441e2,Prawn & Chicken Clear Thai Soup,Soup (Thai)
ff424224-d4e4-5185-989b-edc71191262f,3536b36c-7f93-5c01-b46e-a49d0cc441e2,Prawn & Chicken Thai Soup,Soup (Thai)
c0671865-f151-51cc-9e48-4f21e965949c,3536b36c-7f93-5c01-b46e-a49d0cc441e2,Murgh Mirch Masala,Murgh Ki Mejbani (The Chicken Selection)
fe46c41b-48b4-59a5-947f-1eeb85a824a8,3536b36c-7f93-5c01-b46e-a49d0cc441e2,Pepper Chicken Chettinad,Murgh Ki Mejbani (The Chicken Selection)
e30d440d-04f7-5027-9854-546d321d4d1f,3536b36c-7f93-5c01-b46e-a49d0cc441e2,Reshmi Murgh Korma,Murgh Ki Mejbani (The Chicken Selection)
fb298da5-0c93-5a8a-a1b6-8a1622dea69f,3536b36c-7f93-5c01-b46e-a49d0cc441e2,Achari Gosht,Mutton Ki Handi (Mutton From The Chef's Pan)
046c5fb1-a0d2-58ad-97a4-be50891643aa,3536b36c-7f93-5c01-b46e-a49d0cc441e2,Bhuna Gosht,Mutton Ki Handi (Mutton From The Chef's Pan)
0a4cfe54-f654-5b7b-8cd0-16ea3666b00c,3536b36c-7f93-5c01-b46e-a49d0cc441e2,Vegetable Raita,Saath Mein (Accompaniments)
f577c067-123c-502f-be64-a49cde4197b7,3536b36c-7f93-5c01-b46e-a49d0cc441e2,Bhuna Pomfret,Samundri Khazana (Seafood Delicacies)
33e3cefc-bd16-5969-99f5-812ac8dfc54b,3536b36c-7f93-5c01-b46e-a49d0cc441e2,Fried Prawn With Garlic & Pepper,Seafood
884eb046-bb43-5040-95e6-49a60482fb0d,3536b36c-7f93-5c01-b46e-a49d0cc441e2,Fried Whole Red Snapper With Garlic & Pepper,Seafood
0ad1ea61-9e44-5fbb-b949-5a2cfb9f51cb,3536b36c-7f93-5c01-b46e-a49d0cc441e2,Grilled King Prawns With Butter & Onions,Seafood
945cbba4-a980-578a-ba75-2c25c063c1ce,3536b36c-7f93-5c01-b46e-a49d0cc441e2,Sliced Fish With Ginger & Basil Leaf,Seafood
9d03918e-dc0e-591b-b59a-5167533687f6,3536b36c-7f93-5c01-b46e-a49d0cc441e2,Special Prawns With Black Pepper & Capsicum,Seafood
4ff0d520-3af7-57f8-848c-414f3cb8be0e,3536b36c-7f93-5c01-b46e-a49d0cc441e2,Steamed Red Snapper On Sizzler With Lime Sauce,Seafood
321bd663-ad62-586e-9d62-73f41e791ac1,3536b36c-7f93-5c01-b46e-a49d0cc441e2,Prawn Malai Curry,Samundri Khazana (Seafood Delicacies)
d746a113-edb4-5d95-b041-0664723a263f,3536b36c-7f93-5c01-b46e-a49d0cc441e2,Prawn Masala,Samundri Khazana (Seafood Delicacies)
ede0f8fc-c0ac-57ad-b9ca-b971c0e0c8b1,3536b36c-7f93-5c01-b46e-a49d0cc441e2,Dahi Vada,Saath Mein (Accompaniments)
248aa0f4-072a-5552-9f00-cc594ca6e80c,3536b36c-7f93-5c01-b46e-a49d0cc441e2,Green Salad,Saath Mein (Accompaniments)
4466d453-3259-5743-897a-cb0cf3499e37,3536b36c-7f93-5c01-b46e-a49d0cc441e2,Kachumber Salad,Saath Mein (Accompaniments)
a430bd36-bcf5-54f6-82c5-0455e1cb917e,3536b36c-7f93-5c01-b46e-a49d0cc441e2,Masala Papad,Saath Mein (Accompaniments)
97bf027c-85a3-5977-860a-e0f3235cc00e,3536b36c-7f93-5c01-b46e-a49d0cc441e2,Papad,Saath Mein (Accompaniments)
60beaa9f-6d1c-52ef-a1c6-58a00c991f7a,3536b36c-7f93-5c01-b46e-a49d0cc441e2,Pineapple Raita,Saath Mein (Accompaniments)
fa99e900-604f-50b1-9dc5-02c196d105dc,3536b36c-7f93-5c01-b46e-a49d0cc441e2,Dal Tadka,Vegetarian (Subzi Ki Bahar)
3bceffcf-b392-5926-8035-dd99ba7bb34b,3536b36c-7f93-5c01-b46e-a49d0cc441e2,Jeera Aloo,Vegetarian (Subzi Ki Bahar)
d13c8a09-3dcc-5942-9016-4f552f7f3a99,3536b36c-7f93-5c01-b46e-a49d0cc441e2,Fish Dopiaza,Samundri Khazana (Seafood Delicacies)
50ec994a-26b5-5612-9285-2ca92ba7c1cd,3536b36c-7f93-5c01-b46e-a49d0cc441e2,Fish Tomato,Samundri Khazana (Seafood Delicacies)
c7594c58-4eeb-542e-9fce-a923e0021555,3536b36c-7f93-5c01-b46e-a49d0cc441e2,Goan Fish Curry,Samundri Khazana (Seafood Delicacies)
2d5306f6-3801-5a85-9d2d-ff3fb86b77e9,3536b36c-7f93-5c01-b46e-a49d0cc441e2,Jumbo Jhinga Masala,Samundri Khazana (Seafood Delicacies)
f1ce28f1-3c77-51de-be3b-b43a4acfc019,3536b36c-7f93-5c01-b46e-a49d0cc441e2,Kadai Prawns,Samundri Khazana (Seafood Delicacies)
11f034b6-e4d1-5ad6-95e0-9931828d2b2c,3536b36c-7f93-5c01-b46e-a49d0cc441e2,Malabar Prawns,Samundri Khazana (Seafood Delicacies)
90d10610-2292-57ce-bd45-7961086a4191,3536b36c-7f93-5c01-b46e-a49d0cc441e2,Beef With Green Chili & Onions,Beef
fc78159d-cf3b-5a6e-907c-eb6df7f33ad5,3536b36c-7f93-5c01-b46e-a49d0cc441e2,Dry Red Chili Beef,Beef
0b7575e1-b9f6-55fa-81ce-5a50d94a9c08,3536b36c-7f93-5c01-b46e-a49d0cc441e2,Chicken Green Curry,Chicken & Duck
9b18ba6f-bd72-5fb0-a4ce-df333c4298de,3536b36c-7f93-5c01-b46e-a49d0cc441e2,Pudina Fish,Samundri Khazana (Seafood Delicacies)
b870589f-fc8f-5932-a109-829dd8c82047,3536b36c-7f93-5c01-b46e-a49d0cc441e2,Achari Aloo,Vegetarian (Subzi Ki Bahar)
4b0a73f9-8e0a-5300-a8c4-7a1ab039d6ea,3536b36c-7f93-5c01-b46e-a49d0cc441e2,Baingan Ka Bharta,Vegetarian (Subzi Ki Bahar)
c078abbe-1c4d-5d66-92d7-14b3b959b9b1,3536b36c-7f93-5c01-b46e-a49d0cc441e2,Chana Masala,Vegetarian (Subzi Ki Bahar)
0a643982-4a2b-5516-94f9-e752ffe8dec4,3536b36c-7f93-5c01-b46e-a49d0cc441e2,Dal Bukhara,Vegetarian (Subzi Ki Bahar)
20343aac-f301-55c1-9a4d-512f6ae0554e,3536b36c-7f93-5c01-b46e-a49d0cc441e2,Dal Tadka,Appetizer
bb6b733b-0b34-5f21-be5a-3d648f9478ce,3536b36c-7f93-5c01-b46e-a49d0cc441e2,Bukhara Murgh Roll,Appetizer
f5fdbebd-69ce-54ec-bd77-772c25a8f93c,3536b36c-7f93-5c01-b46e-a49d0cc441e2,Chicken 65,Appetizer
f635d93b-a0c5-51a4-badd-ebaba2d8b386,3536b36c-7f93-5c01-b46e-a49d0cc441e2,Butter Naan,Appetizer
1cf94109-d357-510a-ba73-77f6a163e5c6,3536b36c-7f93-5c01-b46e-a49d0cc441e2,Masala Papad,Appetizer
d043ae22-5520-5f95-991b-e38052288b34,3536b36c-7f93-5c01-b46e-a49d0cc441e2,Paneer Makhani,Appetizer
6078bb7f-730f-57fb-98ab-f85247638e24,3536b36c-7f93-5c01-b46e-a49d0cc441e2,Palak Malai Kofta,Appetizer
a9ca5d32-54ce-5d72-8f03-2bffdc9c0671,3536b36c-7f93-5c01-b46e-a49d0cc441e2,Butter Naan,Naan & Roti
ee186085-5ca0-5525-887a-586e38c74e1f,020de6a7-e10c-58a3-9b39-aefe3dd49d4b,Shondesh Gift Box (Small),Assorted Gift Box
b8506e2a-c5d2-5475-bcf3-fbe0bf7fac36,020de6a7-e10c-58a3-9b39-aefe3dd49d4b,Prestige Gift Box (Small),Assorted Gift Box
8d84c3c9-3d90-5453-9a6d-29f9cf7e96af,020de6a7-e10c-58a3-9b39-aefe3dd49d4b,VIP Chamcham Gift Box (Large),Assorted Gift Box
40f193c9-d9d2-58a7-aedb-9e477e9ef2c8,020de6a7-e10c-58a3-9b39-aefe3dd49d4b,Celebration Gift Box (Large),Assorted Gift Box
fbf3888e-af86-5c4c-b5e7-67a68288d8eb,020de6a7-e10c-58a3-9b39-aefe3dd49d4b,Premium Chamcham (500gm),Assorted Gift Box
3f7942e9-ec20-5e8c-84f9-e01ad257c08b,020de6a7-e10c-58a3-9b39-aefe3dd49d4b,Kaju Halwa (500 gm),Premium Halwa
954d69ea-70b6-5d64-ae20-44ff5cb398e7,020de6a7-e10c-58a3-9b39-aefe3dd49d4b,Anjeer Halwa (500 gm),Premium Halwa
916a1548-5371-5e49-9b8b-8ca6a75e7177,020de6a7-e10c-58a3-9b39-aefe3dd49d4b,Pesta Halwa (500 gm),Premium Halwa
c3a1a05f-6d75-59aa-affd-27383152a5b9,020de6a7-e10c-58a3-9b39-aefe3dd49d4b,Mihidana Laddu (500 gm),Assorted Gift Box
2a25cfdf-e81b-5c7a-9f10-6a865734f925,020de6a7-e10c-58a3-9b39-aefe3dd49d4b,Chamcham Gift Box (Small),Assorted Gift Box
ff830e97-2f87-5c46-af3d-c2666cdc2b0a,020de6a7-e10c-58a3-9b39-aefe3dd49d4b,Beef Bihari Kebab,Premium Kebabs
a6aeea9f-092a-5340-a2f3-89c75df0c233,020de6a7-e10c-58a3-9b39-aefe3dd49d4b,Pera Sandesh (1 Kg),Premium Sondesh
1fd05eb9-19ed-58d3-aa3d-3242fd33fc5c,020de6a7-e10c-58a3-9b39-aefe3dd49d4b,Nadia Sandesh (1 Kg),Premium Sondesh
83bb0358-976b-5f93-9cc0-3739bc978084,020de6a7-e10c-58a3-9b39-aefe3dd49d4b,Mutton Seekh Kebab,Premium Kebabs
583aa3d7-48b2-57a6-9342-06feebf2e8d4,020de6a7-e10c-58a3-9b39-aefe3dd49d4b,Fish Tikka Kebab,Premium Kebabs
15e9d03b-3003-5d4c-8453-516b91a0df92,020de6a7-e10c-58a3-9b39-aefe3dd49d4b,Chicken Tangri Kebab,Premium Kebabs
d7bfe3bc-dc0d-5d8c-a37f-86f34fa6e1e5,020de6a7-e10c-58a3-9b39-aefe3dd49d4b,Chicken Malai Kebab,Premium Kebabs
27686ca6-5ee3-58f6-9866-18be9e57fe92,020de6a7-e10c-58a3-9b39-aefe3dd49d4b,Motichur Laddu (500 gm),Premium Laddu (500 gm)
1de9b8f9-4a9c-5b7e-bbc0-38130e41c61c,020de6a7-e10c-58a3-9b39-aefe3dd49d4b,Mihidana Laddu (500 gm),Premium Laddu (500 gm)
2cfd9fae-3496-50f0-ae09-d6c140c8e8bf,020de6a7-e10c-58a3-9b39-aefe3dd49d4b,Mawa Laddu (500 gm),Premium Laddu (500 gm)
082e29e3-9743-5093-a109-ee207c8f7b72,020de6a7-e10c-58a3-9b39-aefe3dd49d4b,Goalior Laddu (500 gm),Premium Laddu (500 gm)
d5e09e17-c702-562e-a202-1c0904fbc0b0,020de6a7-e10c-58a3-9b39-aefe3dd49d4b,Premium Brownie (1 Kg),Traditional Sweets
d7d4323c-86e0-57f0-9f69-47b2e5cc98b6,020de6a7-e10c-58a3-9b39-aefe3dd49d4b,Pinky Golabjamon (1 Kg),Traditional Sweets
473fcbc6-b7cf-5d0e-887e-a506a83039c0,020de6a7-e10c-58a3-9b39-aefe3dd49d4b,Pesta Pasand (1 Kg),Traditional Sweets
c40635df-b49c-5d2e-a218-3ce99afac9d0,020de6a7-e10c-58a3-9b39-aefe3dd49d4b,Mawa Balushahi (1 Kg),Traditional Sweets
9876f8ce-3b7c-5ec5-aec0-572184a6a99b,020de6a7-e10c-58a3-9b39-aefe3dd49d4b,Goalior Laddu (1Kg),Premium Laddu
9d9b60ed-b486-55c0-a2ae-089dbd5e8232,020de6a7-e10c-58a3-9b39-aefe3dd49d4b,Tandoori Chicken,Premium Kebabs
e09f8aa2-c2a9-5399-872f-a477bbd8f6c0,020de6a7-e10c-58a3-9b39-aefe3dd49d4b,Prawn Tikka Kebab,Premium Kebabs
57ec8db4-18d0-553e-8368-8735a96a3b1f,020de6a7-e10c-58a3-9b39-aefe3dd49d4b,Paneer Tikka Kebab,Premium Kebabs
31729995-878a-5a78-b8ca-107609fae4f5,020de6a7-e10c-58a3-9b39-aefe3dd49d4b,Premium Ghee (550Gm),Premium Bakery
ba194190-d8b2-508d-9bb5-03eab3d75382,020de6a7-e10c-58a3-9b39-aefe3dd49d4b,Premium Bread (700Gm),Premium Bakery
0e78ba01-db36-5b88-ac60-e97ab4471ef7,020de6a7-e10c-58a3-9b39-aefe3dd49d4b,Potato Chanachur (400Gm),Premium Bakery
6f2b2177-302a-54ce-9a56-45d3a11f45e7,020de6a7-e10c-58a3-9b39-aefe3dd49d4b,Patisa Small Box (500 Gm),Premium Bakery
7d2a8e36-8229-52dc-9494-b8973f6f3d57,020de6a7-e10c-58a3-9b39-aefe3dd49d4b,Chicken Lasooni Kebab,Premium Kebabs
d6af3aa3-2d19-5ce0-8848-bff6feff2487,020de6a7-e10c-58a3-9b39-aefe3dd49d4b,Chicken Kalmi Kebab,Premium Kebabs
c53838c0-edd8-59a9-a654-7b49bea58b78,020de6a7-e10c-58a3-9b39-aefe3dd49d4b,Chicken Hariyali Kebab,Premium Kebabs
faea80f2-61b2-5101-bb87-781db062b27c,020de6a7-e10c-58a3-9b39-aefe3dd49d4b,Beef Boti Kebab,Premium Kebabs
03fd5c71-de00-56a4-bbd2-736d994fa3a6,020de6a7-e10c-58a3-9b39-aefe3dd49d4b,Baklava Assorted Small (300Gm),Premium Bakery
8063b713-7c52-5671-ac1b-dcd912b5b419,020de6a7-e10c-58a3-9b39-aefe3dd49d4b,Baklava Assorted Big (600Gm),Premium Bakery
5c56af44-167d-5abe-9fc5-bf9296ab2a6a,020de6a7-e10c-58a3-9b39-aefe3dd49d4b,Wedding Special Khirsha Doi,"Doi, Malai & Pitha"
6d581007-5fa9-5795-87ae-c5c618b6c3a6,020de6a7-e10c-58a3-9b39-aefe3dd49d4b,Sponge Rosho Golla (1Kg),"Doi, Malai & Pitha"
6d2f44c4-1d82-5dd8-b53c-8f29064f315c,020de6a7-e10c-58a3-9b39-aefe3dd49d4b,Almond Halwa (500 gm),Premium Halwa
defbd164-11b5-5913-a556-bccb7dcfa6c7,020de6a7-e10c-58a3-9b39-aefe3dd49d4b,Sugar Toast (350Gm),Premium Bakery
1f0d4906-03ac-5dbd-85be-c937084ef41d,020de6a7-e10c-58a3-9b39-aefe3dd49d4b,Premium Toast (350Gm),Premium Bakery
d79a2519-ac85-5809-a3a1-606f6a3449e8,020de6a7-e10c-58a3-9b39-aefe3dd49d4b,Premium Lachcha Shemai (450Gm),Premium Bakery
66abd13e-403b-501f-bf6d-7d9157f1c92b,020de6a7-e10c-58a3-9b39-aefe3dd49d4b,VIP Prestige Box (Large),Assorted Gift Box
4d8cac5a-19cc-5037-95d9-2b4e853fdc36,020de6a7-e10c-58a3-9b39-aefe3dd49d4b,VIP Khandani Laddu Gift Box (Large),Assorted Gift Box
549f048a-4526-5a3f-a150-dc9a7bb68800,020de6a7-e10c-58a3-9b39-aefe3dd49d4b,VIP Halwa Gift Box (Large),Assorted Gift Box
8c34d83b-0dd5-5215-bf3d-4e9d10ba5e43,020de6a7-e10c-58a3-9b39-aefe3dd49d4b,VIP Deluxe Box (Large),Assorted Gift Box
2a06a2b8-54cd-5677-ab12-6191818d5dd5,020de6a7-e10c-58a3-9b39-aefe3dd49d4b,Kolija Singara (1Pc),Premium Bakery
5225d31a-6bb6-5a4f-b0da-4008a921a218,020de6a7-e10c-58a3-9b39-aefe3dd49d4b,Curry Chanachur (400Gm),Premium Bakery
8f9e3420-e759-5f7d-9a32-06509c7c9343,020de6a7-e10c-58a3-9b39-aefe3dd49d4b,Chicken Samosa (1 Pc),Premium Bakery
f4129783-ce9d-54b5-9804-7e2f324eb645,020de6a7-e10c-58a3-9b39-aefe3dd49d4b,Bombay Mix (400Gm),Premium Bakery
dd8fb86a-5b3c-5854-8bff-b895263d4f9f,020de6a7-e10c-58a3-9b39-aefe3dd49d4b,Nadia Sandesh (500 gm),Premium Sondesh (500 gm)
a1bcd6fc-66ed-5413-9132-702a10c225da,020de6a7-e10c-58a3-9b39-aefe3dd49d4b,Love Sandesh (500 gm),Premium Sondesh (500 gm)
7879581d-85ca-5b23-81d8-73bbd8afe86d,020de6a7-e10c-58a3-9b39-aefe3dd49d4b,Khir Sandesh (500 gm),Premium Sondesh (500 gm)
583d0820-50f0-5518-b647-307adcf0519a,020de6a7-e10c-58a3-9b39-aefe3dd49d4b,Gur Sandesh (500 gm),Premium Sondesh (500 gm)
a745e3d6-2249-560b-b702-13788795abb8,020de6a7-e10c-58a3-9b39-aefe3dd49d4b,Malpoha Pitha (1 Pc),"Doi, Malai & Pitha"
7a36a67d-defa-5b17-a88e-db834ebfbaa5,020de6a7-e10c-58a3-9b39-aefe3dd49d4b,Faluda,Desserts
aadead13-82da-554c-aaef-93bfdeb4d165,020de6a7-e10c-58a3-9b39-aefe3dd49d4b,Vanilla Latte - Regular,Coffee
6f93d9cf-b7ef-587d-bec6-5a2042e8f137,020de6a7-e10c-58a3-9b39-aefe3dd49d4b,VIP Shondesh Gift Box (Large),Assorted Gift Box
22f8661b-a10d-5e9c-ab7c-56c9b43b6266,020de6a7-e10c-58a3-9b39-aefe3dd49d4b,Motichur Laddu (500 gm),Assorted Gift Box
e4700de9-4710-570b-ba6d-78a4a3f05e23,020de6a7-e10c-58a3-9b39-aefe3dd49d4b,Kalo Jam (500gm),Assorted Gift Box
a0d1dc1c-758b-5b16-9526-b04ce1df4648,020de6a7-e10c-58a3-9b39-aefe3dd49d4b,Vip Classic Gift Box (Large),Assorted Gift Box
0d2742bc-21c4-5d0c-be5f-50bc55b9a6ec,020de6a7-e10c-58a3-9b39-aefe3dd49d4b,Mihidana Laddu (1Kg),Premium Laddu
25d1e074-843f-51b9-84ed-116b9237787a,020de6a7-e10c-58a3-9b39-aefe3dd49d4b,Motichur Laddu (1Kg),Premium Laddu
28bb4754-6c8a-5aaa-8f01-3be10841cc3c,020de6a7-e10c-58a3-9b39-aefe3dd49d4b,Motinut Laddu (1Kg),Premium Laddu
6d22c023-a070-5e13-8933-74d2f1daae9d,020de6a7-e10c-58a3-9b39-aefe3dd49d4b,Pera Shondesh (500 gm),Premium Sondesh (500 gm)
ab6715f1-bf9f-5d42-8217-17140e97f8e8,020de6a7-e10c-58a3-9b39-aefe3dd49d4b,Roll Sandesh (500 gm),Premium Sondesh (500 gm)
a706c95e-c4aa-59a2-8687-3873c64eee4d,020de6a7-e10c-58a3-9b39-aefe3dd49d4b,Pistachio Sandesh (1 Kg),Premium Sondesh
a348c683-6398-5869-8f89-2f401b76c57e,020de6a7-e10c-58a3-9b39-aefe3dd49d4b,Roll Sandesh (1 Kg),Premium Sondesh
6d68968a-ef18-5547-8bc7-55cc12ff5fb6,020de6a7-e10c-58a3-9b39-aefe3dd49d4b,Mawa Laddu (1Kg),Premium Laddu
b5aa7af4-9dc9-5189-969d-bb21f6be3ce9,020de6a7-e10c-58a3-9b39-aefe3dd49d4b,Khushbu Polao,Rice & Naan
1af6fd1f-4516-5f28-b955-3a841f905ead,020de6a7-e10c-58a3-9b39-aefe3dd49d4b,Achari Khichuri,Rice & Naan
f3181cec-a96e-57f8-9521-02ff241f5b15,020de6a7-e10c-58a3-9b39-aefe3dd49d4b,Motinut Laddu (500 gm),Premium Laddu (500 gm)
9306f7a4-a06d-5dcc-80ba-dacf3fe20707,020de6a7-e10c-58a3-9b39-aefe3dd49d4b,Lal Mohan (1 Kg),Traditional Sweets
ebd666e9-db55-5ed8-acb9-035348f1b104,020de6a7-e10c-58a3-9b39-aefe3dd49d4b,Classic Gift Box (Small),Assorted Gift Box
b3c8684a-978f-5a7d-bcc4-8ad5a92a866b,020de6a7-e10c-58a3-9b39-aefe3dd49d4b,Khandani Laddu Gift Box (Small),Assorted Gift Box
94785a85-a111-5923-8200-af13e7a3bf97,020de6a7-e10c-58a3-9b39-aefe3dd49d4b,Halwa Gift Box (Small),Assorted Gift Box
8f2e4c86-a5d1-54cd-b75a-6591b5adba35,020de6a7-e10c-58a3-9b39-aefe3dd49d4b,Delux Gift Box (Small),Assorted Gift Box
aa665d26-2702-5327-b5fb-6d85356b5797,020de6a7-e10c-58a3-9b39-aefe3dd49d4b,Rosh Kodom (1 Kg),Traditional Sweets
6b6043fd-4161-51a4-b1b1-0f2d64ee7633,020de6a7-e10c-58a3-9b39-aefe3dd49d4b,Ruby Rajbhog (1 Kg),Traditional Sweets
3d00e7ed-fb18-5746-a150-8fbc78d92a66,020de6a7-e10c-58a3-9b39-aefe3dd49d4b,Saffron Bhog (1 Kg),Traditional Sweets
c8d46bde-68b0-52e0-bbe3-8dd619e98ebc,020de6a7-e10c-58a3-9b39-aefe3dd49d4b,Carrot Borfi (500gm),Traditional Sweets (500 gm)
9bddf148-3e39-5ec1-b33c-d2b0dbfd13ba,020de6a7-e10c-58a3-9b39-aefe3dd49d4b,Kalo Jam (500gm),Traditional Sweets (500 gm)
e8e7d4e7-ba48-5b02-a2e3-572d730d7664,020de6a7-e10c-58a3-9b39-aefe3dd49d4b,Khir Mohan (500gm),Traditional Sweets (500 gm)
fc78d253-e660-57e8-b30d-32223bde2b4b,020de6a7-e10c-58a3-9b39-aefe3dd49d4b,Khir Toast (500gm),Traditional Sweets (500 gm)
b4185c7a-c655-5b3c-b6a1-dd2446985653,020de6a7-e10c-58a3-9b39-aefe3dd49d4b,Rosh Golla (1 Kg),Traditional Sweets
1d7310f4-2f02-5ff5-bbdd-dcfb4a2a3d57,020de6a7-e10c-58a3-9b39-aefe3dd49d4b,Kacha Sana (500gm),Traditional Sweets (500 gm)
2557f468-535a-5411-92bd-fa3eb5ab4e2b,020de6a7-e10c-58a3-9b39-aefe3dd49d4b,Roshmalai (Pot),Traditional Sweets (1 Kg)
c8d65dd1-13cf-55dc-b05e-9791fc00bc5f,020de6a7-e10c-58a3-9b39-aefe3dd49d4b,Malai Chop (Pot),Traditional Sweets (1 Kg)
27c50883-805c-5870-abdb-87e71ecc7a9a,020de6a7-e10c-58a3-9b39-aefe3dd49d4b,Vogh Sagor (1 Kg),Traditional Sweets
0b56c945-30bf-53ec-91b9-9091f9d01afc,020de6a7-e10c-58a3-9b39-aefe3dd49d4b,Choco Borfee (500gm),Traditional Sweets (500 gm)
80de2844-7c31-5206-991b-f1166a7f8b09,020de6a7-e10c-58a3-9b39-aefe3dd49d4b,Cream Jamun (500gm),Traditional Sweets (500 gm)
eb12ca5d-0803-5889-93c8-ab707cc6f4f6,020de6a7-e10c-58a3-9b39-aefe3dd49d4b,Golab Jam (500gm),Traditional Sweets (500 gm)
d1363191-b410-591b-a2ea-df06fd005fb2,020de6a7-e10c-58a3-9b39-aefe3dd49d4b,Lal Mohan (500gm),Traditional Sweets (500 gm)
7036dbd5-a24e-5f48-89fc-8d708ac3906c,020de6a7-e10c-58a3-9b39-aefe3dd49d4b,Kacha Sana (1 Kg),Traditional Sweets
5de479a3-53e0-55c3-837a-09b5a7183970,020de6a7-e10c-58a3-9b39-aefe3dd49d4b,Kalo Jam (1 Kg),Traditional Sweets
be567442-47fe-5808-b7ce-46b66c1b4ca8,020de6a7-e10c-58a3-9b39-aefe3dd49d4b,Khir Mohan (1 Kg),Traditional Sweets
14d30d25-703f-54a2-8e8c-573d4d208dc1,020de6a7-e10c-58a3-9b39-aefe3dd49d4b,Sanar Toast (1 Kg),Traditional Sweets
d22e8f46-6b1d-5dc9-b377-f9ac8bdf0945,020de6a7-e10c-58a3-9b39-aefe3dd49d4b,Golab Jam (1 Kg),Traditional Sweets
6e8d030a-5ba3-5fc1-a48a-2e7903e49c68,020de6a7-e10c-58a3-9b39-aefe3dd49d4b,Raj Vogh (1 Kg),Traditional Sweets
3a092155-09b6-5634-99c9-eaacad5c5b69,020de6a7-e10c-58a3-9b39-aefe3dd49d4b,Premium Sada Cham Cham (1 Kg),Traditional Sweets
c7554434-6f30-5343-b117-887895b44fac,020de6a7-e10c-58a3-9b39-aefe3dd49d4b,Premium Kaju Borfi (1 Kg),Traditional Sweets
f6ed5fc1-4d05-5670-8d73-e6e028aa83bb,020de6a7-e10c-58a3-9b39-aefe3dd49d4b,Ilish Dopiaza (On Clay Pot),Signature Fish
9833d265-492a-5e3e-870a-a0d9bdea86b9,020de6a7-e10c-58a3-9b39-aefe3dd49d4b,Malai Curry (1 Kg),Traditional Sweets
45c52c30-1293-5157-847e-f2918cffc1ec,020de6a7-e10c-58a3-9b39-aefe3dd49d4b,Langcha (1 Kg),Traditional Sweets
c2fab496-82a3-545b-87bc-f39d3da834e2,020de6a7-e10c-58a3-9b39-aefe3dd49d4b,Chicken Bhuna (Signature),Signature Dish On Clay Pot
7a264ae8-7fd4-5ee2-b427-585bb3fcfcd1,020de6a7-e10c-58a3-9b39-aefe3dd49d4b,Premium Chamcham (1 Kg),Traditional Sweets
03a2a0a4-c96c-58b8-a28e-cb4368676aec,020de6a7-e10c-58a3-9b39-aefe3dd49d4b,Adi Roshgolla (1 Kg),Traditional Sweets
3b39a361-5e80-59e9-b111-b3eb541d9a65,020de6a7-e10c-58a3-9b39-aefe3dd49d4b,Shrimp Masala (On Clay Pot),Signature Fish
9892c4a5-6473-53a6-8a13-954065429d68,020de6a7-e10c-58a3-9b39-aefe3dd49d4b,Kaptai Fish Curry (On Plate),Signature Fish
0f76f06c-9000-5950-a742-83877f606564,020de6a7-e10c-58a3-9b39-aefe3dd49d4b,Steamed Rice,Rice & Naan
dd940c49-ca7d-5fc1-a9d1-17ea1539a7d7,020de6a7-e10c-58a3-9b39-aefe3dd49d4b,Bengali Salad,Salad
387f14ca-e96f-599a-a1ba-3c124949636a,020de6a7-e10c-58a3-9b39-aefe3dd49d4b,Onion Salad,Salad
b5af55ff-1931-523d-89f8-9c1cb8c0a171,020de6a7-e10c-58a3-9b39-aefe3dd49d4b,Khir Toast (1 Kg),Traditional Sweets
81da2783-4e02-51d6-8ddc-0c6cd96d059c,020de6a7-e10c-58a3-9b39-aefe3dd49d4b,Choco Borfee (1 Kg),Traditional Sweets
c4e5e613-ec36-5ba6-8b26-df45fbe6b02e,020de6a7-e10c-58a3-9b39-aefe3dd49d4b,Cream Jamun (1 Kg),Traditional Sweets
be0af5f0-076c-55ff-891c-c91a747300fd,020de6a7-e10c-58a3-9b39-aefe3dd49d4b,Dia Bhog Sagor (1 Kg),Traditional Sweets
02d9e878-d0bd-5266-b7e5-6cd2f8a11245,020de6a7-e10c-58a3-9b39-aefe3dd49d4b,Lachcha Paratha (2 Pcs),Rice & Naan
07f5177e-a0c1-5752-9b0b-e5575a9d1ccf,020de6a7-e10c-58a3-9b39-aefe3dd49d4b,Carrot Borfi (1 Kg),Traditional Sweets
2dfd4c0e-b54c-5c09-9e34-bcd003c255c4,020de6a7-e10c-58a3-9b39-aefe3dd49d4b,Walima Chicken Roast,Signature Dish On Clay Pot
b128eedd-2cd7-55a8-8a4b-b23f646c85df,020de6a7-e10c-58a3-9b39-aefe3dd49d4b,Mutton Rezala,Signature Dish On Clay Pot
28b473bc-64fd-5479-9f84-cf56b905c233,020de6a7-e10c-58a3-9b39-aefe3dd49d4b,Gur Sandesh (1 Kg),Premium Sondesh
11d236a1-53b8-5252-b611-03fd885b5203,020de6a7-e10c-58a3-9b39-aefe3dd49d4b,Beef Aloo Jhol,Signature Dish On Clay Pot
f57d8bbb-5300-5c54-8dcf-8047159c9325,020de6a7-e10c-58a3-9b39-aefe3dd49d4b,Love Sandesh (1 Kg),Premium Sondesh
b3c2a2a0-ab27-5ae9-9cb7-eb97932e55bb,020de6a7-e10c-58a3-9b39-aefe3dd49d4b,Khir Sandesh (1 Kg),Premium Sondesh
31f8ce47-84fa-5bea-9eb2-861fd857bde5,086bdf9f-00fb-5e32-a7e0-2902c705abff,Steamed Prawn with Lime Sauce,Dimsum
c31ff4c7-c4b5-5179-a6f3-5bdd4077a4e6,086bdf9f-00fb-5e32-a7e0-2902c705abff,Prawn Har Gow,Dimsum
9c7ad3b5-4db7-509d-a0cc-0b3e43a7f2e8,086bdf9f-00fb-5e32-a7e0-2902c705abff,Shrimp Siumai,Dimsum
35e7dd15-13f3-5486-8c22-f33bb048ed9d,086bdf9f-00fb-5e32-a7e0-2902c705abff,Shrimp Cream Cheese Dumpling,Dimsum
e0155b55-c15f-5be2-9e24-41598ac5b8f8,086bdf9f-00fb-5e32-a7e0-2902c705abff,Beef Cheung Fun,Dimsum
9b40089b-fef9-5921-a612-9010d2e5a52e,086bdf9f-00fb-5e32-a7e0-2902c705abff,Xiao Long Bao with Beef Tom Kha Sauce,Dimsum
011283d0-98b8-598a-afb9-af8d687389bf,086bdf9f-00fb-5e32-a7e0-2902c705abff,Beef Xiao Long Bao,Dimsum
72570037-090a-56eb-b877-3f0d7831307e,086bdf9f-00fb-5e32-a7e0-2902c705abff,Prawn Har Gow Spicy,Dimsum
a07a90dd-be61-5a13-9ffc-517720dca46e,086bdf9f-00fb-5e32-a7e0-2902c705abff,Prawn Wonton with Red Curry Sauce,Dimsum
fcddc693-d010-5c4a-a1b3-eea2e315914a,086bdf9f-00fb-5e32-a7e0-2902c705abff,Chicken Siumai,Dimsum
b64e49a3-6e3c-5c4d-b99c-0cbf63c3291e,086bdf9f-00fb-5e32-a7e0-2902c705abff,Prawn Wonton in Chili Oil,Dimsum
d67f8b11-99c4-50a8-b6aa-0933d6efbd1b,086bdf9f-00fb-5e32-a7e0-2902c705abff,Shrimp Cheung Fun,Dimsum
96af1b5e-b021-5d07-9cff-122eca3777fc,086bdf9f-00fb-5e32-a7e0-2902c705abff,Mixed Dimsum,Dimsum
1d0874e1-087f-5e1b-9307-11a3efe56c55,086bdf9f-00fb-5e32-a7e0-2902c705abff,Fish & Shrimp Cake,Appetizer
e25c38a5-bbb1-5718-a903-2a01a726923a,086bdf9f-00fb-5e32-a7e0-2902c705abff,Roasted Duck Spring Roll,Appetizer
1a48e952-ebb5-520e-b01a-d96a18372780,086bdf9f-00fb-5e32-a7e0-2902c705abff,Chicken Larb,Appetizer
46adddcc-7233-5a5c-a698-0407dd454e82,086bdf9f-00fb-5e32-a7e0-2902c705abff,Steamed Seabass with Stuffed Shrimp in lime sauce,Appetizer
c24eac42-f489-5c22-844b-9b73f032ff59,086bdf9f-00fb-5e32-a7e0-2902c705abff,Crispy Morning Glory with House Special Seafood Sauce,Appetizer
43c3f602-5670-5c7f-93c8-2d944d166112,086bdf9f-00fb-5e32-a7e0-2902c705abff,Cold Beef,Appetizer
e8577fd6-0864-56cd-8ea8-52d24f4d9566,086bdf9f-00fb-5e32-a7e0-2902c705abff,Shrimp Wrapped In Sugarcane,Appetizer
8a235783-8b72-595a-94b9-f91a714cec29,086bdf9f-00fb-5e32-a7e0-2902c705abff,Steamed Seabass with Stuffed Shrimp in Red Curry Sauce,Appetizer
1dd4e213-0657-5702-9bdc-d379199e0843,086bdf9f-00fb-5e32-a7e0-2902c705abff,Sizzling Grilled Cuttlefish,Appetizer
58d1146d-b3bc-543a-a234-eeb5ac6176bb,086bdf9f-00fb-5e32-a7e0-2902c705abff,Crispy Chicken In Pandan Leaves,Appetizer
55e7caf1-09c9-5fee-8997-f7ae8775c155,086bdf9f-00fb-5e32-a7e0-2902c705abff,Crispy Golden Cup with Grilled Beef,Appetizer
227af384-947f-5482-9257-3e4d71892487,086bdf9f-00fb-5e32-a7e0-2902c705abff,Prawn & Cheese Ball,Appetizer
d7615715-a697-5ba7-8dc4-652975d8a9a0,086bdf9f-00fb-5e32-a7e0-2902c705abff,Fried Chicken Namtok,Salad
2b965564-887d-515d-884f-8a1054a5d27b,086bdf9f-00fb-5e32-a7e0-2902c705abff,Mixed Fruit Salad with Shrimp,Salad
d7c052c0-3e08-5f25-b9fe-794f480a228d,086bdf9f-00fb-5e32-a7e0-2902c705abff,Som Tum Papaya Salad,Salad
6133c953-e6b8-53eb-82af-617ff4ee6909,086bdf9f-00fb-5e32-a7e0-2902c705abff,Seafood Tom Yum Soup,Soup
e5c6e4b8-d166-5b5f-9834-53ae70e65c19,086bdf9f-00fb-5e32-a7e0-2902c705abff,Szechuan Soup,Soup
10a2e416-96e2-50cd-b1d1-47b5fbff5ec5,086bdf9f-00fb-5e32-a7e0-2902c705abff,Tom Yum Goong,Soup
f94c1c85-effa-5d39-82f0-7cee9cfa0af5,086bdf9f-00fb-5e32-a7e0-2902c705abff,Tom Kha Gai,Soup
23b32b19-b631-5c97-8e85-557955cc957c,086bdf9f-00fb-5e32-a7e0-2902c705abff,Clear Tom Yum Seafood Soup,Soup
2859796c-31b1-5447-9c43-9df012582fd2,086bdf9f-00fb-5e32-a7e0-2902c705abff,Tom Yum Chicken in Black Soup,Soup
d9555fed-259e-5972-9fa2-d161f5af03e5,086bdf9f-00fb-5e32-a7e0-2902c705abff,Chinese Style Wonton Soup,Soup
842eda68-022d-5424-9475-dab4b110cb06,086bdf9f-00fb-5e32-a7e0-2902c705abff,Seafood Mala Soup,Soup
88a61f55-ef40-5879-bb2b-fda788495e0e,086bdf9f-00fb-5e32-a7e0-2902c705abff,Chicken Nam Jim Jaew,Chicken
aafc0f79-7174-5fbf-83eb-90ec3b3fbf78,086bdf9f-00fb-5e32-a7e0-2902c705abff,Chicken Cheese Buldakoo,Chicken
c7d59ce1-30f4-5502-8cf6-1be87aece3a6,086bdf9f-00fb-5e32-a7e0-2902c705abff,Clay Pot Sauce Baked Chicken,Chicken
c12207b6-71a1-5694-941e-1770121a1c49,086bdf9f-00fb-5e32-a7e0-2902c705abff,Stir-fried Chicken with Holy Basil,Chicken
3540ee68-7444-5f43-85ed-4e97a9acd6bc,086bdf9f-00fb-5e32-a7e0-2902c705abff,Stir-fried Chicken with Cashewnut,Chicken
0c2f915c-ac24-5a1d-a4fb-2466bbb308c5,086bdf9f-00fb-5e32-a7e0-2902c705abff,Chicken Kkanpunggi,Chicken
28991960-3226-5b75-b474-c8ba6659a30e,086bdf9f-00fb-5e32-a7e0-2902c705abff,Chicken Bulgogi,Chicken
a3b89861-30a0-5740-aa30-9c774a9490cf,086bdf9f-00fb-5e32-a7e0-2902c705abff,Chicken Chilli In Black Bean Sauce,Chicken
845f71a6-8840-55b8-83f5-42c6a2608995,086bdf9f-00fb-5e32-a7e0-2902c705abff,Stir Fried Beef Tenderloin with Red Curry Lychee,Beef
0c255365-b87d-55d0-9e0c-b1c5f16f2a30,086bdf9f-00fb-5e32-a7e0-2902c705abff,Grilled Beef Tenderloin with Nam Jim Jaew,Beef
bf443ab0-bbf1-526a-9976-e0240300a81c,086bdf9f-00fb-5e32-a7e0-2902c705abff,Stir Fried Beef Tenderloin with Xo Sauce,Beef
69034b81-bf17-5ee1-a71e-b40104d5a8a0,086bdf9f-00fb-5e32-a7e0-2902c705abff,Stir Fried Beef with Szechuan Sauce,Beef
c0429e56-1711-5517-97e6-63889ed88b90,086bdf9f-00fb-5e32-a7e0-2902c705abff,Beef Chumluk,Beef
9fdeac7e-82fb-58e3-bcd1-53fbcee3483c,086bdf9f-00fb-5e32-a7e0-2902c705abff,Stir Fried Beef Tenderloin with Black Pepper Sauce,Beef
1c19ce61-3175-589f-9e2a-3985feac2a0d,086bdf9f-00fb-5e32-a7e0-2902c705abff,Stir Fried Beef Tenderloin with Oyster Sauce,Beef
721986d6-a2cb-5ea1-afd4-9a6dc643b3b5,086bdf9f-00fb-5e32-a7e0-2902c705abff,Grilled Beef with Spicy Herbs Paste,Beef
cb00ff73-93c9-5095-9e2c-f49d43ff356c,086bdf9f-00fb-5e32-a7e0-2902c705abff,Baan Busaba Crispy Beef,Beef
7360ff15-d8b5-513b-bfff-26654c7f115c,086bdf9f-00fb-5e32-a7e0-2902c705abff,Honey Roasted Duck,Duck
00c128b7-5144-5aa2-aeb1-f858c70de574,086bdf9f-00fb-5e32-a7e0-2902c705abff,Peking Duck,Duck
2e40663c-ab8c-5c9d-bf57-31c30c21117b,086bdf9f-00fb-5e32-a7e0-2902c705abff,Duck with Tamarind Sauce,Duck
f7fd8d63-b529-5078-8544-0262ba5870dc,086bdf9f-00fb-5e32-a7e0-2902c705abff,Duck with Red Curry Sauce,Duck
167f2e58-32d4-5103-903a-4be9fe1e7f2a,086bdf9f-00fb-5e32-a7e0-2902c705abff,Braised Lamb with Yellow Curry,Lamb
ae28c8ad-92c3-5a05-be8d-fc6de717cf90,086bdf9f-00fb-5e32-a7e0-2902c705abff,Lamb with Tamarind Sauce,Lamb
c1eecaf2-a15c-5eeb-9d44-606f6425fd19,086bdf9f-00fb-5e32-a7e0-2902c705abff,Lamb with Khao Soi,Lamb
8b2aad57-7e2a-579c-a360-1081e77049ae,086bdf9f-00fb-5e32-a7e0-2902c705abff,Steamed Seabass with Lime Sauce,Fish
eb3c3aac-8e60-5ff2-a6f6-df21249d2124,086bdf9f-00fb-5e32-a7e0-2902c705abff,Steamed Seabass with Soy Sauce,Fish
5b9adc52-13ca-56af-891c-db8ae9896476,086bdf9f-00fb-5e32-a7e0-2902c705abff,Fried Seabass with Chili Sauce,Fish
4cfa60bd-7f34-585d-90b8-9072b98fcce7,086bdf9f-00fb-5e32-a7e0-2902c705abff,Steamed Seabass with Coconut Milk,Fish
5b8e72c1-ef02-57fd-bc6d-a7326c3bf6f3,086bdf9f-00fb-5e32-a7e0-2902c705abff,Stir-fried River Prawns,Seafood
816d1c58-3ed9-565e-aa3e-c4f0cff37507,086bdf9f-00fb-5e32-a7e0-2902c705abff,Steamed Seafood with Young Coconut,Seafood
86981465-36df-5a8b-9ac9-6e65bc08137f,086bdf9f-00fb-5e32-a7e0-2902c705abff,Holy Basil with Seafood,Seafood
68d8b530-edd1-5d4b-9d79-6a49d491e255,086bdf9f-00fb-5e32-a7e0-2902c705abff,Stir Fried Seafood with Chili Paste,Seafood
4dbabd4d-c4f4-51ca-9600-09288e8ffc6f,086bdf9f-00fb-5e32-a7e0-2902c705abff,Stir Fried Mixed Seafood with Curry Powder,Seafood
b3a2b35a-34e8-5540-aaef-b3f437c693d9,086bdf9f-00fb-5e32-a7e0-2902c705abff,Crispy Fried Seafood with Cheese Tamarind Sauce,Seafood
0768487b-4bb2-5862-886c-ab81fd8c0e26,086bdf9f-00fb-5e32-a7e0-2902c705abff,Stir Fried Shrimp with Cashewnut,Seafood
122e77eb-9afc-5877-bef1-7541251a25d9,086bdf9f-00fb-5e32-a7e0-2902c705abff,Stir Fried Shrimp with Xo Sauce,Seafood
d2409746-1962-51e9-9f3d-81bd49da5a37,086bdf9f-00fb-5e32-a7e0-2902c705abff,Fried Stuffed Crab Claws with Spicy Curry,Seafood
3e3251e0-d609-5c9b-9670-be87ab32877c,086bdf9f-00fb-5e32-a7e0-2902c705abff,Red Curry,Curry
4b67783a-75f5-5aa3-9476-368272d09f8c,086bdf9f-00fb-5e32-a7e0-2902c705abff,Penang Curry,Curry
076e821e-11c6-58ee-8df0-ce8e8acb71f9,086bdf9f-00fb-5e32-a7e0-2902c705abff,Green Curry,Curry
a59ce689-a2b4-5ebb-9015-54d6c2cb654e,086bdf9f-00fb-5e32-a7e0-2902c705abff,Mapo Tofu,Curry
42d8f88c-f9f6-5553-9df2-a9df586055aa,086bdf9f-00fb-5e32-a7e0-2902c705abff,Beef Curry with Pineapple,Curry
928df3c4-1a9e-5c73-b551-d25a1760f4f6,086bdf9f-00fb-5e32-a7e0-2902c705abff,Mixed Vegetables Thai Style,Vegetables
20de48a7-88ba-574d-ad93-0209d0f97cf0,086bdf9f-00fb-5e32-a7e0-2902c705abff,Bok Choi Bean Curry,Vegetables
a6663f9b-b807-5955-be22-14cb8b014118,086bdf9f-00fb-5e32-a7e0-2902c705abff,Stir-fried Morning Glory,Vegetables
b2f7c255-597a-5f23-84cc-325a3ad6fa68,086bdf9f-00fb-5e32-a7e0-2902c705abff,Bibimbap,Rice
4cd8e156-6150-5a8c-bb56-ed246b75a88e,086bdf9f-00fb-5e32-a7e0-2902c705abff,Kimchi Fried Rice,Rice
aff1583c-82f2-5182-acce-fe5f6a6a5014,086bdf9f-00fb-5e32-a7e0-2902c705abff,Pineapple Fried Rice,Rice
4b7c33fd-41eb-5651-989f-fb959056a264,086bdf9f-00fb-5e32-a7e0-2902c705abff,Truffle Egg Fried Rice,Rice
67ffd558-31d9-505e-b54a-41d4d96f6bd1,086bdf9f-00fb-5e32-a7e0-2902c705abff,Truffle Egg Fried Rice with Chicken,Rice
e02cd83f-856a-5fae-ace1-da41647406b5,086bdf9f-00fb-5e32-a7e0-2902c705abff,Chicken Hot Basil Fried Rice,Rice
9b9c47cc-a07a-5b5b-811a-940f35b428c4,086bdf9f-00fb-5e32-a7e0-2902c705abff,Seafood Basil Fried Rice,Rice
19c4f988-6922-511f-8ea1-7493dd60bbdc,086bdf9f-00fb-5e32-a7e0-2902c705abff,Chicken Fried Rice,Rice
ea92e1ae-6a71-538f-96b5-8dabf4fd21a4,086bdf9f-00fb-5e32-a7e0-2902c705abff,Roasted Duck on Rice,Rice
e4fab629-ac61-5aab-9aca-7d79a0f3d60f,086bdf9f-00fb-5e32-a7e0-2902c705abff,Kra Pao with Rice,Rice
d6c98ea4-f825-501c-b622-8edaae514d5e,086bdf9f-00fb-5e32-a7e0-2902c705abff,Beef Basil Fried Rice,Rice
655ad777-ee32-51b6-913e-d315890ea7f0,086bdf9f-00fb-5e32-a7e0-2902c705abff,Jasmine Rice,Rice
fbf7a72e-e249-5204-b51c-5d4e3e62da35,086bdf9f-00fb-5e32-a7e0-2902c705abff,Stir Fried Drunken Noodles,Noodles
339187b0-bd8c-57d8-ac96-91eb4bc5419e,086bdf9f-00fb-5e32-a7e0-2902c705abff,Hokkien Fried Noodles,Noodles
962b4d41-4300-5438-827f-0a64d8a93859,086bdf9f-00fb-5e32-a7e0-2902c705abff,Pad Thai,Noodles
e92300d6-0f95-5e45-9916-98b93e12ce1e,086bdf9f-00fb-5e32-a7e0-2902c705abff,Khao Soi Chicken,Noodles
8bce3cee-2809-579a-9fb2-076a8ec4e525,086bdf9f-00fb-5e32-a7e0-2902c705abff,Roasted Duck Noodles with Wonton,Noodles
5c9e4439-913a-5a93-a9c8-e14e5b9d1dd7,086bdf9f-00fb-5e32-a7e0-2902c705abff,Mango Saffron Milk Cake,Dessert
ceabde20-a0d3-51bc-9f8a-9b573a7a0da1,086bdf9f-00fb-5e32-a7e0-2902c705abff,Taro Milk Cake,Dessert
4bec1828-b685-52f8-8021-e57b131f5bc9,086bdf9f-00fb-5e32-a7e0-2902c705abff,Mongolian Glazed Beef Tenderloin,New Arrivals food menu
d7dd4862-0a88-5131-b0c2-2eb0e9e88944,086bdf9f-00fb-5e32-a7e0-2902c705abff,Mala Fried Sea Bass,New Arrivals food menu
88056011-379a-5104-acdf-40168190981c,086bdf9f-00fb-5e32-a7e0-2902c705abff,XO Beef Baked Noodles,New Arrivals food menu
3f6638c7-0cb6-5c51-8d88-018b35078b42,086bdf9f-00fb-5e32-a7e0-2902c705abff,Grilled Chicken Thighs,New Arrivals food menu
77873196-172b-59d4-a88a-2ab2fb59b209,086bdf9f-00fb-5e32-a7e0-2902c705abff,Charcoal Chicken Skewers,New Arrivals food menu
b2d61de4-8e10-5b0a-b2f0-811176ce872c,086bdf9f-00fb-5e32-a7e0-2902c705abff,Thai Heritage Grilled Beef,New Arrivals food menu
55c5bbea-4d2c-5d98-baf2-4040762d1663,086bdf9f-00fb-5e32-a7e0-2902c705abff,Glazed Prawn,New Arrivals food menu
c8948407-ae85-52f6-b711-25ac98126a79,65d35ba5-2859-53a1-8958-2c23273920c9,Beef Hyderabadi,Beef
b5acb163-e2ff-516d-9d73-befb7d9c9dc8,65d35ba5-2859-53a1-8958-2c23273920c9,Grilled Potatoes,Snick Snack
db234110-9f92-50ab-a74b-49c00ed98c68,65d35ba5-2859-53a1-8958-2c23273920c9,Garlic Mushroom,Snick Snack
fee31c70-de8c-526b-813c-ebfff4f785d9,65d35ba5-2859-53a1-8958-2c23273920c9,Crunchy Calamari,Snick Snack
6fc7caa0-2953-58ba-9329-99f103e633c6,65d35ba5-2859-53a1-8958-2c23273920c9,Chicken Wings,Snick Snack
09fd69af-fde9-543f-b145-ffda84f491e8,65d35ba5-2859-53a1-8958-2c23273920c9,Chicken Tikka,Snick Snack
ce88b34a-f820-5453-b808-c5143e678186,65d35ba5-2859-53a1-8958-2c23273920c9,Chicken Shashlick,Snick Snack
5675fe26-a63d-52e7-8667-a228c37d6116,65d35ba5-2859-53a1-8958-2c23273920c9,Chicken Momo,Snick Snack
babaaa33-6a91-5ccb-b0b4-be00b7bec246,65d35ba5-2859-53a1-8958-2c23273920c9,Cheese Momo,Snick Snack
943df577-5257-520b-829b-761b75419dc3,65d35ba5-2859-53a1-8958-2c23273920c9,Sweet Lassi,Smoothie/Milkshake
1a2bb246-6539-565a-9ac9-dfeebfb35972,65d35ba5-2859-53a1-8958-2c23273920c9,Sofeda Mocktail,Smoothie/Milkshake
436af737-5b28-5179-b1ee-65aef523a131,65d35ba5-2859-53a1-8958-2c23273920c9,Oreo Frappe,Smoothie/Milkshake
72454df9-b33e-507e-adf5-dbe950435aa6,65d35ba5-2859-53a1-8958-2c23273920c9,Milk Shake,Smoothie/Milkshake
b039ef2a-b31c-5064-be0b-0aa828226d8a,65d35ba5-2859-53a1-8958-2c23273920c9,Mango Mania,Smoothie/Milkshake
f893110b-411d-5acc-aaab-d15252f0e1aa,65d35ba5-2859-53a1-8958-2c23273920c9,Local,Smoothie/Milkshake
64baa829-c1c9-5d61-8047-ac5ae537dd8b,65d35ba5-2859-53a1-8958-2c23273920c9,Chicken Sizzling Meal,Sizzling
00cd3e41-b08e-53e7-ac73-2fcb6a2b4546,65d35ba5-2859-53a1-8958-2c23273920c9,Honey Chicken Wings,Snick Snack
5240b9a2-fa4c-5501-a76d-b4b6a043af69,65d35ba5-2859-53a1-8958-2c23273920c9,Chicken Sizzling,Sizzling
169eaa20-6eda-5706-b39c-590d88d9442a,65d35ba5-2859-53a1-8958-2c23273920c9,Roll,Snick Snack
5e191cb5-edf8-59bc-a394-22514bb0c160,65d35ba5-2859-53a1-8958-2c23273920c9,Vegetable Momo,Snick Snack
d4c3eba0-c958-53fa-b04a-4ed114363968,65d35ba5-2859-53a1-8958-2c23273920c9,Mixed Vegetable,Vegetables
10b613e3-641c-5985-94f7-1c4f00c27637,65d35ba5-2859-53a1-8958-2c23273920c9,Daal Tarka,Vegetables
5466a4f4-fd50-59e1-87a2-fc30fa6508dc,65d35ba5-2859-53a1-8958-2c23273920c9,Daal Makhani,Vegetables
9621dfd3-fe55-57a7-bddc-b32e9785c9e2,65d35ba5-2859-53a1-8958-2c23273920c9,Regular Tea,Tea
d28b1f3c-91bd-5902-a96d-361c594b95d3,65d35ba5-2859-53a1-8958-2c23273920c9,Ice Tea,Tea
14d8dc5e-7280-5f24-a801-363ca41ca1ee,65d35ba5-2859-53a1-8958-2c23273920c9,Flavored,Tea
f9038ed9-271c-52dc-bf63-73ec4972c1ea,65d35ba5-2859-53a1-8958-2c23273920c9,English Tea,Tea
45999864-07b7-53a9-a067-8ab10da13b04,65d35ba5-2859-53a1-8958-2c23273920c9,Sirloin Steak,Steak
af7b6913-1be2-5961-a7d2-30625896080c,65d35ba5-2859-53a1-8958-2c23273920c9,Pepper Steak,Steak
f0ac5fea-3b2f-53d4-9341-54bfc1975aef,65d35ba5-2859-53a1-8958-2c23273920c9,Mushroom Steak,Steak
8420e1a2-b37c-5098-83b3-5f217721d7b7,65d35ba5-2859-53a1-8958-2c23273920c9,Mexican Steak,Steak
1186220a-7984-52d0-9af6-53262a2c2c24,65d35ba5-2859-53a1-8958-2c23273920c9,Ajo Special Steak,Steak
2b62f33e-0ce6-5875-8e16-5b6386cc24fb,65d35ba5-2859-53a1-8958-2c23273920c9,Tom Yum Soup,Soup
12aaaac9-7315-5768-9899-78af6df3e1e2,65d35ba5-2859-53a1-8958-2c23273920c9,Thai Soup,Soup
82c36154-24f1-53ab-a36c-26c8de411342,65d35ba5-2859-53a1-8958-2c23273920c9,Vegetable Roll,Snick Snack
8d1de541-a5eb-5d16-8c5c-ed6cf65f73b7,65d35ba5-2859-53a1-8958-2c23273920c9,Squid Fry,Snick Snack
264bb42b-2a98-50db-aaf3-39614aa22dbf,65d35ba5-2859-53a1-8958-2c23273920c9,Beef Sizzling,Sizzling
f1b7e634-5bb6-56e2-ad72-51f8c1f2bf34,65d35ba5-2859-53a1-8958-2c23273920c9,Sea Food Soup,Soup
39ceec11-93a9-546c-8455-e7f19b206ed1,65d35ba5-2859-53a1-8958-2c23273920c9,Mint Magic Pasta Salad,Salads
a29a70b1-6099-5b14-9a83-063396316c12,65d35ba5-2859-53a1-8958-2c23273920c9,Latte,Coffee
e363367f-148f-5cf7-9d04-68ba821637be,65d35ba5-2859-53a1-8958-2c23273920c9,Expresso,Coffee
6e6db8d9-e83e-5407-89c1-d0b11ecb9ef9,65d35ba5-2859-53a1-8958-2c23273920c9,Cold Coffee,Coffee
ae86dfb2-1bc8-515b-a345-9526b0a13e4f,65d35ba5-2859-53a1-8958-2c23273920c9,Cappuccino,Coffee
209f6e8d-83a3-566a-8c3b-694d4c09b9d5,65d35ba5-2859-53a1-8958-2c23273920c9,Arabica,Coffee
43cc98ab-38b3-5e59-8669-7286fb768c34,65d35ba5-2859-53a1-8958-2c23273920c9,Tori Katasu,Chicken
9ee844bf-7975-590e-ac7c-8d3102ce982b,65d35ba5-2859-53a1-8958-2c23273920c9,Lemon & Garlic Chicken,Chicken
f4bb4767-2301-5a88-8539-f125633e8e57,65d35ba5-2859-53a1-8958-2c23273920c9,Chicken Tikka (1/4th),Chicken
5306a9d3-d4e7-50f0-b145-0ff25e4cf212,65d35ba5-2859-53a1-8958-2c23273920c9,Chicken Tapas,Chicken
b7097a61-2dc6-51c2-8479-1fa3c592badb,65d35ba5-2859-53a1-8958-2c23273920c9,Chicken Jhal Frezi,Chicken
963e8e12-6d77-5d75-8ead-07a967366787,65d35ba5-2859-53a1-8958-2c23273920c9,Chicken Butter Masala,Chicken
f3108b99-d682-5769-a5da-869f6f1d2f8a,65d35ba5-2859-53a1-8958-2c23273920c9,Bibinbap,Chicken
ff6c6a17-1bfc-5242-ab50-38a908a65c89,65d35ba5-2859-53a1-8958-2c23273920c9,Roasted Garlic Beef,Beef
eb59078e-b765-5b62-b927-122c9e982ddf,65d35ba5-2859-53a1-8958-2c23273920c9,Beef Masala,Beef
0e0d9906-9f95-5b54-b421-95d9c3326f79,65d35ba5-2859-53a1-8958-2c23273920c9,Tangy Green Papaya Salad,Salads
9033a2b0-1cd9-5ebd-a0fd-602a7a870fdf,65d35ba5-2859-53a1-8958-2c23273920c9,Brownie,Dessert
39aaae59-ede5-58ac-bff4-e9808b60a5c2,65d35ba5-2859-53a1-8958-2c23273920c9,Grilled Fish,Fish
31b4aec2-5f2a-5aa1-8986-5ee567d792ed,65d35ba5-2859-53a1-8958-2c23273920c9,Grilled Chicken (1/4th),Chicken
69d58666-b1ed-5dde-afca-66de1796d530,65d35ba5-2859-53a1-8958-2c23273920c9,White Whimsical,Fish
2372859d-63d0-5e18-8c89-02cf32287476,65d35ba5-2859-53a1-8958-2c23273920c9,Grilled Chicken Salad,Salads
596fa8d8-dbc9-5280-9cd6-18822606a0ec,65d35ba5-2859-53a1-8958-2c23273920c9,Red Relish,Fish
87b77dbc-41b0-5aa8-bdb6-a5486074bdb4,65d35ba5-2859-53a1-8958-2c23273920c9,Greek Salad,Salads
a81158c5-1b1e-5374-8a9b-aa55c5d16930,65d35ba5-2859-53a1-8958-2c23273920c9,Spaghetti,Pasta & Spaghetti
c387188e-e852-5b4a-ae3f-db447efac9d8,65d35ba5-2859-53a1-8958-2c23273920c9,Shrimp Pasta,Pasta & Spaghetti
9a29e041-ff68-506b-9aeb-d40aad48037e,65d35ba5-2859-53a1-8958-2c23273920c9,Penne Valladaer,Pasta & Spaghetti
c3770be3-5740-5031-b392-6fd726a21701,65d35ba5-2859-53a1-8958-2c23273920c9,Pasta,Pasta & Spaghetti
a2c83c94-ed57-501c-9e75-b7bc4987374a,65d35ba5-2859-53a1-8958-2c23273920c9,Fettuccine,Pasta & Spaghetti
a539f218-ffe9-5d5a-b51a-00603b86cb45,65d35ba5-2859-53a1-8958-2c23273920c9,Pasta with Fish Balls,Pasta & Spaghetti
94ba16c1-6109-588d-9b20-903a0e9bcdf8,65d35ba5-2859-53a1-8958-2c23273920c9,Rice,Individuals
f350f4a7-31d5-599e-b74e-6e29c6c9c5fd,65d35ba5-2859-53a1-8958-2c23273920c9,Plain Naan,Individuals
5b60c22b-42e9-502b-90b9-c06edab02299,65d35ba5-2859-53a1-8958-2c23273920c9,Parata,Individuals
491c06f4-454f-5fca-93be-3f120b7a01d1,65d35ba5-2859-53a1-8958-2c23273920c9,Masala Kulcha,Individuals
bc1300b2-2cb3-5236-b407-4045a905a9af,65d35ba5-2859-53a1-8958-2c23273920c9,Garlic Naan,Individuals
a853b2b1-cc2e-50ee-899e-6aa2d7ef15ca,65d35ba5-2859-53a1-8958-2c23273920c9,Butter Naan,Individuals
351133dc-8c09-5fa2-bd2e-7fc330fff098,65d35ba5-2859-53a1-8958-2c23273920c9,Ajo Special Naan,Individuals
5cc74109-a19e-5217-b480-e374dcdcb217,5ba25ab6-8781-5c8d-a16c-5a26c9fee3ca,Chicken Reshmi Kebab,Kebab
6a33f225-e967-5012-9832-d036c244dc29,5ba25ab6-8781-5c8d-a16c-5a26c9fee3ca,Rumali Roti,Naan & Paratha
6ae4c86a-c1a4-58cf-b5ec-0bec8be48f6b,5ba25ab6-8781-5c8d-a16c-5a26c9fee3ca,Chicken Tikka,Kebab
2f456ab4-e3f0-54f1-b1e8-3cd16700f1cf,5ba25ab6-8781-5c8d-a16c-5a26c9fee3ca,Beef Chapli Kebab,Kebab
6d565d02-97e1-5f3f-8e62-e7f824df2930,5ba25ab6-8781-5c8d-a16c-5a26c9fee3ca,Garlic Naan,Naan & Paratha
8208709f-2e8b-5901-9e15-b64eab13f044,5ba25ab6-8781-5c8d-a16c-5a26c9fee3ca,Chicken Drumstick,BAR-B-Q
2677bc6d-2aef-5fb1-9d34-940077aacac9,5ba25ab6-8781-5c8d-a16c-5a26c9fee3ca,Paneer Tikka,BAR-B-Q
8d91b64f-680e-5828-a843-cab8158f0eed,5ba25ab6-8781-5c8d-a16c-5a26c9fee3ca,Grilled Prawn,BAR-B-Q
8822bea5-52e6-5f43-82ad-5d8166c3753c,5ba25ab6-8781-5c8d-a16c-5a26c9fee3ca,Bar-B-Q Mutton Chops,BAR-B-Q
776b635e-db78-5cd7-85cc-b22470dfa63d,5ba25ab6-8781-5c8d-a16c-5a26c9fee3ca,Grilled Fish,BAR-B-Q
f16363d0-dfbc-56ad-a563-e0bdd6f800cd,5ba25ab6-8781-5c8d-a16c-5a26c9fee3ca,Bar-B-Q Fish Tikka,BAR-B-Q
4beab418-fa90-5e28-aa8c-56b0c9e874c7,5ba25ab6-8781-5c8d-a16c-5a26c9fee3ca,Chicken Cheese Kebab,Kebab
52e72ff7-e759-542f-a52d-83ee261017ed,5ba25ab6-8781-5c8d-a16c-5a26c9fee3ca,Chicken Boti,Kebab
b9de3361-4f41-5e7e-9975-8cbfc9287ff7,5ba25ab6-8781-5c8d-a16c-5a26c9fee3ca,Beef Seekh Kebab,Kebab
935d7ee8-19f4-5a65-b78a-d2341547d40e,5ba25ab6-8781-5c8d-a16c-5a26c9fee3ca,Beef Khiri Kebab,Kebab
52e7a9d1-83f0-5fcc-b9cd-ff85faff9192,5ba25ab6-8781-5c8d-a16c-5a26c9fee3ca,Namkin Chicken Boti,Kebab
c3964002-0855-522b-bd84-d32195a2658a,5ba25ab6-8781-5c8d-a16c-5a26c9fee3ca,Beef Bihari Kebab,Kebab
50fb5e8e-5ab0-5492-908a-a6454d1e7e8e,5ba25ab6-8781-5c8d-a16c-5a26c9fee3ca,Beef Adana Kebab,Kebab
e8c31fd1-278e-5065-b750-ad6b5e087ffe,5ba25ab6-8781-5c8d-a16c-5a26c9fee3ca,Chicken Malai Tikka,Kebab
7835ccab-c45a-58bb-a2ed-326036bed28a,5ba25ab6-8781-5c8d-a16c-5a26c9fee3ca,Mutton Sheekh Kebab,Kebab
57b60223-a30c-54ad-93b0-21a4f1f42924,5ba25ab6-8781-5c8d-a16c-5a26c9fee3ca,Lahori Fried Fish,Kebab
c34c2aaf-5084-54c1-a16a-9a96c42810d8,5ba25ab6-8781-5c8d-a16c-5a26c9fee3ca,Beef Afghani Tikka,Kebab
d53b84e3-fc40-5863-8f66-0de5dbd71fce,5ba25ab6-8781-5c8d-a16c-5a26c9fee3ca,Mutton Boti,Kebab
9d467537-60f1-53d2-ba63-ef23f8858e5c,5ba25ab6-8781-5c8d-a16c-5a26c9fee3ca,Mutton Rogan Josh,Kebab
54a1b076-cdc7-5c6e-b014-9552b6a5f198,5ba25ab6-8781-5c8d-a16c-5a26c9fee3ca,Grilled Jumbo Prawn,Kebab
f385cff9-5dd7-50fa-b207-f2c83825dcf6,5ba25ab6-8781-5c8d-a16c-5a26c9fee3ca,Plain Naan,Naan & Paratha
9221828c-0a7a-5d48-b6a5-500234f1ba8d,5ba25ab6-8781-5c8d-a16c-5a26c9fee3ca,Kandahari Naan,Naan & Paratha
92bfdcd1-eb8a-54e9-a35a-dda51d017e70,5ba25ab6-8781-5c8d-a16c-5a26c9fee3ca,Butter Naan,Naan & Paratha
4dbc0044-b52c-523b-9779-efdf936bf6ea,5ba25ab6-8781-5c8d-a16c-5a26c9fee3ca,Laccha Paratha,Naan & Paratha
39ffda20-e929-544c-96b1-d477f78ad0d9,5ba25ab6-8781-5c8d-a16c-5a26c9fee3ca,Chicken Chargha (Half ),BAR-B-Q
8f5c02a7-5c3e-5431-bcda-4c562b3a1600,5ba25ab6-8781-5c8d-a16c-5a26c9fee3ca,Chicken Chargha (Full ),BAR-B-Q
441bdff0-d3ea-5bae-83c3-d17438caeb52,5ba25ab6-8781-5c8d-a16c-5a26c9fee3ca,Special Dal,Rice & Curry
1d98ff42-db85-5954-9db0-c757f4346740,5ba25ab6-8781-5c8d-a16c-5a26c9fee3ca,Mixed Vegetable,Rice & Curry
c19fbc33-b95a-542c-bc61-55aa4b1e6343,5ba25ab6-8781-5c8d-a16c-5a26c9fee3ca,Chicken Ginger,Rice & Curry
ce557616-12d3-5f82-abc0-29f1781b6f8f,5ba25ab6-8781-5c8d-a16c-5a26c9fee3ca,Aloo Dum,Rice & Curry
f940531f-e14a-5b3d-a15c-585258f26552,5ba25ab6-8781-5c8d-a16c-5a26c9fee3ca,Palak Paneer,Rice & Curry
a9ce7b13-f3a2-573f-9307-ce91ffa62dad,5ba25ab6-8781-5c8d-a16c-5a26c9fee3ca,Royal Kabuli Polao,Rice & Curry
91df1f4c-f587-583c-bd92-5825c41326f7,5ba25ab6-8781-5c8d-a16c-5a26c9fee3ca,Lahori Chana Masala,Rice & Curry
d76b0496-d90f-53a6-b7e1-481d9703370c,5ba25ab6-8781-5c8d-a16c-5a26c9fee3ca,Chicken Karahi,Rice & Curry
8135433f-3b73-5680-b3bd-9888e7abd669,5ba25ab6-8781-5c8d-a16c-5a26c9fee3ca,Dal Makhani,Rice & Curry
57ee8930-2891-511a-a65a-66b36a0e6f4c,5ba25ab6-8781-5c8d-a16c-5a26c9fee3ca,Afghani Chicken Polao,Rice & Curry
fdacecb5-9afe-57ec-85d4-30aa35d2945a,5ba25ab6-8781-5c8d-a16c-5a26c9fee3ca,Katakat,Rice & Curry
75fe7c52-dae3-531e-8663-efaf7d1e647a,5ba25ab6-8781-5c8d-a16c-5a26c9fee3ca,Butter Paneer Masala,Rice & Curry
4346c202-a3a1-5d11-bda5-9029a9db954b,5ba25ab6-8781-5c8d-a16c-5a26c9fee3ca,Beef Keema Karahi,Rice & Curry
747ff041-233f-5104-88cb-df8c63ab5a60,5ba25ab6-8781-5c8d-a16c-5a26c9fee3ca,Beef Brain Masala,Rice & Curry
99da79e0-f34b-586b-8648-116392303448,5ba25ab6-8781-5c8d-a16c-5a26c9fee3ca,Prawn Masala,Rice & Curry
0ffcb1a6-7089-5235-ac2d-e665ae83cc5e,5ba25ab6-8781-5c8d-a16c-5a26c9fee3ca,Prawn Malai Curry,Rice & Curry
4c9acdca-2758-5744-a4c1-1aa4cb68ca7e,5ba25ab6-8781-5c8d-a16c-5a26c9fee3ca,Mutton Karahi,Rice & Curry
7ca51ca0-c11c-50bd-9bca-e54884b11435,5ba25ab6-8781-5c8d-a16c-5a26c9fee3ca,French Fries,Fast Food
d02179c5-6a2f-5b03-a189-15ef84ce84e5,5ba25ab6-8781-5c8d-a16c-5a26c9fee3ca,Raita,Salad
9896bf0a-0b63-5882-bb50-2015a99d76b2,5ba25ab6-8781-5c8d-a16c-5a26c9fee3ca,Green Salad,Salad
fb22a502-36ed-5fea-8b01-672bc7abcd0f,5ba25ab6-8781-5c8d-a16c-5a26c9fee3ca,Special Firni,Desserts
092cd950-7a28-5684-b3e9-3b29ae7fe66b,5ba25ab6-8781-5c8d-a16c-5a26c9fee3ca,Special Faluda,Desserts
5aad4851-6e1f-5d09-8aad-28bc7b63c5cf,5ba25ab6-8781-5c8d-a16c-5a26c9fee3ca,Green Tea,Juice & Drinks
5c51751e-6482-55b5-ba37-161980c84490,5ba25ab6-8781-5c8d-a16c-5a26c9fee3ca,Malai Tea,Juice & Drinks
6d18dc18-ded4-5e84-8579-dcd22a0c6d8a,5ba25ab6-8781-5c8d-a16c-5a26c9fee3ca,Espresso Single,Juice & Drinks
9d81db73-70a2-5513-a53b-4e61aa77cbe0,5ba25ab6-8781-5c8d-a16c-5a26c9fee3ca,Macchiato,Juice & Drinks
41af617a-32c0-533e-b2d0-b3d532b60224,5ba25ab6-8781-5c8d-a16c-5a26c9fee3ca,Masala Tea,Juice & Drinks
d51bb897-6d3e-5950-bdde-238770eb786e,5ba25ab6-8781-5c8d-a16c-5a26c9fee3ca,Espresso Double,Juice & Drinks
579b9d0c-80d8-5d8c-ba1d-9d53f73148c3,5ba25ab6-8781-5c8d-a16c-5a26c9fee3ca,Latte,Juice & Drinks
1806463d-9754-5801-b8f4-977877ab92fd,5ba25ab6-8781-5c8d-a16c-5a26c9fee3ca,Hot Chocolate,Juice & Drinks
bb38ec90-8450-593c-91da-28496de3b9a2,5ba25ab6-8781-5c8d-a16c-5a26c9fee3ca,Milkshake,Juice & Drinks