id,menu_item_id,price,currency,raw_price,source_id,observed_at,verification_status
11210532-c542-505b-a287-f763f260743b,1e8795a4-5d38-57c5-9328-4b4972a9811e,380,BDT,380,,,UNVERIFIED
bcf2164a-1385-5fc7-90f7-f3a38c4bce87,41b98ad4-058a-5bff-b690-9c94ece7d350,240,BDT,240,,,UNVERIFIED
ae41111d-ee76-54e1-86ca-dff4a52fe1c3,ae58bdca-45df-543d-a396-19430dacb705,250,BDT,250,,,UNVERIFIED
b3860c2f-408c-561f-87ea-915bb39934b2,bafd089a-c978-5e32-a74c-fdc3e8dbc819,300,BDT,300,,,UNVERIFIED
8af452e4-124f-5c59-ae3c-65dd36d07e02,53f977e4-bd53-5c5f-92eb-8754aae71f40,380,BDT,380,,,UNVERIFIED
be56cc25-ee5e-5b38-b5a1-e760af7168af,ba13e742-31df-559e-b320-07f82eab0df1,350,BDT,350,,,UNVERIFIED
953ed246-af18-5c44-b6f5-c583b8969489,9f523e0b-a367-5ab8-93c4-ea6acf3d5de5,330,BDT,330,,,UNVERIFIED
d077fc25-3249-50b6-9f48-de2a657a88ec,f130bab6-2854-5640-8592-0e1b80b3b5a3,350,BDT,350,,,UNVERIFIED
4402f505-d551-5bdf-a7de-46b93c03f048,ed7e3096-6342-5ec2-8f38-17d1e44f430f,280,BDT,280,,,UNVERIFIED
b5952270-f30c-5ce6-ae94-bea9eedb906b,32904145-428b-54d8-aa95-bb8739641e37,170,BDT,170,,,UNVERIFIED
7935218c-b45c-5fbb-9694-aa2fb79f4302,696b94a5-0477-5f31-8e93-5d6d9740356b,150,BDT,150,,,UNVERIFIED
e64f9aea-50a9-5840-a8b2-b922e72fd5a0,dbe7dee5-b6b6-5864-b07b-f9e751b0226b,80,BDT,80,,,UNVERIFIED
6652a5c6-9010-56c0-9993-0afe9717fa7b,66e7c92d-8314-595c-bfe2-dbeba9513ab8,80,BDT,80,,,UNVERIFIED
228c4db9-cadb-5bb0-9d01-ec3aeca8d7b5,a6ae3a2e-49f4-5e52-b1e0-224202fb4673,120,BDT,120,,,UNVERIFIED
58a7b5bb-988f-54e3-912f-f6985ed33d2c,1eaff2a7-ca35-500d-818a-3c9b4765357a,160,BDT,160,,,UNVERIFIED
82103112-d505-541b-9e42-c420932d662d,e89f2c3b-992a-5665-bd33-29b081ad9d89,170,BDT,170,,,UNVERIFIED
e8fb6390-0a55-5992-984b-a23e1fdf86dc,d77c3b5c-71b5-5385-92ec-b46e2fd20683,380,BDT,380,,,UNVERIFIED
dc43040b-c104-5c92-befd-a63200d130da,17f586fc-7dc9-5681-8164-601187fa545f,350,BDT,350,,,UNVERIFIED
2e1eebe3-bc70-57cb-afa4-fa7669db7c6d,fb349201-e345-5492-b12f-6cc0ae8b011f,380,BDT,380,,,UNVERIFIED
6118646e-5587-5dbb-b2f9-e59205a4dc7f,7f8834ad-02d4-50ba-86ab-0e035a8aa855,390,BDT,390,,,UNVERIFIED
07d75c1f-0164-5b93-a6de-3720fa7c3bce,9c6edb15-74c4-5a99-bc91-f14e272fbf81,390,BDT,390,,,UNVERIFIED
64be328c-2cf0-5119-b570-fea506f45ea6,6ef76c3f-e956-5988-9e43-fdfdf61b4ca6,120,BDT,120,,,UNVERIFIED
2bc94448-2a4f-59da-b738-234a8b60f710,5d80b8fa-fab4-5ffe-85ce-56d00e87e60a,90,BDT,90,,,UNVERIFIED
d3a96b44-e237-5322-9bc9-8132b37c21a2,aa70cf59-afdc-5cd5-bcdb-cbe3843e0e62,110,BDT,110,,,UNVERIFIED
eabf59a4-3c89-5a7f-a3e8-798b6606ea67,8a0794d6-f2a4-55d1-a168-17375f40704a,120,BDT,120,,,UNVERIFIED
520a6257-83ac-5df0-beb3-79db408c8afc,cdef3cf6-be92-57da-9836-40480d48bded,120,BDT,120,,,UNVERIFIED
49d2da61-16a1-5de1-924e-24abc53d706e,3783170c-3b3d-59ec-a389-44f794c61b60,120,BDT,120,,,UNVERIFIED
d273a813-0358-574c-b56a-5a6a59f2e336,57cff673-dceb-5c70-a76d-7408fb991a31,220,BDT,220,,,UNVERIFIED
6a4955c4-c36a-5f5e-aa05-32cc031fab75,1fd893e9-4cba-5b49-b344-07db825a6af4,380,BDT,380,,,UNVERIFIED
7ea15032-711f-5cfa-929e-3b19696989b2,431f216a-e2fc-539e-b647-8a387c633d0c,390,BDT,390,,,UNVERIFIED
4f0e074f-486e-54f0-9834-0091d54eaf6c,ac16310c-f4c0-580e-b584-8ec7ce742eff,410,BDT,410,,,UNVERIFIED
3885e224-4ff9-572a-a576-e89a4925414b,483a6530-532c-562f-86a4-939feafcfcd3,230,BDT,230,,,UNVERIFIED
aa1724b7-2062-5854-bdb1-bbade6005768,f735ac65-b124-5104-af8f-bb1f25c40421,320,BDT,320,,,UNVERIFIED
8089a1a0-c724-56bd-b552-8ab6f711ede5,be3c39dd-634c-58c2-8b15-42c3ee9df0a6,480,BDT,480,,,UNVERIFIED
24fb3afa-6c86-54d8-8b30-a4053ba19d6d,600071cd-1819-58e5-9a92-2059dbd959e3,500,BDT,500,,,UNVERIFIED
26ef8e33-656f-518a-8273-0c8d04a3aa48,9ad832ab-a612-5fd2-92d0-371246b9bbe3,595,BDT,595,,,UNVERIFIED
de7b0271-bc2e-5166-9588-32bd23f4996a,a8185782-d966-5ec8-98a0-d81645e752c7,530,BDT,530,,,UNVERIFIED
aa7b1871-11f7-5067-8acb-eaf8fc988188,f544ee52-2294-5944-9249-9bcc69b75858,560,BDT,560,,,UNVERIFIED
fb86fb82-90e7-5b63-9db7-54d1314f7454,34a86b91-7e91-5dec-819c-bfe095625c8c,520,BDT,520,,,UNVERIFIED
5fa1a89f-1e30-5549-9de0-6c00cda48c6a,07f9d31b-8a81-5420-a85d-0255fef27b66,485,BDT,485,,,UNVERIFIED
b62a8df3-13c5-509c-9cb8-f45f74cb36b8,96787720-d6c9-5621-87b5-849b345c7c13,500,BDT,500,,,UNVERIFIED
7e6e93a6-f3fc-5a64-8f1e-a1f3edda1662,b2361d72-0449-5188-a7db-3b3f0ab764c9,340,BDT,340,,,UNVERIFIED
2a60c4de-a4ef-5818-8ba3-face59856f4c,5b77158f-f148-5ec7-8570-b3358ff7938c,380,BDT,380,,,UNVERIFIED
d2b6f394-ba4c-58c6-bbe2-3f4e71fb19b0,21233c98-a2c1-5f0c-896e-7f01eecc3c06,370,BDT,370,,,UNVERIFIED
e7f0a0fa-7a1b-562d-86e0-78a988f4f107,df07bf83-17af-5192-9e60-6ef5267f489d,595,BDT,595,,,UNVERIFIED
8bfb126d-bf0e-5a71-b308-b989b320fd64,cb0f20d0-c6bb-5a7d-8dcb-482ec0dd063c,150,BDT,150,,,UNVERIFIED
f53fee7e-9d15-5a8a-9018-9531f52f5f68,ebb9c481-9cc6-50e1-bd93-5303b8559f59,500,BDT,500,,,UNVERIFIED
1ebb20f7-34a0-5deb-a695-7f31fb714b17,de8b1b80-f36b-56df-ab86-3abcd606c9d4,490,BDT,490,,,UNVERIFIED
49f4be7f-7487-5ddc-98c6-9d8d2b137d07,916f315f-773c-5416-8711-c69040b48ab5,290,BDT,290,,,UNVERIFIED
6d2fa98c-9420-5a27-af49-4d348bdcb4a1,5473466b-a1a6-58f3-b8fb-189a327d8be7,450,BDT,450,,,UNVERIFIED
0fe962e8-6cad-5d2f-a66f-2b147865a276,d14e00af-a37b-5c9b-8db0-47f2b33fd1de,350,BDT,350,,,UNVERIFIED
b79996f0-65ba-571c-a807-abd5d458b64e,e14a5b8c-6156-5abf-9573-bc0cefdd62eb,450,BDT,450,,,UNVERIFIED
a45a6132-dee4-51c6-9ffe-6a41bef2ff62,7532b44a-9bc8-5cbb-9926-48298497de10,320,BDT,320,,,UNVERIFIED
ffbd6499-cbf4-5055-b693-26db5317c4d2,295eb5b2-8d0e-5ff3-bf00-a4107322a6fd,320,BDT,320,,,UNVERIFIED
8996e7d2-7ab3-5a8b-8bee-6d13071a4859,c6a0b430-ed0f-519d-b087-737d7d156f2e,320,BDT,320,,,UNVERIFIED
2d5421f5-6c03-5e85-9ee1-65b09534d7db,21374e39-2118-5a6c-b202-a38340c849db,350,BDT,350,,,UNVERIFIED
549c2d69-cd6e-518e-83b0-b323482db40f,e243a022-e0d3-580e-807e-3062fee1b6b2,290,BDT,290,,,UNVERIFIED
6f9c65c8-1433-505d-a4a2-e4ee2d3e2a3a,01333a3d-6126-50cc-b92f-c96e755d7fea,420,BDT,420,,,UNVERIFIED
9c508b6e-7454-57f4-9c93-be50ee520a73,4b638f95-4649-5ccb-bb3d-281fa59ea022,480,BDT,480,,,UNVERIFIED
02f93cb8-17a3-5be6-b943-9d0c6573543c,84c29183-26ee-5888-b510-cc9df1540d68,470,BDT,470,,,UNVERIFIED
7ff2e8d9-a03c-5dc6-b5de-ccbcc49452d1,03bedbe1-07ba-598a-a352-9f9f90e3b154,400,BDT,400,,,UNVERIFIED
e6405ead-ff43-53cb-b7f4-51507e0b765f,f4e010e3-1de6-55d2-9cd7-8d97d9c94590,330,BDT,330,,,UNVERIFIED
b4b91aca-42f0-5163-acdf-a05c9490f0d1,46576b53-57c0-5ef4-94c4-3327dea0cde4,350,BDT,350,,,UNVERIFIED
e2c29a17-fb03-58ed-a921-439bcff894ab,3fedf7ec-011e-5002-942b-99959ac396e2,350,BDT,350,,,UNVERIFIED
3e7f80f5-500f-51d6-a7e2-f2694174ca42,af85d558-1be8-5265-98b9-ecdfc5ef40cc,490,BDT,490,,,UNVERIFIED
f449643a-2bd3-5a42-bfc3-43b70c8c2356,dbf9de79-681d-5aaf-912a-351bf3b6b4fd,1400,BDT,1400,,,UNVERIFIED
fd39055d-f091-5eb8-84bf-fd36bf778841,49f7fc75-d3e7-550b-b8e0-c9c4fa4f6ae8,1400,BDT,1400,,,UNVERIFIED
f1f82516-8d04-5b2f-bf32-cd950555f9fd,28446e02-72c1-5a05-b4f4-7bb83076f397,450,BDT,450,,,UNVERIFIED
81779f87-0522-55bf-aed3-47c46fab24ef,f159f895-ef0c-5039-bae2-dc71f3851447,600,BDT,600,,,UNVERIFIED
6917efdb-8b1f-53a3-8648-e4a7c747074b,1c0ce0a3-1bc5-5ae1-9ed9-47c38149289f,550,BDT,550,,,UNVERIFIED
400a86bc-231b-50c9-9410-30229a100b2d,ab7aac1d-a119-5790-9bea-f40cda005d59,1400,BDT,1400,,,UNVERIFIED
17e20084-313a-5f00-8ffe-6516b75d1d6a,4688cdda-83f6-52ac-ad43-c66aa96feaa4,725,BDT,725,,,UNVERIFIED
201115b8-ea39-5ef2-8bf9-8d647367d057,039b5b57-fbf0-59ba-8a17-20ee8ea8c8b0,580,BDT,580,,,UNVERIFIED
e3b62458-5fb9-5280-b177-3b231054d458,cd1ebf84-6387-5cf1-a8c9-9620bf02ac2b,800,BDT,800,,,UNVERIFIED
957811b2-b38f-515b-84be-5063d538cce8,3e12bd5b-4ac3-5db3-97ed-2bae88278c79,3200,BDT,3200,,,UNVERIFIED
27ab60b6-660d-5120-ab26-41bd18e5a47a,7c242da6-7c48-5580-becc-05830a026879,1600,BDT,1600,,,UNVERIFIED
d31da543-783e-591e-9b98-f556265e834b,08118890-6d18-5f32-9faf-dbbaa15a5e70,3000,BDT,3000,,,UNVERIFIED
4334ff64-7fae-54ee-9c8a-0241cab8b576,35f43302-0c38-5b8e-9a97-edf2cfea765e,1500,BDT,1500,,,UNVERIFIED
029b77b3-9840-58d1-aece-0e33fc878cb7,db9f90f5-d003-5db8-b236-191b32f6950a,750,BDT,750,,,UNVERIFIED
f5f0e740-4ea0-55f6-afd0-3301a99aa6f4,a2e46416-6660-5508-8dfa-8026e8d9f345,700,BDT,700,,,UNVERIFIED
4f6ce903-5737-5bc3-88ee-15865e08d286,e01f4da3-55ba-5102-a01a-7173439a9529,110,BDT,110,,,UNVERIFIED
cbd72975-aff3-53d7-9add-92f3d0a9f0ac,abf40798-6cbb-50f1-be6c-f903ccb3b50b,240,BDT,240,,,UNVERIFIED
5cff9a4e-67a9-59b1-8027-8c9dcb14d1dc,28e99f95-5fae-5221-8e90-9571a2a9f15c,250,BDT,250,,,UNVERIFIED
0e35f670-c31a-5914-b3f7-826da495403e,85850691-a993-5272-bb55-32af1df847ba,150,BDT,150,,,UNVERIFIED
4ebe6d27-44a5-5709-ab3c-97dc00c533bf,32954a34-3b66-5c0e-8189-e53a56327daf,200,BDT,200,,,UNVERIFIED
a888c6aa-e4c2-50f1-9b04-183ca87ac026,a038340b-720e-5760-943a-30bfcfcb1952,150,BDT,150,,,UNVERIFIED
4e0be0db-2259-5070-8f9a-3b3bd3980846,dfcf239b-bd8a-58fa-a741-aa21ee16a3ee,390,BDT,390,,,UNVERIFIED
21ada9ef-3681-5917-9e4b-8ae21a310b05,54028e39-24f5-564a-98bb-7fbd0809f76a,410,BDT,410,,,UNVERIFIED
1866d86d-3e4a-52a9-8ea4-897583f941a8,7d84dab0-0892-56d2-8717-29097e6e323d,370,BDT,370,,,UNVERIFIED
30fa96dc-76e8-57d1-b340-aa8f549d72a0,89fce816-f2e6-5d59-90a8-b861d541a42b,600,BDT,600,,,UNVERIFIED
4b2b6329-4ecc-50d9-9aaa-5e72682b4530,6a612615-2658-59b7-9574-cd6fc40c1239,550,BDT,550,,,UNVERIFIED
4df22545-1193-51e0-b86c-40e7e13952b9,8a614719-592f-5adb-9e70-00d1b65c3e5f,490,BDT,490,,,UNVERIFIED
6f8166e6-7654-541c-bb61-30da0089c65d,0f8e9b0f-aa56-5f90-bbed-3575de38f1e0,220,BDT,220,,,UNVERIFIED
68f9ce3f-27e8-5c3d-aa5c-257a36214c58,63c4b4d9-ae67-5c71-a209-17c569543a39,250,BDT,250,,,UNVERIFIED
0fa5c02d-5bda-5a2c-adc2-85f7eda7e46c,75d3ea9b-adb0-57b1-8ed6-4108c073326b,250,BDT,250,,,UNVERIFIED
e59750a3-2712-52e3-8035-213d4114d90a,569d68f9-90d9-5117-95a9-9fcffe40197a,220,BDT,220,,,UNVERIFIED
7f640d8e-a623-5f13-9517-94b922428b33,7538e09c-d43d-56ff-a8e8-7b8d719b729c,220,BDT,220,,,UNVERIFIED
2ca44326-5b19-5702-ab4c-613abafa0763,5e36c303-62d9-515f-b1af-2449f3552607,300,BDT,300,,,UNVERIFIED
a0c1d5e1-90ae-5f01-bfb2-db9f1e320b34,245d35e0-19d1-5d1f-919b-c7d7054d65ef,290,BDT,290,,,UNVERIFIED
4e9b6ff6-154d-5d14-bf72-fe0da2f414c4,9e263e1e-44f8-5b95-b3a9-29581e88738a,250,BDT,250,,,UNVERIFIED
c2fe0b09-50f7-5ffe-891b-27f0f76d6015,569c251d-b38c-576d-a1a7-db999077582c,250,BDT,250,,,UNVERIFIED
3ad96325-1758-5156-bf23-f377c17e50fc,7492a3cc-c9cc-5b5f-930d-3c22206b0be9,250,BDT,250,,,UNVERIFIED
8fe2e182-57bd-5614-8684-c635a1072fe7,183d0bbd-b7b8-5e5f-b73c-0a00e0d173f9,200,BDT,200,,,UNVERIFIED
e83cb5d9-fc23-586e-abbc-28df6cdaa3c5,28f89bd0-bd01-5dbf-8f21-40f979f378d2,260,BDT,260,,,UNVERIFIED
68c4dbba-b903-546d-a0a9-babe8cbcaf57,8ad48957-1a87-5ca0-97d7-0d6279475fa8,280,BDT,280,,,UNVERIFIED
4f406a59-b09a-5b06-ae16-1a0790ca6357,b7ee5a09-f367-588b-bf67-546a7e946fe4,260,BDT,260,,,UNVERIFIED
46e1b42b-2a9f-576c-85da-3757523db036,065e12e6-5f88-532d-8c8c-e747a9c24493,230,BDT,230,,,UNVERIFIED
8ff150d0-7a5e-5394-8962-d879a7720776,7be368aa-7e0d-5402-9ef5-e1e3feb9470e,220,BDT,220,,,UNVERIFIED
da84fa74-ac5e-513f-b997-932906ee38d0,e3d5aa49-498f-53da-a509-39cca6ecf21f,230,BDT,230,,,UNVERIFIED
e0e0e63e-507f-5fc7-8367-26903f986784,da7bf644-7aa3-5d71-8653-58916d8882c2,230,BDT,230,,,UNVERIFIED
109b7c09-3f4e-5754-bb0a-2b4b40f715d7,fb2321b5-00ad-540a-a040-e4f6f2106a0b,220,BDT,220,,,UNVERIFIED
e801b2e6-97b5-51b9-9a30-1ffeb2fdd838,30ce0520-9b86-5412-b6d2-842066fd5985,190,BDT,190,,,UNVERIFIED
13668716-fb1d-5bf6-b7df-d0e629c68acc,3b0fc0fa-5df0-56c0-9ce3-b48f065d1de6,390,BDT,390,,,UNVERIFIED
1e63c2c2-8281-53e3-9f85-d93c5b860298,4bea2f18-822d-52ab-b5be-b72f15d04e4f,310,BDT,310,,,UNVERIFIED
0a7a60d7-5dac-514a-814f-3080cca785b9,c3bfc943-81d5-5362-b63f-59f28e4b613b,460,BDT,460,,,UNVERIFIED
e44400ca-2538-5b91-b266-e40e9b4bef49,e21e6161-528e-5b68-9693-6d9b5a7cd63c,380,BDT,380,,,UNVERIFIED
47483398-1348-5178-b617-dbe5e265817a,930b9add-8a3f-52dd-aa3d-f97628da19c9,410,BDT,410,,,UNVERIFIED
8a1eba8e-3229-5fb6-a599-4ada37118877,4119a16d-9ba7-5a56-ad0e-c3725b9f12d3,390,BDT,390,,,UNVERIFIED
2778bfce-dbab-5f32-b5cc-182a6d5fc092,32de0160-770f-544d-9213-33b0eebcd9de,400,BDT,400,,,UNVERIFIED
9b7994f1-4103-5478-b376-81fdf5fa2b95,e040e593-a54c-53f3-ae22-63c99ed62281,410,BDT,410,,,UNVERIFIED
b98954e6-f5d2-54b0-909b-1a3272decb4a,a16fb5d3-481e-50ca-a6be-f66caf6404ae,410,BDT,410,,,UNVERIFIED
4f47219a-a7a8-58db-8b5b-14fbf3433ba2,ac2fa97c-4305-5ef6-958a-af8c85303ff1,250,BDT,250,,,UNVERIFIED
2fd36b58-ac4e-527b-ac4c-4c1f7adeafd5,1cc6efa6-819d-5784-93da-c6c5b306fc75,320,BDT,320,,,UNVERIFIED
681bcd24-59f0-5d4c-b5a0-23de014e328e,42b26cec-fb06-5e29-a3e2-70208c2758ce,190,BDT,190,,,UNVERIFIED
b7897d74-d8c6-5bc2-8fca-759c17f09b8e,17dc36a3-6062-55f3-b5fb-6ea3494fb89b,390,BDT,390,,,UNVERIFIED
c3fc7eed-680f-5231-b480-c70ad60dbc3d,95b1b97d-6cba-510d-9566-6e0ff5ab0a25,160,BDT,160,,,UNVERIFIED
5019902f-5c7d-521c-a086-7175d04e07cb,1d7b4f79-982c-59ce-ba43-7ba02f6e2484,190,BDT,190,,,UNVERIFIED
8de872a2-3dab-520d-baba-e99ef1a0ce8f,dbdbebcd-7a29-5acb-b614-92ff2aebbc39,190,BDT,190,,,UNVERIFIED
35a9df89-1be1-533c-bf8c-2c5bb04e2534,b2664b97-872c-5b69-9d7b-35dc4bc78200,190,BDT,190,,,UNVERIFIED
e1c9b494-c62d-583b-843c-0da32c1fb090,f852536e-3514-5c52-80d1-a2b3785e22e1,200,BDT,200,,,UNVERIFIED
5687436d-5a84-51b0-b390-14fbf51bab52,bdfdd827-aba7-5e7d-823e-24cf8163a31c,220,BDT,220,,,UNVERIFIED
405fe1da-0926-5b08-ac6b-b1f157fa7e4c,f12bfdd7-b229-5aac-a787-9252d803dd8f,290,BDT,290,,,UNVERIFIED
4f8288b9-2c2f-583a-922e-081d22fb8dff,6bfef4ce-4d01-56d4-969f-e644a5bf0e50,290,BDT,290,,,UNVERIFIED
211c29a3-c40b-58c4-9f40-e9d781ecc50b,886aef65-0e7a-530c-8908-bb52fe3985d8,290,BDT,290,,,UNVERIFIED
ad8a8f36-77c6-5f0c-bdfb-55426b55244f,3f02d65f-b059-5185-8e8e-d220601a4276,310,BDT,310,,,UNVERIFIED
1f142d64-f68b-5734-b172-95bf09e9faa7,1957ac25-0c65-538e-b027-339a04f37973,290,BDT,290,,,UNVERIFIED
c3ffce40-94e9-5fb9-bdeb-5751cd590d49,5eccdc4d-d541-58d1-be7b-237bae8a1b7f,260,BDT,260,,,UNVERIFIED
7622c8c7-79e5-5477-a6ec-95670a2e2e73,c8b0a20e-79a7-5364-a00e-cc4454dbceef,290,BDT,290,,,UNVERIFIED
f56ccf02-1722-5fca-9a3e-df3c5e42c2be,d93f7772-28ff-5f15-a297-c50f9de6c1d2,310,BDT,310,,,UNVERIFIED
777eb378-01dd-5eac-813a-e1ebb3dfdfff,addaeabf-f5c5-5202-b3bf-ad0416719ea1,380,BDT,Tk 380,,,UNVERIFIED
0c0bb56f-f8eb-5fff-a484-f1bfe0994af2,03e31dd4-0538-5d44-ac3d-3d76f06f38ae,495,BDT,Tk 495,,,UNVERIFIED
3b3fa809-9e7d-5f5e-ba67-be888854856c,31be17aa-d319-5f54-bcc9-bce4a7a6c9ca,290,BDT,from Tk 290,,,UNVERIFIED
5c854391-0401-5905-900a-e735b9ade001,69e017c0-e199-575e-90b1-63b375f4ac3b,340,BDT,Tk 340,,,UNVERIFIED
867d11a5-518f-5066-996d-abcf211d371e,e15df89b-4940-5b24-bcb6-3e9278db9363,,BDT,Tk 494 / Tk 549,,,NEEDS_REVIEW
45c3f0e5-6771-599b-87ee-9dddca4450e5,1d48ec92-a67e-5fb8-90a0-7cc565819e8b,420,BDT,Tk 420,,,UNVERIFIED
3d2e42ea-c4f1-5e1c-b4b1-73ac078c5d13,9cd005d2-7403-5045-9a0d-6f15cfdd3550,265,BDT,Tk 265,,,UNVERIFIED
e9765139-a5bc-5479-ae63-458806419a78,c98f2234-0abe-5163-a0e0-d6ccaaf3e9d4,450,BDT,Tk 450,,,UNVERIFIED
cf1ce807-71e6-5541-83cf-455b158ec110,ae7a9da4-77c5-57b4-873d-c8eddc129f2f,580,BDT,Tk 580,,,UNVERIFIED
bafedd95-c94c-54f6-a3f7-d83280bfac7d,d0506f61-d137-5080-beb8-dc54f0c422cd,450,BDT,Tk 450,,,UNVERIFIED
88aa80a0-9d72-52c6-af10-cd081af62687,6ad9d3f2-582c-560c-b3d1-3e9d7cddb33e,540,BDT,Tk 540,,,UNVERIFIED
14e375a7-5dc7-5c1c-aaa3-17c15e2b2e48,318ac036-ff9d-5978-bc98-d55c8c9930f4,550,BDT,Tk 550,,,UNVERIFIED
cd26158e-61e5-5327-8577-098bdc0cc75c,63ac2693-03c8-5571-aa6e-1cd5ea05a0d8,500,BDT,Tk 500,,,UNVERIFIED
32e7fe09-593f-5ec1-a136-939955cefae6,7d709f1e-130b-53c6-b1ba-ec88b72a2579,590,BDT,Tk 590,,,UNVERIFIED
a5e2af19-5a09-5a13-a9f9-a351e92f1875,a74063ba-d0a1-5d3e-bda9-d33b6c2a500c,680,BDT,Tk 680,,,UNVERIFIED
8067be42-2385-56f0-8f1e-f72e8cc9f6aa,465c96a7-7f3d-5774-9103-863e8a386e72,650,BDT,Tk 650,,,UNVERIFIED
82548eb8-e5f8-58be-a66c-263a47f2bbae,d8e949a9-26fb-5686-9aac-19c08b89bcfc,140,BDT,Tk 140,,,UNVERIFIED
693d768b-32da-581d-8812-20f4e8c7356b,9ed47fc7-0133-5c96-bdba-cc0e96362b9c,160,BDT,Tk 160,,,UNVERIFIED
61b40c97-4eea-5131-93c2-073674c5784a,05ddca54-59db-5dfa-8748-f90aea2fb1f6,320,BDT,Tk 320,,,UNVERIFIED
84881e80-88af-502e-bdfa-0514515f9470,c2e7cf8d-d0c5-51eb-ace4-cee7c18ab260,300,BDT,Tk 300,,,UNVERIFIED
b498cd89-537d-5f5c-910d-4e33fd6af79e,8d0d2292-b15a-5ddd-a4dc-ead57b96012d,575,BDT,Tk 575,,,UNVERIFIED
392b63ec-1586-5080-b737-904a259d7484,f0dfd486-738a-5bce-a1e5-bf9c47434ca6,575,BDT,Tk 575,,,UNVERIFIED
056be17e-3110-5d0d-b950-f6c02dec453d,04a2d2d4-4990-5172-83ed-80d120965566,320,BDT,Tk 320,,,UNVERIFIED
fb0a496b-fd1e-58ba-b8f5-a70f27bbf53d,592830ab-15f0-5bac-85e2-42525a1b6ae9,240,BDT,Tk 240,,,UNVERIFIED
f87501fc-107d-5065-b82b-ca794c98a305,d78f37de-fa10-5b45-8271-fbf64d87a40e,280,BDT,Tk 280,,,UNVERIFIED
54421fd2-3b75-5fb7-98ab-5dab7480c5e2,0acb1563-ffed-54c4-a0e2-5b4027f67456,240,BDT,Tk 240,,,UNVERIFIED
e4006721-d9c1-5f0a-9405-1952cdf8c2d8,ddebe966-e055-5353-b77d-5bc422b7bfcf,80,BDT,Tk 80,,,UNVERIFIED
3dd857b8-033e-5618-8466-2a086456b6e3,9e40608b-a91f-5d45-a56f-670e84ea7554,70,BDT,Tk 70,,,UNVERIFIED
8cadc60c-4ef5-5537-922d-57ad39aa0c60,2e0449b7-d7e9-5b83-a8fb-5fb6387203e0,100,BDT,Tk 100,,,UNVERIFIED
d90f7550-1884-5e7e-90de-451221bfb232,30fbcaf5-d17e-5161-85d2-9f7bcd27ee3d,120,BDT,Tk 120,,,UNVERIFIED
a70c9870-344f-5417-b1bc-a9710cae5c1f,de742599-c644-516d-b584-682aef196bd1,160,BDT,Tk 160,,,UNVERIFIED
8d043c97-4dbd-55d2-8c47-99e9feb1e108,1df3047f-4eab-5da2-8e4a-a1b92d8989af,90,BDT,Tk 90,,,UNVERIFIED
01a1eaf3-2368-507f-adce-eafc8e6749bd,bdad8a5b-48e2-53e7-be06-573d70fa0a9a,120,BDT,Tk 120,,,UNVERIFIED
6097ba87-4a74-5394-b7ab-5363a71a8024,790ed739-2b10-5dfe-98e6-6b05f4b3b3bd,120,BDT,Tk 120,,,UNVERIFIED
ec314d4f-023e-527f-afa3-1fdd95cc48a2,ad1a1500-7b4b-5394-b3ad-dd1232952e98,70,BDT,Tk 70,,,UNVERIFIED
c89c04ad-ca13-5ede-9bd6-96be0b9b3938,3ac6f5d8-57d6-550b-9257-7ab184132d23,150,BDT,Tk 150,,,UNVERIFIED
ca440abe-40b2-5b7a-9200-370ba47cb793,f7e1927f-0698-5201-9db4-95ed82e85bb6,295,BDT,Tk 295,,,UNVERIFIED
14a5e13d-a42e-5b78-8039-6f815091d1c2,9773591d-69d4-54c4-ac06-86b3395846ab,275,BDT,Tk 275,,,UNVERIFIED
d37142d1-31de-5c9d-8e48-6e346739693f,047631d9-bf64-56b8-a057-ac65e0b949f4,260,BDT,Tk 260,,,UNVERIFIED
5b9f0b69-21b5-55c2-b600-c30487b71ca2,1996a67b-46db-5174-b941-24e60edf1134,260,BDT,Tk 260,,,UNVERIFIED
81d6a345-294b-5547-a5df-23a96085de90,72e6d308-f85e-5f69-b39a-e8fd7ef157d8,240,BDT,Tk 240,,,UNVERIFIED
b0757432-12f1-5b3f-9f3b-e642ad84a655,535f3019-b8e4-5723-97a0-f9ad988eff25,270,BDT,Tk 270,,,UNVERIFIED
ecb906d8-0efe-5b2b-8dc8-bba404879d86,9d407431-fbda-592b-89a4-32f36dab002b,280,BDT,Tk 280,,,UNVERIFIED
0dafadaf-1977-52db-be5c-cf3784ca3d5b,f4eeaee0-7a30-587f-b02d-24053587099d,290,BDT,Tk 290,,,UNVERIFIED
da0f5b0f-b2b6-5746-836e-be4011c0184c,dfc0b665-3ca8-5e25-b6ec-b5f7ed934ea7,495,BDT,Tk 495,,,UNVERIFIED
f603da6a-398f-55b0-8ff0-4e8dee46b1a6,d11dd924-2e2d-5d1d-a9cc-50f430a68271,395,BDT,Tk 395,,,UNVERIFIED
3053fb7e-d14a-5adf-97e1-727024e3c7d7,b0cba8a9-e894-5874-8603-236487832434,420,BDT,Tk 420,,,UNVERIFIED
ad40cf41-0753-5261-bd25-ef5f00386565,37e6d88f-edfb-5bf5-9f9b-eaa807108ea6,395,BDT,Tk 395,,,UNVERIFIED
41e7dfa6-cc70-5c51-b23c-78a300d48279,88965a04-3709-5b4c-a557-1a44c93de459,570,BDT,Tk 570,,,UNVERIFIED
ce14646b-a265-592e-bf2b-ed7524a7e19e,85940953-ef1f-526b-bdf6-67b5006b723c,575,BDT,Tk 575,,,UNVERIFIED
a8d55731-2a62-5e20-a95e-0f1e2e2a4f95,6eb408d6-c5f6-5862-a349-4cde041e8ae6,520,BDT,Tk 520,,,UNVERIFIED
0da4146a-674a-56f9-87c9-2deb99f37530,a1736ded-34ee-56ef-94fe-d87fabbe2a16,570,BDT,Tk 570,,,UNVERIFIED
fc509d25-c34f-53b3-a5d3-2189cb2e5099,37fdca66-eeeb-50cb-a39a-eb253ebb4d36,575,BDT,Tk 575,,,UNVERIFIED
e39860cd-69e1-5cb1-9169-4dcdb6b4dfef,8ad5253f-d7fe-5eab-8c85-e04ac32835d1,395,BDT,Tk 395,,,UNVERIFIED
5b42945d-9623-5cdb-b2a1-27f6c691e980,ad7be6f3-96a2-5e29-9852-7bd2fe64c1c9,575,BDT,Tk 575,,,UNVERIFIED
e5f1d653-3bc9-5f67-979b-849027709802,6a7c3e8c-7a4d-553b-a91a-c9d80d9332cf,395,BDT,Tk 395,,,UNVERIFIED
a443d6c1-ef8c-5b8b-90df-d49768028cb5,f6fed1b9-5502-5700-b3b6-52a634608b70,550,BDT,Tk 550,,,UNVERIFIED
7235bd3e-9f86-5426-8142-45636810cf28,92a850bd-1350-5eee-ae07-82f3c532b6d9,480,BDT,Tk 480,,,UNVERIFIED
0f71d506-2f5c-59fb-a8ca-d2d9722acb5b,1fd795ca-a380-5c41-a8d9-549cea5bdda3,570,BDT,Tk 570,,,UNVERIFIED
7b54e43c-65d3-5781-9463-2bb6a5ef5ba2,b5196888-c6aa-5102-b985-c12466e3d943,620,BDT,Tk 620,,,UNVERIFIED
afc93591-8965-5362-9458-43f8c5ae06fe,674b0ddd-5bd3-5618-947e-e9bec47b8fe0,680,BDT,Tk 680,,,UNVERIFIED
5d259144-9a83-561d-8c15-5757d6a0139b,cc80bed0-ff64-5e85-ad2a-2e1d9dda9234,595,BDT,Tk 595,,,UNVERIFIED
fbadbc8f-c403-5ed3-aa62-26d5ac7e56ce,3a22dcbf-4680-54a2-8421-a051c06035e2,560,BDT,Tk 560,,,UNVERIFIED
5ae3e723-97ea-5bd3-9868-da06b96b9fa2,a4beff12-6bff-552a-a35e-e4bf8c560512,560,BDT,Tk 560,,,UNVERIFIED
bf06ea3b-85aa-5776-b7a5-c1b4e75be2cc,b16d7e7c-194f-54db-a701-295089d2c0f5,740,BDT,Tk 740,,,UNVERIFIED
f21df733-bf55-58bb-a727-568fe00594a8,5b2b8a79-535d-581c-8f25-f0f3e9fcdc8d,740,BDT,Tk 740,,,UNVERIFIED
fd8b588b-765b-512c-8f83-fb75c1e95be6,3c5cee77-ae24-5368-bc29-f153f534f7e7,740,BDT,Tk 740,,,UNVERIFIED
7f1a1cee-de6c-5c5c-81ae-babc33754760,647993dd-dfa9-5993-af86-e7d7e4f2dad3,740,BDT,Tk 740,,,UNVERIFIED
d483fc47-7082-5aad-9bf0-c2e1801ba883,99e0ea75-2e97-5d5d-a579-fb684ae97219,565,BDT,Tk 565,,,UNVERIFIED
ab734d43-9887-51cd-b1d7-87a7147a9443,66dfff34-95ae-5cd0-960d-fe63181fb782,565,BDT,Tk 565,,,UNVERIFIED
d737477e-1f8b-5aba-a688-40c5f3fafc01,5845f28b-897a-579e-8248-6dd38eafbe12,430,BDT,Tk 430,,,UNVERIFIED
4bfa9182-de04-56a3-8865-e6205d0a6258,5925dde1-1968-57f1-8aff-d3fa7dbc5f5c,420,BDT,Tk 420,,,UNVERIFIED
985ad15b-9261-57f8-b0f9-5b24fe8259f8,99e43a6d-f39f-50b8-bf19-152a7d66427a,460,BDT,Tk 460,,,UNVERIFIED
24f45850-9534-5ea9-aa12-e646efaec325,313c102a-d186-535f-a77c-a3305091de4a,380,BDT,Tk 380,,,UNVERIFIED
7b27d8e9-aae9-56b8-97f9-d6462da2e8d2,20aa2e65-213c-5ee1-8bd3-c5e25fc5661e,675,BDT,Tk 675,,,UNVERIFIED
bda9953a-ed8e-5069-a4ee-966cea54efd6,f6ad0adc-7446-5268-b60d-273851628f2e,550,BDT,Tk 550,,,UNVERIFIED
24b6bb25-c791-5466-855e-7e2680b9873d,7d9cf861-9ad2-5773-9913-e9874ba5a0f6,1250,BDT,Tk 1250,,,UNVERIFIED
5f8dc589-3118-514d-b658-994034a3eb85,9d1d5ebe-9f7d-573d-a963-8fbebe98795f,560,BDT,Tk 560,,,UNVERIFIED
3279be6d-897f-5cc8-86ba-065a19f09763,4611c4ba-0ba9-54d9-8da5-e1eed820d96f,575,BDT,Tk 575,,,UNVERIFIED
f9a3a133-d9d2-5a33-a42c-4d65eabd2b52,7328de42-2963-5601-8b46-085492aca140,550,BDT,Tk 550,,,UNVERIFIED
2f4a773d-bd10-53af-a857-6cbda3ca20c0,51c0553f-40ad-5409-89ed-372f72224462,575,BDT,Tk 575,,,UNVERIFIED
487e0a51-831c-5779-853a-97b5e5e1b411,aac9a2ba-db78-5e00-9887-0f3d0cdac3b0,320,BDT,Tk 320,,,UNVERIFIED
0199a493-abce-53bf-8773-6b66c4367bb8,98c6ccb7-f4d8-5d93-9a10-a695573cf79a,575,BDT,Tk 575,,,UNVERIFIED
bdd6e68a-8933-5fd8-9627-f92f2ae22c72,af423ef3-b544-5353-a75c-10912a3d7b51,550,BDT,Tk 550,,,UNVERIFIED
e1812de9-0af1-5c72-bddd-b0a1c7fa5b96,cdb0725d-fc21-5dd6-bb15-91d6455fdb09,595,BDT,Tk 595,,,UNVERIFIED
e983993a-ac24-5e79-8fa1-4977de499c61,bc189e03-ce16-5d70-8d8d-9c921c186b33,500,BDT,Tk 500,,,UNVERIFIED
569797d8-12bc-5119-8521-dac9dd77db15,d36008e7-ce4d-58c2-a15b-7a239a34e792,180,BDT,Tk 180,,,UNVERIFIED
df6ff6ef-629b-5085-8669-f0f09ecc48cf,979b2e0c-57df-567e-b3ab-e85890e2a749,260,BDT,Tk 260,,,UNVERIFIED
127d30d6-b4cf-5e03-a05f-e60550d7171a,29ca8d34-e733-57aa-9eeb-53c469b3d088,80,BDT,Tk 80,,,UNVERIFIED
5a48d792-b327-5e9e-9c7a-7fa446ff49cc,06693206-ea0b-5a94-9b46-d1f3a216e3e7,320,BDT,Tk 320,,,UNVERIFIED
492eb246-2022-58d9-bbb8-364653c01821,7a4ad105-7a41-5f35-a18c-e6b537842678,320,BDT,Tk 320,,,UNVERIFIED
56666391-ef5f-5459-a652-3b8d324a2d51,871dc287-65bd-5b1e-8bc4-b05bda52e967,400,BDT,Tk 400,,,UNVERIFIED
5afa4fa2-e4ef-5b82-8ec7-25a817d1f818,475a54b0-1e91-5da7-9416-f2fe7505ca0c,240,BDT,Tk 240,,,UNVERIFIED
2df372eb-6817-55e3-baeb-1409906e9dad,24a12661-1102-588b-b9f3-7da129bee66f,280,BDT,Tk 280,,,UNVERIFIED
6ecb2572-4212-5454-82f5-1f2611e5610a,9c9d4863-f389-5ba3-966b-2474236042a8,295,BDT,Tk 295,,,UNVERIFIED
c90614aa-a056-5dc2-9df4-69825efbae73,484a457f-3b8a-51a2-bcfe-62f264642aa9,350,BDT,Tk 350,,,UNVERIFIED
6fdaba5c-d54e-5374-8e8b-341443006a7e,b2ce51be-4146-5a3f-a39d-3e61ab89a79b,735,BDT,735,,,UNVERIFIED
e467d404-73e9-5938-8c25-ef291bc15edc,115222c2-f454-5bbc-989c-8750fc1404c2,765,BDT,765,,,UNVERIFIED
906a3611-e749-5f78-bbaf-b8636c33a5b8,0e72ace3-c53f-5627-b1f3-43d2811e84d9,895,BDT,895,,,UNVERIFIED
f382aac1-0ae4-512c-99b6-1cec5ba2e078,356ba74c-3c8d-51fc-9e7f-d52014748017,1095,BDT,1095,,,UNVERIFIED
6c0f2b6f-30cb-577b-8614-028bc7dc94a5,6f06e13f-1d9f-5e35-9101-5fbedff09697,895,BDT,895,,,UNVERIFIED
e7ad7543-d871-5611-8a86-15e6b27f9667,7d1e49ea-9d83-508d-816f-002bb2c1b2e9,1070,BDT,1070,,,UNVERIFIED
cc999b15-1130-5d17-9c47-c371c72370c1,97645cfa-6a02-56f4-bc13-c341fdba615a,880,BDT,880,,,UNVERIFIED
d7e9a266-4262-547b-b494-5d152a0deb63,e2a5104b-485e-5f6f-af2b-4b8481081d42,875,BDT,875,,,UNVERIFIED
5a3dd822-cdc0-54fe-a660-d21de3cfec01,ffde08ac-b270-5e9b-a790-30494e7382cb,880,BDT,880,,,UNVERIFIED
36f7c264-3f91-599c-a73f-3ed9b8dac60f,507d9d01-440b-5bf8-88c7-5c4306db770b,705,BDT,705,,,UNVERIFIED
7a0aa361-d6b0-5621-9b00-fb04a0e31fc1,eb973c50-c13e-5c7a-9810-7d856e9d7ff8,855,BDT,855,,,UNVERIFIED
31925a32-dcc4-5ba4-b064-4d3034e78c86,6c4d22df-8577-5bcd-89a8-765587328672,595,BDT,595,,,UNVERIFIED
fad8f6e8-afcc-5d84-a959-e023270d2b1b,7b8212ed-622e-5948-a4f6-2944bf822eca,675,BDT,675,,,UNVERIFIED
8ff75bca-a918-5c3e-85b6-daa7fbb9599b,01cb33fe-eb83-5202-b9f2-b87bf5ba872d,835,BDT,835,,,UNVERIFIED
a42bd1d6-3762-5746-a773-d2cce2067684,b9892170-86b4-5b23-a246-5cd490bade24,990,BDT,990,,,UNVERIFIED
6a88b28e-94f1-58a1-a1fe-14d1bb8a7443,95ce99ec-a99e-5dde-8596-6d34320fb94f,1195,BDT,1195,,,UNVERIFIED
3c6df2b4-918d-5768-96ab-362ac3baac3d,78ca6688-89e1-54ea-8d64-e7c86a3878a9,945,BDT,945,,,UNVERIFIED
2f9b1d6c-d43e-5a4e-af2e-c637f5a18ef2,3dc4536f-224e-596e-84dc-e29d6d99ed8d,695,BDT,695,,,UNVERIFIED
341c81bd-8104-51e2-8abc-5cfe102640b7,67f9123e-96e3-528e-b550-e27d4a4075a4,735,BDT,735,,,UNVERIFIED
0b41eec1-7750-57a5-9cff-3e83cab51633,ff3194e3-f210-572a-8013-675281e393fb,705,BDT,705,,,UNVERIFIED
c4586eec-5bfb-5d39-bec4-78a624421585,07e53d6c-2b20-5c8f-92ad-4d8c3665f2be,835,BDT,835,,,UNVERIFIED
a5159f87-c110-5c2e-a861-a78bb2f6a888,493549f8-5ede-5833-87e2-bf2a7fe5a097,705,BDT,705,,,UNVERIFIED
659e4b54-226a-5a64-a505-264ab84f1016,32c1acdc-81bd-50db-ba86-98354dc9b9fe,615,BDT,615,,,UNVERIFIED
48e94dae-0122-5286-804c-4c445fff146e,bd2c1b18-6d7d-5683-beba-4ee677f39807,715,BDT,715,,,UNVERIFIED
d34cd6b9-2cb8-57c6-b1f3-43ce38c564fe,ce4d6aa5-a6d0-5f84-ac4b-f122a44fac95,655,BDT,655,,,UNVERIFIED
0c69a38f-bc3e-56a5-ac9e-8eb6ef7c8356,bbec2d23-5a02-5f2d-a948-4af016404c1c,830,BDT,830,,,UNVERIFIED
9e9b66ee-039d-56b4-a6bb-74ad254df9fb,aaa48cd7-fd79-519b-953b-81802216c7ef,1095,BDT,1095,,,UNVERIFIED
85ca1846-03db-5212-a380-561d1f593c6c,25477f49-95a1-522c-872d-cc65e80b1dcf,1325,BDT,1325,,,UNVERIFIED
199f06f0-59d7-5a79-9dd7-10ff670b3c44,c89e6461-5177-5dd3-ae16-fbeb6b4aab61,1030,BDT,1030,,,UNVERIFIED
d48f07d0-a88a-575e-a6ba-5adac6dab694,21310358-ac71-5e84-8145-f0a7df5b47df,1120,BDT,1120,,,UNVERIFIED
b8e25dd4-2a8f-559c-99d5-6a715cac8662,155fe247-3445-5391-a9cd-3c382f8c807c,1495,BDT,1495,,,UNVERIFIED
d888ad53-1e87-58c0-891b-1df6da18485d,1a80bcc5-0e9d-599c-94ab-89b88f3004bf,1875,BDT,1875,,,UNVERIFIED
c2a5e28a-64b0-5072-84ab-d1e90f0115ca,89717f1a-3a28-5615-835e-8793a71e03cf,880,BDT,880,,,UNVERIFIED
e53258c7-4a2d-5b96-b82f-b9d43b7d07bb,ba77850a-fa06-5fe6-a079-95225d4bf693,895,BDT,895,,,UNVERIFIED
33e8ae2d-7226-5fec-814c-f9a6f537529e,479c5dc6-4d72-51ee-b69c-f6005860e2ab,935,BDT,935,,,UNVERIFIED
04f8f0dc-9b55-5ce8-8a23-84002f60998c,d039360b-b250-5df5-a5ed-2b390096ddc6,875,BDT,875,,,UNVERIFIED
606f773c-98f6-5845-bb33-1eb707107a5f,9757257d-6657-58e1-bc25-9b24d7940f2d,935,BDT,935,,,UNVERIFIED
d06d1b9f-1301-54ad-a01d-64eb04b013f7,40a8a4ca-82d3-5cb8-94e9-6943b8568a47,1195,BDT,1195,,,UNVERIFIED
a3fc9feb-3f01-5a77-847b-63d75ef3fbf4,948de5ad-91b7-5f65-bb3c-3babffd9b13b,1095,BDT,1095,,,UNVERIFIED
d182b47b-cb38-57f0-a914-49bf9ac433bc,8d8a8648-448f-5e1d-8c72-44bf526bc580,945,BDT,945,,,UNVERIFIED
52e98783-fbb3-5d8c-9b3a-580c2c1615bb,3decf68f-1613-5705-8c6f-960f28c09f12,440,BDT,440,,,UNVERIFIED
14d5faa0-798a-5eb1-a092-2b893dad7f11,75ddaf75-36ca-5388-8367-f77b71729420,995,BDT,995,,,UNVERIFIED
b02dd7ba-8f31-51f0-abb9-920182e4559c,573dff39-ae45-5232-b625-58eeae0ea1e3,990,BDT,990,,,UNVERIFIED
2e88ada2-cb2d-5b2d-8bbf-b71dcbf47339,51d7163f-e2c5-5f14-8f74-be32c422c9a1,885,BDT,885,,,UNVERIFIED
59c040d1-2d17-58d3-a4ba-6cddd6745e21,d3ba6355-b223-5a6a-96b7-2313262fcc23,795,BDT,795,,,UNVERIFIED
be7d5093-d96f-5b26-a149-34c858890e27,629313b5-b5fc-51d0-b9e5-4f54025a70da,630,BDT,630,,,UNVERIFIED
0dbeb99a-7787-5134-86d6-753c84847c2d,ffc53635-95e9-58b7-8f1e-ded6ff85ac58,1325,BDT,1325,,,UNVERIFIED
af61a7cd-9859-530d-8017-b698b70e78e6,b63f3c4d-7fc5-58d1-b8b0-8e7f9135e70a,1315,BDT,1315,,,UNVERIFIED
1fda47f8-cebf-589a-82e7-c4cb66cf551e,bc230542-083f-509e-a4bb-5154ab30bd9a,1545,BDT,1545,,,UNVERIFIED
f0efb64e-0e98-5e22-a3de-28d5a4a5f759,fa04c9b4-5985-51c1-bb75-a7e13d3213cc,760,BDT,760,,,UNVERIFIED
d831b602-1c02-536a-bcd1-df5ff9140e42,a0e7269e-0358-5fbe-bd7f-99553c4abee4,825,BDT,825,,,UNVERIFIED
89c0f7bd-605b-5df3-93f7-8a3e924288e9,154c08a0-a22e-5097-8f7b-5279fd6d9221,695,BDT,695,,,UNVERIFIED
0d8711fb-3b9a-563f-b031-6cd4dae66df1,3e302bd1-2cda-5e6b-a7ae-c4ead0a34173,805,BDT,805,,,UNVERIFIED
091dcc1b-8b28-561c-a487-f310e90666c4,9a5a3ccc-c7be-5441-b5ae-8e0ca21d413b,825,BDT,825,,,UNVERIFIED
2ca1b8eb-e1b1-577f-b8d1-a572f4552924,0093df7d-fa8c-5d8d-8aac-cdbdb5acc376,820,BDT,820,,,UNVERIFIED
0e01569b-2cca-512d-a3bc-d67af7d97878,0d92fff1-7809-52c8-9bac-386d3f193e10,795,BDT,795,,,UNVERIFIED
9c7445c5-6d35-584c-8b56-2d690925dfab,03fc6010-db8d-56dd-a7a8-b4a7e93f9bfd,915,BDT,915,,,UNVERIFIED
e6c4a245-afbc-56f1-b6a4-5990c59cf4cf,7f8b9833-1683-5c91-b5d0-86ac17e16dea,765,BDT,765,,,UNVERIFIED
e9962a80-4cde-5b0a-832d-caddb4df5cee,3322059d-7767-5dac-8718-3164c76c12fe,705,BDT,705,,,UNVERIFIED
3a3559e6-b6e4-5053-bd60-8e82ac7b6f59,1fa02741-58ed-5e9d-83b5-b760e01ad7c7,725,BDT,725,,,UNVERIFIED
13e331ab-2663-5e39-9b26-bf1f6d20d414,569bb76d-1765-582c-bb01-fc3ddffbfd89,735,BDT,735,,,UNVERIFIED
8a9a7b40-161e-531a-936b-c4aa35412bd6,2504b08a-734e-5941-b5e5-3e6225c6d587,750,BDT,750,,,UNVERIFIED
2f4aca28-09cc-537e-98b6-2c075ab36928,63e6503b-d446-5b97-a300-9f6be567056b,795,BDT,795,,,UNVERIFIED
1b6bd497-9f9e-568a-9d3c-74a186365270,9be6da09-ab54-5480-a617-f8fe14034881,765,BDT,765,,,UNVERIFIED
b1838a63-3ada-5840-934d-bd81c45e4aab,210d08a3-c5f0-5cda-ae4e-bbe8adf7da40,765,BDT,765,,,UNVERIFIED
cff7d087-b4b7-5a2c-878f-afe3f2b706ea,dc34b781-8e07-5195-91d1-bc58a8069978,750,BDT,750,,,UNVERIFIED
57b1575c-16c3-57ee-a412-af492c5d10ab,12aa53ab-fcec-57cc-a610-e43b508550d9,1245,BDT,1245,,,UNVERIFIED
2bf6390b-ff81-5e33-bed4-b5b9ff37414b,8b5a600d-465d-5ab4-a3e7-ae85118c6f19,1115,BDT,1115,,,UNVERIFIED
7f74ec49-63db-5d9f-b17d-531f0df93984,2e59d2ef-2b65-57de-9c5a-b998d63ba666,1175,BDT,1175,,,UNVERIFIED
c6854a20-a7cc-5d6c-a0d6-7cf1f025c2bf,1ba0120b-d198-5730-8aa9-532000c170f4,1150,BDT,1150,,,UNVERIFIED
989bbc70-eefd-52af-8958-3265e995fb30,d1516c0b-118d-5db4-bfb4-f4a826bab6cc,1150,BDT,1150,,,UNVERIFIED
77b96026-71e9-5619-9ef3-4b46d266c20c,38c6573a-a8c4-5042-af49-380d99b445c9,1095,BDT,1095,,,UNVERIFIED
5b09c443-1dc0-5526-9f09-bc10977e2a88,fa010793-2707-50ff-ad63-97827e98bbdc,1095,BDT,1095,,,UNVERIFIED
0048404f-7dbd-5784-8da0-62e0d36224cb,0131cd99-c3ff-51af-8a1f-97d45412e8f3,1095,BDT,1095,,,UNVERIFIED
16599aeb-2989-52eb-ad5b-57fefd892b80,afa6088e-6bb4-5dea-8e4a-496099302c21,1050,BDT,1050,,,UNVERIFIED
0145f165-1b88-5242-b419-448a51d59848,c011a769-6de9-575c-b0dd-c2fb95d72478,1070,BDT,1070,,,UNVERIFIED
bb649985-1512-5697-ac65-1fc3b50eae52,edf87058-7671-55d0-9003-aaad7fc031c2,1195,BDT,1195,,,UNVERIFIED
45111cf7-888c-59ee-b295-2d99c4aa60d7,3da3b2c4-2edd-53c9-b2df-22e9e43e0a5f,1225,BDT,1225,,,UNVERIFIED
2e87d3a4-3098-5532-9891-fc6a61bc9a90,b59b493a-ef9b-56f0-977a-5667ecb90691,1295,BDT,1295,,,UNVERIFIED
90456daa-5191-5279-9758-95bec4f1c898,aa972cf8-6cc8-5385-ae73-abe1d29013c9,1095,BDT,1095,,,UNVERIFIED
76c2f724-0faa-5b60-90ff-20d21e6e9e8d,18e497ca-e66c-5978-8fc2-dde02c081f94,950,BDT,950,,,UNVERIFIED
611cac59-a1c3-5a86-9276-7b8edc053ede,442e2cd9-a320-5916-a1b9-2e076baea91c,1295,BDT,1295,,,UNVERIFIED
7a3b8bde-534d-5b8d-8817-c592eeebafca,6b9da7e7-ba83-57ee-8ede-4f8fd112c201,895,BDT,895,,,UNVERIFIED
d7450ccb-c65f-58fb-84fa-5d1c79666d6a,582a7c0c-e9f5-5c4d-bcc4-346e75ddc944,895,BDT,895,,,UNVERIFIED
8798c638-fb08-5a23-884c-506bde22a224,b7b6578f-caff-5fa5-93aa-26e31a822277,715,BDT,715,,,UNVERIFIED
f4c66120-b31c-51f1-a501-c83f8e916e16,18d4655c-6679-5d32-910d-1327b923b07a,895,BDT,895,,,UNVERIFIED
8d75ec81-0244-54c4-a977-abb6c0ef48cc,06e01c98-7f22-5427-8341-7d26b37b33f7,925,BDT,925,,,UNVERIFIED
bd4111a0-ccf7-543f-8616-3dae27b8f9c1,0cf9cac3-0df6-544f-bff2-243f8ece3b2b,915,BDT,915,,,UNVERIFIED
e5120932-92d1-5943-808e-7ebbd3fab141,01cb3de2-d880-566f-8f48-6758db48d4b8,915,BDT,915,,,UNVERIFIED
8dffc6c2-3320-5dbc-95b4-5d32685d6839,b66f4587-e64d-57c9-9772-9eafa22628ea,895,BDT,895,,,UNVERIFIED
1099913f-3ab1-5cd0-bfde-5eb42bc836ff,fa723d33-83a9-529e-8d98-23ad4a5e72d2,1250,BDT,1250,,,UNVERIFIED
0bff09cf-8226-5685-a46e-3b06d1c9c6e2,d37ade0f-6a8f-5a4d-86a7-da476685c794,995,BDT,995,,,UNVERIFIED
18b3df3a-b830-5933-ba71-8103ef937d08,c59b68cf-5522-5b15-9bfe-ac889cbcd3d9,995,BDT,995,,,UNVERIFIED
7eb45211-cda1-5885-8492-319f2df54f8c,31079c33-39c2-5c94-a64f-e2b8a517a385,1595,BDT,1595,,,UNVERIFIED
00e50d5c-6408-5b44-87c4-42ad42a6ef57,40f4cf4b-aaaa-5bfd-884a-66d73bf4c1ad,399,BDT,399,,,UNVERIFIED
79065b7e-1e38-5021-8081-2ab670007dd3,fe8834cd-7cca-5c68-ba2d-a9210c0e84e4,499,BDT,499,,,UNVERIFIED
63705144-ec5b-5986-a37e-5dea19418ffc,59fbed49-4331-5547-bf9c-3b9f3406d5f6,399,BDT,399,,,UNVERIFIED
cffc00d5-526b-548f-9e18-babc3f2a1c30,7694fcff-d3bc-58e3-9004-f11f1b0e066a,99,BDT,99,,,UNVERIFIED
fdf1f83e-05a1-5bac-a2b0-9adb2dfa39e9,4021ac07-efc9-5768-8034-b1d3daa85c68,995,BDT,995,,,UNVERIFIED
ffee00ac-9f60-5c77-87bb-a4555cfdc1a4,b82c2eba-2c80-5a87-ab6b-852e6d004ad7,995,BDT,995,,,UNVERIFIED
91995dbb-a23a-5079-b16e-47e3d0b3b679,a0b207fc-27b2-5092-899e-2d06b0e09cf0,99,BDT,99,,,UNVERIFIED
8333702b-04fc-5ef2-abba-46dd8a7f8f6d,1937f66d-1908-5628-91c1-608d8b9868d1,120,BDT,120,,,UNVERIFIED
d50b48ba-0a27-5c84-a8b0-4c7dca4e439d,6d31c72c-6062-54d8-b6ef-5c9af5f8e172,200,BDT,200,,,UNVERIFIED
93e0ce26-35a3-5f01-aced-0fe8b91c651c,abbfbea4-2eff-5a15-b29c-f9f76b89ecfe,120,BDT,120,,,UNVERIFIED
daca6ff2-a960-54ef-b773-267e801945b7,078071f5-e110-58a0-ad8a-ab11593e9936,120,BDT,120,,,UNVERIFIED
5d1da9fc-5e9f-527f-b20f-063a263b2214,d298fb3f-bdfc-5e0e-8ccc-e89bc71ccf14,120,BDT,120,,,UNVERIFIED
33c6fc13-7ebb-5e43-a7aa-8ff54fd6684e,c37f013c-b7f8-51f9-8482-54ce37b6392d,150,BDT,150,,,UNVERIFIED
d500e5dd-7c3c-5da8-b43c-3798af5c95ec,9898a9d5-9bfc-5d67-9987-64b087bda5ae,200,BDT,200,,,UNVERIFIED
26bfcafa-91a8-5d31-8ea3-f8642cf96ea0,00869b76-e882-5c35-b9a3-6fd14bcb6968,200,BDT,200,,,UNVERIFIED
92e871cb-7083-53bf-92c9-0e9199ec32f3,b2790903-2b91-578a-aa2f-f6723f81228e,995,BDT,995,,,UNVERIFIED
cd797d85-0c27-5fdc-95dc-d3cad71b0245,feb26fcc-92a2-575d-8274-ace83f681df1,995,BDT,995,,,UNVERIFIED
887227a0-fbe8-554e-bbdc-56abbd38123a,b0470900-37a1-5f83-ba40-14ff7e1ada5a,1095,BDT,1095,,,UNVERIFIED
32320f1c-9d67-5a9a-975f-cbf76bc17ed9,99a5cc31-0e19-5804-87d1-44fe632cc6c0,795,BDT,795,,,UNVERIFIED
6cdee0a2-f82f-5e3d-8ad9-f9ae779a296d,99821aec-d701-5ef3-8453-4f6841b2a379,795,BDT,795,,,UNVERIFIED
f20ef16b-40e0-51da-9b48-5d2f390f2e77,f27901ea-6581-57ae-b126-05870b9de2b0,895,BDT,895,,,UNVERIFIED
f0d19375-986e-5785-9df6-6ff3522a5a3e,20c31ad5-c77f-552f-b243-76a225e763be,995,BDT,995,,,UNVERIFIED
464883c4-50ba-5479-aef9-d26871f3f8d9,ca61f92c-0d72-5015-a71a-1d7a621500af,695,BDT,695,,,UNVERIFIED
5f74e0f2-b9f2-5142-ad4a-fb9d5246d0b4,51ef89ba-c2f1-5019-917d-6de97227b9e4,895,BDT,895,,,UNVERIFIED
36a251ba-a906-5491-8515-d17b2357b8a7,d4c8b992-08ef-54a0-900a-0cb97f0a11ef,695,BDT,695,,,UNVERIFIED
602e6270-a053-5311-9d82-a9131c91db03,e2287028-80c0-5059-9ec0-6c45ec6d0c1c,795,BDT,795,,,UNVERIFIED
1d50cb6a-64c1-5a77-9a5d-150b0bb23390,c6ea4d43-2d85-57bc-b16b-5e6545be5b21,695,BDT,695,,,UNVERIFIED
f457666a-897b-5e30-b1ca-f3df8a4ce0d6,3d7efb88-541f-5786-90a9-fba8ae2a2723,795,BDT,795,,,UNVERIFIED
72e2894f-4fe8-542c-8a77-c959d704ff23,4635a32e-6ece-58ce-9065-67f67241e985,895,BDT,895,,,UNVERIFIED
6da81385-e320-56e0-aea0-9db671393f1a,78d840cb-b13e-5ae8-a2d2-aea445c07734,695,BDT,695,,,UNVERIFIED
3530d01c-22f9-5efd-a246-9b9bf8bade62,fe3f00f6-fc79-54a3-b024-12f1d5546991,695,BDT,695,,,UNVERIFIED
d17101e5-fadc-5556-bb41-5882b820001c,5525c8c8-b432-525a-921d-2ebe084deb34,795,BDT,795,,,UNVERIFIED
20fb3cb8-fc53-5920-a708-f426b2b65f59,5c8ff2da-d261-5147-aa97-432f0dd842e8,995,BDT,995,,,UNVERIFIED
c9575190-a705-539c-8d22-ba945a7bbf28,9d93740e-5fc9-5d66-81ee-b808336b8f17,695,BDT,695,,,UNVERIFIED
c0f2c8c4-a64d-5a4e-9917-90a1fb4b0561,74549d95-1368-5e85-84f7-7cafb5ae4b4a,695,BDT,695,,,UNVERIFIED
9e5cc3ec-fe66-5662-87ad-371e0da1e1a5,15738144-4ccb-5445-b2d6-425b348453fc,695,BDT,695,,,UNVERIFIED
396bc255-db74-52db-b8e7-52cbdf2241eb,6d52a80f-a9c6-5648-b118-e9c1be74331e,695,BDT,695,,,UNVERIFIED
953cebc2-65ab-5dd9-bf13-70b59a049a6f,9c279426-07a6-5b86-bc3a-9f33327d1226,695,BDT,695,,,UNVERIFIED
59332993-b198-5bbf-b126-4c50bda30df2,b924533c-7ac1-5392-9b03-79114e54b53d,795,BDT,795,,,UNVERIFIED
a7b380a4-5e16-53fb-bd4c-1f2f382c748a,760c4a44-19c8-5cb1-a9d6-96aabddf2020,995,BDT,995,,,UNVERIFIED
62f24faa-dd03-5dcc-a6dd-dbd68e251284,85f13f4f-4dd6-5cf9-b273-fb261a7828cc,995,BDT,995,,,UNVERIFIED
bc322335-ebf1-5e5c-8e61-0d390978040f,5e36e325-af5e-54fa-b51c-d939074264ca,995,BDT,995,,,UNVERIFIED
c7d98f45-fa09-591c-bb8c-9fb6b841c100,c62c5f4a-e7da-595b-99c6-2c2120391b36,895,BDT,895,,,UNVERIFIED
82d43781-42de-5e19-aac5-0cef7f2ac334,8096fc97-69b6-54f6-b625-42f4014a8bee,995,BDT,995,,,UNVERIFIED
a32467ce-e817-50d6-8f99-6470fe1c3de7,ed34206a-abe1-5306-814a-af8ab450f970,695,BDT,695,,,UNVERIFIED
781939fd-07a1-566a-b9fd-4eb72dcee9f1,9a3dbb90-4893-5c73-8df8-23caed044b75,595,BDT,595,,,UNVERIFIED
f19b936d-009c-54f1-9e2e-8cc9ed4f1ad0,0c295365-a5e7-5659-967d-d477d9b3a314,995,BDT,995,,,UNVERIFIED
eb745dbe-5427-5fbb-a2fe-66ec5faad8ec,3ea17bbc-e43e-504d-9d6a-482ea8e403d4,995,BDT,995,,,UNVERIFIED
5b0c4416-fa89-5a65-a471-e016cd2c2192,874ba1ba-3463-592d-af4c-1012bf758c7a,895,BDT,895,,,UNVERIFIED
e8b2fde1-699a-5058-a60b-4f5c819311c8,50384ab1-067e-5bc1-84d2-5c866255cc33,995,BDT,995,,,UNVERIFIED
c0894ac6-9cc4-5010-9c2a-abe0cc194ead,806f6696-343f-51fd-910b-c530ab22fa63,995,BDT,995,,,UNVERIFIED
091709cc-dfc9-5dd1-96be-6dfec5854c83,6d01d663-b72f-537b-9749-a20bf5627ece,995,BDT,995,,,UNVERIFIED
d48d9e9c-d008-5556-9f99-44efdf4a30a9,421145ff-8b30-57fd-abd5-4741066f9a05,995,BDT,995,,,UNVERIFIED
e9bd3db9-8343-5897-bbca-dd98c53faf4a,565f90d1-edf0-5242-991f-89a24e4f71eb,695,BDT,695,,,UNVERIFIED
7b0daff0-c38c-5733-88bd-413e06cd3022,52e24592-46be-5089-9521-05d789de0503,695,BDT,695,,,UNVERIFIED
bae34383-19c9-5d44-a3db-b8d4da07b695,78c75f42-efe4-5fbd-bf49-d6e9b1d0f5dd,695,BDT,695,,,UNVERIFIED
be0d216b-e5a4-5047-b1f2-f77c9b3e8f86,ffdab156-c5c6-5875-8217-3562eb9304d1,995,BDT,995,,,UNVERIFIED
be52fc20-6e80-5602-b3f5-a5ad06466e95,8b42067b-c8c4-54a4-a77a-f76260d7a0dc,595,BDT,595,,,UNVERIFIED
0af22921-b8cf-5a9b-8f0b-7237628d6f13,12812ae0-c7dc-5afd-8726-daac9c2ef4ae,695,BDT,695,,,UNVERIFIED
e52e4903-c44f-50b9-9a88-9a2b9a4b45e9,f4e0e0e2-76fd-54ea-8b06-8124daeeafad,695,BDT,695,,,UNVERIFIED
7ec10ee7-ede4-55f4-ae20-7d9545d50de3,c405264a-007f-5b7c-b295-8c3de3fd3f36,995,BDT,995,,,UNVERIFIED
9150e343-b1e9-5d9c-9bae-01c90f22df58,b41e60f4-fcc9-55d8-af28-2da925b039a6,995,BDT,995,,,UNVERIFIED
7215425f-ac97-5706-bc43-b0100985197e,89de4753-c86d-57bf-a902-e77afa6b4354,695,BDT,695,,,UNVERIFIED
ebf90c9a-94fc-538e-afec-beb79df652f3,4082bb2a-8e93-5614-8e47-9281983667b5,695,BDT,695,,,UNVERIFIED
97d263ea-1c8e-5a52-ba40-38a360f2d7b7,40eff63e-030f-5dec-8a52-406410347714,695,BDT,695,,,UNVERIFIED
17266e55-c0bc-531a-a57a-44b087f0cae7,640cca5f-52e2-5c4a-b2df-128bf86cb17a,695,BDT,695,,,UNVERIFIED
210d0558-d54e-5002-b8a3-a0db789584df,18be6a2e-e31b-50bd-8c00-cdb273f654bf,695,BDT,695,,,UNVERIFIED
f7e70d39-0379-53bd-9ad1-5c6d11938621,46d379b3-94a5-5669-ad96-f5cba65912db,695,BDT,695,,,UNVERIFIED
17d3f21d-5616-5317-bdca-6dd73782bb7c,92f58f2a-e7d8-5992-8136-b7f192502276,695,BDT,695,,,UNVERIFIED
bfae1f21-f34a-53c6-b94a-58da0ab8e84f,02b8d431-e3c0-5c85-9650-2ce5c983865f,995,BDT,995,,,UNVERIFIED
ac3687b5-25a5-5036-ba86-820cc7037742,8e2eb5b3-9174-5698-b3a2-92dcc324fa82,595,BDT,595,,,UNVERIFIED
b4c5440c-cab3-5fcd-b26b-cbb681b8787c,2dc6e24b-bad6-5837-9c04-188b22989ace,1095,BDT,1095,,,UNVERIFIED
ad3e83dd-817d-5c17-a318-4f28643e5627,5f10c705-3f7f-5684-b112-d4516b790322,1095,BDT,1095,,,UNVERIFIED
e313fa5d-82af-5ec3-882c-d923fbc79eaa,62fcb0f4-8bbc-5fa2-8bcf-8f24e15367b5,995,BDT,995,,,UNVERIFIED
7f549907-c007-5f6c-9a4e-788358f2b11f,32786a39-39e5-5215-ba5a-8ef731d760b2,795,BDT,795,,,UNVERIFIED
b82b5719-cbb1-5047-a5e2-2c334dc0a7bc,acd944c0-63a9-5a13-b53d-fee183c85e3e,1095,BDT,1095,,,UNVERIFIED
7d8d68c9-2703-549a-a937-cfb232d509e0,05794470-a06f-51bd-bbbb-7044bbbd532b,1095,BDT,1095,,,UNVERIFIED
3dfeb69e-a70b-5dec-a3d3-5edfed5307a2,25f8706c-07e1-5196-8b0e-b9fbdd9e6a10,1095,BDT,1095,,,UNVERIFIED
b1f0bc1e-ee40-5973-832f-b94d4e812446,e0bd9f48-94f6-574c-b826-2cc061d6c399,795,BDT,795,,,UNVERIFIED
13503704-ab2e-535b-8d17-dd0de0cd67ad,2b9abd91-2b94-539c-adfe-c5d8fc00fcb0,1095,BDT,1095,,,UNVERIFIED
17607567-bac6-5853-a11e-30030f43f966,efd3f8f4-3362-5209-ad52-898dda939b00,495,BDT,495,,,UNVERIFIED
2698446d-595d-58b2-bc7b-e99d1249a4f8,48dda81d-294e-5a06-b36f-1e8bb88af5e7,495,BDT,495,,,UNVERIFIED
2bb69f99-3321-5129-bae0-2c957ff50b3a,6c0fa407-25b5-5020-85fb-aeb91ae5b9fa,795,BDT,795,,,UNVERIFIED
7f2f2ace-0663-5bf8-9577-86296103f146,07953609-2fd8-5d8e-af37-93f04bc13bfd,695,BDT,695,,,UNVERIFIED
ba79c9bc-1bf2-52a0-a362-7378a432f818,dd0b1f9e-4fdb-5cf4-8deb-cf6ffaefaa31,995,BDT,995,,,UNVERIFIED
1b6c6595-02e6-5f10-8ee3-3da4a971fa8f,8005a002-1903-571e-a343-fe74f9ee626e,995,BDT,995,,,UNVERIFIED
9260f8be-7e20-5dd2-aed1-ceae7163915c,0e747096-f84e-5362-9192-c39a03eb9a07,695,BDT,695,,,UNVERIFIED
71c4a542-f3c5-5ba2-9b40-dcf76623b6b7,b99cfbbb-c0d1-5ddf-b048-9bacd31aa93f,2995,BDT,2995,,,UNVERIFIED
b57b4291-77ae-5eb7-9df4-296058ab6ea4,c9b00780-2666-590f-b63b-e11a29750b4a,2095,BDT,2095,,,UNVERIFIED
9dc9917d-9f24-5349-86c2-6319ee337734,0e60e7a2-ceaa-51f5-9bfb-1596304e6e93,1595,BDT,1595,,,UNVERIFIED
d2be7f91-a2d1-51c5-ac80-8da6691dbfa2,276d1617-550a-5a5d-a6ae-fa2a631b42ff,495,BDT,495,,,UNVERIFIED
a2238098-c13b-5d80-91b3-282129e14fb5,f2e6ca50-530c-58e5-8d64-20402256cc82,495,BDT,495,,,UNVERIFIED
a6029910-663f-587a-8a7c-ce12d8113a90,9fdc31cb-960b-5bf1-9d39-e8a6c38284a1,395,BDT,395,,,UNVERIFIED
87580291-5aa0-54cc-972e-c2c2c69b280a,0be231d4-e9e4-5a1a-8af8-b1954a57b357,395,BDT,395,,,UNVERIFIED
d71edc82-478b-5e8d-859e-2e10f91fe801,aa5649ab-23ab-5123-b4c0-6935024f5a8d,891,BDT,891,,,UNVERIFIED
920cf495-b72e-5c2d-a57e-e610f0442feb,76f71bc7-38e1-57f4-a47b-d65bf444a5b8,1161,BDT,1161,,,UNVERIFIED
b17228aa-e1e7-5bb1-b47d-20be2899d9bc,1d0ea507-426b-57b6-9c88-cee5f3b2f390,1161,BDT,1161,,,UNVERIFIED
5a1a44f2-4c29-5bea-9c6e-b0da3c0c7f23,49d16546-8930-5fe2-a887-668498d09031,1161,BDT,1161,,,UNVERIFIED
94f67848-3ff1-527f-a8a6-fe373bc22b1a,00c289d7-d271-5827-b847-6b946dbebcac,1611,BDT,1611,,,UNVERIFIED
a41e6571-d1ef-54da-bbce-60b030db76c4,657236ea-fdba-5591-8638-4eb888ebe326,1611,BDT,1611,,,UNVERIFIED
ac51353c-bd96-5849-aa9d-15780aa873a4,adfc5de8-00f4-547b-b00b-50e11e722747,1611,BDT,1611,,,UNVERIFIED
581ee188-c53d-52ef-8b3f-e549b567c7fd,0ec62600-8539-5026-a64c-1e977bea150e,1611,BDT,1611,,,UNVERIFIED
56304df2-3a90-5df5-98a0-f61c0ada3da4,7e0472bc-0efd-5db2-af7d-0598b8929702,1161,BDT,1161,,,UNVERIFIED
a03e31a4-d005-54bd-bcbb-0aa8585d3145,168f308e-7d85-530f-be13-4ab9f0ffb2ce,540,BDT,540,,,UNVERIFIED
d241aa8e-a2f2-5788-8b61-63645baa6b48,e6a58408-e951-512b-aeaa-07dc116f11d1,540,BDT,540,,,UNVERIFIED
d65b2478-17b8-542f-959b-44fd9607254d,d1662210-c8f4-51f3-a51a-4fcc06400215,621,BDT,621,,,UNVERIFIED
7e3e0fb0-99e2-53c5-ab4d-eba985a9a1f7,7f1a30c4-55ff-59dd-8331-1494f12035d9,594,BDT,from Tk 594,,,UNVERIFIED
e26ba6e5-d3e9-595e-8662-c16291a78d29,f390917a-9a84-5f6c-8c65-f9e1d136b25b,594,BDT,from Tk 594,,,UNVERIFIED
65abdf1a-f3a1-5586-86ed-a19edfcd0049,5c557ba5-6216-5cdc-a5a1-b4aa8a7d4901,594,BDT,from Tk 594,,,UNVERIFIED
75e07848-33f0-5ff0-91c8-e44379e92807,a5cfe7c2-de84-5f01-8846-c3d930e51782,621,BDT,621,,,UNVERIFIED
978e4325-2c6b-51d3-8163-14c3459094eb,df7035e6-e0c0-5065-94a8-b1fd6523bbc1,1161,BDT,1161,,,UNVERIFIED
430a7204-9023-5267-b936-fc56ab39912b,ac650633-4540-5261-b6b4-33d2972b1620,801,BDT,from Tk 801,,,UNVERIFIED
5e5f2fbc-7b60-5052-99bc-0608d1845d54,7365113f-843b-5375-b9b5-5530722cb0e2,585,BDT,585,,,UNVERIFIED
6b8dfd11-94c5-5d7c-8a3d-ff089b902b60,603ed3be-9607-50bb-93a1-40df435c5f85,711,BDT,711,,,UNVERIFIED
a8b23520-c4f4-5408-82fb-49ee9cecb525,7d79040c-11f0-5602-bd66-22b0e0703339,801,BDT,801,,,UNVERIFIED
b764fe44-c2e2-5525-b18c-05d3c18798fa,10dfb906-c140-54cd-85f2-b3e8ccc744c2,891,BDT,891,,,UNVERIFIED
a4a00968-71d8-56e6-9af2-b5e0d934ea51,7a1f7bbc-7505-5bf4-8d32-c930da684c54,621,BDT,621,,,UNVERIFIED
d8375333-1d9c-5373-b644-2b94b8827fa6,d5d40350-94a2-5b4e-8cce-391092b959f4,801,BDT,from Tk 801,,,UNVERIFIED
896e0fa4-1ac8-549d-918c-85560dc1a222,6216f2f9-9282-53a6-85cc-1fc1a5d0d613,531,BDT,531,,,UNVERIFIED
9d3a067b-68e5-5527-874c-9888441ce833,efa6e912-90f4-5a1e-b8e7-cac7e5b13636,801,BDT,801,,,UNVERIFIED
1acc1700-1360-5c8e-b0a9-e9bf17f0a14a,cd3162cf-c76b-5bc7-b84b-a190195b7273,801,BDT,801,,,UNVERIFIED
ba0533fe-0890-5aed-8ce3-f37d8c120074,02b59a77-5c9c-509c-ac5e-8b12db00fe58,801,BDT,801,,,UNVERIFIED
6d29fb8b-f1ce-58c4-9f89-9f878d19c2d2,15f6ca85-d66e-56a1-b659-aad02ae0bf1d,801,BDT,from Tk 801,,,UNVERIFIED
010f6fef-cc1e-5a16-8c5b-21a47cc41eda,427ff3d2-c788-5928-91d3-7f84d5308f6b,801,BDT,801,,,UNVERIFIED
d542ff47-5cbf-5be6-9266-6cd62d9b980d,c2d1e301-629c-5dd6-a263-6748e14df5e3,972,BDT,972,,,UNVERIFIED
d0547419-f2f9-5882-b807-621e56e12dae,43cdae60-99fb-5a3a-8c0d-01c415959027,1071,BDT,1071,,,UNVERIFIED
2bbbd010-b899-57a0-b181-d182af904ab9,009a8c64-111e-54f2-84a8-7a39f934a60c,891,BDT,891,,,UNVERIFIED
86fc66c7-3296-5798-af79-1bd60be0b552,4bc4dee3-04ec-583a-b09a-dab79384af5f,864,BDT,864,,,UNVERIFIED
55b3660c-de97-592e-85a4-3a60793346e2,2853a800-14d2-5d60-a42b-13d6dc51c19b,981,BDT,981,,,UNVERIFIED
9bd731f9-af0a-5ff5-aa9f-8593b0422ecf,96966351-5ae9-5054-9285-0d46e9e2e2c1,711,BDT,711,,,UNVERIFIED
bf26b2c4-fbec-5320-9592-972f744d687a,59642c5d-e002-5f3a-a4ec-422a5850c119,711,BDT,711,,,UNVERIFIED
749b22b7-b298-519e-9a23-f1b2189e2855,787544e5-bf59-547b-a7df-6491d02780eb,1071,BDT,1071,,,UNVERIFIED
9f5d1f2e-ee88-563f-bda3-3d26546af72d,e9b0584e-8eee-5742-aa7d-5e13ce3c7f25,801,BDT,801,,,UNVERIFIED
2266ce70-f293-5104-839d-e139bd1c588c,782f718f-dd37-56db-8e26-39266a8b7877,801,BDT,801,,,UNVERIFIED
894a2d62-5fed-5c0e-8d4e-47b806690259,995ad5d0-256c-5c4f-bb37-420bc756932a,702,BDT,702,,,UNVERIFIED
442bed58-7f10-5cf7-8686-a2f4a8b0d2e7,ae853590-de2b-5f65-8461-31eb93777d3f,1161,BDT,1161,,,UNVERIFIED
9f824dc1-2056-50cc-b467-b8c48655e0b3,dc652c5e-ab71-5021-94ef-b3fd9920863a,1161,BDT,1161,,,UNVERIFIED
1715d894-8d00-5672-b1c0-ff2160602137,13d422d8-877a-5023-adb4-6f1b7be3f159,981,BDT,981,,,UNVERIFIED
a55f540f-96f1-522c-8801-e8f2fe6459f8,36aa54ad-c6b3-5c2c-9f7b-faf63485ee16,1161,BDT,1161,,,UNVERIFIED
3477477a-98bc-57a3-810f-dacf3a61df77,fa614160-283c-5d98-8078-7f4942d57569,981,BDT,981,,,UNVERIFIED
3f29e8d7-470b-5762-a7d4-bd07e2fdf55f,0dddf087-8118-5361-92b6-5040d9845238,711,BDT,711,,,UNVERIFIED
3cbbe047-b681-59a0-952a-1e0e140c5415,6ea5b3ac-47d2-5f76-b7f2-3e968c43f5ec,711,BDT,711,,,UNVERIFIED
c301c986-6793-5b0f-92d9-82b55cf33c7f,becb5ece-9e8c-5cc9-bda4-4853a00746fb,801,BDT,801,,,UNVERIFIED
edd20ec8-9a3e-5e4e-ad42-17ed33e25f75,6600e2f0-e195-54b3-b968-9161f4ee383e,1161,BDT,1161,,,UNVERIFIED
9819c1d5-a1a2-5d4e-87bb-f85ebde88528,d944b8e4-f44e-5778-a427-c09b7f142f4d,1161,BDT,1161,,,UNVERIFIED
eed07776-1d0a-5ab1-83aa-123f4647c792,39e2fbf8-c496-515b-ad75-d1cec5ff1d57,891,BDT,891,,,UNVERIFIED
fdd991f8-0f00-57ff-94e7-3e0059e086d0,a9c5dcec-a55c-527b-974a-20fd2ab535bc,1161,BDT,1161,,,UNVERIFIED
04db8124-8646-5d40-b99e-027d4057f4af,d0e94de3-432e-5657-a47b-9b10a29876d5,1071,BDT,1071,,,UNVERIFIED
8bf98945-ef62-5f31-893f-78baefcb7b73,b640d680-87be-5700-aed1-9ba920a07360,1071,BDT,1071,,,UNVERIFIED
d281a06d-ced4-5ad1-8693-fc5811d2995f,d08bf2e5-4a5a-5e3f-80ef-1061774da6d8,1071,BDT,1071,,,UNVERIFIED
2f81c66f-2d24-571a-8823-e538147c8cf4,13dc5660-38ee-55c4-9e64-d6f7ff56b9d3,1161,BDT,1161,,,UNVERIFIED
12c3d7d6-81a7-5f90-8b3e-b3bf6c956934,147ccd54-b3ca-5ed5-95e6-b6c7ba5824a8,621,BDT,621,,,UNVERIFIED
4bdb1d31-cf9a-5d96-9334-a7b12fbc6c89,d51b946b-4049-52f6-887a-8ad38b0d8b92,621,BDT,from Tk 621,,,UNVERIFIED
9bbb8603-c776-5a64-9767-e85688cf9f5a,fac2967d-903b-5f35-b29b-ff1fec11df05,621,BDT,from Tk 621,,,UNVERIFIED
0b808bb7-871a-50e3-b190-83cd8134e2fe,8505ffce-7348-5c36-85fd-1139bb94321d,621,BDT,from Tk 621,,,UNVERIFIED
ddf7947a-1cb9-5938-b6f7-ddee178765ce,db21a8a9-530d-5793-85f1-e8c7901fa923,711,BDT,711,,,UNVERIFIED
80516f9d-f41d-5dd5-b4f0-9d5336595a0e,62fff766-575b-55fb-823f-d5fb7159f3ca,711,BDT,711,,,UNVERIFIED
1778e0c2-92a1-5b3b-ab4b-d3ba843651cd,0f0d492e-cfdf-5e57-978e-e31a3b97a9b7,621,BDT,621,,,UNVERIFIED
220571bf-7be5-5476-b769-97ee525cbf9a,5b0473d1-2b1e-5471-ae21-3262fca5031d,711,BDT,711,,,UNVERIFIED
908fc728-80dd-563c-9354-d77458d118f1,114aad3a-26a5-561a-93f6-b5dd711cc594,711,BDT,711,,,UNVERIFIED
c9256ef5-4dab-511c-b98f-dc11236fdc4b,9ad5622e-1787-5684-b2d8-747decb64000,621,BDT,621,,,UNVERIFIED
0511c58d-47ef-5595-a3de-77f3797b1280,1a8bc144-7296-5bed-a7e7-1ea97e0d2845,711,BDT,711,,,UNVERIFIED
9231d3cf-236a-595f-bbe5-8f0809d65757,a6537137-fec3-5fa7-9b37-f7f0ad61cc0b,801,BDT,801,,,UNVERIFIED
3452ff76-b6b7-5d6a-9be9-de735a367fb0,1d695bac-0520-5e6c-9c29-decd631b0e2f,801,BDT,801,,,UNVERIFIED
6960d0d1-5e99-544c-a0a9-6aae7641e7ed,aa71be62-26c3-50b1-8d6b-91fa51d88cb5,108,BDT,108,,,UNVERIFIED
d13f81c3-8cff-5eb1-8a30-4fd23515b292,11265bcd-3e53-5a0e-b084-091033d9bdf3,621,BDT,621,,,UNVERIFIED
713707f1-e742-5988-a9ca-5b3795b7921c,55b191df-9ab3-5f34-80a7-111d3ff6ce75,621,BDT,621,,,UNVERIFIED
1d215261-d784-5fbe-8487-3f1ea441ad2c,82644523-8dfc-59bb-9168-5037ab3ac345,621,BDT,621,,,UNVERIFIED
d563e3b3-6aaf-5da9-a93f-f048d41100c1,2fdbd9c9-661f-51bb-9114-6ad24cb4fe59,801,BDT,801,,,UNVERIFIED
ec497509-73ff-5409-9ef3-117b041f025f,88ea3546-c66a-5a7c-a1eb-f684b1cbc0d7,1791,BDT,1791,,,UNVERIFIED
4472839c-3b84-57ee-823e-8e90010f07a1,2666b7f7-a24c-5195-8b10-c1ac86f56ded,1071,BDT,1071,,,UNVERIFIED
5052849f-f86d-59e0-a83d-70902dbd1dcc,1d081ffe-f136-5a76-aef7-6da5f796ec00,1251,BDT,1251,,,UNVERIFIED
fc366dc7-adc5-5e9f-b5f1-922e8e656ae8,97e378c0-24d4-5adb-bfb3-7e0aed5fab78,891,BDT,891,,,UNVERIFIED
97bae55d-dd30-550b-a5bf-e1959d5afd19,57a31197-6a50-5bc1-bb25-731362142f4b,711,BDT,711,,,UNVERIFIED
ee7f882f-4c09-5159-8289-09ee6df972a9,dc195e89-2721-5981-a253-87c988b921fb,801,BDT,801,,,UNVERIFIED
75444991-5733-59ab-9d66-b227f14720a1,d562d40c-8898-5add-ba91-c2b461ff1d14,711,BDT,711,,,UNVERIFIED
67d45d12-fc92-5c09-a385-685b16bd10e0,b6e21357-8695-57f9-a080-5ea3b43b8a22,792,BDT,792,,,UNVERIFIED
a6ab7f70-aef9-5035-8a4a-2890e07fdd3b,72dfb83e-adc3-500d-adde-80b7913abec6,801,BDT,801,,,UNVERIFIED
ee313806-a5ff-5426-ba4b-232e7590e5fe,e0dd54be-7a2a-5e46-9393-dd550108aa61,675,BDT,675,,,UNVERIFIED
5bc0267a-4887-5170-a0a7-cbfa7433d010,66b869b8-ce6e-5f2e-a5dd-304f362cdcbc,801,BDT,801,,,UNVERIFIED
649c75ea-ee3c-5726-8cb8-ad8d8a8b1b02,f6a67a72-49b9-5b44-937b-145700fb9d3b,981,BDT,981,,,UNVERIFIED
19e561ee-1cad-5d28-bf3a-e62d20c3bc48,888b3ed0-4887-52f3-a752-f5f55ff3d26e,801,BDT,801,,,UNVERIFIED
25bf65ec-fa4e-5a12-a9de-3d1355040e36,d717b84f-98c8-55cb-9571-ea4b486b656e,801,BDT,801,,,UNVERIFIED
34c6a62f-f669-57f6-818a-3cd7a4a3af07,e94492b5-3b47-5904-8349-6e4c510407b2,801,BDT,801,,,UNVERIFIED
79e6eaf0-72be-5b49-8aae-23107bf7015c,dd35be13-e95f-520a-8812-695c34f2d415,711,BDT,711,,,UNVERIFIED
423e0f76-496b-5ebc-abcd-dec2e4eee6ae,759432bd-929f-56f2-8328-226df0239e13,711,BDT,711,,,UNVERIFIED
4823b6d0-7c6d-5ef5-8519-0077ae327c12,97158255-a00a-521c-836e-ab4a827c914d,675,BDT,675,,,UNVERIFIED
528ec944-a670-55d8-9f7e-474c1d16bab3,603131d3-4034-5856-a754-696ba30e5c35,1341,BDT,1341,,,UNVERIFIED
aeccec5a-74b3-54aa-8137-01efd0521798,845c9c3d-c36a-5d49-8106-81524a678dd9,1341,BDT,1341,,,UNVERIFIED
31247cf0-519d-5195-ba61-964f754e758e,3cec7cff-6397-5613-9ce5-b8e34c4954e4,1341,BDT,1341,,,UNVERIFIED
db358e11-77d8-5515-8ab1-90b4097d66dd,1ba524fe-41a6-57bf-8003-7ea51baee42e,1161,BDT,1161,,,UNVERIFIED
ce4bf732-75e9-57b4-8f25-c05b78df0243,71ca8f99-41b3-5443-b4d7-b59468123d15,1071,BDT,1071,,,UNVERIFIED
3d4a4346-6d08-5b78-afed-25ec1d44446e,9fef4585-7dca-5cb6-bd58-0b1de408855b,1071,BDT,1071,,,UNVERIFIED
fa52f238-050c-5344-9f2e-faa21821820a,e0517617-bae0-52ee-9b0f-356cc8e65bef,621,BDT,621,,,UNVERIFIED
7a4a90a5-aaa8-548e-b924-8e549629f0c2,d473278d-b372-5c9d-8d67-241b5804cead,621,BDT,621,,,UNVERIFIED
6e372182-fb91-57ef-8ea6-3f42518843dd,c31de046-c10c-5e53-86b8-754b77c5467b,675,BDT,from Tk 675,,,UNVERIFIED
dc1f3da3-30ed-5cdc-8fc4-319fb5dbef32,972e596a-3823-550b-908c-87efd3195e93,621,BDT,from Tk 621,,,UNVERIFIED
1975a087-ef03-52f6-bd87-5fa2df196293,c2416afc-dbb6-5148-bb73-9b33ce7732ee,621,BDT,from Tk 621,,,UNVERIFIED
4f837c3c-b401-54f4-b8b1-83fc60f11f49,ab48cda4-4de9-58c5-b8ec-a689b3e221e5,675,BDT,from Tk 675,,,UNVERIFIED
526c8cfd-81ef-5844-87ee-4656c5a3dc0b,b2699633-917f-591f-bc53-1c7b3cc497db,621,BDT,from Tk 621,,,UNVERIFIED
33528939-2ac3-5074-bfec-3d73f75b15c8,7e22e8ee-27c9-518b-8764-ae04311f59aa,1071,BDT,1071,,,UNVERIFIED
0c3ea77b-05e6-5e0f-a0a8-5ed67064fe3f,799d6a22-d97b-53be-8132-a152b2d06f66,1071,BDT,1071,,,UNVERIFIED
752662db-4898-5c2d-826b-ca7b343ff76b,e2eb58b6-5505-5863-be59-367f7f2b7eb9,1341,BDT,1341,,,UNVERIFIED
b294cb10-a9cf-5417-b696-c1f69d0fef88,318d53ea-b003-5044-a2ce-6e4eede1528a,1071,BDT,1071,,,UNVERIFIED
69b8c82e-1da6-5f77-bffa-e2fab5cf8270,e2e120cb-da8e-50f4-807c-8ef0533abd05,891,BDT,891,,,UNVERIFIED
9794633b-5d87-5dd1-80c8-aa1209d72bbe,d1e32db6-eed6-5664-b1ae-210fcb2de174,801,BDT,801,,,UNVERIFIED
439b2a03-8bd0-57f0-9115-33550903f8a6,a934044e-c70b-5c4c-9a05-6a3e067531d9,981,BDT,981,,,UNVERIFIED
738dd4c8-2fe9-583a-9f13-a854b9942287,a3fc2ddb-eb8e-566b-8bf5-0acbf327583d,1071,BDT,1071,,,UNVERIFIED
3f15e79b-4782-5ec9-bed3-376c869428ee,f439f9a3-8bb6-55de-87d0-284c7e599f91,711,BDT,711,,,UNVERIFIED
7378faa8-aa5a-53d2-849f-faf4ba228632,2c9b715c-af16-5e30-9116-24797b815866,675,BDT,from Tk 675,,,UNVERIFIED
837db0f7-d037-5422-b17f-e8294cbb95c4,c0d6dd45-e627-56a4-870e-db11cd5a6b5d,675,BDT,from Tk 675,,,UNVERIFIED
fa106ff6-9d5c-56a2-bbe8-7e9c87e60bbe,868815a8-8155-53c9-a4df-67319d7138a4,1161,BDT,1161,,,UNVERIFIED
2ef7ccd7-ae4f-5bcd-ac04-49137f415c43,bff51ca5-71df-5105-a780-0764d1765c82,1161,BDT,1161,,,UNVERIFIED
10b2d4b2-b271-56f1-92a1-eec444d1819b,d4ea14ef-54f6-5f3e-847b-2c037cf3b6a5,1431,BDT,1431,,,UNVERIFIED
26c3abae-1379-50b2-8e6f-a54567fd9607,b5b4696f-4272-543d-8909-c4b19958abd9,981,BDT,981,,,UNVERIFIED
f1f5bf75-176e-547d-9df8-25cc45123daa,297b56ad-1f06-52f8-9534-b21f33ff4211,1611,BDT,1611,,,UNVERIFIED
ef438efa-3932-5747-9a82-e16a0372c13d,f13d7b5d-dd8f-5393-9758-1d489fca2d46,621,BDT,621,,,UNVERIFIED
33ca9287-d6f0-5496-97df-8f1958ed26c9,d589d633-a635-5fd4-b8c9-169787e913c5,1071,BDT,1071,,,UNVERIFIED
8c522530-e0c3-587f-9d6d-795069380f7a,856cee98-1091-57cb-be9d-370d6cc841a4,531,BDT,531,,,UNVERIFIED
bef6a9ea-fff6-5f5e-9244-0eb6ed843451,1b3ec3b5-7790-5c12-b98b-4fe475a5c46a,882,BDT,882,,,UNVERIFIED
dbf07834-0362-57ae-ad37-913c52203379,e76b01fa-1a7b-5e46-af35-09e76539a930,621,BDT,621,,,UNVERIFIED
afe0035d-0750-5d9d-bb42-7fe02f49acc6,862d0de1-e0c7-5e29-af65-fa0d8bdfecbc,621,BDT,621,,,UNVERIFIED
7bc0f548-d6ff-5e1e-a99e-a4e2a25880c6,cbfc0de0-037e-5a8e-b22a-1fd728a82cad,711,BDT,711,,,UNVERIFIED
056b4608-c64d-5fd2-b8d6-21090176d350,8647da01-3d4a-5f89-b32d-19c49382a049,801,BDT,801,,,UNVERIFIED
ccc8fa84-2f0e-5363-9aee-f3405070e33a,b8207157-1f7e-58fb-acc7-88feeb1e0786,1071,BDT,1071,,,UNVERIFIED
0afc6b07-a8f4-589d-a458-7ce85aae9487,f9473d96-aae1-5f0c-8504-acc9e852f8d4,441,BDT,441,,,UNVERIFIED
82d7fdfc-af3b-5ee5-b722-a2ba93d37f48,181385aa-f056-5589-8fe6-73e902789e77,621,BDT,621,,,UNVERIFIED
3464130b-bf40-50e4-9985-861a908cfaf6,a8556917-8256-5614-9348-081b98bcd4f9,1062,BDT,1062,,,UNVERIFIED
f84af2e2-ddb9-5187-a2a6-47f44b1ebcdd,63616065-8ac1-5cff-aea0-bcfa2e9b3b76,1071,BDT,1071,,,UNVERIFIED
07261196-d711-58dd-9f0c-9858478df5a5,700c6c9c-eb77-5aa4-8ca5-b546ca4eae31,351,BDT,from Tk 351,,,UNVERIFIED
dbe7de07-1101-5238-9b4c-faf7aae927af,5fe62ade-d775-5819-a889-099b0c3ec770,621,BDT,621,,,UNVERIFIED
8845dcae-e4fd-59e6-8cb6-5e234b8a32d4,f9b2e26b-fed4-5f07-b4e5-58c6d990090c,531,BDT,531,,,UNVERIFIED
3f6708af-0ffe-5216-afde-be0077ebaa0e,d42bb355-3d1f-5ac9-a4a6-043f297cbbb5,1161,BDT,1161,,,UNVERIFIED
d28b05f5-a1b2-51ae-a09b-084baccb354b,6d8adbb1-33a3-54b1-903b-4f2c8ee9dc90,801,BDT,801,,,UNVERIFIED
6622417b-e79a-5154-8aac-83029987cf66,c5f0adf3-76c1-5d32-bfc0-ad1f76d4accd,891,BDT,891,,,UNVERIFIED
3face356-d94d-5c4c-bb50-3b321461e98e,3f00059a-49ed-5393-b0f1-9b67a733fca3,711,BDT,711,,,UNVERIFIED
3ea1d3a4-548b-5806-8b8d-e6c7efc5e72f,11f634c3-d49e-579a-81eb-f24d933984fa,801,BDT,801,,,UNVERIFIED
853b9cb1-4185-5a5f-a2fd-8c4182f5a03d,b0e6e1fa-df12-5732-9cb3-bf1edf4518f8,801,BDT,801,,,UNVERIFIED
9eadb6df-f756-54ec-b950-098916578eac,867a6d21-a67a-5fc7-adf8-268f30317f67,351,BDT,from Tk 351,,,UNVERIFIED
d845cd93-69bc-563c-9c8a-a877d0161b21,74f08151-01d4-5cdf-9df6-3a636d0fb74a,351,BDT,from Tk 351,,,UNVERIFIED
2aa5d70f-f8f3-5100-a870-30f1a64473c5,2a7afde6-496e-544c-a85c-712b1f133bd0,801,BDT,801,,,UNVERIFIED
0d7da2dd-e3e9-5a5a-aefe-5b0d100056b4,cd310271-52ff-58f7-a8ac-dfe0dce69507,675,BDT,from Tk 675,,,UNVERIFIED
90529507-dde6-5c7b-b3fd-6cf99b684fc2,6f9f821b-0769-5397-984a-5613dcef2fce,711,BDT,711,,,UNVERIFIED
a410eef1-6538-5449-8263-853e9b470116,cdf67050-646e-5659-8cb7-a53810073423,1062,BDT,1062,,,UNVERIFIED
bef327fd-8f66-5773-aefe-066309bd1a1a,f9c49cc2-631a-53e6-bf13-a85666fe423b,711,BDT,711,,,UNVERIFIED
66a27c6a-af3c-5a2a-aa37-30bb429e3e8f,8a8a48cc-65bf-5afb-85f0-6036e27e2038,621,BDT,from Tk 621,,,UNVERIFIED
6c498c33-0158-5add-9852-07df1b92352b,f3deb7b1-a7f3-5afe-9793-6b8c72986d92,1880,BDT,1880,,,UNVERIFIED
a8bd2788-6e2c-5378-a8df-0b5daf28d2a3,25e9090c-93a6-5818-afc9-ad09ad2a4d6c,1720,BDT,1720,,,UNVERIFIED
153b623e-f010-5a8a-a025-b3a5e1939238,ed8394b2-0b3b-5af4-ae45-e1ec800733e4,780,BDT,780,,,UNVERIFIED
33631881-13c3-5fb6-887f-52c90a17f5b0,274e2535-8c85-5446-bf3a-b3a6c19cf28c,1020,BDT,1020,,,UNVERIFIED
9b4d9d97-e792-5218-a7b9-670951bd2ad1,e2fa9a9f-6c58-5ec1-bc9d-fade90d573e9,1250,BDT,1250,,,UNVERIFIED
420cf275-d44b-5d0e-bbc6-3a17f5f6455a,b4dea9b9-fba5-5c28-a957-20bc51f15309,940,BDT,940,,,UNVERIFIED
d9563b40-6fc9-5751-9a97-4fb416ec9f84,107e58d5-53d9-57b3-ac41-5f6583e8240c,1800,BDT,1800,,,UNVERIFIED
ed05ca36-aa6f-5cd5-a9e5-0c23d352d5f2,27398f1e-0a24-5cad-88d7-8154ce78b00f,1215,BDT,1215,,,UNVERIFIED
7066ac80-9115-5dc2-9530-10151191244d,3152085a-f96a-5aec-a858-902da0b5c1ed,1215,BDT,1215,,,UNVERIFIED
b8ec97d3-a1c0-534c-b538-df32dfb6ec77,f6d8c4c7-4b41-556c-b10c-2b41fed9d4c5,1335,BDT,1335,,,UNVERIFIED
c053e2b7-fc72-514e-bd3e-1ae90cbcb6f2,02f3be50-c69e-55f9-a0e4-6228df420cba,1410,BDT,1410,,,UNVERIFIED
460fc8be-54d8-583e-9580-116f512683d3,0da5b481-6cd1-5fc7-875b-cd6286d23fa8,1335,BDT,1335,,,UNVERIFIED
d24e5155-96ec-5043-8994-6ea7dd902208,c0020f4c-3dd6-58dc-98e9-0cbf3888c6f5,940,BDT,940,,,UNVERIFIED
5b9ae935-49e2-5c5f-981e-3ea2bb244d32,85796102-06f8-55ae-9395-c96dc988823c,1150,BDT,1150,,,UNVERIFIED
50efb183-f0b4-50a2-bde7-d7c7bfe7f36c,2d688525-84e8-5310-aeee-c6d87e7fdf6b,940,BDT,940,,,UNVERIFIED
fb760353-05c6-5436-9306-9133d1515a23,8ddc892d-2448-51f6-a5cd-03a5cabf0663,780,BDT,780,,,UNVERIFIED
a12b97b0-158b-5e53-8c07-a7cbadff8587,6d4e71fa-e4c8-5435-8ec2-27db6157b92c,940,BDT,940,,,UNVERIFIED
d90ad041-8853-52c1-8a74-8d1a48af8cd8,46fef900-521b-5bf5-88f2-efaf7755a953,915,BDT,915,,,UNVERIFIED
cf6b43d3-3e31-52bc-819e-0041ebe5f47d,d61bfbaf-7122-5841-a437-df413933b694,1250,BDT,1250,,,UNVERIFIED
ef2d8f63-1671-5350-a674-0369f4d01e0c,441f5669-062c-5107-8547-4ed3f192736b,1180,BDT,1180,,,UNVERIFIED
5f9033ea-2eed-5e0f-9ba0-07caa315ae88,5e10a455-a012-5f4a-9884-5521652d9488,550,BDT,550,,,UNVERIFIED
dec6ceb6-7608-556c-b508-9a23a068ffc5,cf4a30f6-242f-59d8-9485-1fbed42873f5,1020,BDT,1020,,,UNVERIFIED
32e753f7-2e08-56d1-8563-a3d7c4bf5228,7e527f35-4ff3-5efa-8acc-24f93811c9d4,1490,BDT,1490,,,UNVERIFIED
b34f475e-02d6-58a6-8a2f-eec0985f1100,58a12d11-8934-5913-ad84-591de07c088d,1410,BDT,1410,,,UNVERIFIED
33dfa1a3-1eb8-5053-aba5-86f77c046d03,96594185-30cf-5d2e-8744-7e90027ee9bf,1740,BDT,1740,,,UNVERIFIED
d86bf6c5-2e6b-525b-8bf3-32fe879bfeb6,655e8866-5656-5865-851e-b63ab890d5cb,1490,BDT,1490,,,UNVERIFIED
bcf36b00-7b20-5e76-ac23-9fd8d8437a49,61a57929-3477-5b7e-b97e-77262071796c,1335,BDT,1335,,,UNVERIFIED
10d4d4b3-ca55-5446-9f38-4ada73e2b170,6802d65e-5fbf-5568-8e0f-1fca28b40de8,1335,BDT,1335,,,UNVERIFIED
de5f2b2f-da1a-56ad-96c5-616d6a675d20,19bd0c5e-6eaa-5502-9dbe-5037d7a867ae,1335,BDT,1335,,,UNVERIFIED
5a7c1cc1-34f6-5c32-b379-0e0ec1f82d6b,7dc10c92-82b9-585e-aa4b-420b78b7e08b,1335,BDT,1335,,,UNVERIFIED
5debd97c-f3a3-53ba-be98-d6f414c00e6e,44e1062d-3429-5737-9aa9-da0a8844a054,470,BDT,470,,,UNVERIFIED
4a81e199-78e8-530a-87d5-6fe94e983f5e,1a3d052e-80ee-5a00-879a-9efac2ba09a0,1180,BDT,1180,,,UNVERIFIED
68a4bd1d-3388-58f9-ac1c-28e3f835f094,a52a0d6a-2858-5eb0-8490-3b4deee09dcc,1500,BDT,1500,,,UNVERIFIED
022154bc-b71d-5085-ad9e-8292a9f056d9,0299ab33-e360-5c15-834b-f61c6cd2a5df,1490,BDT,1490,,,UNVERIFIED
bdb1da50-35ff-5091-87cd-558c417f7f66,3ec7aafe-f0f5-5096-9651-36f655a07fba,550,BDT,550,,,UNVERIFIED
f1dc235c-018b-5e95-9cd7-a1221348094e,7e0ed448-647f-5f1f-ac51-1156368fd69f,550,BDT,550,,,UNVERIFIED
bfbdb036-198e-5f33-8918-04cf6100c7e8,a224a60c-ace6-5a8b-9d45-b35625b1bcd7,1650,BDT,1650,,,UNVERIFIED
8295c036-6923-5af3-ae88-830ae32cd031,ed53033b-d79c-54be-8a9a-11c11ab6618a,1250,BDT,1250,,,UNVERIFIED
7e88100b-9f5c-5619-9784-4f7f2109eb47,d5ab6366-3952-5c1e-9b6d-1a1b8519d28a,1250,BDT,1250,,,UNVERIFIED
374eead7-44d1-5d08-8b1f-7d411fbbca61,d223b0b4-00aa-564d-a572-2bfb9971ccad,4215,BDT,4215,,,UNVERIFIED
fc5ce8c6-a150-53bb-8109-2964e9ef0192,dce38241-fd29-5a89-b36c-bee48bedfe39,2115,BDT,2115,,,UNVERIFIED
811d9adc-da65-5b83-86ac-8205f4c06973,190b9c53-2746-5bbf-b8b7-6ddf15abdfcb,2040,BDT,2040,,,UNVERIFIED
42c92148-38f7-5200-a650-7d199457ceed,af739749-ec4c-5d84-9fc5-efe81c80b98b,1740,BDT,1740,,,UNVERIFIED
f66d2eec-d1c9-5b1a-86d3-969608f42304,48526d7f-fa43-57b0-84a6-95bee2348c93,1100,BDT,1100,,,UNVERIFIED
fb7d30ee-2bd8-5067-a379-82617bf9eeec,bc7618e0-9dd4-516b-ab2f-e9740fcc6310,1180,BDT,1180,,,UNVERIFIED
4d8f3bfc-534c-5283-a277-c474aae48d92,04ccfe7e-1930-535f-9282-767d2a4cc172,1215,BDT,1215,,,UNVERIFIED
83ad61dc-cc0d-5e84-b978-81e110cd501c,de47c4a4-8055-58ef-8a1d-8c9674fc689a,1180,BDT,1180,,,UNVERIFIED
6f0110dc-1d0b-508e-896d-84fad77abdd2,e38d0f93-e274-57c8-b2b2-2181417b05ca,1490,BDT,1490,,,UNVERIFIED
ce5aedd9-eadd-5f59-beae-8546ba39a7a5,ca9e372a-f6cc-5287-b49e-88aea49d0bda,1960,BDT,1960,,,UNVERIFIED
14b617a9-28da-5074-a226-d250b55e6a03,98932a0c-da2f-50d0-897a-b761a45e816f,1490,BDT,1490,,,UNVERIFIED
713b13d4-5620-5549-b147-e36224954458,7b63e208-372e-58f8-a30a-09cc85542a13,1335,BDT,1335,,,UNVERIFIED
9e6af011-af05-5667-b7f7-4f2d9c963567,56ef9a9d-e165-5ad4-9f33-ac3c5823d082,1490,BDT,1490,,,UNVERIFIED
0e73b7f2-c00f-5c6f-9444-49aacba6b97d,28a1b2a7-73ff-5dbb-be25-0c1516eac727,3900,BDT,3900,,,UNVERIFIED
69412c0e-a739-5252-8a49-e49d1f175fe1,f3927a12-a745-5124-95d1-ea3852134d59,1335,BDT,1335,,,UNVERIFIED
9f42aac0-96e0-5051-a695-e8c54ebb45d8,a427b8dc-c908-54ba-b2bf-c28ec5705636,4370,BDT,4370,,,UNVERIFIED
7f1c132f-e80c-5d5d-8a50-7e3b13ceddf4,9ddb3e6c-58b1-51f7-8230-92e9ed2560aa,780,BDT,780,,,UNVERIFIED
e9ad65df-1316-58de-a3bd-4ba033532134,ffd45081-89ad-5c7d-879e-140e9900d528,915,BDT,915,,,UNVERIFIED
0bd05298-4b2d-5d99-a902-a010c1b4b977,f6eec19c-f680-5ff4-a727-fe1c187a5e72,865,BDT,865,,,UNVERIFIED
3cd5190d-ca0e-55d3-9960-6b279dbbcbd6,cc8576e1-82d9-53c8-bdef-9ffd3c0b61b7,1490,BDT,1490,,,UNVERIFIED
66abe533-f87e-5c3e-80cc-9043d89b63e9,72b6a2f2-146d-57df-bb0f-907e95ae4958,1525,BDT,1525,,,UNVERIFIED
fb810785-26b9-58f3-af39-24421d4f0fe1,754860be-2cb3-528d-9537-966bca057cd8,1525,BDT,1525,,,UNVERIFIED
c35d8606-2991-5c69-a2f9-320832e86c6a,2c636c4c-f4f6-5579-918c-ea3aabd841cf,1410,BDT,1410,,,UNVERIFIED
b922b22d-0079-5b84-8133-ca1e67eca664,eff46f4e-bbde-5227-8b44-f6814b3fed44,1100,BDT,1100,,,UNVERIFIED
6ce4182e-778f-56fc-bc3a-b7afff066412,aa5e178a-3983-5eda-903a-5d4c90d75b89,1335,BDT,1335,,,UNVERIFIED
6db11ab0-9294-593e-8e1f-c9c7322ba184,5d3834cd-eb53-5f6b-8d5d-30503b4f5eca,1335,BDT,1335,,,UNVERIFIED
63ad1312-c71d-5901-9856-ceb0d07b2482,a5cb506a-843d-52b2-bbcc-898b9b86f5b6,2185,BDT,2185,,,UNVERIFIED
d3e6e721-28f8-579c-8ddd-377036fe39f1,d9396eb9-8c17-5a64-b8c0-569d78c1286e,1410,BDT,1410,,,UNVERIFIED
37a56c08-086a-5a36-8de8-db2e65a0f31d,8f376f36-0f38-5fa9-af80-92603f787e39,2115,BDT,2115,,,UNVERIFIED
3848494e-8702-593c-a984-e6d63d878378,0f6f6508-2799-51a0-8d91-c9ed4d3e6a7b,1650,BDT,1650,,,UNVERIFIED
aff7eb99-27df-520c-a24b-2c991d58b120,4ea5aa9e-c51c-50bb-928e-9e86a8cfbb05,1650,BDT,1650,,,UNVERIFIED
ba56b5a6-0b27-5130-b901-90af7632e2ba,106f1154-303d-5822-8561-cfc10fde203d,1560,BDT,1560,,,UNVERIFIED
2f6750ec-7aa0-5a3c-ab8d-34995edeec98,471205d8-1c36-59b2-8c52-8e7f1b4b416e,1410,BDT,1410,,,UNVERIFIED
465ed67d-6b3c-5d06-9fd0-d46953c27775,a9cce653-7950-5d1a-8182-b3cbea2bcea4,1410,BDT,1410,,,UNVERIFIED
383930ce-99d9-5b49-83be-f83361886ba9,8e383a4b-2d30-5b8a-ac87-d86e98e02597,1440,BDT,1440,,,UNVERIFIED
3847e650-86b0-5dba-8007-30f33a538ce0,4c77abd4-fe28-51f0-ba3b-2323cec58b91,1410,BDT,1410,,,UNVERIFIED
8ac4d6b8-9547-5523-be58-e001e0c18b9f,43a04555-0cc6-5728-b4e4-c652df8bee48,1335,BDT,1335,,,UNVERIFIED
9f3f7157-ca86-5c73-9f85-9e9e47be9eb3,4ef9aeb0-1a7a-5833-b188-0e14c6caa071,1410,BDT,1410,,,UNVERIFIED
240154ee-bb2d-5c4f-a85e-905a96ac6b0f,af2fa045-2dfe-5ef1-95bb-bfaa2d8e5401,1410,BDT,1410,,,UNVERIFIED
0a6ea32f-696d-5f0a-be55-be330f1ec161,a6bd985e-7927-5d5c-bbc1-034d4eb20e51,1410,BDT,1410,,,UNVERIFIED
ab4bc84d-9b4c-56ce-bb89-be4f875b3c69,402277fa-6408-5a38-9a58-a36da77125a8,1560,BDT,1560,,,UNVERIFIED
28de95a4-6ee0-5c0d-aaa8-0a41771f3de5,cf4d9903-38e6-5db1-beea-7313c38080e4,1560,BDT,1560,,,UNVERIFIED
976e1c8f-8df5-5662-8d03-b2781eaf0962,4e599a18-1848-5d29-a5e4-7b1b28734614,1720,BDT,1720,,,UNVERIFIED
3310c00e-1b2a-511b-944d-9e00d522f1e8,f76870a3-4fa3-5ff6-b7aa-66f474de12ef,1410,BDT,1410,,,UNVERIFIED
6ede5f62-957d-5a34-9c66-39cb2991a614,0e47fe8b-ce06-583e-a2c5-b3662d250af3,2185,BDT,2185,,,UNVERIFIED
e7af2886-96f0-5f09-abc1-3386b53e95f7,7f228b2d-1fc9-59f7-b52f-d5bc6856555c,1335,BDT,1335,,,UNVERIFIED
9d836cbb-c345-5680-a61a-90fe600dafcb,84e8d8cb-b534-5f4f-ab98-1ec1e92cd22b,1560,BDT,1560,,,UNVERIFIED
5437873c-3c1e-5c1b-bc74-18beddbaf207,69beeb73-c8ee-503e-89cb-2d0a8fa8b333,1410,BDT,1410,,,UNVERIFIED
ff8f0982-c230-55c2-adb6-1ccbe5f4b9c4,489b1cee-3cc4-5da5-8092-75e22fc5af79,1750,BDT,1750,,,UNVERIFIED
a05edbd5-973a-5685-b807-ebcf75aa8653,f59b4ea5-8330-5dd3-a745-a98f50ced721,1490,BDT,1490,,,UNVERIFIED
bd5fbdd6-d556-55b4-8e7c-f5b9c49a2226,ff424224-d4e4-5185-989b-edc71191262f,1410,BDT,1410,,,UNVERIFIED
6c3ea0b5-dc4b-5dd9-8c60-56219e81b00a,c0671865-f151-51cc-9e48-4f21e965949c,1440,BDT,1440,,,UNVERIFIED
62dcdc88-c382-56a9-ac70-a5ff3d467af1,fe46c41b-48b4-59a5-947f-1eeb85a824a8,1410,BDT,1410,,,UNVERIFIED
9f824e31-5c86-5186-acaf-1b1a4038d273,e30d440d-04f7-5027-9854-546d321d4d1f,1490,BDT,1490,,,UNVERIFIED
4accde0e-7c58-525f-b1c0-9133a3d12254,fb298da5-0c93-5a8a-a1b6-8a1622dea69f,1740,BDT,1740,,,UNVERIFIED
f2a93b47-f24a-5f37-bdce-b552bc9e29ff,046c5fb1-a0d2-58ad-97a4-be50891643aa,1740,BDT,1740,,,UNVERIFIED
00d8497d-3b83-5647-9a29-65045264b47d,0a4cfe54-f654-5b7b-8cd0-16ea3666b00c,470,BDT,470,,,UNVERIFIED
da8a261b-1bd0-5a2a-897a-bb9229f0d277,f577c067-123c-502f-be64-a49cde4197b7,1960,BDT,1960,,,UNVERIFIED
96784f95-fa54-5970-8d38-2ae44f92e8c6,33e3cefc-bd16-5969-99f5-812ac8dfc54b,1720,BDT,1720,,,UNVERIFIED
00b97c07-eb23-57e5-b5d2-56e306387cda,884eb046-bb43-5040-95e6-49a60482fb0d,2270,BDT,2270,,,UNVERIFIED
a9760990-bf67-50e8-a72d-180d92deb9ef,0ad1ea61-9e44-5fbb-b949-5a2cfb9f51cb,4215,BDT,4215,,,UNVERIFIED
b0d7dfaf-f1c7-518c-91c1-f41cca71f254,945cbba4-a980-578a-ba75-2c25c063c1ce,1880,BDT,1880,,,UNVERIFIED
9c09b889-c014-5484-b767-1fd31a1ce6f4,9d03918e-dc0e-591b-b59a-5167533687f6,1720,BDT,1720,,,UNVERIFIED
61c9a0b3-2c29-5a58-a32c-5cca2a31ef7b,4ff0d520-3af7-57f8-848c-414f3cb8be0e,2270,BDT,2270,,,UNVERIFIED
10580a7f-af46-57c6-9489-ce554b38336a,321bd663-ad62-586e-9d62-73f41e791ac1,1800,BDT,1800,,,UNVERIFIED
0ce7c1c4-324f-51fe-aa9e-1197e89aaa85,d746a113-edb4-5d95-b041-0664723a263f,1650,BDT,1650,,,UNVERIFIED
d4e34b24-c709-5d83-9c10-f93669b05c58,ede0f8fc-c0ac-57ad-b9ca-b971c0e0c8b1,625,BDT,625,,,UNVERIFIED
8032fb80-9cfc-5dd2-afd3-531f71accb1e,248aa0f4-072a-5552-9f00-cc594ca6e80c,460,BDT,460,,,UNVERIFIED
cee8900d-37d0-5630-a1f2-98e38024deaa,4466d453-3259-5743-897a-cb0cf3499e37,560,BDT,560,,,UNVERIFIED
5545a5eb-2483-5619-bd0b-5f443ff38879,a430bd36-bcf5-54f6-82c5-0455e1cb917e,240,BDT,240,,,UNVERIFIED
d7459f27-d6db-5015-9483-89a1c5107759,97bf027c-85a3-5977-860a-e0f3235cc00e,200,BDT,200,,,UNVERIFIED
365c4054-05e2-563a-9030-20c3e420e246,60beaa9f-6d1c-52ef-a1c6-58a00c991f7a,470,BDT,470,,,UNVERIFIED
84816703-6c63-55fd-aea7-2298af3f7df3,fa99e900-604f-50b1-9dc5-02c196d105dc,900,BDT,900,,,UNVERIFIED
4e11568b-d81a-5c84-ac4a-a722c6da1a3d,3bceffcf-b392-5926-8035-dd99ba7bb34b,1020,BDT,1020,,,UNVERIFIED
033f2caa-245c-5838-ae44-ff63dd7fc51e,d13c8a09-3dcc-5942-9016-4f552f7f3a99,1880,BDT,1880,,,UNVERIFIED
8004cb69-60fd-52a7-9835-3942338cf159,50ec994a-26b5-5612-9285-2ca92ba7c1cd,1880,BDT,1880,,,UNVERIFIED
23b89e9a-741a-5bf8-9bb8-55e465c28821,c7594c58-4eeb-542e-9fce-a923e0021555,1880,BDT,1880,,,UNVERIFIED
54e8b154-643c-5be6-bcf5-54ef83ed9aa7,2d5306f6-3801-5a85-9d2d-ff3fb86b77e9,4215,BDT,4215,,,UNVERIFIED
47929463-ad5a-5a4c-921a-1c030b7a8067,f1ce28f1-3c77-51de-be3b-b43a4acfc019,1650,BDT,1650,,,UNVERIFIED
4aecdc84-e245-515d-bd53-da40882980ee,11f034b6-e4d1-5ad6-95e0-9931828d2b2c,1720,BDT,1720,,,UNVERIFIED
213fcf08-dbd2-599b-81ee-fcd9637fede2,90d10610-2292-57ce-bd45-7961086a4191,1650,BDT,1650,,,UNVERIFIED
b492be9a-b13f-58c8-bf85-49f350ce277f,fc78159d-cf3b-5a6e-907c-eb6df7f33ad5,1650,BDT,1650,,,UNVERIFIED
8125f652-cff8-51f7-aaa1-071b1e23c36b,0b7575e1-b9f6-55fa-81ce-5a50d94a9c08,1410,BDT,1410,,,UNVERIFIED
b2d38ef5-9235-5cea-b934-9f420a9d19e4,9b18ba6f-bd72-5fb0-a4ce-df333c4298de,1880,BDT,1880,,,UNVERIFIED
692db02d-1609-5534-b6fb-2d3aeee3df11,b870589f-fc8f-5932-a109-829dd8c82047,1060,BDT,1060,,,UNVERIFIED
66600dc2-8b32-53ba-93f3-6c4436080c14,4b0a73f9-8e0a-5300-a8c4-7a1ab039d6ea,1020,BDT,1020,,,UNVERIFIED
700fc21c-5b11-54fb-9c0c-ebfdbb95a8f2,c078abbe-1c4d-5d66-92d7-14b3b959b9b1,1100,BDT,1100,,,UNVERIFIED
0a6646dc-0bb4-53c2-97af-170fe1f2d978,0a643982-4a2b-5516-94f9-e752ffe8dec4,1100,BDT,1100,,,UNVERIFIED
a4c5299a-2ead-5676-bf5a-5a5c9f5f2d8b,20343aac-f301-55c1-9a4d-512f6ae0554e,900,BDT,900,,,UNVERIFIED
a0581524-75e3-5702-aa29-01f0fc593491,bb6b733b-0b34-5f21-be5a-3d648f9478ce,1335,BDT,1335,,,UNVERIFIED
be83475f-ccb3-5b91-b01f-5446c4a0f3e1,f5fdbebd-69ce-54ec-bd77-772c25a8f93c,1250,BDT,1250,,,UNVERIFIED
489cf15b-a883-5ae6-a257-d80cf9d8e9fb,f635d93b-a0c5-51a4-badd-ebaba2d8b386,250,BDT,250,,,UNVERIFIED
f42b8c5d-8cbe-5722-aeee-ead5bc2f4cad,1cf94109-d357-510a-ba73-77f6a163e5c6,240,BDT,240,,,UNVERIFIED
5a3f377f-31fd-5a07-a59f-333c8785ba68,d043ae22-5520-5f95-991b-e38052288b34,1335,BDT,1335,,,UNVERIFIED
c29b99b5-5f6a-59b6-aaff-348d4859060f,6078bb7f-730f-57fb-98ab-f85247638e24,1215,BDT,1215,,,UNVERIFIED
b9341a13-1919-5e73-958f-14d2521937df,a9ca5d32-54ce-5d72-8f03-2bffdc9c0671,250,BDT,250,,,UNVERIFIED
0ead43a1-1ced-5512-a925-d5431652b13b,ee186085-5ca0-5525-887a-586e38c74e1f,1695,BDT,1695,,,UNVERIFIED
c93f56a7-7f6d-5bce-96b9-1a091e377082,b8506e2a-c5d2-5475-bcf3-fbe0bf7fac36,1950,BDT,1950,,,UNVERIFIED
5dd49ec6-9174-5dfa-af2c-41f1664bade8,8d84c3c9-3d90-5453-9a6d-29f9cf7e96af,2250,BDT,2250,,,UNVERIFIED
9b3571f7-d644-5a03-b8c9-9a2adf19ed7e,40f193c9-d9d2-58a7-aedb-9e477e9ef2c8,3150,BDT,3150,,,UNVERIFIED
e9562907-9215-587b-b602-3b6ec235ae56,fbf3888e-af86-5c4c-b5e7-67a68288d8eb,475,BDT,475,,,UNVERIFIED
5da74329-8ea0-5ee9-9edd-aa4508b1011f,3f7942e9-ec20-5e8c-84f9-e01ad257c08b,997.5,BDT,997.5,,,UNVERIFIED
89b3c5b6-348b-508b-8835-b3c63017ab5b,954d69ea-70b6-5d64-ae20-44ff5cb398e7,1125,BDT,1125,,,UNVERIFIED
b58d6cce-6a93-5f70-935f-9ae78af95eff,916a1548-5371-5e49-9b8b-8ca6a75e7177,997.5,BDT,997.5,,,UNVERIFIED
c8627d41-a4ad-528f-a5f9-fbe6e0de7465,c3a1a05f-6d75-59aa-affd-27383152a5b9,437.5,BDT,437.5,,,UNVERIFIED
ceb8d05f-f649-5d7f-a5a5-31778d517041,2a25cfdf-e81b-5c7a-9f10-6a865734f925,1095,BDT,1095,,,UNVERIFIED
1cc30a5e-40d8-574f-b70a-7a92a08d4b85,ff830e97-2f87-5c46-af3d-c2666cdc2b0a,835,BDT,835,,,UNVERIFIED
78fd5fd6-d042-530f-99c8-b43286aeacf6,a6aeea9f-092a-5340-a2f3-89c75df0c233,2250,BDT,2250,,,UNVERIFIED
72aff659-73ae-5863-832a-802712c9747b,1fd05eb9-19ed-58d3-aa3d-3242fd33fc5c,1395,BDT,1395,,,UNVERIFIED
152d3f7c-1abd-5a5b-aa1d-c948bb5a43ca,83bb0358-976b-5f93-9cc0-3739bc978084,788,BDT,788,,,UNVERIFIED
13f4def9-2dbc-592c-b703-3f7df8db4a1a,583aa3d7-48b2-57a6-9342-06feebf2e8d4,835,BDT,835,,,UNVERIFIED
6f3f082e-d974-5e34-b5f2-928c4d89f01f,15e9d03b-3003-5d4c-8453-516b91a0df92,998,BDT,998,,,UNVERIFIED
fc1a460e-217e-5fcc-972d-4a4a347a4798,d7bfe3bc-dc0d-5d8c-a37f-86f34fa6e1e5,625,BDT,625,,,UNVERIFIED
b2889c60-5fa1-5fd1-b18e-bfad97996a51,27686ca6-5ee3-58f6-9866-18be9e57fe92,497.5,BDT,497.5,,,UNVERIFIED
2c956783-5793-5cfd-a132-55d165aae58f,1de9b8f9-4a9c-5b7e-bbc0-38130e41c61c,437.5,BDT,437.5,,,UNVERIFIED
e1dc73f9-d843-552e-8031-0a83aad952ec,2cfd9fae-3496-50f0-ae09-d6c140c8e8bf,547.5,BDT,547.5,,,UNVERIFIED
fe4d8682-03b2-505b-9f4c-632951fb9c3a,082e29e3-9743-5093-a109-ee207c8f7b72,825,BDT,825,,,UNVERIFIED
d03a1745-b4b4-5de0-b12d-55ac86cbfe07,d5e09e17-c702-562e-a202-1c0904fbc0b0,1050,BDT,1050,,,UNVERIFIED
42feec42-8dc7-5081-b27a-fd6e4e4a9bbe,d7d4323c-86e0-57f0-9f69-47b2e5cc98b6,1250,BDT,1250,,,UNVERIFIED
9b8a7f2a-743d-5c47-9161-b481b065177d,473fcbc6-b7cf-5d0e-887e-a506a83039c0,1750,BDT,1750,,,UNVERIFIED
7c0487d5-1d7e-5793-a9cb-a82f012b70c5,c40635df-b49c-5d2e-a218-3ce99afac9d0,875,BDT,875,,,UNVERIFIED
ca0b479f-f9cb-58db-8d3c-dd18c12988fc,9876f8ce-3b7c-5ec5-aec0-572184a6a99b,1650,BDT,1650,,,UNVERIFIED
ec74c0dd-2e27-5988-9b31-e6c7558cd2df,9d9b60ed-b486-55c0-a2ae-089dbd5e8232,625,BDT,625,,,UNVERIFIED
9fc22ba4-5fab-5c14-8a94-c99092f0469b,e09f8aa2-c2a9-5399-872f-a477bbd8f6c0,1103,BDT,1103,,,UNVERIFIED
ba83f088-9d56-5aae-bf0b-acee06c69ca9,57ec8db4-18d0-553e-8368-8735a96a3b1f,940,BDT,940,,,UNVERIFIED
2f1796d6-5537-51b6-bfdd-7aa98a3a62d6,31729995-878a-5a78-b8ca-107609fae4f5,1750,BDT,1750,,,UNVERIFIED
1eb59094-a5ce-5208-9d77-7e0aa4f37c8e,ba194190-d8b2-508d-9bb5-03eab3d75382,199,BDT,199,,,UNVERIFIED
6a9f9a7f-b775-5cb8-ad00-e9757b5e553d,0e78ba01-db36-5b88-ac60-e97ab4471ef7,575,BDT,575,,,UNVERIFIED
a779abbc-68a1-5499-b9f4-da7c97d82ebb,6f2b2177-302a-54ce-9a56-45d3a11f45e7,1295,BDT,1295,,,UNVERIFIED
164c6e54-c5a9-5f56-8de7-84a2426782f0,7d2a8e36-8229-52dc-9494-b8973f6f3d57,625,BDT,625,,,UNVERIFIED
088a69e4-852a-5fb1-a756-a8a1a9394d56,d6af3aa3-2d19-5ce0-8848-bff6feff2487,730,BDT,730,,,UNVERIFIED
83ea6f25-17fa-5991-87d5-93b2d42b29be,c53838c0-edd8-59a9-a654-7b49bea58b78,520,BDT,520,,,UNVERIFIED
c672575b-b88a-5599-bc4e-c76c1d571354,faea80f2-61b2-5101-bb87-781db062b27c,940,BDT,940,,,UNVERIFIED
ed57abef-725e-5347-b719-35e59a4d3f16,03fd5c71-de00-56a4-bbd2-736d994fa3a6,1195,BDT,1195,,,UNVERIFIED
d36503de-2539-5c87-b230-e2cee35d0203,8063b713-7c52-5671-ac1b-dcd912b5b419,2250,BDT,2250,,,UNVERIFIED
019dd485-12c7-5688-94aa-25258327883e,5c56af44-167d-5abe-9fc5-bf9296ab2a6a,1050,BDT,1050,,,UNVERIFIED
90cd0296-7331-57d5-a2cd-ff1122e3d9df,6d581007-5fa9-5795-87ae-c5c618b6c3a6,895,BDT,895,,,UNVERIFIED
601d1f3e-acd4-57f2-b2fc-b130b63f03db,6d2f44c4-1d82-5dd8-b53c-8f29064f315c,1025,BDT,1025,,,UNVERIFIED
7bfb046c-2feb-5ec8-a2fd-fe59f35307a2,defbd164-11b5-5913-a556-bccb7dcfa6c7,375,BDT,375,,,UNVERIFIED
686a52eb-078e-5b51-baef-b152a23ace0d,1f0d4906-03ac-5dbd-85be-c937084ef41d,375,BDT,375,,,UNVERIFIED
23e4d861-cc8b-5179-b83b-7e5aba97e2d8,d79a2519-ac85-5809-a3a1-606f6a3449e8,495,BDT,495,,,UNVERIFIED
6e57ab0b-6ab0-532c-ad57-c35ba7a2737b,66abd13e-403b-501f-bf6d-7d9157f1c92b,3150,BDT,3150,,,UNVERIFIED
fb2a177d-abed-59b7-a9c5-8279925dc629,4d8cac5a-19cc-5037-95d9-2b4e853fdc36,2595,BDT,2595,,,UNVERIFIED
d4875fd9-1cdf-5fc5-a86d-3a08aac01fb2,549f048a-4526-5a3f-a150-dc9a7bb68800,4395,BDT,4395,,,UNVERIFIED
7f287d70-5980-51e9-b799-a35e93a6ab0a,8c34d83b-0dd5-5215-bf3d-4e9d10ba5e43,2950,BDT,2950,,,UNVERIFIED
a067489d-686a-5390-9e7a-10bb86c9eda0,2a06a2b8-54cd-5677-ab12-6191818d5dd5,99,BDT,99,,,UNVERIFIED
1c536cfd-28bd-54e1-b8ea-7c0d28c7508e,5225d31a-6bb6-5a4f-b0da-4008a921a218,695,BDT,695,,,UNVERIFIED
1f6a03bf-dbe3-549d-bd58-42d9209715fd,8f9e3420-e759-5f7d-9a32-06509c7c9343,99,BDT,99,,,UNVERIFIED
dc550a23-1acc-5a52-9679-cbd8394e0312,f4129783-ce9d-54b5-9804-7e2f324eb645,675,BDT,675,,,UNVERIFIED
cd839de2-b028-5db6-b34e-3714f4aa7086,dd8fb86a-5b3c-5854-8bff-b895263d4f9f,697.5,BDT,697.5,,,UNVERIFIED
a7f7102d-7a01-5ea3-b700-a3e6ef87e5d3,a1bcd6fc-66ed-5413-9132-702a10c225da,647.5,BDT,647.5,,,UNVERIFIED
00d99749-1655-54de-b983-2ea9de14d03b,7879581d-85ca-5b23-81d8-73bbd8afe86d,647.5,BDT,647.5,,,UNVERIFIED
10be9615-d740-5481-809e-8ffa0df5ab13,583d0820-50f0-5518-b647-307adcf0519a,647.5,BDT,647.5,,,UNVERIFIED
89f7684e-df77-50dc-8ac9-307741d1a68c,a745e3d6-2249-560b-b702-13788795abb8,99,BDT,99,,,UNVERIFIED
534f5ba4-cf8c-5679-acfc-d60ff93f6e57,7a36a67d-defa-5b17-a88e-db834ebfbaa5,473,BDT,473,,,UNVERIFIED
c16950f0-dbb6-58f7-ab36-ddfab57eb510,aadead13-82da-554c-aaef-93bfdeb4d165,368,BDT,368,,,UNVERIFIED
d6041f9a-9d20-5331-9f9b-86e41a971fba,6f93d9cf-b7ef-587d-bec6-5a2042e8f137,3350,BDT,3350,,,UNVERIFIED
564dad77-551d-5b6e-9f6d-c03c8e1547b6,22f8661b-a10d-5e9c-ab7c-56c9b43b6266,497.5,BDT,497.5,,,UNVERIFIED
8b9670e6-7dca-5702-b73d-2aaac72cb074,e4700de9-4710-570b-ba6d-78a4a3f05e23,347.5,BDT,347.5,,,UNVERIFIED
d5671567-ad28-5c9d-93b4-563140047de3,a0d1dc1c-758b-5b16-9526-b04ce1df4648,2350,BDT,2350,,,UNVERIFIED
cc834b8c-837a-55f4-aa73-9c8acb20c9e4,0d2742bc-21c4-5d0c-be5f-50bc55b9a6ec,875,BDT,875,,,UNVERIFIED
a5c003b7-7946-59cc-9acc-0c3637425161,25d1e074-843f-51b9-84ed-116b9237787a,995,BDT,995,,,UNVERIFIED
dfc1e5f3-3864-51ff-9397-a4e42c067db0,28bb4754-6c8a-5aaa-8f01-3be10841cc3c,1195,BDT,1195,,,UNVERIFIED
d27b03a3-e04b-57c8-9ee8-60648a055b8f,6d22c023-a070-5e13-8933-74d2f1daae9d,1125,BDT,1125,,,UNVERIFIED
557f18e1-80b0-5951-9b35-4dc0d64a341b,ab6715f1-bf9f-5d42-8217-17140e97f8e8,625,BDT,625,,,UNVERIFIED
bb37d9ed-2bee-527b-aea1-aa0626f4bb41,a706c95e-c4aa-59a2-8687-3873c64eee4d,1250,BDT,1250,,,UNVERIFIED
fc3023fd-3d12-5ada-9a98-d96dbff73e50,a348c683-6398-5869-8f89-2f401b76c57e,1250,BDT,1250,,,UNVERIFIED
7c27e9f9-8f7b-5e65-92ab-39a3ce9d76c0,6d68968a-ef18-5547-8bc7-55cc12ff5fb6,1095,BDT,1095,,,UNVERIFIED
3978992f-717a-5902-9241-ec95bdbe683d,b5aa7af4-9dc9-5189-969d-bb21f6be3ce9,310,BDT,310,,,UNVERIFIED
63818899-95ad-5eef-9ca1-2a15e55fac25,1af6fd1f-4516-5f28-b955-3a841f905ead,368,BDT,368,,,UNVERIFIED
6d939df5-5b68-518c-a39a-28ff0dd50eed,f3181cec-a96e-57f8-9521-02ff241f5b15,597.5,BDT,597.5,,,UNVERIFIED
2c3943a0-bad3-58c4-adce-7fd0305cdc2b,9306f7a4-a06d-5dcc-80ba-dacf3fe20707,695,BDT,695,,,UNVERIFIED
f6cde5ce-a6c8-520b-8cc0-ffe110741d02,ebd666e9-db55-5ed8-acb9-035348f1b104,1295,BDT,1295,,,UNVERIFIED
3fbeb72c-cce7-593a-b8f8-c9f68fef700a,b3c8684a-978f-5a7d-bcc4-8ad5a92a866b,1350,BDT,1350,,,UNVERIFIED
49025c5b-cc3e-5eed-a8bf-afc76e1d784e,94785a85-a111-5923-8200-af13e7a3bf97,1950,BDT,1950,,,UNVERIFIED
4bd6ddc5-5446-5517-9fb5-227adb3c3bc1,8f2e4c86-a5d1-54cd-b75a-6591b5adba35,1495,BDT,1495,,,UNVERIFIED
21a59493-b81d-53f5-b4ca-b03d61dfca65,aa665d26-2702-5327-b5fb-6d85356b5797,1095,BDT,1095,,,UNVERIFIED
ffef9be6-5424-5237-a900-7aad67330a68,6b6043fd-4161-51a4-b1b1-0f2d64ee7633,1050,BDT,1050,,,UNVERIFIED
adcf801f-18f1-5f83-97b6-6605618337ae,3d00e7ed-fb18-5746-a150-8fbc78d92a66,2050,BDT,2050,,,UNVERIFIED
a2148bab-6db1-514d-8d33-ddbf9042bc2d,c8d46bde-68b0-52e0-bbe3-8dd619e98ebc,475,BDT,475,,,UNVERIFIED
77b4ae83-1c62-5093-8d40-cd8417d0c531,9bddf148-3e39-5ec1-b33c-d2b0dbfd13ba,347.5,BDT,347.5,,,UNVERIFIED
37cf40a7-8d1a-56ca-88c9-d3aaea463467,e8e7d4e7-ba48-5b02-a2e3-572d730d7664,625,BDT,625,,,UNVERIFIED
405d8165-1e58-5047-9641-6db4d6ca8127,fc78d253-e660-57e8-b30d-32223bde2b4b,625,BDT,625,,,UNVERIFIED
b2b42ccd-b03a-5911-9396-3e76259cf2d6,b4185c7a-c655-5b3c-b6a1-dd2446985653,695,BDT,695,,,UNVERIFIED
308036f5-2632-5935-9a11-d15ce6c4017c,1d7310f4-2f02-5ff5-bbdd-dcfb4a2a3d57,525,BDT,525,,,UNVERIFIED
ff34f56a-28ce-56b5-8d8f-69c8cae9ac13,2557f468-535a-5411-92bd-fa3eb5ab4e2b,1050,BDT,1050,,,UNVERIFIED
79b3200b-41f0-5251-8e2e-f119cef202a6,c8d65dd1-13cf-55dc-b05e-9791fc00bc5f,1095,BDT,1095,,,UNVERIFIED
00b29ad3-e2d9-5b84-a5e2-b33912f204d9,27c50883-805c-5870-abdb-87e71ecc7a9a,1295,BDT,1295,,,UNVERIFIED
d83aaf04-cca2-5a4e-b7e5-494719c25c1b,0b56c945-30bf-53ec-91b9-9091f9d01afc,475,BDT,475,,,UNVERIFIED
f94ce11d-3f4d-5ae7-b64b-3dc39d286faf,80de2844-7c31-5206-991b-f1166a7f8b09,475,BDT,475,,,UNVERIFIED
ed4a3233-7e2c-5fe6-ba45-cad50c6950e9,eb12ca5d-0803-5889-93c8-ab707cc6f4f6,375,BDT,375,,,UNVERIFIED
5abe6cb7-c8c0-5cd2-adf0-dd86f4df11bb,d1363191-b410-591b-a2ea-df06fd005fb2,347.5,BDT,347.5,,,UNVERIFIED
4e16a22f-0e20-5057-b57b-1ea6b48e6fe1,7036dbd5-a24e-5f48-89fc-8d708ac3906c,1050,BDT,1050,,,UNVERIFIED
82c29544-9a33-50c1-9589-300771e63a1a,5de479a3-53e0-55c3-837a-09b5a7183970,695,BDT,695,,,UNVERIFIED
65a8265b-4fff-553a-ac95-eb78be53d545,be567442-47fe-5808-b7ce-46b66c1b4ca8,1250,BDT,1250,,,UNVERIFIED
d49ee807-32b0-5c77-9970-b60b77053a74,14d30d25-703f-54a2-8e8c-573d4d208dc1,1050,BDT,1050,,,UNVERIFIED
848ed43a-88b4-5a5f-8229-b9a58fe501dc,d22e8f46-6b1d-5dc9-b377-f9ac8bdf0945,750,BDT,750,,,UNVERIFIED
92b8b28a-225c-5307-822a-2566f567f8cf,6e8d030a-5ba3-5fc1-a48a-2e7903e49c68,750,BDT,750,,,UNVERIFIED
e8704113-1f4b-5d71-bad3-90b7ef77d472,3a092155-09b6-5634-99c9-eaacad5c5b69,950,BDT,950,,,UNVERIFIED
0db660cf-7f17-5a63-a49c-6cb4138aec3e,c7554434-6f30-5343-b117-887895b44fac,3150,BDT,3150,,,UNVERIFIED
a1a38aad-9139-51b1-aeb0-0fd20b4287fc,f6ed5fc1-4d05-5670-8d73-e6e028aa83bb,1418,BDT,1418,,,UNVERIFIED
aa2db75d-daaa-5918-aadb-73de555ece4a,9833d265-492a-5e3e-870a-a0d9bdea86b9,950,BDT,950,,,UNVERIFIED
8323a09a-21d1-5e4f-94a3-2bff2e97314b,45c52c30-1293-5157-847e-f2918cffc1ec,950,BDT,950,,,UNVERIFIED
d932e6f4-35f0-54f8-8736-599ae1f72ed3,c2fab496-82a3-545b-87bc-f39d3da834e2,893,BDT,893,,,UNVERIFIED
03874363-7de8-58fb-bf5b-79a949a279ad,7a264ae8-7fd4-5ee2-b427-585bb3fcfcd1,950,BDT,950,,,UNVERIFIED
f4b3c242-a285-5f03-b9fd-e6329931e3f8,03a2a0a4-c96c-58b8-a28e-cb4368676aec,950,BDT,950,,,UNVERIFIED
cba874d0-de71-5970-b390-726b40757a0d,3b39a361-5e80-59e9-b111-b3eb541d9a65,1418,BDT,1418,,,UNVERIFIED
0e8fd87a-2008-5f43-aa5b-ac7fb14e8b52,9892c4a5-6473-53a6-8a13-954065429d68,1150,BDT,1150,,,UNVERIFIED
9a0a9f2a-ce0d-52fc-b3af-62b3bee960e7,0f76f06c-9000-5950-a742-83877f606564,184,BDT,184,,,UNVERIFIED
719daf9c-1394-5364-aac2-e67b19628923,dd940c49-ca7d-5fc1-a9d1-17ea1539a7d7,158,BDT,158,,,UNVERIFIED
00cd84b1-c54f-5a19-8d4a-954d1c568cc6,387f14ca-e96f-599a-a1ba-3c124949636a,131,BDT,131,,,UNVERIFIED
a19123b0-7418-5bd2-8070-b107584922ee,b5af55ff-1931-523d-89f8-9c1cb8c0a171,1250,BDT,1250,,,UNVERIFIED
ecbe56dd-4cf7-5277-9f5d-1be1a647e3bf,81da2783-4e02-51d6-8ddc-0c6cd96d059c,950,BDT,950,,,UNVERIFIED
a71daee6-068b-5e20-b915-2d9dfe5aaf34,c4e5e613-ec36-5ba6-8b26-df45fbe6b02e,950,BDT,950,,,UNVERIFIED
1232b315-4609-51ae-8553-45ec49bf616f,be0af5f0-076c-55ff-891c-c91a747300fd,3150,BDT,3150,,,UNVERIFIED
a8b4914b-9ec7-531c-ae62-9b0d635c49a5,02d9e878-d0bd-5266-b7e5-6cd2f8a11245,205,BDT,205,,,UNVERIFIED
e958bf6c-c7e2-5562-aee4-e8679bb121b0,07f5177e-a0c1-5752-9b0b-e5575a9d1ccf,950,BDT,950,,,UNVERIFIED
2fddf272-138f-5e5e-ba35-779075918650,2dfd4c0e-b54c-5c09-9e34-bcd003c255c4,893,BDT,893,,,UNVERIFIED
210420d4-321a-580b-9e76-a8a8b12c9693,b128eedd-2cd7-55a8-8a4b-b23f646c85df,1208,BDT,1208,,,UNVERIFIED
5b0de88b-3af3-59f4-9bf9-508bb7f2fac4,28b473bc-64fd-5479-9f84-cf56b905c233,1295,BDT,1295,,,UNVERIFIED
9e5a6161-c360-5f3b-81ca-97320e310d2d,11d236a1-53b8-5252-b611-03fd885b5203,998,BDT,998,,,UNVERIFIED
2e24982c-01ed-5a16-86f6-56d1965a77c1,f57d8bbb-5300-5c54-8dcf-8047159c9325,1295,BDT,1295,,,UNVERIFIED
073651d7-997b-5cf8-a4db-321075185409,b3c2a2a0-ab27-5ae9-9cb7-eb97932e55bb,1295,BDT,1295,,,UNVERIFIED
6d021cb0-a231-5878-b0cd-314d192e0701,31f8ce47-84fa-5bea-9eb2-861fd857bde5,545,BDT,Tk 545,,,UNVERIFIED
c377ab29-0cdb-55f2-9563-075821d76968,c31ff4c7-c4b5-5179-a6f3-5bdd4077a4e6,580,BDT,Tk 580,,,UNVERIFIED
7816af05-5a8e-5c0b-b94d-3be3f3a756cb,9c7ad3b5-4db7-509d-a0cc-0b3e43a7f2e8,559,BDT,Tk 559,,,UNVERIFIED
28bf79df-e302-5c37-a298-1bd575d101a4,35e7dd15-13f3-5486-8c22-f33bb048ed9d,599,BDT,Tk 599,,,UNVERIFIED
657f0151-d4ac-52fd-811a-6a27c28049b2,e0155b55-c15f-5be2-9e24-41598ac5b8f8,559,BDT,Tk 559,,,UNVERIFIED
20bfbce6-819f-5db8-8f9e-81f7ef7f2ecd,9b40089b-fef9-5921-a612-9010d2e5a52e,599,BDT,Tk 599,,,UNVERIFIED
0b8bd716-a2f4-5117-8e74-c294332803f5,011283d0-98b8-598a-afb9-af8d687389bf,625,BDT,Tk 625,,,UNVERIFIED
abb9902d-9183-5176-bf8e-75a83d0583e0,72570037-090a-56eb-b877-3f0d7831307e,580,BDT,Tk 580,,,UNVERIFIED
81d1e0e4-16ef-55df-b4ed-a870d7edb95b,a07a90dd-be61-5a13-9ffc-517720dca46e,580,BDT,Tk 580,,,UNVERIFIED
1b4ac020-ed0c-5270-9fd0-6cd96d7f1676,fcddc693-d010-5c4a-a1b3-eea2e315914a,559,BDT,Tk 559,,,UNVERIFIED
99c33760-dd81-5490-b8e5-a84cb3e06484,b64e49a3-6e3c-5c4d-b99c-0cbf63c3291e,545,BDT,Tk 545,,,UNVERIFIED
d0b38368-065e-58aa-909a-36cc5ac3a57e,d67f8b11-99c4-50a8-b6aa-0933d6efbd1b,625,BDT,Tk 625,,,UNVERIFIED
79877c23-dc12-5849-8f8f-2b089100579c,96af1b5e-b021-5d07-9cff-122eca3777fc,649,BDT,Tk 649,,,UNVERIFIED
aa20ff10-6926-5b3f-be44-81ba47b61437,1d0874e1-087f-5e1b-9307-11a3efe56c55,549,BDT,Tk 549,,,UNVERIFIED
ffd85b68-bcde-536c-b963-db8b64f94962,e25c38a5-bbb1-5718-a903-2a01a726923a,599,BDT,Tk 599,,,UNVERIFIED
d3d195d0-f118-5326-b64f-503683d3f199,1a48e952-ebb5-520e-b01a-d96a18372780,499,BDT,Tk 499,,,UNVERIFIED
1b930605-6415-583d-a0ca-660022315e4b,46adddcc-7233-5a5c-a698-0407dd454e82,699,BDT,Tk 699,,,UNVERIFIED
dcf12bfb-e90b-5699-99cf-77669c339ff2,c24eac42-f489-5c22-844b-9b73f032ff59,659,BDT,Tk 659,,,UNVERIFIED
013b9ebd-5c5a-51cd-b36e-025c9bd7355e,43c3f602-5670-5c7f-93c8-2d944d166112,799,BDT,Tk 799,,,UNVERIFIED
fdffebe3-aff5-5ecd-8708-2b78a318a8d6,e8577fd6-0864-56cd-8ea8-52d24f4d9566,649,BDT,Tk 649,,,UNVERIFIED
30934411-d3f4-5ad1-8b51-de690f289edf,8a235783-8b72-595a-94b9-f91a714cec29,699,BDT,Tk 699,,,UNVERIFIED
209e8001-a5fc-520f-bf15-1a11f1e89686,1dd4e213-0657-5702-9bdc-d379199e0843,749,BDT,Tk 749,,,UNVERIFIED
920a9155-0294-50f5-b654-81ad3c076318,58d1146d-b3bc-543a-a234-eeb5ac6176bb,669,BDT,Tk 669,,,UNVERIFIED
46aa34fa-57eb-52f7-9eb4-3447a9a390f9,55e7caf1-09c9-5fee-8997-f7ae8775c155,689,BDT,Tk 689,,,UNVERIFIED
2cc4090a-f980-53de-b880-846440255bdf,227af384-947f-5482-9257-3e4d71892487,669,BDT,Tk 669,,,UNVERIFIED
dd9a5368-5b29-522c-870b-cb4df6bce965,d7615715-a697-5ba7-8dc4-652975d8a9a0,669,BDT,Tk 669,,,UNVERIFIED
37b145a7-b2b2-5e04-806c-eec2e5aaa151,2b965564-887d-515d-884f-8a1054a5d27b,779,BDT,Tk 779,,,UNVERIFIED
3cbb653f-40db-5217-93e9-9d6f93764243,d7c052c0-3e08-5f25-b9fe-794f480a228d,480,BDT,from Tk 480,,,UNVERIFIED
21723e34-c9e7-58ab-8d98-f10156b5f733,6133c953-e6b8-53eb-82af-617ff4ee6909,659,BDT,Tk 659,,,UNVERIFIED
bc811de7-a5e1-5d57-a921-de24511550b9,e5c6e4b8-d166-5b5f-9834-53ae70e65c19,549,BDT,Tk 549,,,UNVERIFIED
abf6bde0-0220-5a3a-a0c3-96047d992cb2,10a2e416-96e2-50cd-b1d1-47b5fbff5ec5,649,BDT,Tk 649,,,UNVERIFIED
cee4df78-b0b0-599a-813f-f83f86c43a4d,f94c1c85-effa-5d39-82f0-7cee9cfa0af5,659,BDT,Tk 659,,,UNVERIFIED
75836735-a408-5331-a275-0e99ff7c8df7,23b32b19-b631-5c97-8e85-557955cc957c,789,BDT,Tk 789,,,UNVERIFIED
d130f703-aade-5d7a-9c4e-f7a58a5bb678,2859796c-31b1-5447-9c43-9df012582fd2,789,BDT,Tk 789,,,UNVERIFIED
97e02e39-39df-5588-b7ee-e925956afdc8,d9555fed-259e-5972-9fa2-d161f5af03e5,839,BDT,Tk 839,,,UNVERIFIED
619b51d5-8ed9-58ba-b00c-0202226b3903,842eda68-022d-5424-9475-dab4b110cb06,659,BDT,Tk 659,,,UNVERIFIED
468579d4-8621-5506-8cb4-a2064adab787,88a61f55-ef40-5879-bb2b-fda788495e0e,659,BDT,Tk 659,,,UNVERIFIED
21e0c078-1d3d-5ae0-b9f2-e1cc5a1e3554,aafc0f79-7174-5fbf-83eb-90ec3b3fbf78,799,BDT,Tk 799,,,UNVERIFIED
4dbd903d-9f53-5e14-b482-af75b0be73f1,c7d59ce1-30f4-5502-8cf6-1be87aece3a6,669,BDT,Tk 669,,,UNVERIFIED
92944525-a356-531d-a127-ee030672d929,c12207b6-71a1-5694-941e-1770121a1c49,659,BDT,Tk 659,,,UNVERIFIED
e501060e-8797-5086-933b-e4bb7408c7bf,3540ee68-7444-5f43-85ed-4e97a9acd6bc,659,BDT,Tk 659,,,UNVERIFIED
de3676d4-4780-53d2-9e44-03e788ef0039,0c2f915c-ac24-5a1d-a4fb-2466bbb308c5,699,BDT,Tk 699,,,UNVERIFIED
3e1580ac-23f0-5b66-9afa-0d6662211150,28991960-3226-5b75-b474-c8ba6659a30e,799,BDT,Tk 799,,,UNVERIFIED
08a7bfeb-1d4a-5101-9588-2a661809e388,a3b89861-30a0-5740-aa30-9c774a9490cf,659,BDT,Tk 659,,,UNVERIFIED
6094a152-6b98-5c36-97ee-3c5c09800412,845f71a6-8840-55b8-83f5-42c6a2608995,839,BDT,Tk 839,,,UNVERIFIED
50a94bb4-02bb-5e1a-8f74-1f173089f456,0c255365-b87d-55d0-9e0c-b1c5f16f2a30,839,BDT,Tk 839,,,UNVERIFIED
9db8d157-872c-5707-9b41-b6016aa0d736,bf443ab0-bbf1-526a-9976-e0240300a81c,839,BDT,Tk 839,,,UNVERIFIED
ada741dd-6d12-514f-afbb-c327d903dd60,69034b81-bf17-5ee1-a71e-b40104d5a8a0,839,BDT,Tk 839,,,UNVERIFIED
14489360-6a0e-51ae-b5a4-d3616f576226,c0429e56-1711-5517-97e6-63889ed88b90,859,BDT,Tk 859,,,UNVERIFIED
520c00b1-e91a-5698-9423-836a79ec32c3,9fdeac7e-82fb-58e3-bcd1-53fbcee3483c,839,BDT,Tk 839,,,UNVERIFIED
e16490dd-97d7-5259-bde2-0fdad92cf975,1c19ce61-3175-589f-9e2a-3985feac2a0d,839,BDT,Tk 839,,,UNVERIFIED
070f5fe2-46c0-5244-95d8-2039aeca1b4e,721986d6-a2cb-5ea1-afd4-9a6dc643b3b5,839,BDT,Tk 839,,,UNVERIFIED
d528167a-18cc-54a1-94f6-b78ac546749e,cb00ff73-93c9-5095-9e2c-f49d43ff356c,839,BDT,Tk 839,,,UNVERIFIED
aeb5151d-90b8-51ec-a938-07f4877c9f0d,7360ff15-d8b5-513b-bfff-26654c7f115c,779,BDT,Tk 779,,,UNVERIFIED
10439391-c364-5ee2-a76a-e44aeccb30f7,00c128b7-5144-5aa2-aeb1-f858c70de574,1445,BDT,"from Tk 1,445",,,UNVERIFIED
8125e012-4d18-5776-b83b-20e7d9101115,2e40663c-ab8c-5c9d-bf57-31c30c21117b,799,BDT,Tk 799,,,UNVERIFIED
8ac5c44b-b033-510c-af0e-c345401f5939,f7fd8d63-b529-5078-8544-0262ba5870dc,779,BDT,Tk 779,,,UNVERIFIED
53cd66a9-d7e0-5ef3-9277-e3201b52674f,167f2e58-32d4-5103-903a-4be9fe1e7f2a,749,BDT,Tk 749,,,UNVERIFIED
47a02061-fb12-5a87-8d97-2d6715d52494,ae28c8ad-92c3-5a05-be8d-fc6de717cf90,749,BDT,Tk 749,,,UNVERIFIED
26b27f73-45cd-5f2d-bc6e-b8bfdae8e5c6,c1eecaf2-a15c-5eeb-9d44-606f6425fd19,749,BDT,Tk 749,,,UNVERIFIED
8fc8e81b-a94b-5463-a09b-3596c33de695,8b2aad57-7e2a-579c-a360-1081e77049ae,1139,BDT,"Tk 1,139",,,UNVERIFIED
0688fbe3-ff2c-54f9-9fcc-5579181f61b3,eb3c3aac-8e60-5ff2-a6f6-df21249d2124,1139,BDT,"Tk 1,139",,,UNVERIFIED
e0fef284-aa30-506c-bbd6-a6221b918e72,5b9adc52-13ca-56af-891c-db8ae9896476,1139,BDT,"Tk 1,139",,,UNVERIFIED
a7544d91-5a4f-563c-b6e4-b07a9461e927,4cfa60bd-7f34-585d-90b8-9072b98fcce7,1139,BDT,"Tk 1,139",,,UNVERIFIED
eab49a49-a55b-54cc-9a30-36ded56fba91,5b8e72c1-ef02-57fd-bc6d-a7326c3bf6f3,789,BDT,Tk 789,,,UNVERIFIED
1aabc94e-36fb-5824-80a9-58d0a247064f,816d1c58-3ed9-565e-aa3e-c4f0cff37507,869,BDT,Tk 869,,,UNVERIFIED
bccfab7e-6a27-5014-9cf2-fbb1335f2888,86981465-36df-5a8b-9ac9-6e65bc08137f,839,BDT,Tk 839,,,UNVERIFIED
5be6855d-b6c3-5fa1-84f6-c299a0217fde,68d8b530-edd1-5d4b-9d79-6a49d491e255,789,BDT,Tk 789,,,UNVERIFIED
55044aad-d036-5f43-8ab6-01605933b908,4dbabd4d-c4f4-51ca-9600-09288e8ffc6f,789,BDT,Tk 789,,,UNVERIFIED
81a3c011-7d43-59f4-9326-ce10efd8ded8,b3a2b35a-34e8-5540-aaef-b3f437c693d9,789,BDT,Tk 789,,,UNVERIFIED
c9b24b11-c95c-53dc-9cdc-10a74c8ac5fa,0768487b-4bb2-5862-886c-ab81fd8c0e26,789,BDT,Tk 789,,,UNVERIFIED
78a4d783-d82a-5103-b47c-fa8dbb8db814,122e77eb-9afc-5877-bef1-7541251a25d9,789,BDT,Tk 789,,,UNVERIFIED
c122fdbf-3924-5e21-a23e-6631aee31df9,d2409746-1962-51e9-9f3d-81bd49da5a37,789,BDT,Tk 789,,,UNVERIFIED
9345917b-2946-59e4-aac7-3df6cdc666b3,3e3251e0-d609-5c9b-9670-be87ab32877c,629,BDT,from Tk 629,,,UNVERIFIED
cfc8a0e3-5040-5613-8faa-7445c949dc97,4b67783a-75f5-5aa3-9476-368272d09f8c,659,BDT,from Tk 659,,,UNVERIFIED
d2e6f1ac-3c2d-5fe2-825e-5615a980ec8b,076e821e-11c6-58ee-8df0-ce8e8acb71f9,629,BDT,from Tk 629,,,UNVERIFIED
5d61743a-0a2a-5161-836b-e98c9b1a2979,a59ce689-a2b4-5ebb-9015-54d6c2cb654e,539,BDT,from Tk 539,,,UNVERIFIED
e9b715dc-8659-5eb5-873e-c7c108b5ccdc,42d8f88c-f9f6-5553-9df2-a9df586055aa,789,BDT,Tk 789,,,UNVERIFIED
8c92330e-b807-5baf-b7ac-5c9cac53837d,928df3c4-1a9e-5c73-b551-d25a1760f4f6,499,BDT,Tk 499,,,UNVERIFIED
db3a8f80-de6f-5b4c-99ec-b31638d0e325,20de48a7-88ba-574d-ad93-0209d0f97cf0,429,BDT,Tk 429,,,UNVERIFIED
fda66dc0-93dd-58f3-8aa3-953f4b65c83b,a6663f9b-b807-5955-be22-14cb8b014118,399,BDT,Tk 399,,,UNVERIFIED
24410011-7f36-5de7-9628-0bdbd0ac8e98,b2f7c255-597a-5f23-84cc-325a3ad6fa68,699,BDT,Tk 699,,,UNVERIFIED
4e028a70-e679-51ab-93e7-4885a015e3fa,4cd8e156-6150-5a8c-bb56-ed246b75a88e,629,BDT,Tk 629,,,UNVERIFIED
e2691884-745e-5933-99cb-c73e0e3a82b1,aff1583c-82f2-5182-acce-fe5f6a6a5014,939,BDT,from Tk 939,,,UNVERIFIED
62b5c095-c266-5154-9b91-870d30a11cac,4b7c33fd-41eb-5651-989f-fb959056a264,599,BDT,Tk 599,,,UNVERIFIED
d870f831-03b6-5a13-82c5-4356a86c6b28,67ffd558-31d9-505e-b54a-41d4d96f6bd1,699,BDT,Tk 699,,,UNVERIFIED
16f43c07-7d0e-5e45-9ef2-5901f6e1c77a,e02cd83f-856a-5fae-ace1-da41647406b5,749,BDT,Tk 749,,,UNVERIFIED
13de676a-af6b-5400-b4b4-bc0a480930b8,9b9c47cc-a07a-5b5b-811a-940f35b428c4,749,BDT,Tk 749,,,UNVERIFIED
ca86dabc-b787-5195-b771-a216db177171,19c4f988-6922-511f-8ea1-7493dd60bbdc,669,BDT,Tk 669,,,UNVERIFIED
49f6a1b7-83f5-50bd-870c-5ee3e8d7ae11,ea92e1ae-6a71-538f-96b5-8dabf4fd21a4,749,BDT,Tk 749,,,UNVERIFIED
7556920e-f953-5d1c-b5a1-e4e0aef064a4,e4fab629-ac61-5aab-9aca-7d79a0f3d60f,699,BDT,from Tk 699,,,UNVERIFIED
49d89b97-62e5-5f3e-beb7-e54ec8c98f8c,d6c98ea4-f825-501c-b622-8edaae514d5e,869,BDT,Tk 869,,,UNVERIFIED
71089cea-13d4-561d-8cb7-c7a732a46f55,655ad777-ee32-51b6-913e-d315890ea7f0,220,BDT,Tk 220,,,UNVERIFIED
918f16ec-a9d5-5942-a85d-816917009b6f,fbf7a72e-e249-5204-b51c-5d4e3e62da35,669,BDT,from Tk 669,,,UNVERIFIED
947ac599-4c9f-5049-b74b-bdc798b658f6,339187b0-bd8c-57d8-ac96-91eb4bc5419e,669,BDT,from Tk 669,,,UNVERIFIED
1e5ebd51-335e-5ad8-a774-ecd336b8e3b5,962b4d41-4300-5438-827f-0a64d8a93859,669,BDT,from Tk 669,,,UNVERIFIED
480a628f-5326-5d3d-8769-c37b11ce4b24,e92300d6-0f95-5e45-9916-98b93e12ce1e,669,BDT,Tk 669,,,UNVERIFIED
68e4a691-0ced-5a97-b8c1-c228dabf22b9,8bce3cee-2809-579a-9fb2-076a8ec4e525,749,BDT,Tk 749,,,UNVERIFIED
2f5c957a-b486-5de4-8b59-72d4c9d85a24,5c9e4439-913a-5a93-a9c8-e14e5b9d1dd7,400,BDT,Tk 400,,,UNVERIFIED
deccfbc0-e980-5872-82f2-636b254cb378,ceabde20-a0d3-51bc-9f8a-9b573a7a0da1,400,BDT,Tk 400,,,UNVERIFIED
b56fe0a3-2aa1-55e5-a08b-bb408d1ac171,4bec1828-b685-52f8-8021-e57b131f5bc9,1049,BDT,"Tk 1,049",,,UNVERIFIED
52ce08b7-4363-52d6-a51b-2a77bcce8b59,d7dd4862-0a88-5131-b0c2-2eb0e9e88944,1149,BDT,"Tk 1,149",,,UNVERIFIED
c87e607d-3cfb-5b96-a7a2-5a7f9285a69d,88056011-379a-5104-acdf-40168190981c,949,BDT,Tk 949,,,UNVERIFIED
74bba3d7-da0f-5f6f-ad84-790968f4ca0a,3f6638c7-0cb6-5c51-8d88-018b35078b42,839,BDT,Tk 839,,,UNVERIFIED
c41a39ae-c5ba-52e3-bf9f-2489db21a18c,77873196-172b-59d4-a88a-2ab2fb59b209,849,BDT,Tk 849,,,UNVERIFIED
4051df3e-4717-5539-80d4-f2d16969ee9b,b2d61de4-8e10-5b0a-b2f0-811176ce872c,949,BDT,Tk 949,,,UNVERIFIED
bb8fc953-4166-5bc7-8690-e6386d048b0d,55c5bbea-4d2c-5d98-baf2-4040762d1663,849,BDT,Tk 849,,,UNVERIFIED
adc22704-53b1-5ffb-ac18-1c98f0b81fd5,c8948407-ae85-52f6-b711-25ac98126a79,393,BDT,৳393,,,UNVERIFIED
fb0844a6-81f4-56de-8522-a842406b21f2,b5acb163-e2ff-516d-9d73-befb7d9c9dc8,169,BDT,৳169,,,UNVERIFIED
fb37eee5-1ba9-50d1-af4f-9505a6cc83f1,db234110-9f92-50ab-a74b-49c00ed98c68,213,BDT,৳213,,,UNVERIFIED
1b733316-036f-5410-8ed8-3f5fae37f9fa,fee31c70-de8c-526b-813c-ebfff4f785d9,359,BDT,৳359,,,UNVERIFIED
03c683ba-919d-53d3-b025-65136c86263f,6fc7caa0-2953-58ba-9329-99f103e633c6,283,BDT,৳283,,,UNVERIFIED
9d6c3397-64f5-529a-821c-2655aedc6f1b,09fd69af-fde9-543f-b145-ffda84f491e8,196,BDT,৳196,,,UNVERIFIED
96305ccb-bac7-53c4-9ff7-c393f085fe1d,ce88b34a-f820-5453-b808-c5143e678186,239,BDT,৳239,,,UNVERIFIED
22ca6348-fff1-54c1-8aa9-a67c91ed7fcb,5675fe26-a63d-52e7-8667-a228c37d6116,219,BDT,৳219,,,UNVERIFIED
b4170e21-2252-516d-bbb5-e45f67249afd,babaaa33-6a91-5ccb-b0b4-be00b7bec246,219,BDT,৳219,,,UNVERIFIED
47df4a27-145d-5b88-92a8-48335b0fabeb,943df577-5257-520b-829b-761b75419dc3,163,BDT,৳163,,,UNVERIFIED
ef509009-d6df-56c2-9176-527b2ca60d06,1a2bb246-6539-565a-9ac9-dfeebfb35972,213,BDT,৳213,,,UNVERIFIED
40338157-e8b5-509d-8590-3cb64cf6ade2,436af737-5b28-5179-b1ee-65aef523a131,239,BDT,৳239,,,UNVERIFIED
872606cb-9bd8-55df-9280-538f000332ae,72454df9-b33e-507e-adf5-dbe950435aa6,229,BDT,৳229,,,UNVERIFIED
bd15eebb-9e4a-5a35-b027-8304aa63a4e7,b039ef2a-b31c-5064-be0b-0aa828226d8a,213,BDT,৳213,,,UNVERIFIED
9f8d899d-ee12-5351-b498-a61d60a10b30,f893110b-411d-5acc-aaab-d15252f0e1aa,239,BDT,৳239,,,UNVERIFIED
ac2a143d-9547-5efe-80fe-7e80a90127da,64baa829-c1c9-5d61-8047-ac5ae537dd8b,513,BDT,৳513,,,UNVERIFIED
a0579d84-2cdc-56a0-9717-609e786bd202,00cd3e41-b08e-53e7-ac73-2fcb6a2b4546,283,BDT,৳283,,,UNVERIFIED
63f4a912-5a13-5201-a8a6-8ea2345fa854,5240b9a2-fa4c-5501-a76d-b4b6a043af69,497,BDT,৳497,,,UNVERIFIED
5ff20e3c-0fcc-52a6-b8e6-239a85d4e689,169eaa20-6eda-5706-b39c-590d88d9442a,249,BDT,৳249,,,UNVERIFIED
24bcaa55-b117-5c8b-858e-5cee8205fa06,5e191cb5-edf8-59bc-a394-22514bb0c160,189,BDT,৳189,,,UNVERIFIED
63f2e1c0-40f7-546d-883f-9fafd43edccb,d4c3eba0-c958-53fa-b04a-4ed114363968,213,BDT,৳213,,,UNVERIFIED
3e347936-a333-56af-a079-256145ca2322,10b613e3-641c-5985-94f7-1c4f00c27637,213,BDT,৳213,,,UNVERIFIED
cff1f9b8-9048-5cb1-a9cd-21c14c939620,5466a4f4-fd50-59e1-87a2-fc30fa6508dc,243,BDT,৳243,,,UNVERIFIED
b2703430-626f-5b9d-ac1d-579309856960,9621dfd3-fe55-57a7-bddc-b32e9785c9e2,83,BDT,৳83,,,UNVERIFIED
3715ed8e-7bbb-5eef-ab78-049b3d8d2895,d28b1f3c-91bd-5902-a96d-361c594b95d3,169,BDT,৳169,,,UNVERIFIED
2cd71d7c-095f-589e-beda-7ff64b26725d,14d8dc5e-7280-5f24-a801-363ca41ca1ee,93,BDT,৳93,,,UNVERIFIED
ed97b042-8cc2-5ddb-b702-8e57bf3d01df,f9038ed9-271c-52dc-bf63-73ec4972c1ea,83,BDT,৳83,,,UNVERIFIED
c9d41a73-91e1-5dff-8482-b9c9ec991254,45999864-07b7-53a9-a067-8ab10da13b04,823,BDT,৳823,,,UNVERIFIED
9a65829f-e0b8-5e1c-9cc3-6f1c1ce5fc74,af7b6913-1be2-5961-a7d2-30625896080c,823,BDT,৳823,,,UNVERIFIED
737a21ac-4916-5097-afa7-b84a8e1362d9,f0ac5fea-3b2f-53d4-9341-54bfc1975aef,823,BDT,৳823,,,UNVERIFIED
65c4cf20-3532-5351-a9c2-08324fd31509,8420e1a2-b37c-5098-83b3-5f217721d7b7,873,BDT,৳873,,,UNVERIFIED
7f9fe40e-9cdc-5b49-9876-7b71faed030a,1186220a-7984-52d0-9af6-53262a2c2c24,889,BDT,৳889,,,UNVERIFIED
2faaa9a5-800c-5ef0-8409-f27a11023730,2b62f33e-0ce6-5875-8e16-5b6386cc24fb,273,BDT,৳273,,,UNVERIFIED
da59f455-c718-5a95-a5f8-2705a4744f99,12aaaac9-7315-5768-9899-78af6df3e1e2,243,BDT,৳243,,,UNVERIFIED
e9d5f33b-aa89-5049-9f0b-a76b75df507e,82c36154-24f1-53ab-a36c-26c8de411342,229,BDT,৳229,,,UNVERIFIED
a5337a4d-2a98-566f-9d59-51110a485fc0,8d1de541-a5eb-5d16-8c5c-ed6cf65f73b7,359,BDT,৳359,,,UNVERIFIED
2378aad4-1128-5b5a-a463-f05750f4741c,264bb42b-2a98-50db-aaf3-39614aa22dbf,569,BDT,৳569,,,UNVERIFIED
da52a463-ac30-5afc-8f2f-0ff9be1bc384,f1b7e634-5bb6-56e2-ad72-51f8c1f2bf34,283,BDT,৳283,,,UNVERIFIED
351eb73a-7ee3-579a-9cb4-cf359cf87851,39ceec11-93a9-546c-8455-e7f19b206ed1,233,BDT,৳233,,,UNVERIFIED
a0511eb1-7660-506d-a0c1-edcb6d8a9d02,a29a70b1-6099-5b14-9a83-063396316c12,243,BDT,৳243,,,UNVERIFIED
f66b67b7-4312-55df-a2c3-2ea91b65ee8d,e363367f-148f-5cf7-9d04-68ba821637be,189,BDT,৳189,,,UNVERIFIED
830080f5-6b99-5f48-95e9-35f57759564e,6e6db8d9-e83e-5407-89c1-d0b11ecb9ef9,189,BDT,৳189,,,UNVERIFIED
a7dfa70b-f6f4-5512-aef4-d03e79831a8d,ae86dfb2-1bc8-515b-a345-9526b0a13e4f,243,BDT,৳243,,,UNVERIFIED
4aca39f3-8aa5-5a14-9b36-e63c232ac767,209f6e8d-83a3-566a-8c3b-694d4c09b9d5,189,BDT,৳189,,,UNVERIFIED
fcc5d4fb-8fae-5151-8d43-d69ce12a56da,43cc98ab-38b3-5e59-8669-7286fb768c34,329,BDT,৳329,,,UNVERIFIED
49a58412-8aba-5852-a4b2-827243e7c826,9ee844bf-7975-590e-ac7c-8d3102ce982b,433,BDT,৳433,,,UNVERIFIED
feceecd3-67d9-522d-aea0-5ec3d0a99607,f4bb4767-2301-5a88-8539-f125633e8e57,297,BDT,৳297,,,UNVERIFIED
04f8d2c0-8471-5d49-a0b5-c0c21cc85ee9,5306a9d3-d4e7-50f0-b145-0ff25e4cf212,289,BDT,৳289,,,UNVERIFIED
5ccfa52b-9a4a-54a9-a294-f64f2b03f17f,b7097a61-2dc6-51c2-8479-1fa3c592badb,393,BDT,৳393,,,UNVERIFIED
7d326bb0-16db-56cf-bad5-6e8b83c23387,963e8e12-6d77-5d75-8ead-07a967366787,303,BDT,৳303,,,UNVERIFIED
f429584d-e6b7-5971-a3f5-190a15d414d4,f3108b99-d682-5769-a5da-869f6f1d2f8a,479,BDT,৳479,,,UNVERIFIED
6e47a80d-7e38-5d65-aa30-cf6857675789,ff6c6a17-1bfc-5242-ab50-38a908a65c89,433,BDT,৳433,,,UNVERIFIED
29081923-9a78-53c8-956e-5d022d355f83,eb59078e-b765-5b62-b927-122c9e982ddf,399,BDT,৳399,,,UNVERIFIED
5f680259-047c-5e3b-9230-f07e8f4042f0,0e0d9906-9f95-5b54-b421-95d9c3326f79,233,BDT,৳233,,,UNVERIFIED
ce27593f-68ba-5332-8db8-b1b32624768c,9033a2b0-1cd9-5ebd-a0fd-602a7a870fdf,113,BDT,৳113,,,UNVERIFIED
b3e6b35f-795c-5680-8be0-b5e71747579a,39aaae59-ede5-58ac-bff4-e9808b60a5c2,529,BDT,৳529,,,UNVERIFIED
c9d6a85c-03fc-5965-9676-2921aa5354f7,31b4aec2-5f2a-5aa1-8986-5ee567d792ed,310,BDT,৳310,,,UNVERIFIED
63fda2d6-0b93-5b85-9b67-a392043bdac1,69d58666-b1ed-5dde-afca-66de1796d530,649,BDT,৳649,,,UNVERIFIED
93f3af88-2739-571f-b6ac-755bd00f98d6,2372859d-63d0-5e18-8c89-02cf32287476,233,BDT,৳233,,,UNVERIFIED
7bdef40b-4e5d-5165-868b-bdeff6c49f7e,596fa8d8-dbc9-5280-9cd6-18822606a0ec,649,BDT,৳649,,,UNVERIFIED
c185616a-78c0-5c74-bdf2-0855ca2efbd9,87b77dbc-41b0-5aa8-bdb6-a5486074bdb4,303,BDT,৳303,,,UNVERIFIED
6129a226-10c6-574d-9222-4b356ad83373,a81158c5-1b1e-5374-8a9b-aa55c5d16930,289,BDT,৳289,,,UNVERIFIED
bb2e0dca-baee-5e23-80c7-1f6f00e6f1df,c387188e-e852-5b4a-ae3f-db447efac9d8,369,BDT,৳369,,,UNVERIFIED
0c6b11d7-f5ab-506c-bc06-bdda5e53496c,9a29e041-ff68-506b-9aeb-d40aad48037e,389,BDT,৳389,,,UNVERIFIED
f92a6e7e-b4bb-528f-a820-c175a74e9d21,c3770be3-5740-5031-b392-6fd726a21701,289,BDT,৳289,,,UNVERIFIED
da0a853d-ca22-5c0f-afd1-fc34313018f6,a2c83c94-ed57-501c-9e75-b7bc4987374a,489,BDT,৳489,,,UNVERIFIED
0f11f31f-29b0-574f-b456-174c0ef806f2,a539f218-ffe9-5d5a-b51a-00603b86cb45,369,BDT,৳369,,,UNVERIFIED
9af061af-d1b2-5f3d-9062-ed9c4241f07c,94ba16c1-6109-588d-9b20-903a0e9bcdf8,63,BDT,৳63,,,UNVERIFIED
6678dfc5-39ac-57bf-9e35-5e1fa715b7e7,f350f4a7-31d5-599e-b74e-6e29c6c9c5fd,53,BDT,৳53,,,UNVERIFIED
0eb1d1a3-1b2b-5073-9c76-c96bb2191af7,5b60c22b-42e9-502b-90b9-c06edab02299,39,BDT,৳39,,,UNVERIFIED
776de5f4-5937-560e-9c93-dd36e6fecdb3,491c06f4-454f-5fca-93be-3f120b7a01d1,99,BDT,৳99,,,UNVERIFIED
042c715c-dac2-525e-a26d-775fe571f9bd,bc1300b2-2cb3-5236-b407-4045a905a9af,69,BDT,৳69,,,UNVERIFIED
5102fa78-c410-5a93-8249-1887d70cffe5,a853b2b1-cc2e-50ee-899e-6aa2d7ef15ca,69,BDT,৳69,,,UNVERIFIED
268e8656-d096-5f96-9d33-825b26f3a2b7,351133dc-8c09-5fa2-bd2e-7fc330fff098,86,BDT,৳86,,,UNVERIFIED
e8a324e3-239e-56c7-996c-0be1760e6949,5cc74109-a19e-5217-b480-e374dcdcb217,740,BDT,৳740.00,,,UNVERIFIED
ef545cd6-3bf8-5306-872c-984273c7a435,6a33f225-e967-5012-9832-d036c244dc29,125,BDT,৳125.00,,,UNVERIFIED
1dad4da4-1729-5969-8c5b-59245bf25a78,6ae4c86a-c1a4-58cf-b5ec-0bec8be48f6b,500,BDT,৳500.00,,,UNVERIFIED
4c67c4b2-7a8f-5f6a-ab8c-3cb22fbbbc54,2f456ab4-e3f0-54f1-b1e8-3cd16700f1cf,1382,BDT,৳1382.00,,,UNVERIFIED
4e1ab6d9-aca3-566d-8626-8b48459e4f8e,6d565d02-97e1-5f3f-8e62-e7f824df2930,175,BDT,৳175.00,,,UNVERIFIED
87fa6fb3-fcd8-5b5e-af1c-775b4f813dc8,8208709f-2e8b-5901-9e15-b64eab13f044,775,BDT,৳775.00,,,UNVERIFIED
2db1fc4b-a0aa-5aed-a7c8-ec766b58c714,2677bc6d-2aef-5fb1-9d34-940077aacac9,1566,BDT,৳1566.00,,,UNVERIFIED
485d1a08-4086-5680-be47-d8d27aead0cc,8d91b64f-680e-5828-a843-cab8158f0eed,1864,BDT,৳1864.00,,,UNVERIFIED
e8696a5f-0a56-5a24-a15d-bb1e61f67009,8822bea5-52e6-5f43-82ad-5d8166c3753c,2364,BDT,৳2364.00,,,UNVERIFIED
633ef8ae-9512-5b0e-a83c-7562fe830351,776b635e-db78-5cd7-85cc-b22470dfa63d,2441,BDT,৳2441.00,,,UNVERIFIED
fd3cfb75-6689-5c25-91f9-21c92f2297d9,f16363d0-dfbc-56ad-a563-e0bdd6f800cd,2864,BDT,৳2864.00,,,UNVERIFIED
93f1188f-b77c-5ad0-b78d-9b9aedc478a3,4beab418-fa90-5e28-aa8c-56b0c9e874c7,682,BDT,৳682.00,,,UNVERIFIED
533b5031-d910-5b06-a08c-fba247141ad1,52e72ff7-e759-542f-a52d-83ee261017ed,886,BDT,৳886.00,,,UNVERIFIED
462a203c-f08c-57c7-bd98-eb8d77373f64,b9de3361-4f41-5e7e-9975-8cbfc9287ff7,1109,BDT,৳1109.00,,,UNVERIFIED
f3f417d1-3c52-5ef9-a47d-ea4f71de7baa,935d7ee8-19f4-5a65-b78a-d2341547d40e,1136,BDT,৳1136.00,,,UNVERIFIED
01cad925-71c7-5e82-bb5c-19b3b4cb6f3d,52e7a9d1-83f0-5fcc-b9cd-ff85faff9192,1291,BDT,৳1291.00,,,UNVERIFIED
1fb4eb3b-0c83-5f57-96d2-3ed96ef58937,c3964002-0855-522b-bd84-d32195a2658a,1364,BDT,৳1364.00,,,UNVERIFIED
a6916a44-d472-578e-8c34-5076fbc9f256,50fb5e8e-5ab0-5492-908a-a6454d1e7e8e,1382,BDT,৳1382.00,,,UNVERIFIED
fc64cca8-7892-50f6-b789-5c79634c21ee,e8c31fd1-278e-5065-b750-ad6b5e087ffe,1409,BDT,৳1409.00,,,UNVERIFIED
3355b749-d9da-5e85-b7fd-2b860e66e3ca,7835ccab-c45a-58bb-a2ed-326036bed28a,1473,BDT,৳1473.00,,,UNVERIFIED
696b2625-26ac-5d02-8a94-8b40c0cc52b4,57b60223-a30c-54ad-93b0-21a4f1f42924,1500,BDT,৳1500.00,,,UNVERIFIED
eb6064b4-6a48-5e89-88e7-2430d9806cf4,c34c2aaf-5084-54c1-a16a-9a96c42810d8,1818,BDT,৳1818.00,,,UNVERIFIED
d1ee17ae-21d9-562c-b76d-37a4fa386d4d,d53b84e3-fc40-5863-8f66-0de5dbd71fce,2215,BDT,৳2215.00,,,UNVERIFIED
2fcf9f39-df6c-5763-84b8-9b08aafe2a9d,9d467537-60f1-53d2-ba63-ef23f8858e5c,2523,BDT,৳2523.00,,,UNVERIFIED
a2eb1c16-1c2a-54ad-9cf6-897527c976c9,54a1b076-cdc7-5c6e-b014-9552b6a5f198,3200,BDT,৳3200.00,,,UNVERIFIED
49f4acd1-bead-538c-aec2-1a79a5949718,f385cff9-5dd7-50fa-b207-f2c83825dcf6,175,BDT,৳175.00,,,UNVERIFIED
558d3a27-4518-54ec-8edc-f90c1d218bf3,9221828c-0a7a-5d48-b6a5-500234f1ba8d,195,BDT,৳195.00,,,UNVERIFIED
7eb615a3-bc1b-544d-8a1c-526c9a183dd7,92bfdcd1-eb8a-54e9-a35a-dda51d017e70,170,BDT,৳170.00,,,UNVERIFIED
81fbfe2d-cba6-557d-94ad-7b632ceb34b7,4dbc0044-b52c-523b-9779-efdf936bf6ea,195,BDT,৳195.00,,,UNVERIFIED
d32af977-df0c-5210-88f2-77053ebdfb31,39ffda20-e929-544c-96b1-d477f78ad0d9,1195,BDT,৳1195.00,,,UNVERIFIED
009dc9b5-d36a-5e91-927e-4043f3f2ad4d,8f5c02a7-5c3e-5431-bcda-4c562b3a1600,2195,BDT,৳2195.00,,,UNVERIFIED
cebe7235-eb64-594b-bc90-b417e0409404,441bdff0-d3ea-5bae-83c3-d17438caeb52,736,BDT,৳736.00,,,UNVERIFIED
e62cde08-d939-5a0f-9cde-df4c36fde46d,1d98ff42-db85-5954-9db0-c757f4346740,773,BDT,৳773.00,,,UNVERIFIED
4a8db11a-5b37-5cac-ba3d-37963010b25c,c19fbc33-b95a-542c-bc61-55aa4b1e6343,855,BDT,৳855.00,,,UNVERIFIED
77c18106-7e8f-58eb-a7eb-cd289e6d65b8,ce557616-12d3-5f82-abc0-29f1781b6f8f,982,BDT,৳982.00,,,UNVERIFIED
a262f140-d94b-5870-bc47-8e3c0ba5df0f,f940531f-e14a-5b3d-a15c-585258f26552,982,BDT,৳982.00,,,UNVERIFIED
76a77b57-4217-5026-b1c1-08ae3bbed6e8,a9ce7b13-f3a2-573f-9307-ce91ffa62dad,1068,BDT,৳1068.00,,,UNVERIFIED
ad52c6e9-f630-576f-9391-7cc7d91f98f9,91df1f4c-f587-583c-bd92-5825c41326f7,1091,BDT,৳1091.00,,,UNVERIFIED
9856c19a-1c7f-5c81-8122-26671dcae6bc,d76b0496-d90f-53a6-b7e1-481d9703370c,1155,BDT,৳1155.00,,,UNVERIFIED
05c13ac5-1fef-58cf-ba99-2858fffcf34e,8135433f-3b73-5680-b3bd-9888e7abd669,1273,BDT,৳1273.00,,,UNVERIFIED
2d98a45f-318d-5c0b-8615-f60d46221964,57ee8930-2891-511a-a65a-66b36a0e6f4c,1291,BDT,৳1291.00,,,UNVERIFIED
03057354-7fdd-577a-955a-417391d9024f,fdacecb5-9afe-57ec-85d4-30aa35d2945a,1318,BDT,৳1318.00,,,UNVERIFIED
197d04b6-35e9-5729-8894-1a9aa9ffd197,75fe7c52-dae3-531e-8663-efaf7d1e647a,1382,BDT,৳1382.00,,,UNVERIFIED
a1276489-f482-5f7b-a15a-685f0e526de5,4346c202-a3a1-5d11-bda5-9029a9db954b,2000,BDT,৳2000.00,,,UNVERIFIED
55bd2114-f721-5100-8b29-d540dc83a3b3,747ff041-233f-5104-88cb-df8c63ab5a60,2227,BDT,৳2227.00,,,UNVERIFIED
bb07116b-3abe-5be8-9343-94aae0c2bfc1,99da79e0-f34b-586b-8648-116392303448,2382,BDT,৳2382.00,,,UNVERIFIED
48e1a0af-23c7-5739-a9d0-7fb96d4a701e,0ffcb1a6-7089-5235-ac2d-e665ae83cc5e,2409,BDT,৳2409.00,,,UNVERIFIED
eda81261-61ee-5688-9f10-4a4ad11e5350,4c9acdca-2758-5744-a4c1-1aa4cb68ca7e,2591,BDT,৳2591.00,,,UNVERIFIED
d7d04c50-1271-5526-9b2c-b72a9b7397c0,7ca51ca0-c11c-50bd-9bca-e54884b11435,441,BDT,৳441.00,,,UNVERIFIED
0bfec42a-ca4e-5a11-95e2-34f67029b315,d02179c5-6a2f-5b03-a189-15ef84ce84e5,255,BDT,৳255.00,,,UNVERIFIED
035dfb59-2aff-52e2-9e34-055a7899e07a,9896bf0a-0b63-5882-bb50-2015a99d76b2,336,BDT,৳336.00,,,UNVERIFIED
3c9b568a-ae07-5de2-95a0-68d3c64e7c21,fb22a502-36ed-5fea-8b01-672bc7abcd0f,159,BDT,৳159.00,,,UNVERIFIED
b6aafc99-1b9c-504c-953a-b546898affe7,092cd950-7a28-5684-b3e9-3b29ae7fe66b,450,BDT,৳450.00,,,UNVERIFIED
a7301f99-bb8f-57fa-9e5a-696fea2774a2,5aad4851-6e1f-5d09-8aad-28bc7b63c5cf,64,BDT,৳64.00,,,UNVERIFIED
84617380-eb5b-5805-a4b4-6199d0ddbdb8,5c51751e-6482-55b5-ba37-161980c84490,173,BDT,৳173.00,,,UNVERIFIED
a07341a2-e95c-5ffa-bbfa-7a3d364597b0,6d18dc18-ded4-5e84-8579-dcd22a0c6d8a,182,BDT,৳182.00,,,UNVERIFIED
337ec24e-dfdd-51bb-b443-006ddc965496,9d81db73-70a2-5513-a53b-4e61aa77cbe0,195,BDT,৳195.00,,,UNVERIFIED
c7cfc49c-7f76-5af1-b796-cbd716c56f8e,41af617a-32c0-533e-b2d0-b3d532b60224,241,BDT,৳241.00,,,UNVERIFIED
acb7a4c2-9794-5986-8cb1-6f0caca20575,d51bb897-6d3e-5950-bdde-238770eb786e,273,BDT,৳273.00,,,UNVERIFIED
12c67752-5ae9-5e6b-8a92-43d149771b05,579b9d0c-80d8-5d8c-ba1d-9d53f73148c3,300,BDT,৳300.00,,,UNVERIFIED
6f19953a-763d-5b88-986c-a67c7fd9b165,1806463d-9754-5801-b8f4-977877ab92fd,350,BDT,৳350.00,,,UNVERIFIED
b4b8edfe-9997-57fc-9ecf-8392167e653d,bb38ec90-8450-593c-91da-28496de3b9a2,591,BDT,৳591.00,,,UNVERIFIED